original_filename,raw_folder,detected_disease,canonical_class,decision
07acne06270532.jpg,Psoriasis pictures Lichen Planus and related diseases,,Psoriasis pictures Lichen Planus and related diseases,UNMATCHED_RETAINS_FOLDER_LABEL
08biteLine110105.jpg,Psoriasis pictures Lichen Planus and related diseases,,Psoriasis pictures Lichen Planus and related diseases,UNMATCHED_RETAINS_FOLDER_LABEL
08biteLine1101051.jpg,Psoriasis pictures Lichen Planus and related diseases,,Psoriasis pictures Lichen Planus and related diseases,UNMATCHED_RETAINS_FOLDER_LABEL
08biteLine1101052.jpg,Psoriasis pictures Lichen Planus and related diseases,,Psoriasis pictures Lichen Planus and related diseases,UNMATCHED_RETAINS_FOLDER_LABEL
08LichenPlanusTongue.jpg,Psoriasis pictures Lichen Planus and related diseases,,Psoriasis pictures Lichen Planus and related diseases,UNMATCHED_RETAINS_FOLDER_LABEL
08lichenPlanusTongue112205.jpg,Psoriasis pictures Lichen Planus and related diseases,,Psoriasis pictures Lichen Planus and related diseases,UNMATCHED_RETAINS_FOLDER_LABEL
08lichenPlanusTongue1122051.jpg,Psoriasis pictures Lichen Planus and related diseases,,Psoriasis pictures Lichen Planus and related diseases,UNMATCHED_RETAINS_FOLDER_LABEL
08lichenPlanusTongue1122052.jpg,Psoriasis pictures Lichen Planus and related diseases,,Psoriasis pictures Lichen Planus and related diseases,UNMATCHED_RETAINS_FOLDER_LABEL
08LSAAnal062804.jpg,Psoriasis pictures Lichen Planus and related diseases,,Psoriasis pictures Lichen Planus and related diseases,UNMATCHED_RETAINS_FOLDER_LABEL
08LSASkin.jpg,Psoriasis pictures Lichen Planus and related diseases,,Psoriasis pictures Lichen Planus and related diseases,UNMATCHED_RETAINS_FOLDER_LABEL
08PsoriasisGroin.jpg,Psoriasis pictures Lichen Planus and related diseases,,Psoriasis pictures Lichen Planus and related diseases,UNMATCHED_RETAINS_FOLDER_LABEL
08PsoriasisGroin1.jpg,Psoriasis pictures Lichen Planus and related diseases,,Psoriasis pictures Lichen Planus and related diseases,UNMATCHED_RETAINS_FOLDER_LABEL
08psoriasisIntertrig020606.jpg,Psoriasis pictures Lichen Planus and related diseases,,Psoriasis pictures Lichen Planus and related diseases,UNMATCHED_RETAINS_FOLDER_LABEL
08psoriasisIntertrig0206061.jpg,Psoriasis pictures Lichen Planus and related diseases,,Psoriasis pictures Lichen Planus and related diseases,UNMATCHED_RETAINS_FOLDER_LABEL
08PsoriasisIntertrigo.jpg,Psoriasis pictures Lichen Planus and related diseases,,Psoriasis pictures Lichen Planus and related diseases,UNMATCHED_RETAINS_FOLDER_LABEL
08PsoriasisIntertrigo1006.jpg,Psoriasis pictures Lichen Planus and related diseases,,Psoriasis pictures Lichen Planus and related diseases,UNMATCHED_RETAINS_FOLDER_LABEL
08PsoriasisNailSkin.jpg,Psoriasis pictures Lichen Planus and related diseases,,Psoriasis pictures Lichen Planus and related diseases,UNMATCHED_RETAINS_FOLDER_LABEL
08PsoriasisOilSpot.jpg,Psoriasis pictures Lichen Planus and related diseases,,Psoriasis pictures Lichen Planus and related diseases,UNMATCHED_RETAINS_FOLDER_LABEL
08PsoriasisOnycholysis.jpg,Psoriasis pictures Lichen Planus and related diseases,,Psoriasis pictures Lichen Planus and related diseases,UNMATCHED_RETAINS_FOLDER_LABEL
08PsoriasisOnycholysis1.jpg,Psoriasis pictures Lichen Planus and related diseases,,Psoriasis pictures Lichen Planus and related diseases,UNMATCHED_RETAINS_FOLDER_LABEL
08PsoriasisOnycholysis2.jpg,Psoriasis pictures Lichen Planus and related diseases,,Psoriasis pictures Lichen Planus and related diseases,UNMATCHED_RETAINS_FOLDER_LABEL
08PsoriasisPinking2.jpg,Psoriasis pictures Lichen Planus and related diseases,,Psoriasis pictures Lichen Planus and related diseases,UNMATCHED_RETAINS_FOLDER_LABEL
08PsoriasisPitting.jpg,Psoriasis pictures Lichen Planus and related diseases,,Psoriasis pictures Lichen Planus and related diseases,UNMATCHED_RETAINS_FOLDER_LABEL
08PsoriasisPitting1.jpg,Psoriasis pictures Lichen Planus and related diseases,,Psoriasis pictures Lichen Planus and related diseases,UNMATCHED_RETAINS_FOLDER_LABEL
08PsoriasisPustular.jpg,Psoriasis pictures Lichen Planus and related diseases,,Psoriasis pictures Lichen Planus and related diseases,UNMATCHED_RETAINS_FOLDER_LABEL
08PsoriasisUmbilicus.jpg,Psoriasis pictures Lichen Planus and related diseases,,Psoriasis pictures Lichen Planus and related diseases,UNMATCHED_RETAINS_FOLDER_LABEL
08SebDermBrow.jpg,Psoriasis pictures Lichen Planus and related diseases,,Psoriasis pictures Lichen Planus and related diseases,UNMATCHED_RETAINS_FOLDER_LABEL
08SebDermChest020106.jpg,Psoriasis pictures Lichen Planus and related diseases,,Psoriasis pictures Lichen Planus and related diseases,UNMATCHED_RETAINS_FOLDER_LABEL
08SebDermCradleCap.jpg,Psoriasis pictures Lichen Planus and related diseases,,Psoriasis pictures Lichen Planus and related diseases,UNMATCHED_RETAINS_FOLDER_LABEL
08SebDermEAr.jpg,Psoriasis pictures Lichen Planus and related diseases,,Psoriasis pictures Lichen Planus and related diseases,UNMATCHED_RETAINS_FOLDER_LABEL
08sebDermEar031306.jpg,Psoriasis pictures Lichen Planus and related diseases,,Psoriasis pictures Lichen Planus and related diseases,UNMATCHED_RETAINS_FOLDER_LABEL
08sebDermEar092605.jpg,Psoriasis pictures Lichen Planus and related diseases,,Psoriasis pictures Lichen Planus and related diseases,UNMATCHED_RETAINS_FOLDER_LABEL
08sebDermEar0926051.jpg,Psoriasis pictures Lichen Planus and related diseases,,Psoriasis pictures Lichen Planus and related diseases,UNMATCHED_RETAINS_FOLDER_LABEL
08SebDermEar1.jpg,Psoriasis pictures Lichen Planus and related diseases,,Psoriasis pictures Lichen Planus and related diseases,UNMATCHED_RETAINS_FOLDER_LABEL
08SebDermEArq.jpg,Psoriasis pictures Lichen Planus and related diseases,,Psoriasis pictures Lichen Planus and related diseases,UNMATCHED_RETAINS_FOLDER_LABEL
08SebDermEyelashes.jpg,Psoriasis pictures Lichen Planus and related diseases,,Psoriasis pictures Lichen Planus and related diseases,UNMATCHED_RETAINS_FOLDER_LABEL
08SebDermFace.jpg,Psoriasis pictures Lichen Planus and related diseases,,Psoriasis pictures Lichen Planus and related diseases,UNMATCHED_RETAINS_FOLDER_LABEL
08sebDermLids012405.jpg,Psoriasis pictures Lichen Planus and related diseases,,Psoriasis pictures Lichen Planus and related diseases,UNMATCHED_RETAINS_FOLDER_LABEL
08SebDermLids0301041.jpg,Psoriasis pictures Lichen Planus and related diseases,,Psoriasis pictures Lichen Planus and related diseases,UNMATCHED_RETAINS_FOLDER_LABEL
08SebDermNLFold.jpg,Psoriasis pictures Lichen Planus and related diseases,,Psoriasis pictures Lichen Planus and related diseases,UNMATCHED_RETAINS_FOLDER_LABEL
08SebDermOK011021.jpg,Psoriasis pictures Lichen Planus and related diseases,,Psoriasis pictures Lichen Planus and related diseases,UNMATCHED_RETAINS_FOLDER_LABEL
08SebDermOK1021.jpg,Psoriasis pictures Lichen Planus and related diseases,,Psoriasis pictures Lichen Planus and related diseases,UNMATCHED_RETAINS_FOLDER_LABEL
08sebDermPrestern121205.jpg,Psoriasis pictures Lichen Planus and related diseases,,Psoriasis pictures Lichen Planus and related diseases,UNMATCHED_RETAINS_FOLDER_LABEL
08SebDErmPresternal.jpg,Psoriasis pictures Lichen Planus and related diseases,,Psoriasis pictures Lichen Planus and related diseases,UNMATCHED_RETAINS_FOLDER_LABEL
08SebDermPresternal063002.jpg,Psoriasis pictures Lichen Planus and related diseases,,Psoriasis pictures Lichen Planus and related diseases,UNMATCHED_RETAINS_FOLDER_LABEL
08SebDermq.jpg,Psoriasis pictures Lichen Planus and related diseases,,Psoriasis pictures Lichen Planus and related diseases,UNMATCHED_RETAINS_FOLDER_LABEL
08SebDermRosacea110104.jpg,Psoriasis pictures Lichen Planus and related diseases,,Psoriasis pictures Lichen Planus and related diseases,UNMATCHED_RETAINS_FOLDER_LABEL
08SebDermScalp.jpg,Psoriasis pictures Lichen Planus and related diseases,,Psoriasis pictures Lichen Planus and related diseases,UNMATCHED_RETAINS_FOLDER_LABEL
08SebDermScalp0120.jpg,Psoriasis pictures Lichen Planus and related diseases,,Psoriasis pictures Lichen Planus and related diseases,UNMATCHED_RETAINS_FOLDER_LABEL
08SebDermScalp1.jpg,Psoriasis pictures Lichen Planus and related diseases,,Psoriasis pictures Lichen Planus and related diseases,UNMATCHED_RETAINS_FOLDER_LABEL
08sebDermScalp111308.jpg,Psoriasis pictures Lichen Planus and related diseases,,Psoriasis pictures Lichen Planus and related diseases,UNMATCHED_RETAINS_FOLDER_LABEL
08SebDermScalp1223.jpg,Psoriasis pictures Lichen Planus and related diseases,,Psoriasis pictures Lichen Planus and related diseases,UNMATCHED_RETAINS_FOLDER_LABEL
08SebDermScalp3.jpg,Psoriasis pictures Lichen Planus and related diseases,,Psoriasis pictures Lichen Planus and related diseases,UNMATCHED_RETAINS_FOLDER_LABEL
08SebDermScalpq.jpg,Psoriasis pictures Lichen Planus and related diseases,,Psoriasis pictures Lichen Planus and related diseases,UNMATCHED_RETAINS_FOLDER_LABEL
08sebKerm0123064.jpg,Psoriasis pictures Lichen Planus and related diseases,,Psoriasis pictures Lichen Planus and related diseases,UNMATCHED_RETAINS_FOLDER_LABEL
08sebKerm01230641.jpg,Psoriasis pictures Lichen Planus and related diseases,,Psoriasis pictures Lichen Planus and related diseases,UNMATCHED_RETAINS_FOLDER_LABEL
08SebKerm0811.jpg,Psoriasis pictures Lichen Planus and related diseases,,Psoriasis pictures Lichen Planus and related diseases,UNMATCHED_RETAINS_FOLDER_LABEL
08sebKerm11220410.jpg,Psoriasis pictures Lichen Planus and related diseases,,Psoriasis pictures Lichen Planus and related diseases,UNMATCHED_RETAINS_FOLDER_LABEL
08sebKerm11220467.jpg,Psoriasis pictures Lichen Planus and related diseases,,Psoriasis pictures Lichen Planus and related diseases,UNMATCHED_RETAINS_FOLDER_LABEL
08sebKerm11220468.jpg,Psoriasis pictures Lichen Planus and related diseases,,Psoriasis pictures Lichen Planus and related diseases,UNMATCHED_RETAINS_FOLDER_LABEL
08sebKerm1122049.jpg,Psoriasis pictures Lichen Planus and related diseases,,Psoriasis pictures Lichen Planus and related diseases,UNMATCHED_RETAINS_FOLDER_LABEL
08TineaAmiantacea.jpg,Psoriasis pictures Lichen Planus and related diseases,,Psoriasis pictures Lichen Planus and related diseases,UNMATCHED_RETAINS_FOLDER_LABEL
08TineaAmiantacea1.jpg,Psoriasis pictures Lichen Planus and related diseases,,Psoriasis pictures Lichen Planus and related diseases,UNMATCHED_RETAINS_FOLDER_LABEL
13tineaAmiantacea0821061.jpg,Psoriasis pictures Lichen Planus and related diseases,,Psoriasis pictures Lichen Planus and related diseases,UNMATCHED_RETAINS_FOLDER_LABEL
3Eczema3-009.jpg,Psoriasis pictures Lichen Planus and related diseases,,Psoriasis pictures Lichen Planus and related diseases,UNMATCHED_RETAINS_FOLDER_LABEL
8Psoriasis1-226.jpg,Psoriasis pictures Lichen Planus and related diseases,,Psoriasis pictures Lichen Planus and related diseases,UNMATCHED_RETAINS_FOLDER_LABEL
8Psoriasis2-219.jpg,Psoriasis pictures Lichen Planus and related diseases,,Psoriasis pictures Lichen Planus and related diseases,UNMATCHED_RETAINS_FOLDER_LABEL
Axillary-Granular-Parakeratosis-2.jpg,Psoriasis pictures Lichen Planus and related diseases,,Psoriasis pictures Lichen Planus and related diseases,UNMATCHED_RETAINS_FOLDER_LABEL
Axillary-Granular-Parakeratosis-3.jpg,Psoriasis pictures Lichen Planus and related diseases,,Psoriasis pictures Lichen Planus and related diseases,UNMATCHED_RETAINS_FOLDER_LABEL
Axillary-Granular-Parakeratosis-4.jpg,Psoriasis pictures Lichen Planus and related diseases,,Psoriasis pictures Lichen Planus and related diseases,UNMATCHED_RETAINS_FOLDER_LABEL
Axillary-Granular-Parakeratosis-5.jpg,Psoriasis pictures Lichen Planus and related diseases,,Psoriasis pictures Lichen Planus and related diseases,UNMATCHED_RETAINS_FOLDER_LABEL
Axillary-Granular-Parakeratosis-6.jpg,Psoriasis pictures Lichen Planus and related diseases,,Psoriasis pictures Lichen Planus and related diseases,UNMATCHED_RETAINS_FOLDER_LABEL
Axillary-Granular-Parakeratosis-7.jpg,Psoriasis pictures Lichen Planus and related diseases,,Psoriasis pictures Lichen Planus and related diseases,UNMATCHED_RETAINS_FOLDER_LABEL
Axillary-Granular-Parakeratosis-8.jpg,Psoriasis pictures Lichen Planus and related diseases,,Psoriasis pictures Lichen Planus and related diseases,UNMATCHED_RETAINS_FOLDER_LABEL
erythrokeratodermia-variabilis-1.jpg,Psoriasis pictures Lichen Planus and related diseases,,Psoriasis pictures Lichen Planus and related diseases,UNMATCHED_RETAINS_FOLDER_LABEL
erythrokeratodermia-variabilis-2.jpg,Psoriasis pictures Lichen Planus and related diseases,,Psoriasis pictures Lichen Planus and related diseases,UNMATCHED_RETAINS_FOLDER_LABEL
erythrokeratodermia-variabilis-3.jpg,Psoriasis pictures Lichen Planus and related diseases,,Psoriasis pictures Lichen Planus and related diseases,UNMATCHED_RETAINS_FOLDER_LABEL
erythrokeratodermia-variabilis-4.jpg,Psoriasis pictures Lichen Planus and related diseases,,Psoriasis pictures Lichen Planus and related diseases,UNMATCHED_RETAINS_FOLDER_LABEL
Lichen-Nitidus-1.jpg,Psoriasis pictures Lichen Planus and related diseases,,Psoriasis pictures Lichen Planus and related diseases,UNMATCHED_RETAINS_FOLDER_LABEL
Lichen-Nitidus-11.jpg,Psoriasis pictures Lichen Planus and related diseases,,Psoriasis pictures Lichen Planus and related diseases,UNMATCHED_RETAINS_FOLDER_LABEL
Lichen-Nitidus-12.jpg,Psoriasis pictures Lichen Planus and related diseases,,Psoriasis pictures Lichen Planus and related diseases,UNMATCHED_RETAINS_FOLDER_LABEL
Lichen-Nitidus-13.jpg,Psoriasis pictures Lichen Planus and related diseases,,Psoriasis pictures Lichen Planus and related diseases,UNMATCHED_RETAINS_FOLDER_LABEL
Lichen-Nitidus-14.jpg,Psoriasis pictures Lichen Planus and related diseases,,Psoriasis pictures Lichen Planus and related diseases,UNMATCHED_RETAINS_FOLDER_LABEL
Lichen-Nitidus-15.jpg,Psoriasis pictures Lichen Planus and related diseases,,Psoriasis pictures Lichen Planus and related diseases,UNMATCHED_RETAINS_FOLDER_LABEL
Lichen-Nitidus-16.jpg,Psoriasis pictures Lichen Planus and related diseases,,Psoriasis pictures Lichen Planus and related diseases,UNMATCHED_RETAINS_FOLDER_LABEL
Lichen-Nitidus-17.jpg,Psoriasis pictures Lichen Planus and related diseases,,Psoriasis pictures Lichen Planus and related diseases,UNMATCHED_RETAINS_FOLDER_LABEL
Lichen-Nitidus-18.jpg,Psoriasis pictures Lichen Planus and related diseases,,Psoriasis pictures Lichen Planus and related diseases,UNMATCHED_RETAINS_FOLDER_LABEL
Lichen-Nitidus-19.jpg,Psoriasis pictures Lichen Planus and related diseases,,Psoriasis pictures Lichen Planus and related diseases,UNMATCHED_RETAINS_FOLDER_LABEL
Lichen-Nitidus-20.jpg,Psoriasis pictures Lichen Planus and related diseases,,Psoriasis pictures Lichen Planus and related diseases,UNMATCHED_RETAINS_FOLDER_LABEL
Lichen-Nitidus-21.jpg,Psoriasis pictures Lichen Planus and related diseases,,Psoriasis pictures Lichen Planus and related diseases,UNMATCHED_RETAINS_FOLDER_LABEL
Lichen-Nitidus-23.jpg,Psoriasis pictures Lichen Planus and related diseases,,Psoriasis pictures Lichen Planus and related diseases,UNMATCHED_RETAINS_FOLDER_LABEL
lichen-planus-1.jpg,Psoriasis pictures Lichen Planus and related diseases,Lichen_Planus,Lichen_Planus,RECOVERED
lichen-planus-100.jpg,Psoriasis pictures Lichen Planus and related diseases,Lichen_Planus,Lichen_Planus,RECOVERED
lichen-planus-101.jpg,Psoriasis pictures Lichen Planus and related diseases,Lichen_Planus,Lichen_Planus,RECOVERED
lichen-planus-102.jpg,Psoriasis pictures Lichen Planus and related diseases,Lichen_Planus,Lichen_Planus,RECOVERED
lichen-planus-103.jpg,Psoriasis pictures Lichen Planus and related diseases,Lichen_Planus,Lichen_Planus,RECOVERED
lichen-planus-104.jpg,Psoriasis pictures Lichen Planus and related diseases,Lichen_Planus,Lichen_Planus,RECOVERED
lichen-planus-105.jpg,Psoriasis pictures Lichen Planus and related diseases,Lichen_Planus,Lichen_Planus,RECOVERED
lichen-planus-106.jpg,Psoriasis pictures Lichen Planus and related diseases,Lichen_Planus,Lichen_Planus,RECOVERED
lichen-planus-107.jpg,Psoriasis pictures Lichen Planus and related diseases,Lichen_Planus,Lichen_Planus,RECOVERED
lichen-planus-108.jpg,Psoriasis pictures Lichen Planus and related diseases,Lichen_Planus,Lichen_Planus,RECOVERED
lichen-planus-109.jpg,Psoriasis pictures Lichen Planus and related diseases,Lichen_Planus,Lichen_Planus,RECOVERED
lichen-planus-11.jpg,Psoriasis pictures Lichen Planus and related diseases,Lichen_Planus,Lichen_Planus,RECOVERED
lichen-planus-110.jpg,Psoriasis pictures Lichen Planus and related diseases,Lichen_Planus,Lichen_Planus,RECOVERED
lichen-planus-111.jpg,Psoriasis pictures Lichen Planus and related diseases,Lichen_Planus,Lichen_Planus,RECOVERED
lichen-planus-114.jpg,Psoriasis pictures Lichen Planus and related diseases,Lichen_Planus,Lichen_Planus,RECOVERED
lichen-planus-116.jpg,Psoriasis pictures Lichen Planus and related diseases,Lichen_Planus,Lichen_Planus,RECOVERED
lichen-planus-118.jpg,Psoriasis pictures Lichen Planus and related diseases,Lichen_Planus,Lichen_Planus,RECOVERED
lichen-planus-119.jpg,Psoriasis pictures Lichen Planus and related diseases,Lichen_Planus,Lichen_Planus,RECOVERED
lichen-planus-12.jpg,Psoriasis pictures Lichen Planus and related diseases,Lichen_Planus,Lichen_Planus,RECOVERED
lichen-planus-120.jpg,Psoriasis pictures Lichen Planus and related diseases,Lichen_Planus,Lichen_Planus,RECOVERED
lichen-planus-123.jpg,Psoriasis pictures Lichen Planus and related diseases,Lichen_Planus,Lichen_Planus,RECOVERED
lichen-planus-124.jpg,Psoriasis pictures Lichen Planus and related diseases,Lichen_Planus,Lichen_Planus,RECOVERED
lichen-planus-126.jpg,Psoriasis pictures Lichen Planus and related diseases,Lichen_Planus,Lichen_Planus,RECOVERED
lichen-planus-127.jpg,Psoriasis pictures Lichen Planus and related diseases,Lichen_Planus,Lichen_Planus,RECOVERED
lichen-planus-128.jpg,Psoriasis pictures Lichen Planus and related diseases,Lichen_Planus,Lichen_Planus,RECOVERED
lichen-planus-13.jpg,Psoriasis pictures Lichen Planus and related diseases,Lichen_Planus,Lichen_Planus,RECOVERED
lichen-planus-130.jpg,Psoriasis pictures Lichen Planus and related diseases,Lichen_Planus,Lichen_Planus,RECOVERED
lichen-planus-131.jpg,Psoriasis pictures Lichen Planus and related diseases,Lichen_Planus,Lichen_Planus,RECOVERED
lichen-planus-132.jpg,Psoriasis pictures Lichen Planus and related diseases,Lichen_Planus,Lichen_Planus,RECOVERED
lichen-planus-134.jpg,Psoriasis pictures Lichen Planus and related diseases,Lichen_Planus,Lichen_Planus,RECOVERED
lichen-planus-135.jpg,Psoriasis pictures Lichen Planus and related diseases,Lichen_Planus,Lichen_Planus,RECOVERED
lichen-planus-137.jpg,Psoriasis pictures Lichen Planus and related diseases,Lichen_Planus,Lichen_Planus,RECOVERED
lichen-planus-138.jpg,Psoriasis pictures Lichen Planus and related diseases,Lichen_Planus,Lichen_Planus,RECOVERED
lichen-planus-139.jpg,Psoriasis pictures Lichen Planus and related diseases,Lichen_Planus,Lichen_Planus,RECOVERED
lichen-planus-14.jpg,Psoriasis pictures Lichen Planus and related diseases,Lichen_Planus,Lichen_Planus,RECOVERED
lichen-planus-142.jpg,Psoriasis pictures Lichen Planus and related diseases,Lichen_Planus,Lichen_Planus,RECOVERED
lichen-planus-143.jpg,Psoriasis pictures Lichen Planus and related diseases,Lichen_Planus,Lichen_Planus,RECOVERED
lichen-planus-146.jpg,Psoriasis pictures Lichen Planus and related diseases,Lichen_Planus,Lichen_Planus,RECOVERED
lichen-planus-148.jpg,Psoriasis pictures Lichen Planus and related diseases,Lichen_Planus,Lichen_Planus,RECOVERED
lichen-planus-15.jpg,Psoriasis pictures Lichen Planus and related diseases,Lichen_Planus,Lichen_Planus,RECOVERED
lichen-planus-151.jpg,Psoriasis pictures Lichen Planus and related diseases,Lichen_Planus,Lichen_Planus,RECOVERED
lichen-planus-152.jpg,Psoriasis pictures Lichen Planus and related diseases,Lichen_Planus,Lichen_Planus,RECOVERED
lichen-planus-155.jpg,Psoriasis pictures Lichen Planus and related diseases,Lichen_Planus,Lichen_Planus,RECOVERED
lichen-planus-156.jpg,Psoriasis pictures Lichen Planus and related diseases,Lichen_Planus,Lichen_Planus,RECOVERED
lichen-planus-158.jpg,Psoriasis pictures Lichen Planus and related diseases,Lichen_Planus,Lichen_Planus,RECOVERED
lichen-planus-161.jpg,Psoriasis pictures Lichen Planus and related diseases,Lichen_Planus,Lichen_Planus,RECOVERED
lichen-planus-162.jpg,Psoriasis pictures Lichen Planus and related diseases,Lichen_Planus,Lichen_Planus,RECOVERED
lichen-planus-164.jpg,Psoriasis pictures Lichen Planus and related diseases,Lichen_Planus,Lichen_Planus,RECOVERED
lichen-planus-165.jpg,Psoriasis pictures Lichen Planus and related diseases,Lichen_Planus,Lichen_Planus,RECOVERED
lichen-planus-166.jpg,Psoriasis pictures Lichen Planus and related diseases,Lichen_Planus,Lichen_Planus,RECOVERED
lichen-planus-167.jpg,Psoriasis pictures Lichen Planus and related diseases,Lichen_Planus,Lichen_Planus,RECOVERED
lichen-planus-169.jpg,Psoriasis pictures Lichen Planus and related diseases,Lichen_Planus,Lichen_Planus,RECOVERED
lichen-planus-17.jpg,Psoriasis pictures Lichen Planus and related diseases,Lichen_Planus,Lichen_Planus,RECOVERED
lichen-planus-170.jpg,Psoriasis pictures Lichen Planus and related diseases,Lichen_Planus,Lichen_Planus,RECOVERED
lichen-planus-171.jpg,Psoriasis pictures Lichen Planus and related diseases,Lichen_Planus,Lichen_Planus,RECOVERED
lichen-planus-172.jpg,Psoriasis pictures Lichen Planus and related diseases,Lichen_Planus,Lichen_Planus,RECOVERED
lichen-planus-174.jpg,Psoriasis pictures Lichen Planus and related diseases,Lichen_Planus,Lichen_Planus,RECOVERED
lichen-planus-175.jpg,Psoriasis pictures Lichen Planus and related diseases,Lichen_Planus,Lichen_Planus,RECOVERED
lichen-planus-176.jpg,Psoriasis pictures Lichen Planus and related diseases,Lichen_Planus,Lichen_Planus,RECOVERED
lichen-planus-178.jpg,Psoriasis pictures Lichen Planus and related diseases,Lichen_Planus,Lichen_Planus,RECOVERED
lichen-planus-18.jpg,Psoriasis pictures Lichen Planus and related diseases,Lichen_Planus,Lichen_Planus,RECOVERED
lichen-planus-182.jpg,Psoriasis pictures Lichen Planus and related diseases,Lichen_Planus,Lichen_Planus,RECOVERED
lichen-planus-183.jpg,Psoriasis pictures Lichen Planus and related diseases,Lichen_Planus,Lichen_Planus,RECOVERED
lichen-planus-184.jpg,Psoriasis pictures Lichen Planus and related diseases,Lichen_Planus,Lichen_Planus,RECOVERED
lichen-planus-185.jpg,Psoriasis pictures Lichen Planus and related diseases,Lichen_Planus,Lichen_Planus,RECOVERED
lichen-planus-189.jpg,Psoriasis pictures Lichen Planus and related diseases,Lichen_Planus,Lichen_Planus,RECOVERED
lichen-planus-19.jpg,Psoriasis pictures Lichen Planus and related diseases,Lichen_Planus,Lichen_Planus,RECOVERED
lichen-planus-193.jpg,Psoriasis pictures Lichen Planus and related diseases,Lichen_Planus,Lichen_Planus,RECOVERED
lichen-planus-195.jpg,Psoriasis pictures Lichen Planus and related diseases,Lichen_Planus,Lichen_Planus,RECOVERED
lichen-planus-196.jpg,Psoriasis pictures Lichen Planus and related diseases,Lichen_Planus,Lichen_Planus,RECOVERED
lichen-planus-197.jpg,Psoriasis pictures Lichen Planus and related diseases,Lichen_Planus,Lichen_Planus,RECOVERED
lichen-planus-198.jpg,Psoriasis pictures Lichen Planus and related diseases,Lichen_Planus,Lichen_Planus,RECOVERED
lichen-planus-2.jpg,Psoriasis pictures Lichen Planus and related diseases,Lichen_Planus,Lichen_Planus,RECOVERED
lichen-planus-20.jpg,Psoriasis pictures Lichen Planus and related diseases,Lichen_Planus,Lichen_Planus,RECOVERED
lichen-planus-200.jpg,Psoriasis pictures Lichen Planus and related diseases,Lichen_Planus,Lichen_Planus,RECOVERED
lichen-planus-201.jpg,Psoriasis pictures Lichen Planus and related diseases,Lichen_Planus,Lichen_Planus,RECOVERED
lichen-planus-202.jpg,Psoriasis pictures Lichen Planus and related diseases,Lichen_Planus,Lichen_Planus,RECOVERED
lichen-planus-203.jpg,Psoriasis pictures Lichen Planus and related diseases,Lichen_Planus,Lichen_Planus,RECOVERED
lichen-planus-204.jpg,Psoriasis pictures Lichen Planus and related diseases,Lichen_Planus,Lichen_Planus,RECOVERED
lichen-planus-206.jpg,Psoriasis pictures Lichen Planus and related diseases,Lichen_Planus,Lichen_Planus,RECOVERED
lichen-planus-207.jpg,Psoriasis pictures Lichen Planus and related diseases,Lichen_Planus,Lichen_Planus,RECOVERED
lichen-planus-21.jpg,Psoriasis pictures Lichen Planus and related diseases,Lichen_Planus,Lichen_Planus,RECOVERED
lichen-planus-210.jpg,Psoriasis pictures Lichen Planus and related diseases,Lichen_Planus,Lichen_Planus,RECOVERED
lichen-planus-211.jpg,Psoriasis pictures Lichen Planus and related diseases,Lichen_Planus,Lichen_Planus,RECOVERED
lichen-planus-82.jpg,Psoriasis pictures Lichen Planus and related diseases,Lichen_Planus,Lichen_Planus,RECOVERED
lichen-planus-85.jpg,Psoriasis pictures Lichen Planus and related diseases,Lichen_Planus,Lichen_Planus,RECOVERED
lichen-planus-86.jpg,Psoriasis pictures Lichen Planus and related diseases,Lichen_Planus,Lichen_Planus,RECOVERED
lichen-planus-9.jpg,Psoriasis pictures Lichen Planus and related diseases,Lichen_Planus,Lichen_Planus,RECOVERED
lichen-planus-91.jpg,Psoriasis pictures Lichen Planus and related diseases,Lichen_Planus,Lichen_Planus,RECOVERED
lichen-planus-93.jpg,Psoriasis pictures Lichen Planus and related diseases,Lichen_Planus,Lichen_Planus,RECOVERED
lichen-planus-95.jpg,Psoriasis pictures Lichen Planus and related diseases,Lichen_Planus,Lichen_Planus,RECOVERED
lichen-planus-96.jpg,Psoriasis pictures Lichen Planus and related diseases,Lichen_Planus,Lichen_Planus,RECOVERED
lichen-planus-98.jpg,Psoriasis pictures Lichen Planus and related diseases,Lichen_Planus,Lichen_Planus,RECOVERED
lichen-planus-99.jpg,Psoriasis pictures Lichen Planus and related diseases,Lichen_Planus,Lichen_Planus,RECOVERED
Lichen-Planus-Drug-1.jpg,Psoriasis pictures Lichen Planus and related diseases,Lichen_Planus,Lichen_Planus,RECOVERED
Lichen-Planus-Drug-10.jpg,Psoriasis pictures Lichen Planus and related diseases,Lichen_Planus,Lichen_Planus,RECOVERED
Lichen-Planus-Drug-11.jpg,Psoriasis pictures Lichen Planus and related diseases,Lichen_Planus,Lichen_Planus,RECOVERED
Lichen-Planus-Drug-12.jpg,Psoriasis pictures Lichen Planus and related diseases,Lichen_Planus,Lichen_Planus,RECOVERED
Lichen-Planus-Drug-14.jpg,Psoriasis pictures Lichen Planus and related diseases,Lichen_Planus,Lichen_Planus,RECOVERED
Lichen-Planus-Drug-15.jpg,Psoriasis pictures Lichen Planus and related diseases,Lichen_Planus,Lichen_Planus,RECOVERED
Lichen-Planus-Drug-16.jpg,Psoriasis pictures Lichen Planus and related diseases,Lichen_Planus,Lichen_Planus,RECOVERED
Lichen-Planus-Drug-17.jpg,Psoriasis pictures Lichen Planus and related diseases,Lichen_Planus,Lichen_Planus,RECOVERED
Lichen-Planus-Drug-18.jpg,Psoriasis pictures Lichen Planus and related diseases,Lichen_Planus,Lichen_Planus,RECOVERED
Lichen-Planus-Drug-2.jpg,Psoriasis pictures Lichen Planus and related diseases,Lichen_Planus,Lichen_Planus,RECOVERED
Lichen-Planus-Drug-21.jpg,Psoriasis pictures Lichen Planus and related diseases,Lichen_Planus,Lichen_Planus,RECOVERED
Lichen-Planus-Drug-22.jpg,Psoriasis pictures Lichen Planus and related diseases,Lichen_Planus,Lichen_Planus,RECOVERED
Lichen-Planus-Drug-23.jpg,Psoriasis pictures Lichen Planus and related diseases,Lichen_Planus,Lichen_Planus,RECOVERED
Lichen-Planus-Drug-24.jpg,Psoriasis pictures Lichen Planus and related diseases,Lichen_Planus,Lichen_Planus,RECOVERED
Lichen-Planus-Drug-25.jpg,Psoriasis pictures Lichen Planus and related diseases,Lichen_Planus,Lichen_Planus,RECOVERED
Lichen-Planus-Drug-27.jpg,Psoriasis pictures Lichen Planus and related diseases,Lichen_Planus,Lichen_Planus,RECOVERED
Lichen-Planus-Drug-3.jpg,Psoriasis pictures Lichen Planus and related diseases,Lichen_Planus,Lichen_Planus,RECOVERED
Lichen-Planus-Drug-4.jpg,Psoriasis pictures Lichen Planus and related diseases,Lichen_Planus,Lichen_Planus,RECOVERED
Lichen-Planus-Drug-5.jpg,Psoriasis pictures Lichen Planus and related diseases,Lichen_Planus,Lichen_Planus,RECOVERED
Lichen-Planus-Drug-6.jpg,Psoriasis pictures Lichen Planus and related diseases,Lichen_Planus,Lichen_Planus,RECOVERED
Lichen-Planus-Drug-7.jpg,Psoriasis pictures Lichen Planus and related diseases,Lichen_Planus,Lichen_Planus,RECOVERED
Lichen-Planus-Drug-8.jpg,Psoriasis pictures Lichen Planus and related diseases,Lichen_Planus,Lichen_Planus,RECOVERED
Lichen-Planus-Drug-9.jpg,Psoriasis pictures Lichen Planus and related diseases,Lichen_Planus,Lichen_Planus,RECOVERED
Lichen-Planus-Hypertrophic-1.jpg,Psoriasis pictures Lichen Planus and related diseases,Lichen_Planus,Lichen_Planus,RECOVERED
Lichen-Planus-Hypertrophic-10.jpg,Psoriasis pictures Lichen Planus and related diseases,Lichen_Planus,Lichen_Planus,RECOVERED
Lichen-Planus-Hypertrophic-12.jpg,Psoriasis pictures Lichen Planus and related diseases,Lichen_Planus,Lichen_Planus,RECOVERED
Lichen-Planus-Hypertrophic-13.jpg,Psoriasis pictures Lichen Planus and related diseases,Lichen_Planus,Lichen_Planus,RECOVERED
Lichen-Planus-Hypertrophic-14.jpg,Psoriasis pictures Lichen Planus and related diseases,Lichen_Planus,Lichen_Planus,RECOVERED
Lichen-Planus-Hypertrophic-19.jpg,Psoriasis pictures Lichen Planus and related diseases,Lichen_Planus,Lichen_Planus,RECOVERED
Lichen-Planus-Hypertrophic-2.jpg,Psoriasis pictures Lichen Planus and related diseases,Lichen_Planus,Lichen_Planus,RECOVERED
Lichen-Planus-Hypertrophic-20.jpg,Psoriasis pictures Lichen Planus and related diseases,Lichen_Planus,Lichen_Planus,RECOVERED
Lichen-Planus-Hypertrophic-21.jpg,Psoriasis pictures Lichen Planus and related diseases,Lichen_Planus,Lichen_Planus,RECOVERED
Lichen-Planus-Hypertrophic-3.jpg,Psoriasis pictures Lichen Planus and related diseases,Lichen_Planus,Lichen_Planus,RECOVERED
Lichen-Planus-Hypertrophic-4.jpg,Psoriasis pictures Lichen Planus and related diseases,Lichen_Planus,Lichen_Planus,RECOVERED
Lichen-Planus-Hypertrophic-7.jpg,Psoriasis pictures Lichen Planus and related diseases,Lichen_Planus,Lichen_Planus,RECOVERED
Lichen-Planus-Hypertrophic-9.jpg,Psoriasis pictures Lichen Planus and related diseases,Lichen_Planus,Lichen_Planus,RECOVERED
Lichen-Planus-Oral-1.jpg,Psoriasis pictures Lichen Planus and related diseases,Lichen_Planus,Lichen_Planus,RECOVERED
Lichen-Planus-Oral-10.jpg,Psoriasis pictures Lichen Planus and related diseases,Lichen_Planus,Lichen_Planus,RECOVERED
Lichen-Planus-Oral-11.jpg,Psoriasis pictures Lichen Planus and related diseases,Lichen_Planus,Lichen_Planus,RECOVERED
Lichen-Planus-Oral-12.jpg,Psoriasis pictures Lichen Planus and related diseases,Lichen_Planus,Lichen_Planus,RECOVERED
Lichen-Planus-Oral-15.jpg,Psoriasis pictures Lichen Planus and related diseases,Lichen_Planus,Lichen_Planus,RECOVERED
Lichen-Planus-Oral-16.jpg,Psoriasis pictures Lichen Planus and related diseases,Lichen_Planus,Lichen_Planus,RECOVERED
Lichen-Planus-Oral-17.jpg,Psoriasis pictures Lichen Planus and related diseases,Lichen_Planus,Lichen_Planus,RECOVERED
Lichen-Planus-Oral-19.jpg,Psoriasis pictures Lichen Planus and related diseases,Lichen_Planus,Lichen_Planus,RECOVERED
Lichen-Planus-Oral-2.jpg,Psoriasis pictures Lichen Planus and related diseases,Lichen_Planus,Lichen_Planus,RECOVERED
Lichen-Planus-Oral-20.jpg,Psoriasis pictures Lichen Planus and related diseases,Lichen_Planus,Lichen_Planus,RECOVERED
Lichen-Planus-Oral-21.jpg,Psoriasis pictures Lichen Planus and related diseases,Lichen_Planus,Lichen_Planus,RECOVERED
Lichen-Planus-Oral-22.jpg,Psoriasis pictures Lichen Planus and related diseases,Lichen_Planus,Lichen_Planus,RECOVERED
Lichen-Planus-Oral-24.jpg,Psoriasis pictures Lichen Planus and related diseases,Lichen_Planus,Lichen_Planus,RECOVERED
Lichen-Planus-Oral-25.jpg,Psoriasis pictures Lichen Planus and related diseases,Lichen_Planus,Lichen_Planus,RECOVERED
Lichen-Planus-Oral-26.jpg,Psoriasis pictures Lichen Planus and related diseases,Lichen_Planus,Lichen_Planus,RECOVERED
Lichen-Planus-Oral-27.jpg,Psoriasis pictures Lichen Planus and related diseases,Lichen_Planus,Lichen_Planus,RECOVERED
Lichen-Planus-Oral-28.jpg,Psoriasis pictures Lichen Planus and related diseases,Lichen_Planus,Lichen_Planus,RECOVERED
Lichen-Planus-Oral-29.jpg,Psoriasis pictures Lichen Planus and related diseases,Lichen_Planus,Lichen_Planus,RECOVERED
Lichen-Planus-Oral-3.jpg,Psoriasis pictures Lichen Planus and related diseases,Lichen_Planus,Lichen_Planus,RECOVERED
Lichen-Planus-Oral-30.jpg,Psoriasis pictures Lichen Planus and related diseases,Lichen_Planus,Lichen_Planus,RECOVERED
Lichen-Planus-Oral-31.jpg,Psoriasis pictures Lichen Planus and related diseases,Lichen_Planus,Lichen_Planus,RECOVERED
Lichen-Planus-Oral-33.jpg,Psoriasis pictures Lichen Planus and related diseases,Lichen_Planus,Lichen_Planus,RECOVERED
Lichen-Planus-Oral-34.jpg,Psoriasis pictures Lichen Planus and related diseases,Lichen_Planus,Lichen_Planus,RECOVERED
Lichen-Planus-Oral-35.jpg,Psoriasis pictures Lichen Planus and related diseases,Lichen_Planus,Lichen_Planus,RECOVERED
Lichen-Planus-Oral-36.jpg,Psoriasis pictures Lichen Planus and related diseases,Lichen_Planus,Lichen_Planus,RECOVERED
Lichen-Planus-Oral-37.jpg,Psoriasis pictures Lichen Planus and related diseases,Lichen_Planus,Lichen_Planus,RECOVERED
Lichen-Planus-Oral-38.jpg,Psoriasis pictures Lichen Planus and related diseases,Lichen_Planus,Lichen_Planus,RECOVERED
Lichen-Planus-Oral-39.jpg,Psoriasis pictures Lichen Planus and related diseases,Lichen_Planus,Lichen_Planus,RECOVERED
Lichen-Planus-Oral-4.jpg,Psoriasis pictures Lichen Planus and related diseases,Lichen_Planus,Lichen_Planus,RECOVERED
Lichen-Planus-Oral-40.jpg,Psoriasis pictures Lichen Planus and related diseases,Lichen_Planus,Lichen_Planus,RECOVERED
Lichen-Planus-Oral-42.jpg,Psoriasis pictures Lichen Planus and related diseases,Lichen_Planus,Lichen_Planus,RECOVERED
Lichen-Planus-Oral-43.jpg,Psoriasis pictures Lichen Planus and related diseases,Lichen_Planus,Lichen_Planus,RECOVERED
Lichen-Planus-Oral-44.jpg,Psoriasis pictures Lichen Planus and related diseases,Lichen_Planus,Lichen_Planus,RECOVERED
Lichen-Planus-Oral-46.jpg,Psoriasis pictures Lichen Planus and related diseases,Lichen_Planus,Lichen_Planus,RECOVERED
Lichen-Planus-Oral-47.jpg,Psoriasis pictures Lichen Planus and related diseases,Lichen_Planus,Lichen_Planus,RECOVERED
Lichen-Planus-Oral-48.jpg,Psoriasis pictures Lichen Planus and related diseases,Lichen_Planus,Lichen_Planus,RECOVERED
Lichen-Planus-Oral-5.jpg,Psoriasis pictures Lichen Planus and related diseases,Lichen_Planus,Lichen_Planus,RECOVERED
Lichen-Planus-Oral-6.jpg,Psoriasis pictures Lichen Planus and related diseases,Lichen_Planus,Lichen_Planus,RECOVERED
Lichen-Planus-Oral-7.jpg,Psoriasis pictures Lichen Planus and related diseases,Lichen_Planus,Lichen_Planus,RECOVERED
Lichen-Planus-Oral-8.jpg,Psoriasis pictures Lichen Planus and related diseases,Lichen_Planus,Lichen_Planus,RECOVERED
Lichen-Planus-Oral-9.jpg,Psoriasis pictures Lichen Planus and related diseases,Lichen_Planus,Lichen_Planus,RECOVERED
Lichen-Planus-Palm-Soles-1.jpg,Psoriasis pictures Lichen Planus and related diseases,Lichen_Planus,Lichen_Planus,RECOVERED
Lichen-Planus-Palm-Soles-10.jpg,Psoriasis pictures Lichen Planus and related diseases,Lichen_Planus,Lichen_Planus,RECOVERED
Lichen-Planus-Palm-Soles-2.jpg,Psoriasis pictures Lichen Planus and related diseases,Lichen_Planus,Lichen_Planus,RECOVERED
Lichen-Planus-Palm-Soles-3.jpg,Psoriasis pictures Lichen Planus and related diseases,Lichen_Planus,Lichen_Planus,RECOVERED
Lichen-Planus-Palm-Soles-4.jpg,Psoriasis pictures Lichen Planus and related diseases,Lichen_Planus,Lichen_Planus,RECOVERED
Lichen-Planus-Palm-Soles-5.jpg,Psoriasis pictures Lichen Planus and related diseases,Lichen_Planus,Lichen_Planus,RECOVERED
Lichen-Planus-Palm-Soles-6.jpg,Psoriasis pictures Lichen Planus and related diseases,Lichen_Planus,Lichen_Planus,RECOVERED
Lichen-Planus-Palm-Soles-7.jpg,Psoriasis pictures Lichen Planus and related diseases,Lichen_Planus,Lichen_Planus,RECOVERED
Lichen-Planus-Palm-Soles-8.jpg,Psoriasis pictures Lichen Planus and related diseases,Lichen_Planus,Lichen_Planus,RECOVERED
Lichen-Planus-Palm-Soles-9.jpg,Psoriasis pictures Lichen Planus and related diseases,Lichen_Planus,Lichen_Planus,RECOVERED
Lichen-Planus-Penis-1.jpg,Psoriasis pictures Lichen Planus and related diseases,Lichen_Planus,Lichen_Planus,RECOVERED
Lichen-Planus-Penis-11.jpg,Psoriasis pictures Lichen Planus and related diseases,Lichen_Planus,Lichen_Planus,RECOVERED
Lichen-Planus-Penis-12.jpg,Psoriasis pictures Lichen Planus and related diseases,Lichen_Planus,Lichen_Planus,RECOVERED
Lichen-Planus-Penis-13.jpg,Psoriasis pictures Lichen Planus and related diseases,Lichen_Planus,Lichen_Planus,RECOVERED
Lichen-Planus-Penis-2.jpg,Psoriasis pictures Lichen Planus and related diseases,Lichen_Planus,Lichen_Planus,RECOVERED
Lichen-Planus-Penis-3.jpg,Psoriasis pictures Lichen Planus and related diseases,Lichen_Planus,Lichen_Planus,RECOVERED
Lichen-Planus-Penis-4.jpg,Psoriasis pictures Lichen Planus and related diseases,Lichen_Planus,Lichen_Planus,RECOVERED
Lichen-Planus-Penis-6.jpg,Psoriasis pictures Lichen Planus and related diseases,Lichen_Planus,Lichen_Planus,RECOVERED
Lichen-Planus-Penis-7.jpg,Psoriasis pictures Lichen Planus and related diseases,Lichen_Planus,Lichen_Planus,RECOVERED
Lichen-Planus-Penis-8.jpg,Psoriasis pictures Lichen Planus and related diseases,Lichen_Planus,Lichen_Planus,RECOVERED
Lichen-Planus-Penis-9.jpg,Psoriasis pictures Lichen Planus and related diseases,Lichen_Planus,Lichen_Planus,RECOVERED
lichen-planus-vaginal-1.jpg,Psoriasis pictures Lichen Planus and related diseases,Lichen_Planus,Lichen_Planus,RECOVERED
lichen-planus-vaginal-10.jpg,Psoriasis pictures Lichen Planus and related diseases,Lichen_Planus,Lichen_Planus,RECOVERED
lichen-planus-vaginal-11.jpg,Psoriasis pictures Lichen Planus and related diseases,Lichen_Planus,Lichen_Planus,RECOVERED
lichen-planus-vaginal-12.jpg,Psoriasis pictures Lichen Planus and related diseases,Lichen_Planus,Lichen_Planus,RECOVERED
lichen-planus-vaginal-14.jpg,Psoriasis pictures Lichen Planus and related diseases,Lichen_Planus,Lichen_Planus,RECOVERED
lichen-planus-vaginal-2.jpg,Psoriasis pictures Lichen Planus and related diseases,Lichen_Planus,Lichen_Planus,RECOVERED
lichen-planus-vaginal-3.jpg,Psoriasis pictures Lichen Planus and related diseases,Lichen_Planus,Lichen_Planus,RECOVERED
lichen-planus-vaginal-4.jpg,Psoriasis pictures Lichen Planus and related diseases,Lichen_Planus,Lichen_Planus,RECOVERED
lichen-planus-vaginal-5.jpg,Psoriasis pictures Lichen Planus and related diseases,Lichen_Planus,Lichen_Planus,RECOVERED
lichen-planus-vaginal-6.jpg,Psoriasis pictures Lichen Planus and related diseases,Lichen_Planus,Lichen_Planus,RECOVERED
lichen-planus-vaginal-7.jpg,Psoriasis pictures Lichen Planus and related diseases,Lichen_Planus,Lichen_Planus,RECOVERED
lichen-planus-vaginal-8.jpg,Psoriasis pictures Lichen Planus and related diseases,Lichen_Planus,Lichen_Planus,RECOVERED
Lichen-Sclerosis-Vulva-1.jpg,Psoriasis pictures Lichen Planus and related diseases,,Psoriasis pictures Lichen Planus and related diseases,UNMATCHED_RETAINS_FOLDER_LABEL
Lichen-Sclerosis-Vulva-10.jpg,Psoriasis pictures Lichen Planus and related diseases,,Psoriasis pictures Lichen Planus and related diseases,UNMATCHED_RETAINS_FOLDER_LABEL
Lichen-Sclerosis-Vulva-12.jpg,Psoriasis pictures Lichen Planus and related diseases,,Psoriasis pictures Lichen Planus and related diseases,UNMATCHED_RETAINS_FOLDER_LABEL
Lichen-Sclerosis-Vulva-14.jpg,Psoriasis pictures Lichen Planus and related diseases,,Psoriasis pictures Lichen Planus and related diseases,UNMATCHED_RETAINS_FOLDER_LABEL
Lichen-Sclerosis-Vulva-18.jpg,Psoriasis pictures Lichen Planus and related diseases,,Psoriasis pictures Lichen Planus and related diseases,UNMATCHED_RETAINS_FOLDER_LABEL
Lichen-Sclerosis-Vulva-19.jpg,Psoriasis pictures Lichen Planus and related diseases,,Psoriasis pictures Lichen Planus and related diseases,UNMATCHED_RETAINS_FOLDER_LABEL
Lichen-Sclerosis-Vulva-2.jpg,Psoriasis pictures Lichen Planus and related diseases,,Psoriasis pictures Lichen Planus and related diseases,UNMATCHED_RETAINS_FOLDER_LABEL
Lichen-Sclerosis-Vulva-20.jpg,Psoriasis pictures Lichen Planus and related diseases,,Psoriasis pictures Lichen Planus and related diseases,UNMATCHED_RETAINS_FOLDER_LABEL
Lichen-Sclerosis-Vulva-21.jpg,Psoriasis pictures Lichen Planus and related diseases,,Psoriasis pictures Lichen Planus and related diseases,UNMATCHED_RETAINS_FOLDER_LABEL
Lichen-Sclerosis-Vulva-22.jpg,Psoriasis pictures Lichen Planus and related diseases,,Psoriasis pictures Lichen Planus and related diseases,UNMATCHED_RETAINS_FOLDER_LABEL
Lichen-Sclerosis-Vulva-24.jpg,Psoriasis pictures Lichen Planus and related diseases,,Psoriasis pictures Lichen Planus and related diseases,UNMATCHED_RETAINS_FOLDER_LABEL
Lichen-Sclerosis-Vulva-25.jpg,Psoriasis pictures Lichen Planus and related diseases,,Psoriasis pictures Lichen Planus and related diseases,UNMATCHED_RETAINS_FOLDER_LABEL
Lichen-Sclerosis-Vulva-26.jpg,Psoriasis pictures Lichen Planus and related diseases,,Psoriasis pictures Lichen Planus and related diseases,UNMATCHED_RETAINS_FOLDER_LABEL
Lichen-Sclerosis-Vulva-27.jpg,Psoriasis pictures Lichen Planus and related diseases,,Psoriasis pictures Lichen Planus and related diseases,UNMATCHED_RETAINS_FOLDER_LABEL
Lichen-Sclerosis-Vulva-28.jpg,Psoriasis pictures Lichen Planus and related diseases,,Psoriasis pictures Lichen Planus and related diseases,UNMATCHED_RETAINS_FOLDER_LABEL
Lichen-Sclerosis-Vulva-29.jpg,Psoriasis pictures Lichen Planus and related diseases,,Psoriasis pictures Lichen Planus and related diseases,UNMATCHED_RETAINS_FOLDER_LABEL
Lichen-Sclerosis-Vulva-30.jpg,Psoriasis pictures Lichen Planus and related diseases,,Psoriasis pictures Lichen Planus and related diseases,UNMATCHED_RETAINS_FOLDER_LABEL
Lichen-Sclerosis-Vulva-34.jpg,Psoriasis pictures Lichen Planus and related diseases,,Psoriasis pictures Lichen Planus and related diseases,UNMATCHED_RETAINS_FOLDER_LABEL
Lichen-Sclerosis-Vulva-36.jpg,Psoriasis pictures Lichen Planus and related diseases,,Psoriasis pictures Lichen Planus and related diseases,UNMATCHED_RETAINS_FOLDER_LABEL
Lichen-Sclerosis-Vulva-37.jpg,Psoriasis pictures Lichen Planus and related diseases,,Psoriasis pictures Lichen Planus and related diseases,UNMATCHED_RETAINS_FOLDER_LABEL
Lichen-Sclerosis-Vulva-38.jpg,Psoriasis pictures Lichen Planus and related diseases,,Psoriasis pictures Lichen Planus and related diseases,UNMATCHED_RETAINS_FOLDER_LABEL
Lichen-Sclerosis-Vulva-39.jpg,Psoriasis pictures Lichen Planus and related diseases,,Psoriasis pictures Lichen Planus and related diseases,UNMATCHED_RETAINS_FOLDER_LABEL
Lichen-Sclerosis-Vulva-4.jpg,Psoriasis pictures Lichen Planus and related diseases,,Psoriasis pictures Lichen Planus and related diseases,UNMATCHED_RETAINS_FOLDER_LABEL
Lichen-Sclerosis-Vulva-40.jpg,Psoriasis pictures Lichen Planus and related diseases,,Psoriasis pictures Lichen Planus and related diseases,UNMATCHED_RETAINS_FOLDER_LABEL
Lichen-Sclerosis-Vulva-41.jpg,Psoriasis pictures Lichen Planus and related diseases,,Psoriasis pictures Lichen Planus and related diseases,UNMATCHED_RETAINS_FOLDER_LABEL
Lichen-Sclerosis-Vulva-42.jpg,Psoriasis pictures Lichen Planus and related diseases,,Psoriasis pictures Lichen Planus and related diseases,UNMATCHED_RETAINS_FOLDER_LABEL
Lichen-Sclerosis-Vulva-43.jpg,Psoriasis pictures Lichen Planus and related diseases,,Psoriasis pictures Lichen Planus and related diseases,UNMATCHED_RETAINS_FOLDER_LABEL
Lichen-Sclerosis-Vulva-7.jpg,Psoriasis pictures Lichen Planus and related diseases,,Psoriasis pictures Lichen Planus and related diseases,UNMATCHED_RETAINS_FOLDER_LABEL
Lichen-Sclerosis-Vulva-8.jpg,Psoriasis pictures Lichen Planus and related diseases,,Psoriasis pictures Lichen Planus and related diseases,UNMATCHED_RETAINS_FOLDER_LABEL
Lichen-Sclerosis-Vulva-9.jpg,Psoriasis pictures Lichen Planus and related diseases,,Psoriasis pictures Lichen Planus and related diseases,UNMATCHED_RETAINS_FOLDER_LABEL
Lichen-Sclerosus-Penis-1.jpg,Psoriasis pictures Lichen Planus and related diseases,,Psoriasis pictures Lichen Planus and related diseases,UNMATCHED_RETAINS_FOLDER_LABEL
Lichen-Sclerosus-Penis-15.jpg,Psoriasis pictures Lichen Planus and related diseases,,Psoriasis pictures Lichen Planus and related diseases,UNMATCHED_RETAINS_FOLDER_LABEL
Lichen-Sclerosus-Penis-16.jpg,Psoriasis pictures Lichen Planus and related diseases,,Psoriasis pictures Lichen Planus and related diseases,UNMATCHED_RETAINS_FOLDER_LABEL
Lichen-Sclerosus-Penis-18.jpg,Psoriasis pictures Lichen Planus and related diseases,,Psoriasis pictures Lichen Planus and related diseases,UNMATCHED_RETAINS_FOLDER_LABEL
Lichen-Sclerosus-Penis-2.jpg,Psoriasis pictures Lichen Planus and related diseases,,Psoriasis pictures Lichen Planus and related diseases,UNMATCHED_RETAINS_FOLDER_LABEL
Lichen-Sclerosus-Penis-20.jpg,Psoriasis pictures Lichen Planus and related diseases,,Psoriasis pictures Lichen Planus and related diseases,UNMATCHED_RETAINS_FOLDER_LABEL
Lichen-Sclerosus-Penis-21.jpg,Psoriasis pictures Lichen Planus and related diseases,,Psoriasis pictures Lichen Planus and related diseases,UNMATCHED_RETAINS_FOLDER_LABEL
Lichen-Sclerosus-Penis-22.jpg,Psoriasis pictures Lichen Planus and related diseases,,Psoriasis pictures Lichen Planus and related diseases,UNMATCHED_RETAINS_FOLDER_LABEL
Lichen-Sclerosus-Penis-23.jpg,Psoriasis pictures Lichen Planus and related diseases,,Psoriasis pictures Lichen Planus and related diseases,UNMATCHED_RETAINS_FOLDER_LABEL
Lichen-Sclerosus-Penis-25.jpg,Psoriasis pictures Lichen Planus and related diseases,,Psoriasis pictures Lichen Planus and related diseases,UNMATCHED_RETAINS_FOLDER_LABEL
Lichen-Sclerosus-Penis-26.jpg,Psoriasis pictures Lichen Planus and related diseases,,Psoriasis pictures Lichen Planus and related diseases,UNMATCHED_RETAINS_FOLDER_LABEL
Lichen-Sclerosus-Penis-28.jpg,Psoriasis pictures Lichen Planus and related diseases,,Psoriasis pictures Lichen Planus and related diseases,UNMATCHED_RETAINS_FOLDER_LABEL
Lichen-Sclerosus-Penis-29.jpg,Psoriasis pictures Lichen Planus and related diseases,,Psoriasis pictures Lichen Planus and related diseases,UNMATCHED_RETAINS_FOLDER_LABEL
Lichen-Sclerosus-Penis-3.jpg,Psoriasis pictures Lichen Planus and related diseases,,Psoriasis pictures Lichen Planus and related diseases,UNMATCHED_RETAINS_FOLDER_LABEL
Lichen-Sclerosus-Penis-31.jpg,Psoriasis pictures Lichen Planus and related diseases,,Psoriasis pictures Lichen Planus and related diseases,UNMATCHED_RETAINS_FOLDER_LABEL
Lichen-Sclerosus-Penis-32.jpg,Psoriasis pictures Lichen Planus and related diseases,,Psoriasis pictures Lichen Planus and related diseases,UNMATCHED_RETAINS_FOLDER_LABEL
Lichen-Sclerosus-Penis-34.jpg,Psoriasis pictures Lichen Planus and related diseases,,Psoriasis pictures Lichen Planus and related diseases,UNMATCHED_RETAINS_FOLDER_LABEL
Lichen-Sclerosus-Penis-37.jpg,Psoriasis pictures Lichen Planus and related diseases,,Psoriasis pictures Lichen Planus and related diseases,UNMATCHED_RETAINS_FOLDER_LABEL
Lichen-Sclerosus-Penis-4.jpg,Psoriasis pictures Lichen Planus and related diseases,,Psoriasis pictures Lichen Planus and related diseases,UNMATCHED_RETAINS_FOLDER_LABEL
Lichen-Sclerosus-Penis-40.jpg,Psoriasis pictures Lichen Planus and related diseases,,Psoriasis pictures Lichen Planus and related diseases,UNMATCHED_RETAINS_FOLDER_LABEL
Lichen-Sclerosus-Penis-42.jpg,Psoriasis pictures Lichen Planus and related diseases,,Psoriasis pictures Lichen Planus and related diseases,UNMATCHED_RETAINS_FOLDER_LABEL
Lichen-Sclerosus-Penis-44.jpg,Psoriasis pictures Lichen Planus and related diseases,,Psoriasis pictures Lichen Planus and related diseases,UNMATCHED_RETAINS_FOLDER_LABEL
Lichen-Sclerosus-Penis-6.jpg,Psoriasis pictures Lichen Planus and related diseases,,Psoriasis pictures Lichen Planus and related diseases,UNMATCHED_RETAINS_FOLDER_LABEL
Lichen-Sclerosus-Penis-7.jpg,Psoriasis pictures Lichen Planus and related diseases,,Psoriasis pictures Lichen Planus and related diseases,UNMATCHED_RETAINS_FOLDER_LABEL
Lichen-Sclerosus-Penis-9.jpg,Psoriasis pictures Lichen Planus and related diseases,,Psoriasis pictures Lichen Planus and related diseases,UNMATCHED_RETAINS_FOLDER_LABEL
Lichen-Sclerosus-Skin-10.jpg,Psoriasis pictures Lichen Planus and related diseases,,Psoriasis pictures Lichen Planus and related diseases,UNMATCHED_RETAINS_FOLDER_LABEL
Lichen-Sclerosus-Skin-100.jpg,Psoriasis pictures Lichen Planus and related diseases,,Psoriasis pictures Lichen Planus and related diseases,UNMATCHED_RETAINS_FOLDER_LABEL
Lichen-Sclerosus-Skin-101.jpg,Psoriasis pictures Lichen Planus and related diseases,,Psoriasis pictures Lichen Planus and related diseases,UNMATCHED_RETAINS_FOLDER_LABEL
Lichen-Sclerosus-Skin-102.jpg,Psoriasis pictures Lichen Planus and related diseases,,Psoriasis pictures Lichen Planus and related diseases,UNMATCHED_RETAINS_FOLDER_LABEL
Lichen-Sclerosus-Skin-103.jpg,Psoriasis pictures Lichen Planus and related diseases,,Psoriasis pictures Lichen Planus and related diseases,UNMATCHED_RETAINS_FOLDER_LABEL
Lichen-Sclerosus-Skin-104.jpg,Psoriasis pictures Lichen Planus and related diseases,,Psoriasis pictures Lichen Planus and related diseases,UNMATCHED_RETAINS_FOLDER_LABEL
Lichen-Sclerosus-Skin-105.jpg,Psoriasis pictures Lichen Planus and related diseases,,Psoriasis pictures Lichen Planus and related diseases,UNMATCHED_RETAINS_FOLDER_LABEL
Lichen-Sclerosus-Skin-106.jpg,Psoriasis pictures Lichen Planus and related diseases,,Psoriasis pictures Lichen Planus and related diseases,UNMATCHED_RETAINS_FOLDER_LABEL
Lichen-Sclerosus-Skin-107.jpg,Psoriasis pictures Lichen Planus and related diseases,,Psoriasis pictures Lichen Planus and related diseases,UNMATCHED_RETAINS_FOLDER_LABEL
Lichen-Sclerosus-Skin-108.jpg,Psoriasis pictures Lichen Planus and related diseases,,Psoriasis pictures Lichen Planus and related diseases,UNMATCHED_RETAINS_FOLDER_LABEL
Lichen-Sclerosus-Skin-11.jpg,Psoriasis pictures Lichen Planus and related diseases,,Psoriasis pictures Lichen Planus and related diseases,UNMATCHED_RETAINS_FOLDER_LABEL
Lichen-Sclerosus-Skin-110.jpg,Psoriasis pictures Lichen Planus and related diseases,,Psoriasis pictures Lichen Planus and related diseases,UNMATCHED_RETAINS_FOLDER_LABEL
Lichen-Sclerosus-Skin-111.jpg,Psoriasis pictures Lichen Planus and related diseases,,Psoriasis pictures Lichen Planus and related diseases,UNMATCHED_RETAINS_FOLDER_LABEL
Lichen-Sclerosus-Skin-114.jpg,Psoriasis pictures Lichen Planus and related diseases,,Psoriasis pictures Lichen Planus and related diseases,UNMATCHED_RETAINS_FOLDER_LABEL
Lichen-Sclerosus-Skin-115.jpg,Psoriasis pictures Lichen Planus and related diseases,,Psoriasis pictures Lichen Planus and related diseases,UNMATCHED_RETAINS_FOLDER_LABEL
Lichen-Sclerosus-Skin-116.jpg,Psoriasis pictures Lichen Planus and related diseases,,Psoriasis pictures Lichen Planus and related diseases,UNMATCHED_RETAINS_FOLDER_LABEL
Lichen-Sclerosus-Skin-117.jpg,Psoriasis pictures Lichen Planus and related diseases,,Psoriasis pictures Lichen Planus and related diseases,UNMATCHED_RETAINS_FOLDER_LABEL
Lichen-Sclerosus-Skin-118.jpg,Psoriasis pictures Lichen Planus and related diseases,,Psoriasis pictures Lichen Planus and related diseases,UNMATCHED_RETAINS_FOLDER_LABEL
Lichen-Sclerosus-Skin-119.jpg,Psoriasis pictures Lichen Planus and related diseases,,Psoriasis pictures Lichen Planus and related diseases,UNMATCHED_RETAINS_FOLDER_LABEL
Lichen-Sclerosus-Skin-12.jpg,Psoriasis pictures Lichen Planus and related diseases,,Psoriasis pictures Lichen Planus and related diseases,UNMATCHED_RETAINS_FOLDER_LABEL
Lichen-Sclerosus-Skin-120.jpg,Psoriasis pictures Lichen Planus and related diseases,,Psoriasis pictures Lichen Planus and related diseases,UNMATCHED_RETAINS_FOLDER_LABEL
Lichen-Sclerosus-Skin-121.jpg,Psoriasis pictures Lichen Planus and related diseases,,Psoriasis pictures Lichen Planus and related diseases,UNMATCHED_RETAINS_FOLDER_LABEL
Lichen-Sclerosus-Skin-122.jpg,Psoriasis pictures Lichen Planus and related diseases,,Psoriasis pictures Lichen Planus and related diseases,UNMATCHED_RETAINS_FOLDER_LABEL
Lichen-Sclerosus-Skin-126.jpg,Psoriasis pictures Lichen Planus and related diseases,,Psoriasis pictures Lichen Planus and related diseases,UNMATCHED_RETAINS_FOLDER_LABEL
Lichen-Sclerosus-Skin-128.jpg,Psoriasis pictures Lichen Planus and related diseases,,Psoriasis pictures Lichen Planus and related diseases,UNMATCHED_RETAINS_FOLDER_LABEL
Lichen-Sclerosus-Skin-129.jpg,Psoriasis pictures Lichen Planus and related diseases,,Psoriasis pictures Lichen Planus and related diseases,UNMATCHED_RETAINS_FOLDER_LABEL
Lichen-Sclerosus-Skin-13.jpg,Psoriasis pictures Lichen Planus and related diseases,,Psoriasis pictures Lichen Planus and related diseases,UNMATCHED_RETAINS_FOLDER_LABEL
Lichen-Sclerosus-Skin-131.jpg,Psoriasis pictures Lichen Planus and related diseases,,Psoriasis pictures Lichen Planus and related diseases,UNMATCHED_RETAINS_FOLDER_LABEL
Lichen-Sclerosus-Skin-132.jpg,Psoriasis pictures Lichen Planus and related diseases,,Psoriasis pictures Lichen Planus and related diseases,UNMATCHED_RETAINS_FOLDER_LABEL
Lichen-Sclerosus-Skin-133.jpg,Psoriasis pictures Lichen Planus and related diseases,,Psoriasis pictures Lichen Planus and related diseases,UNMATCHED_RETAINS_FOLDER_LABEL
Lichen-Sclerosus-Skin-17.jpg,Psoriasis pictures Lichen Planus and related diseases,,Psoriasis pictures Lichen Planus and related diseases,UNMATCHED_RETAINS_FOLDER_LABEL
Lichen-Sclerosus-Skin-21.jpg,Psoriasis pictures Lichen Planus and related diseases,,Psoriasis pictures Lichen Planus and related diseases,UNMATCHED_RETAINS_FOLDER_LABEL
Lichen-Sclerosus-Skin-22.jpg,Psoriasis pictures Lichen Planus and related diseases,,Psoriasis pictures Lichen Planus and related diseases,UNMATCHED_RETAINS_FOLDER_LABEL
Lichen-Sclerosus-Skin-24.jpg,Psoriasis pictures Lichen Planus and related diseases,,Psoriasis pictures Lichen Planus and related diseases,UNMATCHED_RETAINS_FOLDER_LABEL
Lichen-Sclerosus-Skin-27.jpg,Psoriasis pictures Lichen Planus and related diseases,,Psoriasis pictures Lichen Planus and related diseases,UNMATCHED_RETAINS_FOLDER_LABEL
Lichen-Sclerosus-Skin-29.jpg,Psoriasis pictures Lichen Planus and related diseases,,Psoriasis pictures Lichen Planus and related diseases,UNMATCHED_RETAINS_FOLDER_LABEL
Lichen-Sclerosus-Skin-30.jpg,Psoriasis pictures Lichen Planus and related diseases,,Psoriasis pictures Lichen Planus and related diseases,UNMATCHED_RETAINS_FOLDER_LABEL
Lichen-Sclerosus-Skin-31.jpg,Psoriasis pictures Lichen Planus and related diseases,,Psoriasis pictures Lichen Planus and related diseases,UNMATCHED_RETAINS_FOLDER_LABEL
Lichen-Sclerosus-Skin-32.jpg,Psoriasis pictures Lichen Planus and related diseases,,Psoriasis pictures Lichen Planus and related diseases,UNMATCHED_RETAINS_FOLDER_LABEL
Lichen-Sclerosus-Skin-33.jpg,Psoriasis pictures Lichen Planus and related diseases,,Psoriasis pictures Lichen Planus and related diseases,UNMATCHED_RETAINS_FOLDER_LABEL
Lichen-Sclerosus-Skin-35.jpg,Psoriasis pictures Lichen Planus and related diseases,,Psoriasis pictures Lichen Planus and related diseases,UNMATCHED_RETAINS_FOLDER_LABEL
Lichen-Sclerosus-Skin-36.jpg,Psoriasis pictures Lichen Planus and related diseases,,Psoriasis pictures Lichen Planus and related diseases,UNMATCHED_RETAINS_FOLDER_LABEL
Lichen-Sclerosus-Skin-37.jpg,Psoriasis pictures Lichen Planus and related diseases,,Psoriasis pictures Lichen Planus and related diseases,UNMATCHED_RETAINS_FOLDER_LABEL
Lichen-Sclerosus-Skin-38.jpg,Psoriasis pictures Lichen Planus and related diseases,,Psoriasis pictures Lichen Planus and related diseases,UNMATCHED_RETAINS_FOLDER_LABEL
Lichen-Sclerosus-Skin-4.jpg,Psoriasis pictures Lichen Planus and related diseases,,Psoriasis pictures Lichen Planus and related diseases,UNMATCHED_RETAINS_FOLDER_LABEL
Lichen-Sclerosus-Skin-41.jpg,Psoriasis pictures Lichen Planus and related diseases,,Psoriasis pictures Lichen Planus and related diseases,UNMATCHED_RETAINS_FOLDER_LABEL
Lichen-Sclerosus-Skin-42.jpg,Psoriasis pictures Lichen Planus and related diseases,,Psoriasis pictures Lichen Planus and related diseases,UNMATCHED_RETAINS_FOLDER_LABEL
Lichen-Sclerosus-Skin-44.jpg,Psoriasis pictures Lichen Planus and related diseases,,Psoriasis pictures Lichen Planus and related diseases,UNMATCHED_RETAINS_FOLDER_LABEL
Lichen-Sclerosus-Skin-45.jpg,Psoriasis pictures Lichen Planus and related diseases,,Psoriasis pictures Lichen Planus and related diseases,UNMATCHED_RETAINS_FOLDER_LABEL
Lichen-Sclerosus-Skin-46.jpg,Psoriasis pictures Lichen Planus and related diseases,,Psoriasis pictures Lichen Planus and related diseases,UNMATCHED_RETAINS_FOLDER_LABEL
Lichen-Sclerosus-Skin-47.jpg,Psoriasis pictures Lichen Planus and related diseases,,Psoriasis pictures Lichen Planus and related diseases,UNMATCHED_RETAINS_FOLDER_LABEL
Lichen-Sclerosus-Skin-49.jpg,Psoriasis pictures Lichen Planus and related diseases,,Psoriasis pictures Lichen Planus and related diseases,UNMATCHED_RETAINS_FOLDER_LABEL
Lichen-Sclerosus-Skin-5.jpg,Psoriasis pictures Lichen Planus and related diseases,,Psoriasis pictures Lichen Planus and related diseases,UNMATCHED_RETAINS_FOLDER_LABEL
Lichen-Sclerosus-Skin-50.jpg,Psoriasis pictures Lichen Planus and related diseases,,Psoriasis pictures Lichen Planus and related diseases,UNMATCHED_RETAINS_FOLDER_LABEL
Lichen-Sclerosus-Skin-52.jpg,Psoriasis pictures Lichen Planus and related diseases,,Psoriasis pictures Lichen Planus and related diseases,UNMATCHED_RETAINS_FOLDER_LABEL
Lichen-Sclerosus-Skin-54.jpg,Psoriasis pictures Lichen Planus and related diseases,,Psoriasis pictures Lichen Planus and related diseases,UNMATCHED_RETAINS_FOLDER_LABEL
Lichen-Sclerosus-Skin-55.jpg,Psoriasis pictures Lichen Planus and related diseases,,Psoriasis pictures Lichen Planus and related diseases,UNMATCHED_RETAINS_FOLDER_LABEL
Lichen-Sclerosus-Skin-56.jpg,Psoriasis pictures Lichen Planus and related diseases,,Psoriasis pictures Lichen Planus and related diseases,UNMATCHED_RETAINS_FOLDER_LABEL
Lichen-Sclerosus-Skin-57.jpg,Psoriasis pictures Lichen Planus and related diseases,,Psoriasis pictures Lichen Planus and related diseases,UNMATCHED_RETAINS_FOLDER_LABEL
Lichen-Sclerosus-Skin-59.jpg,Psoriasis pictures Lichen Planus and related diseases,,Psoriasis pictures Lichen Planus and related diseases,UNMATCHED_RETAINS_FOLDER_LABEL
Lichen-Sclerosus-Skin-6.jpg,Psoriasis pictures Lichen Planus and related diseases,,Psoriasis pictures Lichen Planus and related diseases,UNMATCHED_RETAINS_FOLDER_LABEL
Lichen-Sclerosus-Skin-60.jpg,Psoriasis pictures Lichen Planus and related diseases,,Psoriasis pictures Lichen Planus and related diseases,UNMATCHED_RETAINS_FOLDER_LABEL
Lichen-Sclerosus-Skin-61.jpg,Psoriasis pictures Lichen Planus and related diseases,,Psoriasis pictures Lichen Planus and related diseases,UNMATCHED_RETAINS_FOLDER_LABEL
Lichen-Sclerosus-Skin-62.jpg,Psoriasis pictures Lichen Planus and related diseases,,Psoriasis pictures Lichen Planus and related diseases,UNMATCHED_RETAINS_FOLDER_LABEL
Lichen-Sclerosus-Skin-63.jpg,Psoriasis pictures Lichen Planus and related diseases,,Psoriasis pictures Lichen Planus and related diseases,UNMATCHED_RETAINS_FOLDER_LABEL
Lichen-Sclerosus-Skin-64.jpg,Psoriasis pictures Lichen Planus and related diseases,,Psoriasis pictures Lichen Planus and related diseases,UNMATCHED_RETAINS_FOLDER_LABEL
Lichen-Sclerosus-Skin-65.jpg,Psoriasis pictures Lichen Planus and related diseases,,Psoriasis pictures Lichen Planus and related diseases,UNMATCHED_RETAINS_FOLDER_LABEL
Lichen-Sclerosus-Skin-66.jpg,Psoriasis pictures Lichen Planus and related diseases,,Psoriasis pictures Lichen Planus and related diseases,UNMATCHED_RETAINS_FOLDER_LABEL
Lichen-Sclerosus-Skin-67.jpg,Psoriasis pictures Lichen Planus and related diseases,,Psoriasis pictures Lichen Planus and related diseases,UNMATCHED_RETAINS_FOLDER_LABEL
Lichen-Sclerosus-Skin-69.jpg,Psoriasis pictures Lichen Planus and related diseases,,Psoriasis pictures Lichen Planus and related diseases,UNMATCHED_RETAINS_FOLDER_LABEL
Lichen-Sclerosus-Skin-7.jpg,Psoriasis pictures Lichen Planus and related diseases,,Psoriasis pictures Lichen Planus and related diseases,UNMATCHED_RETAINS_FOLDER_LABEL
Lichen-Sclerosus-Skin-70.jpg,Psoriasis pictures Lichen Planus and related diseases,,Psoriasis pictures Lichen Planus and related diseases,UNMATCHED_RETAINS_FOLDER_LABEL
Lichen-Sclerosus-Skin-71.jpg,Psoriasis pictures Lichen Planus and related diseases,,Psoriasis pictures Lichen Planus and related diseases,UNMATCHED_RETAINS_FOLDER_LABEL
Lichen-Sclerosus-Skin-73.jpg,Psoriasis pictures Lichen Planus and related diseases,,Psoriasis pictures Lichen Planus and related diseases,UNMATCHED_RETAINS_FOLDER_LABEL
Lichen-Sclerosus-Skin-76.jpg,Psoriasis pictures Lichen Planus and related diseases,,Psoriasis pictures Lichen Planus and related diseases,UNMATCHED_RETAINS_FOLDER_LABEL
Lichen-Sclerosus-Skin-77.jpg,Psoriasis pictures Lichen Planus and related diseases,,Psoriasis pictures Lichen Planus and related diseases,UNMATCHED_RETAINS_FOLDER_LABEL
Lichen-Sclerosus-Skin-79.jpg,Psoriasis pictures Lichen Planus and related diseases,,Psoriasis pictures Lichen Planus and related diseases,UNMATCHED_RETAINS_FOLDER_LABEL
Lichen-Sclerosus-Skin-8.jpg,Psoriasis pictures Lichen Planus and related diseases,,Psoriasis pictures Lichen Planus and related diseases,UNMATCHED_RETAINS_FOLDER_LABEL
Lichen-Sclerosus-Skin-80.jpg,Psoriasis pictures Lichen Planus and related diseases,,Psoriasis pictures Lichen Planus and related diseases,UNMATCHED_RETAINS_FOLDER_LABEL
Lichen-Sclerosus-Skin-81.jpg,Psoriasis pictures Lichen Planus and related diseases,,Psoriasis pictures Lichen Planus and related diseases,UNMATCHED_RETAINS_FOLDER_LABEL
Lichen-Sclerosus-Skin-82.jpg,Psoriasis pictures Lichen Planus and related diseases,,Psoriasis pictures Lichen Planus and related diseases,UNMATCHED_RETAINS_FOLDER_LABEL
Lichen-Sclerosus-Skin-83.jpg,Psoriasis pictures Lichen Planus and related diseases,,Psoriasis pictures Lichen Planus and related diseases,UNMATCHED_RETAINS_FOLDER_LABEL
Lichen-Sclerosus-Skin-85.jpg,Psoriasis pictures Lichen Planus and related diseases,,Psoriasis pictures Lichen Planus and related diseases,UNMATCHED_RETAINS_FOLDER_LABEL
Lichen-Sclerosus-Skin-86.jpg,Psoriasis pictures Lichen Planus and related diseases,,Psoriasis pictures Lichen Planus and related diseases,UNMATCHED_RETAINS_FOLDER_LABEL
Lichen-Sclerosus-Skin-87.jpg,Psoriasis pictures Lichen Planus and related diseases,,Psoriasis pictures Lichen Planus and related diseases,UNMATCHED_RETAINS_FOLDER_LABEL
Lichen-Sclerosus-Skin-88.jpg,Psoriasis pictures Lichen Planus and related diseases,,Psoriasis pictures Lichen Planus and related diseases,UNMATCHED_RETAINS_FOLDER_LABEL
Lichen-Sclerosus-Skin-89.jpg,Psoriasis pictures Lichen Planus and related diseases,,Psoriasis pictures Lichen Planus and related diseases,UNMATCHED_RETAINS_FOLDER_LABEL
Lichen-Sclerosus-Skin-93.jpg,Psoriasis pictures Lichen Planus and related diseases,,Psoriasis pictures Lichen Planus and related diseases,UNMATCHED_RETAINS_FOLDER_LABEL
Lichen-Sclerosus-Skin-94.jpg,Psoriasis pictures Lichen Planus and related diseases,,Psoriasis pictures Lichen Planus and related diseases,UNMATCHED_RETAINS_FOLDER_LABEL
Lichen-Sclerosus-Skin-95.jpg,Psoriasis pictures Lichen Planus and related diseases,,Psoriasis pictures Lichen Planus and related diseases,UNMATCHED_RETAINS_FOLDER_LABEL
Lichen-Sclerosus-Skin-97.jpg,Psoriasis pictures Lichen Planus and related diseases,,Psoriasis pictures Lichen Planus and related diseases,UNMATCHED_RETAINS_FOLDER_LABEL
Lichen-Sclerosus-Skin-98.jpg,Psoriasis pictures Lichen Planus and related diseases,,Psoriasis pictures Lichen Planus and related diseases,UNMATCHED_RETAINS_FOLDER_LABEL
Lichen-Sclerosus-Skin-99.jpg,Psoriasis pictures Lichen Planus and related diseases,,Psoriasis pictures Lichen Planus and related diseases,UNMATCHED_RETAINS_FOLDER_LABEL
Lichen-Spinulosa-1.jpg,Psoriasis pictures Lichen Planus and related diseases,,Psoriasis pictures Lichen Planus and related diseases,UNMATCHED_RETAINS_FOLDER_LABEL
Lichen-Spinulosa-2.jpg,Psoriasis pictures Lichen Planus and related diseases,,Psoriasis pictures Lichen Planus and related diseases,UNMATCHED_RETAINS_FOLDER_LABEL
lichen-striatus-1.jpg,Psoriasis pictures Lichen Planus and related diseases,,Psoriasis pictures Lichen Planus and related diseases,UNMATCHED_RETAINS_FOLDER_LABEL
lichen-striatus-2.jpg,Psoriasis pictures Lichen Planus and related diseases,,Psoriasis pictures Lichen Planus and related diseases,UNMATCHED_RETAINS_FOLDER_LABEL
Palmoplantar-Keratoderma-1.jpg,Psoriasis pictures Lichen Planus and related diseases,,Psoriasis pictures Lichen Planus and related diseases,UNMATCHED_RETAINS_FOLDER_LABEL
Palmoplantar-Keratoderma-2.jpg,Psoriasis pictures Lichen Planus and related diseases,,Psoriasis pictures Lichen Planus and related diseases,UNMATCHED_RETAINS_FOLDER_LABEL
Palmoplantar-Keratoderma-3.jpg,Psoriasis pictures Lichen Planus and related diseases,,Psoriasis pictures Lichen Planus and related diseases,UNMATCHED_RETAINS_FOLDER_LABEL
Palmoplantar-Keratoderma-4.jpg,Psoriasis pictures Lichen Planus and related diseases,,Psoriasis pictures Lichen Planus and related diseases,UNMATCHED_RETAINS_FOLDER_LABEL
Palmoplantar-Keratoderma-5.jpg,Psoriasis pictures Lichen Planus and related diseases,,Psoriasis pictures Lichen Planus and related diseases,UNMATCHED_RETAINS_FOLDER_LABEL
Palmoplantar-Keratoderma-6.jpg,Psoriasis pictures Lichen Planus and related diseases,,Psoriasis pictures Lichen Planus and related diseases,UNMATCHED_RETAINS_FOLDER_LABEL
Pityriasis-Lichenoides-1.jpg,Psoriasis pictures Lichen Planus and related diseases,,Psoriasis pictures Lichen Planus and related diseases,UNMATCHED_RETAINS_FOLDER_LABEL
Pityriasis-Lichenoides-10.jpg,Psoriasis pictures Lichen Planus and related diseases,,Psoriasis pictures Lichen Planus and related diseases,UNMATCHED_RETAINS_FOLDER_LABEL
Pityriasis-Lichenoides-11.jpg,Psoriasis pictures Lichen Planus and related diseases,,Psoriasis pictures Lichen Planus and related diseases,UNMATCHED_RETAINS_FOLDER_LABEL
Pityriasis-Lichenoides-13.jpg,Psoriasis pictures Lichen Planus and related diseases,,Psoriasis pictures Lichen Planus and related diseases,UNMATCHED_RETAINS_FOLDER_LABEL
Pityriasis-Lichenoides-15.jpg,Psoriasis pictures Lichen Planus and related diseases,,Psoriasis pictures Lichen Planus and related diseases,UNMATCHED_RETAINS_FOLDER_LABEL
Pityriasis-Lichenoides-16.jpg,Psoriasis pictures Lichen Planus and related diseases,,Psoriasis pictures Lichen Planus and related diseases,UNMATCHED_RETAINS_FOLDER_LABEL
Pityriasis-Lichenoides-17.jpg,Psoriasis pictures Lichen Planus and related diseases,,Psoriasis pictures Lichen Planus and related diseases,UNMATCHED_RETAINS_FOLDER_LABEL
Pityriasis-Lichenoides-18.jpg,Psoriasis pictures Lichen Planus and related diseases,,Psoriasis pictures Lichen Planus and related diseases,UNMATCHED_RETAINS_FOLDER_LABEL
Pityriasis-Lichenoides-19.jpg,Psoriasis pictures Lichen Planus and related diseases,,Psoriasis pictures Lichen Planus and related diseases,UNMATCHED_RETAINS_FOLDER_LABEL
Pityriasis-Lichenoides-2.jpg,Psoriasis pictures Lichen Planus and related diseases,,Psoriasis pictures Lichen Planus and related diseases,UNMATCHED_RETAINS_FOLDER_LABEL
Pityriasis-Lichenoides-20.jpg,Psoriasis pictures Lichen Planus and related diseases,,Psoriasis pictures Lichen Planus and related diseases,UNMATCHED_RETAINS_FOLDER_LABEL
Pityriasis-Lichenoides-21.jpg,Psoriasis pictures Lichen Planus and related diseases,,Psoriasis pictures Lichen Planus and related diseases,UNMATCHED_RETAINS_FOLDER_LABEL
Pityriasis-Lichenoides-22.jpg,Psoriasis pictures Lichen Planus and related diseases,,Psoriasis pictures Lichen Planus and related diseases,UNMATCHED_RETAINS_FOLDER_LABEL
Pityriasis-Lichenoides-23.jpg,Psoriasis pictures Lichen Planus and related diseases,,Psoriasis pictures Lichen Planus and related diseases,UNMATCHED_RETAINS_FOLDER_LABEL
Pityriasis-Lichenoides-25.jpg,Psoriasis pictures Lichen Planus and related diseases,,Psoriasis pictures Lichen Planus and related diseases,UNMATCHED_RETAINS_FOLDER_LABEL
Pityriasis-Lichenoides-27.jpg,Psoriasis pictures Lichen Planus and related diseases,,Psoriasis pictures Lichen Planus and related diseases,UNMATCHED_RETAINS_FOLDER_LABEL
Pityriasis-Lichenoides-28.jpg,Psoriasis pictures Lichen Planus and related diseases,,Psoriasis pictures Lichen Planus and related diseases,UNMATCHED_RETAINS_FOLDER_LABEL
Pityriasis-Lichenoides-29.jpg,Psoriasis pictures Lichen Planus and related diseases,,Psoriasis pictures Lichen Planus and related diseases,UNMATCHED_RETAINS_FOLDER_LABEL
Pityriasis-Lichenoides-3.jpg,Psoriasis pictures Lichen Planus and related diseases,,Psoriasis pictures Lichen Planus and related diseases,UNMATCHED_RETAINS_FOLDER_LABEL
Pityriasis-Lichenoides-30.jpg,Psoriasis pictures Lichen Planus and related diseases,,Psoriasis pictures Lichen Planus and related diseases,UNMATCHED_RETAINS_FOLDER_LABEL
Pityriasis-Lichenoides-31.jpg,Psoriasis pictures Lichen Planus and related diseases,,Psoriasis pictures Lichen Planus and related diseases,UNMATCHED_RETAINS_FOLDER_LABEL
Pityriasis-Lichenoides-33.jpg,Psoriasis pictures Lichen Planus and related diseases,,Psoriasis pictures Lichen Planus and related diseases,UNMATCHED_RETAINS_FOLDER_LABEL
Pityriasis-Lichenoides-34.jpg,Psoriasis pictures Lichen Planus and related diseases,,Psoriasis pictures Lichen Planus and related diseases,UNMATCHED_RETAINS_FOLDER_LABEL
Pityriasis-Lichenoides-35.jpg,Psoriasis pictures Lichen Planus and related diseases,,Psoriasis pictures Lichen Planus and related diseases,UNMATCHED_RETAINS_FOLDER_LABEL
Pityriasis-Lichenoides-36.jpg,Psoriasis pictures Lichen Planus and related diseases,,Psoriasis pictures Lichen Planus and related diseases,UNMATCHED_RETAINS_FOLDER_LABEL
Pityriasis-Lichenoides-37.jpg,Psoriasis pictures Lichen Planus and related diseases,,Psoriasis pictures Lichen Planus and related diseases,UNMATCHED_RETAINS_FOLDER_LABEL
Pityriasis-Lichenoides-38.jpg,Psoriasis pictures Lichen Planus and related diseases,,Psoriasis pictures Lichen Planus and related diseases,UNMATCHED_RETAINS_FOLDER_LABEL
Pityriasis-Lichenoides-39.jpg,Psoriasis pictures Lichen Planus and related diseases,,Psoriasis pictures Lichen Planus and related diseases,UNMATCHED_RETAINS_FOLDER_LABEL
Pityriasis-Lichenoides-4.jpg,Psoriasis pictures Lichen Planus and related diseases,,Psoriasis pictures Lichen Planus and related diseases,UNMATCHED_RETAINS_FOLDER_LABEL
Pityriasis-Lichenoides-40.jpg,Psoriasis pictures Lichen Planus and related diseases,,Psoriasis pictures Lichen Planus and related diseases,UNMATCHED_RETAINS_FOLDER_LABEL
Pityriasis-Lichenoides-41.jpg,Psoriasis pictures Lichen Planus and related diseases,,Psoriasis pictures Lichen Planus and related diseases,UNMATCHED_RETAINS_FOLDER_LABEL
Pityriasis-Lichenoides-42.jpg,Psoriasis pictures Lichen Planus and related diseases,,Psoriasis pictures Lichen Planus and related diseases,UNMATCHED_RETAINS_FOLDER_LABEL
Pityriasis-Lichenoides-43.jpg,Psoriasis pictures Lichen Planus and related diseases,,Psoriasis pictures Lichen Planus and related diseases,UNMATCHED_RETAINS_FOLDER_LABEL
Pityriasis-Lichenoides-44.jpg,Psoriasis pictures Lichen Planus and related diseases,,Psoriasis pictures Lichen Planus and related diseases,UNMATCHED_RETAINS_FOLDER_LABEL
Pityriasis-Lichenoides-45.jpg,Psoriasis pictures Lichen Planus and related diseases,,Psoriasis pictures Lichen Planus and related diseases,UNMATCHED_RETAINS_FOLDER_LABEL
Pityriasis-Lichenoides-46.jpg,Psoriasis pictures Lichen Planus and related diseases,,Psoriasis pictures Lichen Planus and related diseases,UNMATCHED_RETAINS_FOLDER_LABEL
Pityriasis-Lichenoides-47.jpg,Psoriasis pictures Lichen Planus and related diseases,,Psoriasis pictures Lichen Planus and related diseases,UNMATCHED_RETAINS_FOLDER_LABEL
Pityriasis-Lichenoides-49.jpg,Psoriasis pictures Lichen Planus and related diseases,,Psoriasis pictures Lichen Planus and related diseases,UNMATCHED_RETAINS_FOLDER_LABEL
Pityriasis-Lichenoides-5.jpg,Psoriasis pictures Lichen Planus and related diseases,,Psoriasis pictures Lichen Planus and related diseases,UNMATCHED_RETAINS_FOLDER_LABEL
Pityriasis-Lichenoides-50.jpg,Psoriasis pictures Lichen Planus and related diseases,,Psoriasis pictures Lichen Planus and related diseases,UNMATCHED_RETAINS_FOLDER_LABEL
Pityriasis-Lichenoides-51.jpg,Psoriasis pictures Lichen Planus and related diseases,,Psoriasis pictures Lichen Planus and related diseases,UNMATCHED_RETAINS_FOLDER_LABEL
Pityriasis-Lichenoides-52.jpg,Psoriasis pictures Lichen Planus and related diseases,,Psoriasis pictures Lichen Planus and related diseases,UNMATCHED_RETAINS_FOLDER_LABEL
Pityriasis-Lichenoides-53.jpg,Psoriasis pictures Lichen Planus and related diseases,,Psoriasis pictures Lichen Planus and related diseases,UNMATCHED_RETAINS_FOLDER_LABEL
Pityriasis-Lichenoides-54.jpg,Psoriasis pictures Lichen Planus and related diseases,,Psoriasis pictures Lichen Planus and related diseases,UNMATCHED_RETAINS_FOLDER_LABEL
Pityriasis-Lichenoides-55.jpg,Psoriasis pictures Lichen Planus and related diseases,,Psoriasis pictures Lichen Planus and related diseases,UNMATCHED_RETAINS_FOLDER_LABEL
Pityriasis-Lichenoides-6.jpg,Psoriasis pictures Lichen Planus and related diseases,,Psoriasis pictures Lichen Planus and related diseases,UNMATCHED_RETAINS_FOLDER_LABEL
Pityriasis-Lichenoides-7.jpg,Psoriasis pictures Lichen Planus and related diseases,,Psoriasis pictures Lichen Planus and related diseases,UNMATCHED_RETAINS_FOLDER_LABEL
Pityriasis-Lichenoides-8.jpg,Psoriasis pictures Lichen Planus and related diseases,,Psoriasis pictures Lichen Planus and related diseases,UNMATCHED_RETAINS_FOLDER_LABEL
pityriasis-rosea-1.jpg,Psoriasis pictures Lichen Planus and related diseases,Pityriasis_Rosea,Pityriasis_Rosea,RECOVERED
pityriasis-rosea-10.jpg,Psoriasis pictures Lichen Planus and related diseases,Pityriasis_Rosea,Pityriasis_Rosea,RECOVERED
pityriasis-rosea-100.jpg,Psoriasis pictures Lichen Planus and related diseases,Pityriasis_Rosea,Pityriasis_Rosea,RECOVERED
pityriasis-rosea-102.jpg,Psoriasis pictures Lichen Planus and related diseases,Pityriasis_Rosea,Pityriasis_Rosea,RECOVERED
pityriasis-rosea-104.jpg,Psoriasis pictures Lichen Planus and related diseases,Pityriasis_Rosea,Pityriasis_Rosea,RECOVERED
pityriasis-rosea-105.jpg,Psoriasis pictures Lichen Planus and related diseases,Pityriasis_Rosea,Pityriasis_Rosea,RECOVERED
pityriasis-rosea-107.jpg,Psoriasis pictures Lichen Planus and related diseases,Pityriasis_Rosea,Pityriasis_Rosea,RECOVERED
pityriasis-rosea-108.jpg,Psoriasis pictures Lichen Planus and related diseases,Pityriasis_Rosea,Pityriasis_Rosea,RECOVERED
pityriasis-rosea-109.jpg,Psoriasis pictures Lichen Planus and related diseases,Pityriasis_Rosea,Pityriasis_Rosea,RECOVERED
pityriasis-rosea-110.jpg,Psoriasis pictures Lichen Planus and related diseases,Pityriasis_Rosea,Pityriasis_Rosea,RECOVERED
pityriasis-rosea-112.jpg,Psoriasis pictures Lichen Planus and related diseases,Pityriasis_Rosea,Pityriasis_Rosea,RECOVERED
pityriasis-rosea-114.jpg,Psoriasis pictures Lichen Planus and related diseases,Pityriasis_Rosea,Pityriasis_Rosea,RECOVERED
pityriasis-rosea-117.jpg,Psoriasis pictures Lichen Planus and related diseases,Pityriasis_Rosea,Pityriasis_Rosea,RECOVERED
pityriasis-rosea-118.jpg,Psoriasis pictures Lichen Planus and related diseases,Pityriasis_Rosea,Pityriasis_Rosea,RECOVERED
pityriasis-rosea-119.jpg,Psoriasis pictures Lichen Planus and related diseases,Pityriasis_Rosea,Pityriasis_Rosea,RECOVERED
pityriasis-rosea-12.jpg,Psoriasis pictures Lichen Planus and related diseases,Pityriasis_Rosea,Pityriasis_Rosea,RECOVERED
pityriasis-rosea-120.jpg,Psoriasis pictures Lichen Planus and related diseases,Pityriasis_Rosea,Pityriasis_Rosea,RECOVERED
pityriasis-rosea-123.jpg,Psoriasis pictures Lichen Planus and related diseases,Pityriasis_Rosea,Pityriasis_Rosea,RECOVERED
pityriasis-rosea-124.jpg,Psoriasis pictures Lichen Planus and related diseases,Pityriasis_Rosea,Pityriasis_Rosea,RECOVERED
pityriasis-rosea-125.jpg,Psoriasis pictures Lichen Planus and related diseases,Pityriasis_Rosea,Pityriasis_Rosea,RECOVERED
pityriasis-rosea-126.jpg,Psoriasis pictures Lichen Planus and related diseases,Pityriasis_Rosea,Pityriasis_Rosea,RECOVERED
pityriasis-rosea-127.jpg,Psoriasis pictures Lichen Planus and related diseases,Pityriasis_Rosea,Pityriasis_Rosea,RECOVERED
pityriasis-rosea-128.jpg,Psoriasis pictures Lichen Planus and related diseases,Pityriasis_Rosea,Pityriasis_Rosea,RECOVERED
pityriasis-rosea-129.jpg,Psoriasis pictures Lichen Planus and related diseases,Pityriasis_Rosea,Pityriasis_Rosea,RECOVERED
pityriasis-rosea-13.jpg,Psoriasis pictures Lichen Planus and related diseases,Pityriasis_Rosea,Pityriasis_Rosea,RECOVERED
pityriasis-rosea-130.jpg,Psoriasis pictures Lichen Planus and related diseases,Pityriasis_Rosea,Pityriasis_Rosea,RECOVERED
pityriasis-rosea-132.jpg,Psoriasis pictures Lichen Planus and related diseases,Pityriasis_Rosea,Pityriasis_Rosea,RECOVERED
pityriasis-rosea-133.jpg,Psoriasis pictures Lichen Planus and related diseases,Pityriasis_Rosea,Pityriasis_Rosea,RECOVERED
pityriasis-rosea-134.jpg,Psoriasis pictures Lichen Planus and related diseases,Pityriasis_Rosea,Pityriasis_Rosea,RECOVERED
pityriasis-rosea-136.jpg,Psoriasis pictures Lichen Planus and related diseases,Pityriasis_Rosea,Pityriasis_Rosea,RECOVERED
pityriasis-rosea-137.jpg,Psoriasis pictures Lichen Planus and related diseases,Pityriasis_Rosea,Pityriasis_Rosea,RECOVERED
pityriasis-rosea-138.jpg,Psoriasis pictures Lichen Planus and related diseases,Pityriasis_Rosea,Pityriasis_Rosea,RECOVERED
pityriasis-rosea-14.jpg,Psoriasis pictures Lichen Planus and related diseases,Pityriasis_Rosea,Pityriasis_Rosea,RECOVERED
pityriasis-rosea-141.jpg,Psoriasis pictures Lichen Planus and related diseases,Pityriasis_Rosea,Pityriasis_Rosea,RECOVERED
pityriasis-rosea-144.jpg,Psoriasis pictures Lichen Planus and related diseases,Pityriasis_Rosea,Pityriasis_Rosea,RECOVERED
pityriasis-rosea-145.jpg,Psoriasis pictures Lichen Planus and related diseases,Pityriasis_Rosea,Pityriasis_Rosea,RECOVERED
pityriasis-rosea-148.jpg,Psoriasis pictures Lichen Planus and related diseases,Pityriasis_Rosea,Pityriasis_Rosea,RECOVERED
pityriasis-rosea-149.jpg,Psoriasis pictures Lichen Planus and related diseases,Pityriasis_Rosea,Pityriasis_Rosea,RECOVERED
pityriasis-rosea-15.jpg,Psoriasis pictures Lichen Planus and related diseases,Pityriasis_Rosea,Pityriasis_Rosea,RECOVERED
pityriasis-rosea-150.jpg,Psoriasis pictures Lichen Planus and related diseases,Pityriasis_Rosea,Pityriasis_Rosea,RECOVERED
pityriasis-rosea-151.jpg,Psoriasis pictures Lichen Planus and related diseases,Pityriasis_Rosea,Pityriasis_Rosea,RECOVERED
pityriasis-rosea-152.jpg,Psoriasis pictures Lichen Planus and related diseases,Pityriasis_Rosea,Pityriasis_Rosea,RECOVERED
pityriasis-rosea-153.jpg,Psoriasis pictures Lichen Planus and related diseases,Pityriasis_Rosea,Pityriasis_Rosea,RECOVERED
pityriasis-rosea-155.jpg,Psoriasis pictures Lichen Planus and related diseases,Pityriasis_Rosea,Pityriasis_Rosea,RECOVERED
pityriasis-rosea-157.jpg,Psoriasis pictures Lichen Planus and related diseases,Pityriasis_Rosea,Pityriasis_Rosea,RECOVERED
pityriasis-rosea-158.jpg,Psoriasis pictures Lichen Planus and related diseases,Pityriasis_Rosea,Pityriasis_Rosea,RECOVERED
pityriasis-rosea-16.jpg,Psoriasis pictures Lichen Planus and related diseases,Pityriasis_Rosea,Pityriasis_Rosea,RECOVERED
pityriasis-rosea-160.jpg,Psoriasis pictures Lichen Planus and related diseases,Pityriasis_Rosea,Pityriasis_Rosea,RECOVERED
pityriasis-rosea-162.jpg,Psoriasis pictures Lichen Planus and related diseases,Pityriasis_Rosea,Pityriasis_Rosea,RECOVERED
pityriasis-rosea-164.jpg,Psoriasis pictures Lichen Planus and related diseases,Pityriasis_Rosea,Pityriasis_Rosea,RECOVERED
pityriasis-rosea-165.jpg,Psoriasis pictures Lichen Planus and related diseases,Pityriasis_Rosea,Pityriasis_Rosea,RECOVERED
pityriasis-rosea-166.jpg,Psoriasis pictures Lichen Planus and related diseases,Pityriasis_Rosea,Pityriasis_Rosea,RECOVERED
pityriasis-rosea-168.jpg,Psoriasis pictures Lichen Planus and related diseases,Pityriasis_Rosea,Pityriasis_Rosea,RECOVERED
pityriasis-rosea-169.jpg,Psoriasis pictures Lichen Planus and related diseases,Pityriasis_Rosea,Pityriasis_Rosea,RECOVERED
pityriasis-rosea-17.jpg,Psoriasis pictures Lichen Planus and related diseases,Pityriasis_Rosea,Pityriasis_Rosea,RECOVERED
pityriasis-rosea-170.jpg,Psoriasis pictures Lichen Planus and related diseases,Pityriasis_Rosea,Pityriasis_Rosea,RECOVERED
pityriasis-rosea-172.jpg,Psoriasis pictures Lichen Planus and related diseases,Pityriasis_Rosea,Pityriasis_Rosea,RECOVERED
pityriasis-rosea-174.jpg,Psoriasis pictures Lichen Planus and related diseases,Pityriasis_Rosea,Pityriasis_Rosea,RECOVERED
pityriasis-rosea-175.jpg,Psoriasis pictures Lichen Planus and related diseases,Pityriasis_Rosea,Pityriasis_Rosea,RECOVERED
pityriasis-rosea-177.jpg,Psoriasis pictures Lichen Planus and related diseases,Pityriasis_Rosea,Pityriasis_Rosea,RECOVERED
pityriasis-rosea-178.jpg,Psoriasis pictures Lichen Planus and related diseases,Pityriasis_Rosea,Pityriasis_Rosea,RECOVERED
pityriasis-rosea-179.jpg,Psoriasis pictures Lichen Planus and related diseases,Pityriasis_Rosea,Pityriasis_Rosea,RECOVERED
pityriasis-rosea-18.jpg,Psoriasis pictures Lichen Planus and related diseases,Pityriasis_Rosea,Pityriasis_Rosea,RECOVERED
pityriasis-rosea-180.jpg,Psoriasis pictures Lichen Planus and related diseases,Pityriasis_Rosea,Pityriasis_Rosea,RECOVERED
pityriasis-rosea-181.jpg,Psoriasis pictures Lichen Planus and related diseases,Pityriasis_Rosea,Pityriasis_Rosea,RECOVERED
pityriasis-rosea-182.jpg,Psoriasis pictures Lichen Planus and related diseases,Pityriasis_Rosea,Pityriasis_Rosea,RECOVERED
pityriasis-rosea-183.jpg,Psoriasis pictures Lichen Planus and related diseases,Pityriasis_Rosea,Pityriasis_Rosea,RECOVERED
pityriasis-rosea-184.jpg,Psoriasis pictures Lichen Planus and related diseases,Pityriasis_Rosea,Pityriasis_Rosea,RECOVERED
pityriasis-rosea-185.jpg,Psoriasis pictures Lichen Planus and related diseases,Pityriasis_Rosea,Pityriasis_Rosea,RECOVERED
pityriasis-rosea-186.jpg,Psoriasis pictures Lichen Planus and related diseases,Pityriasis_Rosea,Pityriasis_Rosea,RECOVERED
pityriasis-rosea-188.jpg,Psoriasis pictures Lichen Planus and related diseases,Pityriasis_Rosea,Pityriasis_Rosea,RECOVERED
pityriasis-rosea-19.jpg,Psoriasis pictures Lichen Planus and related diseases,Pityriasis_Rosea,Pityriasis_Rosea,RECOVERED
pityriasis-rosea-190.jpg,Psoriasis pictures Lichen Planus and related diseases,Pityriasis_Rosea,Pityriasis_Rosea,RECOVERED
pityriasis-rosea-192.jpg,Psoriasis pictures Lichen Planus and related diseases,Pityriasis_Rosea,Pityriasis_Rosea,RECOVERED
pityriasis-rosea-193.jpg,Psoriasis pictures Lichen Planus and related diseases,Pityriasis_Rosea,Pityriasis_Rosea,RECOVERED
pityriasis-rosea-194.jpg,Psoriasis pictures Lichen Planus and related diseases,Pityriasis_Rosea,Pityriasis_Rosea,RECOVERED
pityriasis-rosea-195.jpg,Psoriasis pictures Lichen Planus and related diseases,Pityriasis_Rosea,Pityriasis_Rosea,RECOVERED
pityriasis-rosea-196.jpg,Psoriasis pictures Lichen Planus and related diseases,Pityriasis_Rosea,Pityriasis_Rosea,RECOVERED
pityriasis-rosea-198.jpg,Psoriasis pictures Lichen Planus and related diseases,Pityriasis_Rosea,Pityriasis_Rosea,RECOVERED
pityriasis-rosea-2.jpg,Psoriasis pictures Lichen Planus and related diseases,Pityriasis_Rosea,Pityriasis_Rosea,RECOVERED
pityriasis-rosea-20.jpg,Psoriasis pictures Lichen Planus and related diseases,Pityriasis_Rosea,Pityriasis_Rosea,RECOVERED
pityriasis-rosea-201.jpg,Psoriasis pictures Lichen Planus and related diseases,Pityriasis_Rosea,Pityriasis_Rosea,RECOVERED
pityriasis-rosea-21.jpg,Psoriasis pictures Lichen Planus and related diseases,Pityriasis_Rosea,Pityriasis_Rosea,RECOVERED
pityriasis-rosea-23.jpg,Psoriasis pictures Lichen Planus and related diseases,Pityriasis_Rosea,Pityriasis_Rosea,RECOVERED
pityriasis-rosea-80.jpg,Psoriasis pictures Lichen Planus and related diseases,Pityriasis_Rosea,Pityriasis_Rosea,RECOVERED
pityriasis-rosea-81.jpg,Psoriasis pictures Lichen Planus and related diseases,Pityriasis_Rosea,Pityriasis_Rosea,RECOVERED
pityriasis-rosea-82.jpg,Psoriasis pictures Lichen Planus and related diseases,Pityriasis_Rosea,Pityriasis_Rosea,RECOVERED
pityriasis-rosea-83.jpg,Psoriasis pictures Lichen Planus and related diseases,Pityriasis_Rosea,Pityriasis_Rosea,RECOVERED
pityriasis-rosea-84.jpg,Psoriasis pictures Lichen Planus and related diseases,Pityriasis_Rosea,Pityriasis_Rosea,RECOVERED
pityriasis-rosea-85.jpg,Psoriasis pictures Lichen Planus and related diseases,Pityriasis_Rosea,Pityriasis_Rosea,RECOVERED
pityriasis-rosea-86.jpg,Psoriasis pictures Lichen Planus and related diseases,Pityriasis_Rosea,Pityriasis_Rosea,RECOVERED
pityriasis-rosea-88.jpg,Psoriasis pictures Lichen Planus and related diseases,Pityriasis_Rosea,Pityriasis_Rosea,RECOVERED
pityriasis-rosea-92.jpg,Psoriasis pictures Lichen Planus and related diseases,Pityriasis_Rosea,Pityriasis_Rosea,RECOVERED
pityriasis-rosea-93.jpg,Psoriasis pictures Lichen Planus and related diseases,Pityriasis_Rosea,Pityriasis_Rosea,RECOVERED
pityriasis-rosea-96.jpg,Psoriasis pictures Lichen Planus and related diseases,Pityriasis_Rosea,Pityriasis_Rosea,RECOVERED
pityriasis-rosea-97.jpg,Psoriasis pictures Lichen Planus and related diseases,Pityriasis_Rosea,Pityriasis_Rosea,RECOVERED
pityriasis-rosea-98.jpg,Psoriasis pictures Lichen Planus and related diseases,Pityriasis_Rosea,Pityriasis_Rosea,RECOVERED
pityriasis-rosea-99.jpg,Psoriasis pictures Lichen Planus and related diseases,Pityriasis_Rosea,Pityriasis_Rosea,RECOVERED
pityriasis-rubra-pilaris-10.jpg,Psoriasis pictures Lichen Planus and related diseases,,Psoriasis pictures Lichen Planus and related diseases,UNMATCHED_RETAINS_FOLDER_LABEL
pityriasis-rubra-pilaris-12.jpg,Psoriasis pictures Lichen Planus and related diseases,,Psoriasis pictures Lichen Planus and related diseases,UNMATCHED_RETAINS_FOLDER_LABEL
pityriasis-rubra-pilaris-16.jpg,Psoriasis pictures Lichen Planus and related diseases,,Psoriasis pictures Lichen Planus and related diseases,UNMATCHED_RETAINS_FOLDER_LABEL
pityriasis-rubra-pilaris-17.jpg,Psoriasis pictures Lichen Planus and related diseases,,Psoriasis pictures Lichen Planus and related diseases,UNMATCHED_RETAINS_FOLDER_LABEL
pityriasis-rubra-pilaris-19.jpg,Psoriasis pictures Lichen Planus and related diseases,,Psoriasis pictures Lichen Planus and related diseases,UNMATCHED_RETAINS_FOLDER_LABEL
pityriasis-rubra-pilaris-2.jpg,Psoriasis pictures Lichen Planus and related diseases,,Psoriasis pictures Lichen Planus and related diseases,UNMATCHED_RETAINS_FOLDER_LABEL
pityriasis-rubra-pilaris-21.jpg,Psoriasis pictures Lichen Planus and related diseases,,Psoriasis pictures Lichen Planus and related diseases,UNMATCHED_RETAINS_FOLDER_LABEL
pityriasis-rubra-pilaris-22.jpg,Psoriasis pictures Lichen Planus and related diseases,,Psoriasis pictures Lichen Planus and related diseases,UNMATCHED_RETAINS_FOLDER_LABEL
pityriasis-rubra-pilaris-23.jpg,Psoriasis pictures Lichen Planus and related diseases,,Psoriasis pictures Lichen Planus and related diseases,UNMATCHED_RETAINS_FOLDER_LABEL
pityriasis-rubra-pilaris-24.jpg,Psoriasis pictures Lichen Planus and related diseases,,Psoriasis pictures Lichen Planus and related diseases,UNMATCHED_RETAINS_FOLDER_LABEL
pityriasis-rubra-pilaris-25.jpg,Psoriasis pictures Lichen Planus and related diseases,,Psoriasis pictures Lichen Planus and related diseases,UNMATCHED_RETAINS_FOLDER_LABEL
pityriasis-rubra-pilaris-26.jpg,Psoriasis pictures Lichen Planus and related diseases,,Psoriasis pictures Lichen Planus and related diseases,UNMATCHED_RETAINS_FOLDER_LABEL
pityriasis-rubra-pilaris-27.jpg,Psoriasis pictures Lichen Planus and related diseases,,Psoriasis pictures Lichen Planus and related diseases,UNMATCHED_RETAINS_FOLDER_LABEL
pityriasis-rubra-pilaris-28.jpg,Psoriasis pictures Lichen Planus and related diseases,,Psoriasis pictures Lichen Planus and related diseases,UNMATCHED_RETAINS_FOLDER_LABEL
pityriasis-rubra-pilaris-29.jpg,Psoriasis pictures Lichen Planus and related diseases,,Psoriasis pictures Lichen Planus and related diseases,UNMATCHED_RETAINS_FOLDER_LABEL
pityriasis-rubra-pilaris-3.jpg,Psoriasis pictures Lichen Planus and related diseases,,Psoriasis pictures Lichen Planus and related diseases,UNMATCHED_RETAINS_FOLDER_LABEL
pityriasis-rubra-pilaris-31.jpg,Psoriasis pictures Lichen Planus and related diseases,,Psoriasis pictures Lichen Planus and related diseases,UNMATCHED_RETAINS_FOLDER_LABEL
pityriasis-rubra-pilaris-32.jpg,Psoriasis pictures Lichen Planus and related diseases,,Psoriasis pictures Lichen Planus and related diseases,UNMATCHED_RETAINS_FOLDER_LABEL
pityriasis-rubra-pilaris-33.jpg,Psoriasis pictures Lichen Planus and related diseases,,Psoriasis pictures Lichen Planus and related diseases,UNMATCHED_RETAINS_FOLDER_LABEL
pityriasis-rubra-pilaris-34.jpg,Psoriasis pictures Lichen Planus and related diseases,,Psoriasis pictures Lichen Planus and related diseases,UNMATCHED_RETAINS_FOLDER_LABEL
pityriasis-rubra-pilaris-35.jpg,Psoriasis pictures Lichen Planus and related diseases,,Psoriasis pictures Lichen Planus and related diseases,UNMATCHED_RETAINS_FOLDER_LABEL
pityriasis-rubra-pilaris-36.jpg,Psoriasis pictures Lichen Planus and related diseases,,Psoriasis pictures Lichen Planus and related diseases,UNMATCHED_RETAINS_FOLDER_LABEL
pityriasis-rubra-pilaris-37.jpg,Psoriasis pictures Lichen Planus and related diseases,,Psoriasis pictures Lichen Planus and related diseases,UNMATCHED_RETAINS_FOLDER_LABEL
pityriasis-rubra-pilaris-38.jpg,Psoriasis pictures Lichen Planus and related diseases,,Psoriasis pictures Lichen Planus and related diseases,UNMATCHED_RETAINS_FOLDER_LABEL
pityriasis-rubra-pilaris-39.jpg,Psoriasis pictures Lichen Planus and related diseases,,Psoriasis pictures Lichen Planus and related diseases,UNMATCHED_RETAINS_FOLDER_LABEL
pityriasis-rubra-pilaris-40.jpg,Psoriasis pictures Lichen Planus and related diseases,,Psoriasis pictures Lichen Planus and related diseases,UNMATCHED_RETAINS_FOLDER_LABEL
pityriasis-rubra-pilaris-41.jpg,Psoriasis pictures Lichen Planus and related diseases,,Psoriasis pictures Lichen Planus and related diseases,UNMATCHED_RETAINS_FOLDER_LABEL
pityriasis-rubra-pilaris-42.jpg,Psoriasis pictures Lichen Planus and related diseases,,Psoriasis pictures Lichen Planus and related diseases,UNMATCHED_RETAINS_FOLDER_LABEL
pityriasis-rubra-pilaris-43.jpg,Psoriasis pictures Lichen Planus and related diseases,,Psoriasis pictures Lichen Planus and related diseases,UNMATCHED_RETAINS_FOLDER_LABEL
pityriasis-rubra-pilaris-44.jpg,Psoriasis pictures Lichen Planus and related diseases,,Psoriasis pictures Lichen Planus and related diseases,UNMATCHED_RETAINS_FOLDER_LABEL
pityriasis-rubra-pilaris-46.jpg,Psoriasis pictures Lichen Planus and related diseases,,Psoriasis pictures Lichen Planus and related diseases,UNMATCHED_RETAINS_FOLDER_LABEL
pityriasis-rubra-pilaris-47.jpg,Psoriasis pictures Lichen Planus and related diseases,,Psoriasis pictures Lichen Planus and related diseases,UNMATCHED_RETAINS_FOLDER_LABEL
pityriasis-rubra-pilaris-5.jpg,Psoriasis pictures Lichen Planus and related diseases,,Psoriasis pictures Lichen Planus and related diseases,UNMATCHED_RETAINS_FOLDER_LABEL
pityriasis-rubra-pilaris-50.jpg,Psoriasis pictures Lichen Planus and related diseases,,Psoriasis pictures Lichen Planus and related diseases,UNMATCHED_RETAINS_FOLDER_LABEL
pityriasis-rubra-pilaris-51.jpg,Psoriasis pictures Lichen Planus and related diseases,,Psoriasis pictures Lichen Planus and related diseases,UNMATCHED_RETAINS_FOLDER_LABEL
pityriasis-rubra-pilaris-52.jpg,Psoriasis pictures Lichen Planus and related diseases,,Psoriasis pictures Lichen Planus and related diseases,UNMATCHED_RETAINS_FOLDER_LABEL
pityriasis-rubra-pilaris-53.jpg,Psoriasis pictures Lichen Planus and related diseases,,Psoriasis pictures Lichen Planus and related diseases,UNMATCHED_RETAINS_FOLDER_LABEL
pityriasis-rubra-pilaris-54.jpg,Psoriasis pictures Lichen Planus and related diseases,,Psoriasis pictures Lichen Planus and related diseases,UNMATCHED_RETAINS_FOLDER_LABEL
pityriasis-rubra-pilaris-55.jpg,Psoriasis pictures Lichen Planus and related diseases,,Psoriasis pictures Lichen Planus and related diseases,UNMATCHED_RETAINS_FOLDER_LABEL
pityriasis-rubra-pilaris-56.jpg,Psoriasis pictures Lichen Planus and related diseases,,Psoriasis pictures Lichen Planus and related diseases,UNMATCHED_RETAINS_FOLDER_LABEL
pityriasis-rubra-pilaris-57.jpg,Psoriasis pictures Lichen Planus and related diseases,,Psoriasis pictures Lichen Planus and related diseases,UNMATCHED_RETAINS_FOLDER_LABEL
pityriasis-rubra-pilaris-59.jpg,Psoriasis pictures Lichen Planus and related diseases,,Psoriasis pictures Lichen Planus and related diseases,UNMATCHED_RETAINS_FOLDER_LABEL
pityriasis-rubra-pilaris-6.jpg,Psoriasis pictures Lichen Planus and related diseases,,Psoriasis pictures Lichen Planus and related diseases,UNMATCHED_RETAINS_FOLDER_LABEL
pityriasis-rubra-pilaris-62.jpg,Psoriasis pictures Lichen Planus and related diseases,,Psoriasis pictures Lichen Planus and related diseases,UNMATCHED_RETAINS_FOLDER_LABEL
pityriasis-rubra-pilaris-63.jpg,Psoriasis pictures Lichen Planus and related diseases,,Psoriasis pictures Lichen Planus and related diseases,UNMATCHED_RETAINS_FOLDER_LABEL
pityriasis-rubra-pilaris-64.jpg,Psoriasis pictures Lichen Planus and related diseases,,Psoriasis pictures Lichen Planus and related diseases,UNMATCHED_RETAINS_FOLDER_LABEL
pityriasis-rubra-pilaris-66.jpg,Psoriasis pictures Lichen Planus and related diseases,,Psoriasis pictures Lichen Planus and related diseases,UNMATCHED_RETAINS_FOLDER_LABEL
pityriasis-rubra-pilaris-69.jpg,Psoriasis pictures Lichen Planus and related diseases,,Psoriasis pictures Lichen Planus and related diseases,UNMATCHED_RETAINS_FOLDER_LABEL
pityriasis-rubra-pilaris-7.jpg,Psoriasis pictures Lichen Planus and related diseases,,Psoriasis pictures Lichen Planus and related diseases,UNMATCHED_RETAINS_FOLDER_LABEL
pityriasis-rubra-pilaris-71.jpg,Psoriasis pictures Lichen Planus and related diseases,,Psoriasis pictures Lichen Planus and related diseases,UNMATCHED_RETAINS_FOLDER_LABEL
Psoriasis-Anus-1.jpg,Psoriasis pictures Lichen Planus and related diseases,Psoriasis,Psoriasis,RECOVERED
Psoriasis-Anus-10.jpg,Psoriasis pictures Lichen Planus and related diseases,Psoriasis,Psoriasis,RECOVERED
Psoriasis-Anus-11.jpg,Psoriasis pictures Lichen Planus and related diseases,Psoriasis,Psoriasis,RECOVERED
Psoriasis-Anus-12.jpg,Psoriasis pictures Lichen Planus and related diseases,Psoriasis,Psoriasis,RECOVERED
Psoriasis-Anus-13.jpg,Psoriasis pictures Lichen Planus and related diseases,Psoriasis,Psoriasis,RECOVERED
Psoriasis-Anus-14.jpg,Psoriasis pictures Lichen Planus and related diseases,Psoriasis,Psoriasis,RECOVERED
Psoriasis-Anus-16.jpg,Psoriasis pictures Lichen Planus and related diseases,Psoriasis,Psoriasis,RECOVERED
Psoriasis-Anus-17.jpg,Psoriasis pictures Lichen Planus and related diseases,Psoriasis,Psoriasis,RECOVERED
Psoriasis-Anus-2.jpg,Psoriasis pictures Lichen Planus and related diseases,Psoriasis,Psoriasis,RECOVERED
Psoriasis-Anus-3.jpg,Psoriasis pictures Lichen Planus and related diseases,Psoriasis,Psoriasis,RECOVERED
Psoriasis-Anus-4.jpg,Psoriasis pictures Lichen Planus and related diseases,Psoriasis,Psoriasis,RECOVERED
Psoriasis-Anus-5.jpg,Psoriasis pictures Lichen Planus and related diseases,Psoriasis,Psoriasis,RECOVERED
Psoriasis-Anus-6.jpg,Psoriasis pictures Lichen Planus and related diseases,Psoriasis,Psoriasis,RECOVERED
Psoriasis-Anus-7.jpg,Psoriasis pictures Lichen Planus and related diseases,Psoriasis,Psoriasis,RECOVERED
Psoriasis-Anus-8.jpg,Psoriasis pictures Lichen Planus and related diseases,Psoriasis,Psoriasis,RECOVERED
Psoriasis-Anus-9.jpg,Psoriasis pictures Lichen Planus and related diseases,Psoriasis,Psoriasis,RECOVERED
Psoriasis-arthritis-1.jpg,Psoriasis pictures Lichen Planus and related diseases,Psoriasis,Psoriasis,RECOVERED
Psoriasis-arthritis-2.jpg,Psoriasis pictures Lichen Planus and related diseases,Psoriasis,Psoriasis,RECOVERED
Psoriasis-Cellulitis-1.jpg,Psoriasis pictures Lichen Planus and related diseases,Psoriasis,Psoriasis,RECOVERED
Psoriasis-Cellulitis-3.jpg,Psoriasis pictures Lichen Planus and related diseases,Psoriasis,Psoriasis,RECOVERED
psoriasis-Chronic-plaque-00325.jpg,Psoriasis pictures Lichen Planus and related diseases,Psoriasis,Psoriasis,RECOVERED
Psoriasis-Chronic-Plaque-10.jpg,Psoriasis pictures Lichen Planus and related diseases,Psoriasis,Psoriasis,RECOVERED
Psoriasis-Chronic-Plaque-100.jpg,Psoriasis pictures Lichen Planus and related diseases,Psoriasis,Psoriasis,RECOVERED
Psoriasis-Chronic-Plaque-101.jpg,Psoriasis pictures Lichen Planus and related diseases,Psoriasis,Psoriasis,RECOVERED
Psoriasis-Chronic-Plaque-102.jpg,Psoriasis pictures Lichen Planus and related diseases,Psoriasis,Psoriasis,RECOVERED
Psoriasis-Chronic-Plaque-103.jpg,Psoriasis pictures Lichen Planus and related diseases,Psoriasis,Psoriasis,RECOVERED
Psoriasis-Chronic-Plaque-104.jpg,Psoriasis pictures Lichen Planus and related diseases,Psoriasis,Psoriasis,RECOVERED
Psoriasis-Chronic-Plaque-106.jpg,Psoriasis pictures Lichen Planus and related diseases,Psoriasis,Psoriasis,RECOVERED
Psoriasis-Chronic-Plaque-107.jpg,Psoriasis pictures Lichen Planus and related diseases,Psoriasis,Psoriasis,RECOVERED
Psoriasis-Chronic-Plaque-109.jpg,Psoriasis pictures Lichen Planus and related diseases,Psoriasis,Psoriasis,RECOVERED
Psoriasis-Chronic-Plaque-11.jpg,Psoriasis pictures Lichen Planus and related diseases,Psoriasis,Psoriasis,RECOVERED
Psoriasis-Chronic-Plaque-110.jpg,Psoriasis pictures Lichen Planus and related diseases,Psoriasis,Psoriasis,RECOVERED
Psoriasis-Chronic-Plaque-111.jpg,Psoriasis pictures Lichen Planus and related diseases,Psoriasis,Psoriasis,RECOVERED
Psoriasis-Chronic-Plaque-112.jpg,Psoriasis pictures Lichen Planus and related diseases,Psoriasis,Psoriasis,RECOVERED
Psoriasis-Chronic-Plaque-113.jpg,Psoriasis pictures Lichen Planus and related diseases,Psoriasis,Psoriasis,RECOVERED
Psoriasis-Chronic-Plaque-114.jpg,Psoriasis pictures Lichen Planus and related diseases,Psoriasis,Psoriasis,RECOVERED
Psoriasis-Chronic-Plaque-116.jpg,Psoriasis pictures Lichen Planus and related diseases,Psoriasis,Psoriasis,RECOVERED
Psoriasis-Chronic-Plaque-117.jpg,Psoriasis pictures Lichen Planus and related diseases,Psoriasis,Psoriasis,RECOVERED
Psoriasis-Chronic-Plaque-118.jpg,Psoriasis pictures Lichen Planus and related diseases,Psoriasis,Psoriasis,RECOVERED
Psoriasis-Chronic-Plaque-119.jpg,Psoriasis pictures Lichen Planus and related diseases,Psoriasis,Psoriasis,RECOVERED
Psoriasis-Chronic-Plaque-12.jpg,Psoriasis pictures Lichen Planus and related diseases,Psoriasis,Psoriasis,RECOVERED
Psoriasis-Chronic-Plaque-120.jpg,Psoriasis pictures Lichen Planus and related diseases,Psoriasis,Psoriasis,RECOVERED
Psoriasis-Chronic-Plaque-126.jpg,Psoriasis pictures Lichen Planus and related diseases,Psoriasis,Psoriasis,RECOVERED
Psoriasis-Chronic-Plaque-127.jpg,Psoriasis pictures Lichen Planus and related diseases,Psoriasis,Psoriasis,RECOVERED
Psoriasis-Chronic-Plaque-128.jpg,Psoriasis pictures Lichen Planus and related diseases,Psoriasis,Psoriasis,RECOVERED
Psoriasis-Chronic-Plaque-129.jpg,Psoriasis pictures Lichen Planus and related diseases,Psoriasis,Psoriasis,RECOVERED
Psoriasis-Chronic-Plaque-13.jpg,Psoriasis pictures Lichen Planus and related diseases,Psoriasis,Psoriasis,RECOVERED
Psoriasis-Chronic-Plaque-130.jpg,Psoriasis pictures Lichen Planus and related diseases,Psoriasis,Psoriasis,RECOVERED
Psoriasis-Chronic-Plaque-133.jpg,Psoriasis pictures Lichen Planus and related diseases,Psoriasis,Psoriasis,RECOVERED
Psoriasis-Chronic-Plaque-135.jpg,Psoriasis pictures Lichen Planus and related diseases,Psoriasis,Psoriasis,RECOVERED
Psoriasis-Chronic-Plaque-136.jpg,Psoriasis pictures Lichen Planus and related diseases,Psoriasis,Psoriasis,RECOVERED
Psoriasis-Chronic-Plaque-137.jpg,Psoriasis pictures Lichen Planus and related diseases,Psoriasis,Psoriasis,RECOVERED
Psoriasis-Chronic-Plaque-138.jpg,Psoriasis pictures Lichen Planus and related diseases,Psoriasis,Psoriasis,RECOVERED
Psoriasis-Chronic-Plaque-139.jpg,Psoriasis pictures Lichen Planus and related diseases,Psoriasis,Psoriasis,RECOVERED
Psoriasis-Chronic-Plaque-140.jpg,Psoriasis pictures Lichen Planus and related diseases,Psoriasis,Psoriasis,RECOVERED
Psoriasis-Chronic-Plaque-141.jpg,Psoriasis pictures Lichen Planus and related diseases,Psoriasis,Psoriasis,RECOVERED
Psoriasis-Chronic-Plaque-142.jpg,Psoriasis pictures Lichen Planus and related diseases,Psoriasis,Psoriasis,RECOVERED
Psoriasis-Chronic-Plaque-143.jpg,Psoriasis pictures Lichen Planus and related diseases,Psoriasis,Psoriasis,RECOVERED
Psoriasis-Chronic-Plaque-144.jpg,Psoriasis pictures Lichen Planus and related diseases,Psoriasis,Psoriasis,RECOVERED
Psoriasis-Chronic-Plaque-145.jpg,Psoriasis pictures Lichen Planus and related diseases,Psoriasis,Psoriasis,RECOVERED
Psoriasis-Chronic-Plaque-146.jpg,Psoriasis pictures Lichen Planus and related diseases,Psoriasis,Psoriasis,RECOVERED
Psoriasis-Chronic-Plaque-147.jpg,Psoriasis pictures Lichen Planus and related diseases,Psoriasis,Psoriasis,RECOVERED
Psoriasis-Chronic-Plaque-148.jpg,Psoriasis pictures Lichen Planus and related diseases,Psoriasis,Psoriasis,RECOVERED
Psoriasis-Chronic-Plaque-149.jpg,Psoriasis pictures Lichen Planus and related diseases,Psoriasis,Psoriasis,RECOVERED
Psoriasis-Chronic-Plaque-15.jpg,Psoriasis pictures Lichen Planus and related diseases,Psoriasis,Psoriasis,RECOVERED
Psoriasis-Chronic-Plaque-150.jpg,Psoriasis pictures Lichen Planus and related diseases,Psoriasis,Psoriasis,RECOVERED
Psoriasis-Chronic-Plaque-151.jpg,Psoriasis pictures Lichen Planus and related diseases,Psoriasis,Psoriasis,RECOVERED
Psoriasis-Chronic-Plaque-152.jpg,Psoriasis pictures Lichen Planus and related diseases,Psoriasis,Psoriasis,RECOVERED
Psoriasis-Chronic-Plaque-153.jpg,Psoriasis pictures Lichen Planus and related diseases,Psoriasis,Psoriasis,RECOVERED
Psoriasis-Chronic-Plaque-154.jpg,Psoriasis pictures Lichen Planus and related diseases,Psoriasis,Psoriasis,RECOVERED
Psoriasis-Chronic-Plaque-155.jpg,Psoriasis pictures Lichen Planus and related diseases,Psoriasis,Psoriasis,RECOVERED
Psoriasis-Chronic-Plaque-156.jpg,Psoriasis pictures Lichen Planus and related diseases,Psoriasis,Psoriasis,RECOVERED
Psoriasis-Chronic-Plaque-157.jpg,Psoriasis pictures Lichen Planus and related diseases,Psoriasis,Psoriasis,RECOVERED
Psoriasis-Chronic-Plaque-158.jpg,Psoriasis pictures Lichen Planus and related diseases,Psoriasis,Psoriasis,RECOVERED
Psoriasis-Chronic-Plaque-16.jpg,Psoriasis pictures Lichen Planus and related diseases,Psoriasis,Psoriasis,RECOVERED
Psoriasis-Chronic-Plaque-161.jpg,Psoriasis pictures Lichen Planus and related diseases,Psoriasis,Psoriasis,RECOVERED
Psoriasis-Chronic-Plaque-162.jpg,Psoriasis pictures Lichen Planus and related diseases,Psoriasis,Psoriasis,RECOVERED
Psoriasis-Chronic-Plaque-163.jpg,Psoriasis pictures Lichen Planus and related diseases,Psoriasis,Psoriasis,RECOVERED
Psoriasis-Chronic-Plaque-164.jpg,Psoriasis pictures Lichen Planus and related diseases,Psoriasis,Psoriasis,RECOVERED
Psoriasis-Chronic-Plaque-165.jpg,Psoriasis pictures Lichen Planus and related diseases,Psoriasis,Psoriasis,RECOVERED
Psoriasis-Chronic-Plaque-166.jpg,Psoriasis pictures Lichen Planus and related diseases,Psoriasis,Psoriasis,RECOVERED
Psoriasis-Chronic-Plaque-167.jpg,Psoriasis pictures Lichen Planus and related diseases,Psoriasis,Psoriasis,RECOVERED
Psoriasis-Chronic-Plaque-168.jpg,Psoriasis pictures Lichen Planus and related diseases,Psoriasis,Psoriasis,RECOVERED
Psoriasis-Chronic-Plaque-169.jpg,Psoriasis pictures Lichen Planus and related diseases,Psoriasis,Psoriasis,RECOVERED
Psoriasis-Chronic-Plaque-17.jpg,Psoriasis pictures Lichen Planus and related diseases,Psoriasis,Psoriasis,RECOVERED
Psoriasis-Chronic-Plaque-170.jpg,Psoriasis pictures Lichen Planus and related diseases,Psoriasis,Psoriasis,RECOVERED
Psoriasis-Chronic-Plaque-171.jpg,Psoriasis pictures Lichen Planus and related diseases,Psoriasis,Psoriasis,RECOVERED
Psoriasis-Chronic-Plaque-172.jpg,Psoriasis pictures Lichen Planus and related diseases,Psoriasis,Psoriasis,RECOVERED
Psoriasis-Chronic-Plaque-173.jpg,Psoriasis pictures Lichen Planus and related diseases,Psoriasis,Psoriasis,RECOVERED
Psoriasis-Chronic-Plaque-174.jpg,Psoriasis pictures Lichen Planus and related diseases,Psoriasis,Psoriasis,RECOVERED
Psoriasis-Chronic-Plaque-175.jpg,Psoriasis pictures Lichen Planus and related diseases,Psoriasis,Psoriasis,RECOVERED
Psoriasis-Chronic-Plaque-177.jpg,Psoriasis pictures Lichen Planus and related diseases,Psoriasis,Psoriasis,RECOVERED
Psoriasis-Chronic-Plaque-178.jpg,Psoriasis pictures Lichen Planus and related diseases,Psoriasis,Psoriasis,RECOVERED
Psoriasis-Chronic-Plaque-179.jpg,Psoriasis pictures Lichen Planus and related diseases,Psoriasis,Psoriasis,RECOVERED
Psoriasis-Chronic-Plaque-18.jpg,Psoriasis pictures Lichen Planus and related diseases,Psoriasis,Psoriasis,RECOVERED
Psoriasis-Chronic-Plaque-180.jpg,Psoriasis pictures Lichen Planus and related diseases,Psoriasis,Psoriasis,RECOVERED
Psoriasis-Chronic-Plaque-182.jpg,Psoriasis pictures Lichen Planus and related diseases,Psoriasis,Psoriasis,RECOVERED
Psoriasis-Chronic-Plaque-184.jpg,Psoriasis pictures Lichen Planus and related diseases,Psoriasis,Psoriasis,RECOVERED
Psoriasis-Chronic-Plaque-185.jpg,Psoriasis pictures Lichen Planus and related diseases,Psoriasis,Psoriasis,RECOVERED
Psoriasis-Chronic-Plaque-186.jpg,Psoriasis pictures Lichen Planus and related diseases,Psoriasis,Psoriasis,RECOVERED
Psoriasis-Chronic-Plaque-187.jpg,Psoriasis pictures Lichen Planus and related diseases,Psoriasis,Psoriasis,RECOVERED
Psoriasis-Chronic-Plaque-188.jpg,Psoriasis pictures Lichen Planus and related diseases,Psoriasis,Psoriasis,RECOVERED
Psoriasis-Chronic-Plaque-189.jpg,Psoriasis pictures Lichen Planus and related diseases,Psoriasis,Psoriasis,RECOVERED
Psoriasis-Chronic-Plaque-190.jpg,Psoriasis pictures Lichen Planus and related diseases,Psoriasis,Psoriasis,RECOVERED
Psoriasis-Chronic-Plaque-192.jpg,Psoriasis pictures Lichen Planus and related diseases,Psoriasis,Psoriasis,RECOVERED
Psoriasis-Chronic-Plaque-193.jpg,Psoriasis pictures Lichen Planus and related diseases,Psoriasis,Psoriasis,RECOVERED
Psoriasis-Chronic-Plaque-195.jpg,Psoriasis pictures Lichen Planus and related diseases,Psoriasis,Psoriasis,RECOVERED
Psoriasis-Chronic-Plaque-196.jpg,Psoriasis pictures Lichen Planus and related diseases,Psoriasis,Psoriasis,RECOVERED
Psoriasis-Chronic-Plaque-197.jpg,Psoriasis pictures Lichen Planus and related diseases,Psoriasis,Psoriasis,RECOVERED
Psoriasis-Chronic-Plaque-198.jpg,Psoriasis pictures Lichen Planus and related diseases,Psoriasis,Psoriasis,RECOVERED
Psoriasis-Chronic-Plaque-88.jpg,Psoriasis pictures Lichen Planus and related diseases,Psoriasis,Psoriasis,RECOVERED
Psoriasis-Chronic-Plaque-89.jpg,Psoriasis pictures Lichen Planus and related diseases,Psoriasis,Psoriasis,RECOVERED
Psoriasis-Chronic-Plaque-90.jpg,Psoriasis pictures Lichen Planus and related diseases,Psoriasis,Psoriasis,RECOVERED
Psoriasis-Chronic-Plaque-91.jpg,Psoriasis pictures Lichen Planus and related diseases,Psoriasis,Psoriasis,RECOVERED
Psoriasis-Chronic-Plaque-92.jpg,Psoriasis pictures Lichen Planus and related diseases,Psoriasis,Psoriasis,RECOVERED
Psoriasis-Chronic-Plaque-94.jpg,Psoriasis pictures Lichen Planus and related diseases,Psoriasis,Psoriasis,RECOVERED
Psoriasis-Chronic-Plaque-97.jpg,Psoriasis pictures Lichen Planus and related diseases,Psoriasis,Psoriasis,RECOVERED
Psoriasis-Chronic-Plaque-98.jpg,Psoriasis pictures Lichen Planus and related diseases,Psoriasis,Psoriasis,RECOVERED
Psoriasis-Chronic-Plaque-99.jpg,Psoriasis pictures Lichen Planus and related diseases,Psoriasis,Psoriasis,RECOVERED
psoriasis-digits-1.jpg,Psoriasis pictures Lichen Planus and related diseases,Psoriasis,Psoriasis,RECOVERED
psoriasis-digits-3.jpg,Psoriasis pictures Lichen Planus and related diseases,Psoriasis,Psoriasis,RECOVERED
psoriasis-digits-4.jpg,Psoriasis pictures Lichen Planus and related diseases,Psoriasis,Psoriasis,RECOVERED
psoriasis-erythrodermic-1.jpg,Psoriasis pictures Lichen Planus and related diseases,Psoriasis,Psoriasis,RECOVERED
psoriasis-erythrodermic-10.jpg,Psoriasis pictures Lichen Planus and related diseases,Psoriasis,Psoriasis,RECOVERED
psoriasis-erythrodermic-11.jpg,Psoriasis pictures Lichen Planus and related diseases,Psoriasis,Psoriasis,RECOVERED
psoriasis-erythrodermic-12.jpg,Psoriasis pictures Lichen Planus and related diseases,Psoriasis,Psoriasis,RECOVERED
psoriasis-erythrodermic-13.jpg,Psoriasis pictures Lichen Planus and related diseases,Psoriasis,Psoriasis,RECOVERED
psoriasis-erythrodermic-16.jpg,Psoriasis pictures Lichen Planus and related diseases,Psoriasis,Psoriasis,RECOVERED
psoriasis-erythrodermic-18.jpg,Psoriasis pictures Lichen Planus and related diseases,Psoriasis,Psoriasis,RECOVERED
psoriasis-erythrodermic-19.jpg,Psoriasis pictures Lichen Planus and related diseases,Psoriasis,Psoriasis,RECOVERED
psoriasis-erythrodermic-2.jpg,Psoriasis pictures Lichen Planus and related diseases,Psoriasis,Psoriasis,RECOVERED
psoriasis-erythrodermic-20.jpg,Psoriasis pictures Lichen Planus and related diseases,Psoriasis,Psoriasis,RECOVERED
psoriasis-erythrodermic-21.jpg,Psoriasis pictures Lichen Planus and related diseases,Psoriasis,Psoriasis,RECOVERED
psoriasis-erythrodermic-22.jpg,Psoriasis pictures Lichen Planus and related diseases,Psoriasis,Psoriasis,RECOVERED
psoriasis-erythrodermic-23.jpg,Psoriasis pictures Lichen Planus and related diseases,Psoriasis,Psoriasis,RECOVERED
psoriasis-erythrodermic-24.jpg,Psoriasis pictures Lichen Planus and related diseases,Psoriasis,Psoriasis,RECOVERED
psoriasis-erythrodermic-25.jpg,Psoriasis pictures Lichen Planus and related diseases,Psoriasis,Psoriasis,RECOVERED
psoriasis-erythrodermic-26.jpg,Psoriasis pictures Lichen Planus and related diseases,Psoriasis,Psoriasis,RECOVERED
psoriasis-erythrodermic-27.jpg,Psoriasis pictures Lichen Planus and related diseases,Psoriasis,Psoriasis,RECOVERED
psoriasis-erythrodermic-28.jpg,Psoriasis pictures Lichen Planus and related diseases,Psoriasis,Psoriasis,RECOVERED
psoriasis-erythrodermic-29.jpg,Psoriasis pictures Lichen Planus and related diseases,Psoriasis,Psoriasis,RECOVERED
psoriasis-erythrodermic-3.jpg,Psoriasis pictures Lichen Planus and related diseases,Psoriasis,Psoriasis,RECOVERED
psoriasis-erythrodermic-30.jpg,Psoriasis pictures Lichen Planus and related diseases,Psoriasis,Psoriasis,RECOVERED
psoriasis-erythrodermic-31.jpg,Psoriasis pictures Lichen Planus and related diseases,Psoriasis,Psoriasis,RECOVERED
psoriasis-erythrodermic-32.jpg,Psoriasis pictures Lichen Planus and related diseases,Psoriasis,Psoriasis,RECOVERED
psoriasis-erythrodermic-34.jpg,Psoriasis pictures Lichen Planus and related diseases,Psoriasis,Psoriasis,RECOVERED
psoriasis-erythrodermic-35.jpg,Psoriasis pictures Lichen Planus and related diseases,Psoriasis,Psoriasis,RECOVERED
psoriasis-erythrodermic-36.jpg,Psoriasis pictures Lichen Planus and related diseases,Psoriasis,Psoriasis,RECOVERED
psoriasis-erythrodermic-37.jpg,Psoriasis pictures Lichen Planus and related diseases,Psoriasis,Psoriasis,RECOVERED
psoriasis-erythrodermic-38.jpg,Psoriasis pictures Lichen Planus and related diseases,Psoriasis,Psoriasis,RECOVERED
psoriasis-erythrodermic-39.jpg,Psoriasis pictures Lichen Planus and related diseases,Psoriasis,Psoriasis,RECOVERED
psoriasis-erythrodermic-4.jpg,Psoriasis pictures Lichen Planus and related diseases,Psoriasis,Psoriasis,RECOVERED
psoriasis-erythrodermic-5.jpg,Psoriasis pictures Lichen Planus and related diseases,Psoriasis,Psoriasis,RECOVERED
psoriasis-erythrodermic-7.jpg,Psoriasis pictures Lichen Planus and related diseases,Psoriasis,Psoriasis,RECOVERED
psoriasis-erythrodermic-9.jpg,Psoriasis pictures Lichen Planus and related diseases,Psoriasis,Psoriasis,RECOVERED
Psoriasis-Guttate-10.jpg,Psoriasis pictures Lichen Planus and related diseases,Psoriasis,Psoriasis,RECOVERED
Psoriasis-Guttate-100.jpg,Psoriasis pictures Lichen Planus and related diseases,Psoriasis,Psoriasis,RECOVERED
Psoriasis-Guttate-101.jpg,Psoriasis pictures Lichen Planus and related diseases,Psoriasis,Psoriasis,RECOVERED
Psoriasis-Guttate-103.jpg,Psoriasis pictures Lichen Planus and related diseases,Psoriasis,Psoriasis,RECOVERED
Psoriasis-Guttate-104.jpg,Psoriasis pictures Lichen Planus and related diseases,Psoriasis,Psoriasis,RECOVERED
Psoriasis-Guttate-106.jpg,Psoriasis pictures Lichen Planus and related diseases,Psoriasis,Psoriasis,RECOVERED
Psoriasis-Guttate-107.jpg,Psoriasis pictures Lichen Planus and related diseases,Psoriasis,Psoriasis,RECOVERED
Psoriasis-Guttate-108.jpg,Psoriasis pictures Lichen Planus and related diseases,Psoriasis,Psoriasis,RECOVERED
Psoriasis-Guttate-11.jpg,Psoriasis pictures Lichen Planus and related diseases,Psoriasis,Psoriasis,RECOVERED
Psoriasis-Guttate-111.jpg,Psoriasis pictures Lichen Planus and related diseases,Psoriasis,Psoriasis,RECOVERED
Psoriasis-Guttate-112.jpg,Psoriasis pictures Lichen Planus and related diseases,Psoriasis,Psoriasis,RECOVERED
Psoriasis-Guttate-114.jpg,Psoriasis pictures Lichen Planus and related diseases,Psoriasis,Psoriasis,RECOVERED
Psoriasis-Guttate-115.jpg,Psoriasis pictures Lichen Planus and related diseases,Psoriasis,Psoriasis,RECOVERED
Psoriasis-Guttate-116.jpg,Psoriasis pictures Lichen Planus and related diseases,Psoriasis,Psoriasis,RECOVERED
Psoriasis-Guttate-118.jpg,Psoriasis pictures Lichen Planus and related diseases,Psoriasis,Psoriasis,RECOVERED
Psoriasis-Guttate-119.jpg,Psoriasis pictures Lichen Planus and related diseases,Psoriasis,Psoriasis,RECOVERED
Psoriasis-Guttate-12.jpg,Psoriasis pictures Lichen Planus and related diseases,Psoriasis,Psoriasis,RECOVERED
Psoriasis-Guttate-120.jpg,Psoriasis pictures Lichen Planus and related diseases,Psoriasis,Psoriasis,RECOVERED
Psoriasis-Guttate-121.jpg,Psoriasis pictures Lichen Planus and related diseases,Psoriasis,Psoriasis,RECOVERED
Psoriasis-Guttate-122.jpg,Psoriasis pictures Lichen Planus and related diseases,Psoriasis,Psoriasis,RECOVERED
Psoriasis-Guttate-123.jpg,Psoriasis pictures Lichen Planus and related diseases,Psoriasis,Psoriasis,RECOVERED
Psoriasis-Guttate-125.jpg,Psoriasis pictures Lichen Planus and related diseases,Psoriasis,Psoriasis,RECOVERED
Psoriasis-Guttate-126.jpg,Psoriasis pictures Lichen Planus and related diseases,Psoriasis,Psoriasis,RECOVERED
Psoriasis-Guttate-16.jpg,Psoriasis pictures Lichen Planus and related diseases,Psoriasis,Psoriasis,RECOVERED
Psoriasis-Guttate-17.jpg,Psoriasis pictures Lichen Planus and related diseases,Psoriasis,Psoriasis,RECOVERED
Psoriasis-Guttate-18.jpg,Psoriasis pictures Lichen Planus and related diseases,Psoriasis,Psoriasis,RECOVERED
Psoriasis-Guttate-2.jpg,Psoriasis pictures Lichen Planus and related diseases,Psoriasis,Psoriasis,RECOVERED
Psoriasis-Guttate-20.jpg,Psoriasis pictures Lichen Planus and related diseases,Psoriasis,Psoriasis,RECOVERED
Psoriasis-Guttate-23.jpg,Psoriasis pictures Lichen Planus and related diseases,Psoriasis,Psoriasis,RECOVERED
Psoriasis-Guttate-24.jpg,Psoriasis pictures Lichen Planus and related diseases,Psoriasis,Psoriasis,RECOVERED
Psoriasis-Guttate-25.jpg,Psoriasis pictures Lichen Planus and related diseases,Psoriasis,Psoriasis,RECOVERED
Psoriasis-Guttate-26.jpg,Psoriasis pictures Lichen Planus and related diseases,Psoriasis,Psoriasis,RECOVERED
Psoriasis-Guttate-27.jpg,Psoriasis pictures Lichen Planus and related diseases,Psoriasis,Psoriasis,RECOVERED
Psoriasis-Guttate-28.jpg,Psoriasis pictures Lichen Planus and related diseases,Psoriasis,Psoriasis,RECOVERED
Psoriasis-Guttate-29.jpg,Psoriasis pictures Lichen Planus and related diseases,Psoriasis,Psoriasis,RECOVERED
Psoriasis-Guttate-3.jpg,Psoriasis pictures Lichen Planus and related diseases,Psoriasis,Psoriasis,RECOVERED
Psoriasis-Guttate-30.jpg,Psoriasis pictures Lichen Planus and related diseases,Psoriasis,Psoriasis,RECOVERED
Psoriasis-Guttate-31.jpg,Psoriasis pictures Lichen Planus and related diseases,Psoriasis,Psoriasis,RECOVERED
Psoriasis-Guttate-33.jpg,Psoriasis pictures Lichen Planus and related diseases,Psoriasis,Psoriasis,RECOVERED
Psoriasis-Guttate-34.jpg,Psoriasis pictures Lichen Planus and related diseases,Psoriasis,Psoriasis,RECOVERED
Psoriasis-Guttate-36.jpg,Psoriasis pictures Lichen Planus and related diseases,Psoriasis,Psoriasis,RECOVERED
Psoriasis-Guttate-38.jpg,Psoriasis pictures Lichen Planus and related diseases,Psoriasis,Psoriasis,RECOVERED
Psoriasis-Guttate-39.jpg,Psoriasis pictures Lichen Planus and related diseases,Psoriasis,Psoriasis,RECOVERED
Psoriasis-Guttate-4.jpg,Psoriasis pictures Lichen Planus and related diseases,Psoriasis,Psoriasis,RECOVERED
Psoriasis-Guttate-40.jpg,Psoriasis pictures Lichen Planus and related diseases,Psoriasis,Psoriasis,RECOVERED
Psoriasis-Guttate-41.jpg,Psoriasis pictures Lichen Planus and related diseases,Psoriasis,Psoriasis,RECOVERED
Psoriasis-Guttate-42.jpg,Psoriasis pictures Lichen Planus and related diseases,Psoriasis,Psoriasis,RECOVERED
Psoriasis-Guttate-43.jpg,Psoriasis pictures Lichen Planus and related diseases,Psoriasis,Psoriasis,RECOVERED
Psoriasis-Guttate-44.jpg,Psoriasis pictures Lichen Planus and related diseases,Psoriasis,Psoriasis,RECOVERED
Psoriasis-Guttate-45.jpg,Psoriasis pictures Lichen Planus and related diseases,Psoriasis,Psoriasis,RECOVERED
Psoriasis-Guttate-46.jpg,Psoriasis pictures Lichen Planus and related diseases,Psoriasis,Psoriasis,RECOVERED
Psoriasis-Guttate-49.jpg,Psoriasis pictures Lichen Planus and related diseases,Psoriasis,Psoriasis,RECOVERED
Psoriasis-Guttate-5.jpg,Psoriasis pictures Lichen Planus and related diseases,Psoriasis,Psoriasis,RECOVERED
Psoriasis-Guttate-50.jpg,Psoriasis pictures Lichen Planus and related diseases,Psoriasis,Psoriasis,RECOVERED
Psoriasis-Guttate-51.jpg,Psoriasis pictures Lichen Planus and related diseases,Psoriasis,Psoriasis,RECOVERED
Psoriasis-Guttate-52.jpg,Psoriasis pictures Lichen Planus and related diseases,Psoriasis,Psoriasis,RECOVERED
Psoriasis-Guttate-53.jpg,Psoriasis pictures Lichen Planus and related diseases,Psoriasis,Psoriasis,RECOVERED
Psoriasis-Guttate-54.jpg,Psoriasis pictures Lichen Planus and related diseases,Psoriasis,Psoriasis,RECOVERED
Psoriasis-Guttate-56.jpg,Psoriasis pictures Lichen Planus and related diseases,Psoriasis,Psoriasis,RECOVERED
Psoriasis-Guttate-57.jpg,Psoriasis pictures Lichen Planus and related diseases,Psoriasis,Psoriasis,RECOVERED
Psoriasis-Guttate-58.jpg,Psoriasis pictures Lichen Planus and related diseases,Psoriasis,Psoriasis,RECOVERED
Psoriasis-Guttate-60.jpg,Psoriasis pictures Lichen Planus and related diseases,Psoriasis,Psoriasis,RECOVERED
Psoriasis-Guttate-61.jpg,Psoriasis pictures Lichen Planus and related diseases,Psoriasis,Psoriasis,RECOVERED
Psoriasis-Guttate-62.jpg,Psoriasis pictures Lichen Planus and related diseases,Psoriasis,Psoriasis,RECOVERED
Psoriasis-Guttate-63.jpg,Psoriasis pictures Lichen Planus and related diseases,Psoriasis,Psoriasis,RECOVERED
Psoriasis-Guttate-64.jpg,Psoriasis pictures Lichen Planus and related diseases,Psoriasis,Psoriasis,RECOVERED
Psoriasis-Guttate-66.jpg,Psoriasis pictures Lichen Planus and related diseases,Psoriasis,Psoriasis,RECOVERED
Psoriasis-Guttate-67.jpg,Psoriasis pictures Lichen Planus and related diseases,Psoriasis,Psoriasis,RECOVERED
Psoriasis-Guttate-68.jpg,Psoriasis pictures Lichen Planus and related diseases,Psoriasis,Psoriasis,RECOVERED
Psoriasis-Guttate-69.jpg,Psoriasis pictures Lichen Planus and related diseases,Psoriasis,Psoriasis,RECOVERED
Psoriasis-Guttate-7.jpg,Psoriasis pictures Lichen Planus and related diseases,Psoriasis,Psoriasis,RECOVERED
Psoriasis-Guttate-70.jpg,Psoriasis pictures Lichen Planus and related diseases,Psoriasis,Psoriasis,RECOVERED
Psoriasis-Guttate-71.jpg,Psoriasis pictures Lichen Planus and related diseases,Psoriasis,Psoriasis,RECOVERED
Psoriasis-Guttate-72.jpg,Psoriasis pictures Lichen Planus and related diseases,Psoriasis,Psoriasis,RECOVERED
Psoriasis-Guttate-73.jpg,Psoriasis pictures Lichen Planus and related diseases,Psoriasis,Psoriasis,RECOVERED
Psoriasis-Guttate-75.jpg,Psoriasis pictures Lichen Planus and related diseases,Psoriasis,Psoriasis,RECOVERED
Psoriasis-Guttate-76.jpg,Psoriasis pictures Lichen Planus and related diseases,Psoriasis,Psoriasis,RECOVERED
Psoriasis-Guttate-77.jpg,Psoriasis pictures Lichen Planus and related diseases,Psoriasis,Psoriasis,RECOVERED
Psoriasis-Guttate-78.jpg,Psoriasis pictures Lichen Planus and related diseases,Psoriasis,Psoriasis,RECOVERED
Psoriasis-Guttate-8.jpg,Psoriasis pictures Lichen Planus and related diseases,Psoriasis,Psoriasis,RECOVERED
Psoriasis-Guttate-80.jpg,Psoriasis pictures Lichen Planus and related diseases,Psoriasis,Psoriasis,RECOVERED
Psoriasis-Guttate-81.jpg,Psoriasis pictures Lichen Planus and related diseases,Psoriasis,Psoriasis,RECOVERED
Psoriasis-Guttate-82.jpg,Psoriasis pictures Lichen Planus and related diseases,Psoriasis,Psoriasis,RECOVERED
Psoriasis-Guttate-83.jpg,Psoriasis pictures Lichen Planus and related diseases,Psoriasis,Psoriasis,RECOVERED
Psoriasis-Guttate-85.jpg,Psoriasis pictures Lichen Planus and related diseases,Psoriasis,Psoriasis,RECOVERED
Psoriasis-Guttate-86.jpg,Psoriasis pictures Lichen Planus and related diseases,Psoriasis,Psoriasis,RECOVERED
Psoriasis-Guttate-87.jpg,Psoriasis pictures Lichen Planus and related diseases,Psoriasis,Psoriasis,RECOVERED
Psoriasis-Guttate-89.jpg,Psoriasis pictures Lichen Planus and related diseases,Psoriasis,Psoriasis,RECOVERED
Psoriasis-Guttate-9.jpg,Psoriasis pictures Lichen Planus and related diseases,Psoriasis,Psoriasis,RECOVERED
Psoriasis-Guttate-90.jpg,Psoriasis pictures Lichen Planus and related diseases,Psoriasis,Psoriasis,RECOVERED
Psoriasis-Guttate-91.jpg,Psoriasis pictures Lichen Planus and related diseases,Psoriasis,Psoriasis,RECOVERED
Psoriasis-Guttate-92.jpg,Psoriasis pictures Lichen Planus and related diseases,Psoriasis,Psoriasis,RECOVERED
Psoriasis-Guttate-95.jpg,Psoriasis pictures Lichen Planus and related diseases,Psoriasis,Psoriasis,RECOVERED
Psoriasis-Guttate-97.jpg,Psoriasis pictures Lichen Planus and related diseases,Psoriasis,Psoriasis,RECOVERED
Psoriasis-Guttate-98.jpg,Psoriasis pictures Lichen Planus and related diseases,Psoriasis,Psoriasis,RECOVERED
Psoriasis-Guttate-99.jpg,Psoriasis pictures Lichen Planus and related diseases,Psoriasis,Psoriasis,RECOVERED
Psoriasis-Hand-1.jpg,Psoriasis pictures Lichen Planus and related diseases,Psoriasis,Psoriasis,RECOVERED
Psoriasis-Hand-10.jpg,Psoriasis pictures Lichen Planus and related diseases,Psoriasis,Psoriasis,RECOVERED
Psoriasis-Hand-11.jpg,Psoriasis pictures Lichen Planus and related diseases,Psoriasis,Psoriasis,RECOVERED
Psoriasis-Hand-12.jpg,Psoriasis pictures Lichen Planus and related diseases,Psoriasis,Psoriasis,RECOVERED
Psoriasis-Hand-13.jpg,Psoriasis pictures Lichen Planus and related diseases,Psoriasis,Psoriasis,RECOVERED
Psoriasis-Hand-18.jpg,Psoriasis pictures Lichen Planus and related diseases,Psoriasis,Psoriasis,RECOVERED
Psoriasis-Hand-19.jpg,Psoriasis pictures Lichen Planus and related diseases,Psoriasis,Psoriasis,RECOVERED
Psoriasis-Hand-2.jpg,Psoriasis pictures Lichen Planus and related diseases,Psoriasis,Psoriasis,RECOVERED
Psoriasis-Hand-20.jpg,Psoriasis pictures Lichen Planus and related diseases,Psoriasis,Psoriasis,RECOVERED
Psoriasis-Hand-21.jpg,Psoriasis pictures Lichen Planus and related diseases,Psoriasis,Psoriasis,RECOVERED
Psoriasis-Hand-22.jpg,Psoriasis pictures Lichen Planus and related diseases,Psoriasis,Psoriasis,RECOVERED
Psoriasis-Hand-23.jpg,Psoriasis pictures Lichen Planus and related diseases,Psoriasis,Psoriasis,RECOVERED
Psoriasis-Hand-24.jpg,Psoriasis pictures Lichen Planus and related diseases,Psoriasis,Psoriasis,RECOVERED
Psoriasis-Hand-25.jpg,Psoriasis pictures Lichen Planus and related diseases,Psoriasis,Psoriasis,RECOVERED
Psoriasis-Hand-26.jpg,Psoriasis pictures Lichen Planus and related diseases,Psoriasis,Psoriasis,RECOVERED
Psoriasis-Hand-27.jpg,Psoriasis pictures Lichen Planus and related diseases,Psoriasis,Psoriasis,RECOVERED
Psoriasis-Hand-28.jpg,Psoriasis pictures Lichen Planus and related diseases,Psoriasis,Psoriasis,RECOVERED
Psoriasis-Hand-29.jpg,Psoriasis pictures Lichen Planus and related diseases,Psoriasis,Psoriasis,RECOVERED
Psoriasis-Hand-3.jpg,Psoriasis pictures Lichen Planus and related diseases,Psoriasis,Psoriasis,RECOVERED
Psoriasis-Hand-30.jpg,Psoriasis pictures Lichen Planus and related diseases,Psoriasis,Psoriasis,RECOVERED
Psoriasis-Hand-31.jpg,Psoriasis pictures Lichen Planus and related diseases,Psoriasis,Psoriasis,RECOVERED
Psoriasis-Hand-32.jpg,Psoriasis pictures Lichen Planus and related diseases,Psoriasis,Psoriasis,RECOVERED
Psoriasis-Hand-33.jpg,Psoriasis pictures Lichen Planus and related diseases,Psoriasis,Psoriasis,RECOVERED
Psoriasis-Hand-36.jpg,Psoriasis pictures Lichen Planus and related diseases,Psoriasis,Psoriasis,RECOVERED
Psoriasis-Hand-37.jpg,Psoriasis pictures Lichen Planus and related diseases,Psoriasis,Psoriasis,RECOVERED
Psoriasis-Hand-38.jpg,Psoriasis pictures Lichen Planus and related diseases,Psoriasis,Psoriasis,RECOVERED
Psoriasis-Hand-39.jpg,Psoriasis pictures Lichen Planus and related diseases,Psoriasis,Psoriasis,RECOVERED
Psoriasis-Hand-41.jpg,Psoriasis pictures Lichen Planus and related diseases,Psoriasis,Psoriasis,RECOVERED
Psoriasis-Hand-42.jpg,Psoriasis pictures Lichen Planus and related diseases,Psoriasis,Psoriasis,RECOVERED
Psoriasis-Hand-45.jpg,Psoriasis pictures Lichen Planus and related diseases,Psoriasis,Psoriasis,RECOVERED
Psoriasis-Hand-46.jpg,Psoriasis pictures Lichen Planus and related diseases,Psoriasis,Psoriasis,RECOVERED
Psoriasis-Hand-47.jpg,Psoriasis pictures Lichen Planus and related diseases,Psoriasis,Psoriasis,RECOVERED
Psoriasis-Hand-49.jpg,Psoriasis pictures Lichen Planus and related diseases,Psoriasis,Psoriasis,RECOVERED
Psoriasis-Hand-50.jpg,Psoriasis pictures Lichen Planus and related diseases,Psoriasis,Psoriasis,RECOVERED
Psoriasis-Hand-51.jpg,Psoriasis pictures Lichen Planus and related diseases,Psoriasis,Psoriasis,RECOVERED
Psoriasis-Hand-52.jpg,Psoriasis pictures Lichen Planus and related diseases,Psoriasis,Psoriasis,RECOVERED
Psoriasis-Hand-53.jpg,Psoriasis pictures Lichen Planus and related diseases,Psoriasis,Psoriasis,RECOVERED
Psoriasis-Hand-54.jpg,Psoriasis pictures Lichen Planus and related diseases,Psoriasis,Psoriasis,RECOVERED
Psoriasis-Hand-56.jpg,Psoriasis pictures Lichen Planus and related diseases,Psoriasis,Psoriasis,RECOVERED
Psoriasis-Hand-57.jpg,Psoriasis pictures Lichen Planus and related diseases,Psoriasis,Psoriasis,RECOVERED
Psoriasis-Hand-58.jpg,Psoriasis pictures Lichen Planus and related diseases,Psoriasis,Psoriasis,RECOVERED
Psoriasis-Hand-59.jpg,Psoriasis pictures Lichen Planus and related diseases,Psoriasis,Psoriasis,RECOVERED
Psoriasis-Hand-6.jpg,Psoriasis pictures Lichen Planus and related diseases,Psoriasis,Psoriasis,RECOVERED
Psoriasis-Hand-60.jpg,Psoriasis pictures Lichen Planus and related diseases,Psoriasis,Psoriasis,RECOVERED
Psoriasis-Hand-61.jpg,Psoriasis pictures Lichen Planus and related diseases,Psoriasis,Psoriasis,RECOVERED
Psoriasis-Hand-8.jpg,Psoriasis pictures Lichen Planus and related diseases,Psoriasis,Psoriasis,RECOVERED
Psoriasis-Hand-9.jpg,Psoriasis pictures Lichen Planus and related diseases,Psoriasis,Psoriasis,RECOVERED
Psoriasis-Histology-1.jpg,Psoriasis pictures Lichen Planus and related diseases,Psoriasis,Psoriasis,RECOVERED
Psoriasis-Histology-10.jpg,Psoriasis pictures Lichen Planus and related diseases,Psoriasis,Psoriasis,RECOVERED
Psoriasis-Histology-12.jpg,Psoriasis pictures Lichen Planus and related diseases,Psoriasis,Psoriasis,RECOVERED
Psoriasis-Histology-13.jpg,Psoriasis pictures Lichen Planus and related diseases,Psoriasis,Psoriasis,RECOVERED
Psoriasis-Histology-14.jpg,Psoriasis pictures Lichen Planus and related diseases,Psoriasis,Psoriasis,RECOVERED
Psoriasis-Histology-15.jpg,Psoriasis pictures Lichen Planus and related diseases,Psoriasis,Psoriasis,RECOVERED
Psoriasis-Histology-16.jpg,Psoriasis pictures Lichen Planus and related diseases,Psoriasis,Psoriasis,RECOVERED
Psoriasis-Histology-17.jpg,Psoriasis pictures Lichen Planus and related diseases,Psoriasis,Psoriasis,RECOVERED
Psoriasis-Histology-18.jpg,Psoriasis pictures Lichen Planus and related diseases,Psoriasis,Psoriasis,RECOVERED
Psoriasis-Histology-19.jpg,Psoriasis pictures Lichen Planus and related diseases,Psoriasis,Psoriasis,RECOVERED
Psoriasis-Histology-20.jpg,Psoriasis pictures Lichen Planus and related diseases,Psoriasis,Psoriasis,RECOVERED
Psoriasis-Histology-21.jpg,Psoriasis pictures Lichen Planus and related diseases,Psoriasis,Psoriasis,RECOVERED
Psoriasis-Histology-22.jpg,Psoriasis pictures Lichen Planus and related diseases,Psoriasis,Psoriasis,RECOVERED
Psoriasis-Histology-23.jpg,Psoriasis pictures Lichen Planus and related diseases,Psoriasis,Psoriasis,RECOVERED
Psoriasis-Histology-24.jpg,Psoriasis pictures Lichen Planus and related diseases,Psoriasis,Psoriasis,RECOVERED
Psoriasis-Histology-25.jpg,Psoriasis pictures Lichen Planus and related diseases,Psoriasis,Psoriasis,RECOVERED
Psoriasis-Histology-3.jpg,Psoriasis pictures Lichen Planus and related diseases,Psoriasis,Psoriasis,RECOVERED
Psoriasis-Histology-5.jpg,Psoriasis pictures Lichen Planus and related diseases,Psoriasis,Psoriasis,RECOVERED
Psoriasis-Histology-6.jpg,Psoriasis pictures Lichen Planus and related diseases,Psoriasis,Psoriasis,RECOVERED
Psoriasis-Histology-7.jpg,Psoriasis pictures Lichen Planus and related diseases,Psoriasis,Psoriasis,RECOVERED
Psoriasis-HIV-2.jpg,Psoriasis pictures Lichen Planus and related diseases,Psoriasis,Psoriasis,RECOVERED
Psoriasis-HIV-3.jpg,Psoriasis pictures Lichen Planus and related diseases,Psoriasis,Psoriasis,RECOVERED
Psoriasis-HIV-4.jpg,Psoriasis pictures Lichen Planus and related diseases,Psoriasis,Psoriasis,RECOVERED
Psoriasis-HIV-5.jpg,Psoriasis pictures Lichen Planus and related diseases,Psoriasis,Psoriasis,RECOVERED
Psoriasis-HIV-6.jpg,Psoriasis pictures Lichen Planus and related diseases,Psoriasis,Psoriasis,RECOVERED
Psoriasis-infant-1.jpg,Psoriasis pictures Lichen Planus and related diseases,Psoriasis,Psoriasis,RECOVERED
Psoriasis-infant-2.jpg,Psoriasis pictures Lichen Planus and related diseases,Psoriasis,Psoriasis,RECOVERED
Psoriasis-infant-3.jpg,Psoriasis pictures Lichen Planus and related diseases,Psoriasis,Psoriasis,RECOVERED
Psoriasis-infant-4.jpg,Psoriasis pictures Lichen Planus and related diseases,Psoriasis,Psoriasis,RECOVERED
Psoriasis-infant-5.jpg,Psoriasis pictures Lichen Planus and related diseases,Psoriasis,Psoriasis,RECOVERED
Psoriasis-infant-6.jpg,Psoriasis pictures Lichen Planus and related diseases,Psoriasis,Psoriasis,RECOVERED
Psoriasis-Interferon-Injection-0823042.jpg,Psoriasis pictures Lichen Planus and related diseases,Psoriasis,Psoriasis,RECOVERED
Psoriasis-Interferon-Injection-08230424.jpg,Psoriasis pictures Lichen Planus and related diseases,Psoriasis,Psoriasis,RECOVERED
Psoriasis-Interferon-Injection-08230425.jpg,Psoriasis pictures Lichen Planus and related diseases,Psoriasis,Psoriasis,RECOVERED
Psoriasis-Interferon-Injection-08230426.jpg,Psoriasis pictures Lichen Planus and related diseases,Psoriasis,Psoriasis,RECOVERED
Psoriasis-inversus-1.jpg,Psoriasis pictures Lichen Planus and related diseases,Psoriasis,Psoriasis,RECOVERED
Psoriasis-inversus-10.jpg,Psoriasis pictures Lichen Planus and related diseases,Psoriasis,Psoriasis,RECOVERED
Psoriasis-inversus-11.jpg,Psoriasis pictures Lichen Planus and related diseases,Psoriasis,Psoriasis,RECOVERED
Psoriasis-inversus-12.jpg,Psoriasis pictures Lichen Planus and related diseases,Psoriasis,Psoriasis,RECOVERED
Psoriasis-inversus-14.jpg,Psoriasis pictures Lichen Planus and related diseases,Psoriasis,Psoriasis,RECOVERED
Psoriasis-inversus-15.jpg,Psoriasis pictures Lichen Planus and related diseases,Psoriasis,Psoriasis,RECOVERED
Psoriasis-inversus-16.jpg,Psoriasis pictures Lichen Planus and related diseases,Psoriasis,Psoriasis,RECOVERED
Psoriasis-inversus-19.jpg,Psoriasis pictures Lichen Planus and related diseases,Psoriasis,Psoriasis,RECOVERED
Psoriasis-inversus-2.jpg,Psoriasis pictures Lichen Planus and related diseases,Psoriasis,Psoriasis,RECOVERED
Psoriasis-inversus-20.jpg,Psoriasis pictures Lichen Planus and related diseases,Psoriasis,Psoriasis,RECOVERED
Psoriasis-inversus-21.jpg,Psoriasis pictures Lichen Planus and related diseases,Psoriasis,Psoriasis,RECOVERED
Psoriasis-inversus-22.jpg,Psoriasis pictures Lichen Planus and related diseases,Psoriasis,Psoriasis,RECOVERED
Psoriasis-inversus-24.jpg,Psoriasis pictures Lichen Planus and related diseases,Psoriasis,Psoriasis,RECOVERED
Psoriasis-inversus-26.jpg,Psoriasis pictures Lichen Planus and related diseases,Psoriasis,Psoriasis,RECOVERED
Psoriasis-inversus-27.jpg,Psoriasis pictures Lichen Planus and related diseases,Psoriasis,Psoriasis,RECOVERED
Psoriasis-inversus-28.jpg,Psoriasis pictures Lichen Planus and related diseases,Psoriasis,Psoriasis,RECOVERED
Psoriasis-inversus-3.jpg,Psoriasis pictures Lichen Planus and related diseases,Psoriasis,Psoriasis,RECOVERED
Psoriasis-inversus-30.jpg,Psoriasis pictures Lichen Planus and related diseases,Psoriasis,Psoriasis,RECOVERED
Psoriasis-inversus-32.jpg,Psoriasis pictures Lichen Planus and related diseases,Psoriasis,Psoriasis,RECOVERED
Psoriasis-inversus-33.jpg,Psoriasis pictures Lichen Planus and related diseases,Psoriasis,Psoriasis,RECOVERED
Psoriasis-inversus-5.jpg,Psoriasis pictures Lichen Planus and related diseases,Psoriasis,Psoriasis,RECOVERED
Psoriasis-inversus-6.jpg,Psoriasis pictures Lichen Planus and related diseases,Psoriasis,Psoriasis,RECOVERED
Psoriasis-inversus-7.jpg,Psoriasis pictures Lichen Planus and related diseases,Psoriasis,Psoriasis,RECOVERED
Psoriasis-inversus-8.jpg,Psoriasis pictures Lichen Planus and related diseases,Psoriasis,Psoriasis,RECOVERED
Psoriasis-inversus-9.jpg,Psoriasis pictures Lichen Planus and related diseases,Psoriasis,Psoriasis,RECOVERED
Psoriasis-Light-Sensative-1.jpg,Psoriasis pictures Lichen Planus and related diseases,Psoriasis,Psoriasis,RECOVERED
Psoriasis-Light-Sensative-2.jpg,Psoriasis pictures Lichen Planus and related diseases,Psoriasis,Psoriasis,RECOVERED
Psoriasis-Light-Sensative-3.jpg,Psoriasis pictures Lichen Planus and related diseases,Psoriasis,Psoriasis,RECOVERED
Psoriasis-Light-Sensative-4.jpg,Psoriasis pictures Lichen Planus and related diseases,Psoriasis,Psoriasis,RECOVERED
Psoriasis-Light-Sensative-5.jpg,Psoriasis pictures Lichen Planus and related diseases,Psoriasis,Psoriasis,RECOVERED
Psoriasis-Light-Sensative-6.jpg,Psoriasis pictures Lichen Planus and related diseases,Psoriasis,Psoriasis,RECOVERED
Psoriasis-Light-Sensative-7.jpg,Psoriasis pictures Lichen Planus and related diseases,Psoriasis,Psoriasis,RECOVERED
Psoriasis-Light-Sensative-8.jpg,Psoriasis pictures Lichen Planus and related diseases,Psoriasis,Psoriasis,RECOVERED
Psoriasis-nails-1.jpg,Psoriasis pictures Lichen Planus and related diseases,Psoriasis,Psoriasis,RECOVERED
Psoriasis-nails-11.jpg,Psoriasis pictures Lichen Planus and related diseases,Psoriasis,Psoriasis,RECOVERED
Psoriasis-nails-12.jpg,Psoriasis pictures Lichen Planus and related diseases,Psoriasis,Psoriasis,RECOVERED
Psoriasis-nails-13.jpg,Psoriasis pictures Lichen Planus and related diseases,Psoriasis,Psoriasis,RECOVERED
Psoriasis-nails-14.jpg,Psoriasis pictures Lichen Planus and related diseases,Psoriasis,Psoriasis,RECOVERED
Psoriasis-nails-15.jpg,Psoriasis pictures Lichen Planus and related diseases,Psoriasis,Psoriasis,RECOVERED
Psoriasis-nails-16.jpg,Psoriasis pictures Lichen Planus and related diseases,Psoriasis,Psoriasis,RECOVERED
Psoriasis-nails-19.jpg,Psoriasis pictures Lichen Planus and related diseases,Psoriasis,Psoriasis,RECOVERED
Psoriasis-nails-20.jpg,Psoriasis pictures Lichen Planus and related diseases,Psoriasis,Psoriasis,RECOVERED
Psoriasis-nails-21.jpg,Psoriasis pictures Lichen Planus and related diseases,Psoriasis,Psoriasis,RECOVERED
Psoriasis-nails-22.jpg,Psoriasis pictures Lichen Planus and related diseases,Psoriasis,Psoriasis,RECOVERED
Psoriasis-nails-23.jpg,Psoriasis pictures Lichen Planus and related diseases,Psoriasis,Psoriasis,RECOVERED
Psoriasis-nails-24.jpg,Psoriasis pictures Lichen Planus and related diseases,Psoriasis,Psoriasis,RECOVERED
Psoriasis-nails-25.jpg,Psoriasis pictures Lichen Planus and related diseases,Psoriasis,Psoriasis,RECOVERED
Psoriasis-nails-26.jpg,Psoriasis pictures Lichen Planus and related diseases,Psoriasis,Psoriasis,RECOVERED
Psoriasis-nails-27.jpg,Psoriasis pictures Lichen Planus and related diseases,Psoriasis,Psoriasis,RECOVERED
Psoriasis-nails-28.jpg,Psoriasis pictures Lichen Planus and related diseases,Psoriasis,Psoriasis,RECOVERED
Psoriasis-nails-29.jpg,Psoriasis pictures Lichen Planus and related diseases,Psoriasis,Psoriasis,RECOVERED
Psoriasis-nails-30.jpg,Psoriasis pictures Lichen Planus and related diseases,Psoriasis,Psoriasis,RECOVERED
Psoriasis-nails-32.jpg,Psoriasis pictures Lichen Planus and related diseases,Psoriasis,Psoriasis,RECOVERED
Psoriasis-nails-4.jpg,Psoriasis pictures Lichen Planus and related diseases,Psoriasis,Psoriasis,RECOVERED
Psoriasis-nails-5.jpg,Psoriasis pictures Lichen Planus and related diseases,Psoriasis,Psoriasis,RECOVERED
Psoriasis-nails-6.jpg,Psoriasis pictures Lichen Planus and related diseases,Psoriasis,Psoriasis,RECOVERED
Psoriasis-nails-7.jpg,Psoriasis pictures Lichen Planus and related diseases,Psoriasis,Psoriasis,RECOVERED
Psoriasis-nails-8.jpg,Psoriasis pictures Lichen Planus and related diseases,Psoriasis,Psoriasis,RECOVERED
psoriasis-palms-soles-1.jpg,Psoriasis pictures Lichen Planus and related diseases,Psoriasis,Psoriasis,RECOVERED
psoriasis-palms-soles-10.jpg,Psoriasis pictures Lichen Planus and related diseases,Psoriasis,Psoriasis,RECOVERED
psoriasis-palms-soles-100.jpg,Psoriasis pictures Lichen Planus and related diseases,Psoriasis,Psoriasis,RECOVERED
psoriasis-palms-soles-101.jpg,Psoriasis pictures Lichen Planus and related diseases,Psoriasis,Psoriasis,RECOVERED
psoriasis-palms-soles-102.jpg,Psoriasis pictures Lichen Planus and related diseases,Psoriasis,Psoriasis,RECOVERED
psoriasis-palms-soles-103.jpg,Psoriasis pictures Lichen Planus and related diseases,Psoriasis,Psoriasis,RECOVERED
psoriasis-palms-soles-104.jpg,Psoriasis pictures Lichen Planus and related diseases,Psoriasis,Psoriasis,RECOVERED
psoriasis-palms-soles-105.jpg,Psoriasis pictures Lichen Planus and related diseases,Psoriasis,Psoriasis,RECOVERED
psoriasis-palms-soles-106.jpg,Psoriasis pictures Lichen Planus and related diseases,Psoriasis,Psoriasis,RECOVERED
psoriasis-palms-soles-107.jpg,Psoriasis pictures Lichen Planus and related diseases,Psoriasis,Psoriasis,RECOVERED
psoriasis-palms-soles-108.jpg,Psoriasis pictures Lichen Planus and related diseases,Psoriasis,Psoriasis,RECOVERED
psoriasis-palms-soles-110.jpg,Psoriasis pictures Lichen Planus and related diseases,Psoriasis,Psoriasis,RECOVERED
psoriasis-palms-soles-112.jpg,Psoriasis pictures Lichen Planus and related diseases,Psoriasis,Psoriasis,RECOVERED
psoriasis-palms-soles-113.jpg,Psoriasis pictures Lichen Planus and related diseases,Psoriasis,Psoriasis,RECOVERED
psoriasis-palms-soles-115.jpg,Psoriasis pictures Lichen Planus and related diseases,Psoriasis,Psoriasis,RECOVERED
psoriasis-palms-soles-116.jpg,Psoriasis pictures Lichen Planus and related diseases,Psoriasis,Psoriasis,RECOVERED
psoriasis-palms-soles-117.jpg,Psoriasis pictures Lichen Planus and related diseases,Psoriasis,Psoriasis,RECOVERED
psoriasis-palms-soles-118.jpg,Psoriasis pictures Lichen Planus and related diseases,Psoriasis,Psoriasis,RECOVERED
psoriasis-palms-soles-119.jpg,Psoriasis pictures Lichen Planus and related diseases,Psoriasis,Psoriasis,RECOVERED
psoriasis-palms-soles-120.jpg,Psoriasis pictures Lichen Planus and related diseases,Psoriasis,Psoriasis,RECOVERED
psoriasis-palms-soles-121.jpg,Psoriasis pictures Lichen Planus and related diseases,Psoriasis,Psoriasis,RECOVERED
psoriasis-palms-soles-124.jpg,Psoriasis pictures Lichen Planus and related diseases,Psoriasis,Psoriasis,RECOVERED
psoriasis-palms-soles-126.jpg,Psoriasis pictures Lichen Planus and related diseases,Psoriasis,Psoriasis,RECOVERED
psoriasis-palms-soles-127.jpg,Psoriasis pictures Lichen Planus and related diseases,Psoriasis,Psoriasis,RECOVERED
psoriasis-palms-soles-128.jpg,Psoriasis pictures Lichen Planus and related diseases,Psoriasis,Psoriasis,RECOVERED
psoriasis-palms-soles-13.jpg,Psoriasis pictures Lichen Planus and related diseases,Psoriasis,Psoriasis,RECOVERED
psoriasis-palms-soles-130.jpg,Psoriasis pictures Lichen Planus and related diseases,Psoriasis,Psoriasis,RECOVERED
psoriasis-palms-soles-131.jpg,Psoriasis pictures Lichen Planus and related diseases,Psoriasis,Psoriasis,RECOVERED
psoriasis-palms-soles-133.jpg,Psoriasis pictures Lichen Planus and related diseases,Psoriasis,Psoriasis,RECOVERED
psoriasis-palms-soles-134.jpg,Psoriasis pictures Lichen Planus and related diseases,Psoriasis,Psoriasis,RECOVERED
psoriasis-palms-soles-135.jpg,Psoriasis pictures Lichen Planus and related diseases,Psoriasis,Psoriasis,RECOVERED
psoriasis-palms-soles-137.jpg,Psoriasis pictures Lichen Planus and related diseases,Psoriasis,Psoriasis,RECOVERED
psoriasis-palms-soles-138.jpg,Psoriasis pictures Lichen Planus and related diseases,Psoriasis,Psoriasis,RECOVERED
psoriasis-palms-soles-139.jpg,Psoriasis pictures Lichen Planus and related diseases,Psoriasis,Psoriasis,RECOVERED
psoriasis-palms-soles-141.jpg,Psoriasis pictures Lichen Planus and related diseases,Psoriasis,Psoriasis,RECOVERED
psoriasis-palms-soles-143.jpg,Psoriasis pictures Lichen Planus and related diseases,Psoriasis,Psoriasis,RECOVERED
psoriasis-palms-soles-144.jpg,Psoriasis pictures Lichen Planus and related diseases,Psoriasis,Psoriasis,RECOVERED
psoriasis-palms-soles-145.jpg,Psoriasis pictures Lichen Planus and related diseases,Psoriasis,Psoriasis,RECOVERED
psoriasis-palms-soles-146.jpg,Psoriasis pictures Lichen Planus and related diseases,Psoriasis,Psoriasis,RECOVERED
psoriasis-palms-soles-148.jpg,Psoriasis pictures Lichen Planus and related diseases,Psoriasis,Psoriasis,RECOVERED
psoriasis-palms-soles-149.jpg,Psoriasis pictures Lichen Planus and related diseases,Psoriasis,Psoriasis,RECOVERED
psoriasis-palms-soles-15.jpg,Psoriasis pictures Lichen Planus and related diseases,Psoriasis,Psoriasis,RECOVERED
psoriasis-palms-soles-150.jpg,Psoriasis pictures Lichen Planus and related diseases,Psoriasis,Psoriasis,RECOVERED
psoriasis-palms-soles-151.jpg,Psoriasis pictures Lichen Planus and related diseases,Psoriasis,Psoriasis,RECOVERED
psoriasis-palms-soles-152.jpg,Psoriasis pictures Lichen Planus and related diseases,Psoriasis,Psoriasis,RECOVERED
psoriasis-palms-soles-154.jpg,Psoriasis pictures Lichen Planus and related diseases,Psoriasis,Psoriasis,RECOVERED
psoriasis-palms-soles-155.jpg,Psoriasis pictures Lichen Planus and related diseases,Psoriasis,Psoriasis,RECOVERED
psoriasis-palms-soles-156.jpg,Psoriasis pictures Lichen Planus and related diseases,Psoriasis,Psoriasis,RECOVERED
psoriasis-palms-soles-157.jpg,Psoriasis pictures Lichen Planus and related diseases,Psoriasis,Psoriasis,RECOVERED
psoriasis-palms-soles-158.jpg,Psoriasis pictures Lichen Planus and related diseases,Psoriasis,Psoriasis,RECOVERED
psoriasis-palms-soles-159.jpg,Psoriasis pictures Lichen Planus and related diseases,Psoriasis,Psoriasis,RECOVERED
psoriasis-palms-soles-16.jpg,Psoriasis pictures Lichen Planus and related diseases,Psoriasis,Psoriasis,RECOVERED
psoriasis-palms-soles-160.jpg,Psoriasis pictures Lichen Planus and related diseases,Psoriasis,Psoriasis,RECOVERED
psoriasis-palms-soles-161.jpg,Psoriasis pictures Lichen Planus and related diseases,Psoriasis,Psoriasis,RECOVERED
psoriasis-palms-soles-162.jpg,Psoriasis pictures Lichen Planus and related diseases,Psoriasis,Psoriasis,RECOVERED
psoriasis-palms-soles-163.jpg,Psoriasis pictures Lichen Planus and related diseases,Psoriasis,Psoriasis,RECOVERED
psoriasis-palms-soles-165.jpg,Psoriasis pictures Lichen Planus and related diseases,Psoriasis,Psoriasis,RECOVERED
psoriasis-palms-soles-166.jpg,Psoriasis pictures Lichen Planus and related diseases,Psoriasis,Psoriasis,RECOVERED
psoriasis-palms-soles-167.jpg,Psoriasis pictures Lichen Planus and related diseases,Psoriasis,Psoriasis,RECOVERED
psoriasis-palms-soles-168.jpg,Psoriasis pictures Lichen Planus and related diseases,Psoriasis,Psoriasis,RECOVERED
psoriasis-palms-soles-17.jpg,Psoriasis pictures Lichen Planus and related diseases,Psoriasis,Psoriasis,RECOVERED
psoriasis-palms-soles-170.jpg,Psoriasis pictures Lichen Planus and related diseases,Psoriasis,Psoriasis,RECOVERED
psoriasis-palms-soles-171.jpg,Psoriasis pictures Lichen Planus and related diseases,Psoriasis,Psoriasis,RECOVERED
psoriasis-palms-soles-172.jpg,Psoriasis pictures Lichen Planus and related diseases,Psoriasis,Psoriasis,RECOVERED
psoriasis-palms-soles-173.jpg,Psoriasis pictures Lichen Planus and related diseases,Psoriasis,Psoriasis,RECOVERED
psoriasis-palms-soles-174.jpg,Psoriasis pictures Lichen Planus and related diseases,Psoriasis,Psoriasis,RECOVERED
psoriasis-palms-soles-175.jpg,Psoriasis pictures Lichen Planus and related diseases,Psoriasis,Psoriasis,RECOVERED
psoriasis-palms-soles-176.jpg,Psoriasis pictures Lichen Planus and related diseases,Psoriasis,Psoriasis,RECOVERED
psoriasis-palms-soles-178.jpg,Psoriasis pictures Lichen Planus and related diseases,Psoriasis,Psoriasis,RECOVERED
psoriasis-palms-soles-179.jpg,Psoriasis pictures Lichen Planus and related diseases,Psoriasis,Psoriasis,RECOVERED
psoriasis-palms-soles-18.jpg,Psoriasis pictures Lichen Planus and related diseases,Psoriasis,Psoriasis,RECOVERED
psoriasis-palms-soles-180.jpg,Psoriasis pictures Lichen Planus and related diseases,Psoriasis,Psoriasis,RECOVERED
psoriasis-palms-soles-181.jpg,Psoriasis pictures Lichen Planus and related diseases,Psoriasis,Psoriasis,RECOVERED
psoriasis-palms-soles-182.jpg,Psoriasis pictures Lichen Planus and related diseases,Psoriasis,Psoriasis,RECOVERED
psoriasis-palms-soles-183.jpg,Psoriasis pictures Lichen Planus and related diseases,Psoriasis,Psoriasis,RECOVERED
psoriasis-palms-soles-184.jpg,Psoriasis pictures Lichen Planus and related diseases,Psoriasis,Psoriasis,RECOVERED
psoriasis-palms-soles-186.jpg,Psoriasis pictures Lichen Planus and related diseases,Psoriasis,Psoriasis,RECOVERED
psoriasis-palms-soles-187.jpg,Psoriasis pictures Lichen Planus and related diseases,Psoriasis,Psoriasis,RECOVERED
psoriasis-palms-soles-188.jpg,Psoriasis pictures Lichen Planus and related diseases,Psoriasis,Psoriasis,RECOVERED
psoriasis-palms-soles-189.jpg,Psoriasis pictures Lichen Planus and related diseases,Psoriasis,Psoriasis,RECOVERED
psoriasis-palms-soles-19.jpg,Psoriasis pictures Lichen Planus and related diseases,Psoriasis,Psoriasis,RECOVERED
psoriasis-palms-soles-190.jpg,Psoriasis pictures Lichen Planus and related diseases,Psoriasis,Psoriasis,RECOVERED
psoriasis-palms-soles-191.jpg,Psoriasis pictures Lichen Planus and related diseases,Psoriasis,Psoriasis,RECOVERED
psoriasis-palms-soles-192.jpg,Psoriasis pictures Lichen Planus and related diseases,Psoriasis,Psoriasis,RECOVERED
psoriasis-palms-soles-194.jpg,Psoriasis pictures Lichen Planus and related diseases,Psoriasis,Psoriasis,RECOVERED
psoriasis-palms-soles-195.jpg,Psoriasis pictures Lichen Planus and related diseases,Psoriasis,Psoriasis,RECOVERED
psoriasis-palms-soles-196.jpg,Psoriasis pictures Lichen Planus and related diseases,Psoriasis,Psoriasis,RECOVERED
psoriasis-palms-soles-197.jpg,Psoriasis pictures Lichen Planus and related diseases,Psoriasis,Psoriasis,RECOVERED
psoriasis-palms-soles-79.jpg,Psoriasis pictures Lichen Planus and related diseases,Psoriasis,Psoriasis,RECOVERED
psoriasis-palms-soles-8.jpg,Psoriasis pictures Lichen Planus and related diseases,Psoriasis,Psoriasis,RECOVERED
psoriasis-palms-soles-80.jpg,Psoriasis pictures Lichen Planus and related diseases,Psoriasis,Psoriasis,RECOVERED
psoriasis-palms-soles-82.jpg,Psoriasis pictures Lichen Planus and related diseases,Psoriasis,Psoriasis,RECOVERED
psoriasis-palms-soles-83.jpg,Psoriasis pictures Lichen Planus and related diseases,Psoriasis,Psoriasis,RECOVERED
psoriasis-palms-soles-84.jpg,Psoriasis pictures Lichen Planus and related diseases,Psoriasis,Psoriasis,RECOVERED
psoriasis-palms-soles-85.jpg,Psoriasis pictures Lichen Planus and related diseases,Psoriasis,Psoriasis,RECOVERED
psoriasis-palms-soles-89.jpg,Psoriasis pictures Lichen Planus and related diseases,Psoriasis,Psoriasis,RECOVERED
psoriasis-palms-soles-90.jpg,Psoriasis pictures Lichen Planus and related diseases,Psoriasis,Psoriasis,RECOVERED
psoriasis-palms-soles-91.jpg,Psoriasis pictures Lichen Planus and related diseases,Psoriasis,Psoriasis,RECOVERED
psoriasis-palms-soles-92.jpg,Psoriasis pictures Lichen Planus and related diseases,Psoriasis,Psoriasis,RECOVERED
psoriasis-palms-soles-93.jpg,Psoriasis pictures Lichen Planus and related diseases,Psoriasis,Psoriasis,RECOVERED
psoriasis-palms-soles-94.jpg,Psoriasis pictures Lichen Planus and related diseases,Psoriasis,Psoriasis,RECOVERED
psoriasis-palms-soles-96.jpg,Psoriasis pictures Lichen Planus and related diseases,Psoriasis,Psoriasis,RECOVERED
psoriasis-palms-soles-97.jpg,Psoriasis pictures Lichen Planus and related diseases,Psoriasis,Psoriasis,RECOVERED
psoriasis-palms-soles-98.jpg,Psoriasis pictures Lichen Planus and related diseases,Psoriasis,Psoriasis,RECOVERED
psoriasis-palms-soles-99.jpg,Psoriasis pictures Lichen Planus and related diseases,Psoriasis,Psoriasis,RECOVERED
Psoriasis-penis-1.jpg,Psoriasis pictures Lichen Planus and related diseases,Psoriasis,Psoriasis,RECOVERED
Psoriasis-penis-10.jpg,Psoriasis pictures Lichen Planus and related diseases,Psoriasis,Psoriasis,RECOVERED
Psoriasis-penis-11.jpg,Psoriasis pictures Lichen Planus and related diseases,Psoriasis,Psoriasis,RECOVERED
Psoriasis-penis-14.jpg,Psoriasis pictures Lichen Planus and related diseases,Psoriasis,Psoriasis,RECOVERED
Psoriasis-penis-15.jpg,Psoriasis pictures Lichen Planus and related diseases,Psoriasis,Psoriasis,RECOVERED
Psoriasis-penis-16.jpg,Psoriasis pictures Lichen Planus and related diseases,Psoriasis,Psoriasis,RECOVERED
Psoriasis-penis-18.jpg,Psoriasis pictures Lichen Planus and related diseases,Psoriasis,Psoriasis,RECOVERED
Psoriasis-penis-19.jpg,Psoriasis pictures Lichen Planus and related diseases,Psoriasis,Psoriasis,RECOVERED
Psoriasis-penis-2.jpg,Psoriasis pictures Lichen Planus and related diseases,Psoriasis,Psoriasis,RECOVERED
Psoriasis-penis-20.jpg,Psoriasis pictures Lichen Planus and related diseases,Psoriasis,Psoriasis,RECOVERED
Psoriasis-penis-21.jpg,Psoriasis pictures Lichen Planus and related diseases,Psoriasis,Psoriasis,RECOVERED
Psoriasis-penis-22.jpg,Psoriasis pictures Lichen Planus and related diseases,Psoriasis,Psoriasis,RECOVERED
Psoriasis-penis-23.jpg,Psoriasis pictures Lichen Planus and related diseases,Psoriasis,Psoriasis,RECOVERED
Psoriasis-penis-24.jpg,Psoriasis pictures Lichen Planus and related diseases,Psoriasis,Psoriasis,RECOVERED
Psoriasis-penis-25.jpg,Psoriasis pictures Lichen Planus and related diseases,Psoriasis,Psoriasis,RECOVERED
Psoriasis-penis-27.jpg,Psoriasis pictures Lichen Planus and related diseases,Psoriasis,Psoriasis,RECOVERED
Psoriasis-penis-28.jpg,Psoriasis pictures Lichen Planus and related diseases,Psoriasis,Psoriasis,RECOVERED
Psoriasis-penis-29.jpg,Psoriasis pictures Lichen Planus and related diseases,Psoriasis,Psoriasis,RECOVERED
Psoriasis-penis-3.jpg,Psoriasis pictures Lichen Planus and related diseases,Psoriasis,Psoriasis,RECOVERED
Psoriasis-penis-5.jpg,Psoriasis pictures Lichen Planus and related diseases,Psoriasis,Psoriasis,RECOVERED
Psoriasis-penis-6.jpg,Psoriasis pictures Lichen Planus and related diseases,Psoriasis,Psoriasis,RECOVERED
Psoriasis-penis-7.jpg,Psoriasis pictures Lichen Planus and related diseases,Psoriasis,Psoriasis,RECOVERED
Psoriasis-penis-8.jpg,Psoriasis pictures Lichen Planus and related diseases,Psoriasis,Psoriasis,RECOVERED
Psoriasis-penis-9.jpg,Psoriasis pictures Lichen Planus and related diseases,Psoriasis,Psoriasis,RECOVERED
Psoriasis-Post-Ampicillian-060704.jpg,Psoriasis pictures Lichen Planus and related diseases,Psoriasis,Psoriasis,RECOVERED
psoriasis-pustular-generalized-10.jpg,Psoriasis pictures Lichen Planus and related diseases,Psoriasis,Psoriasis,RECOVERED
psoriasis-pustular-generalized-11.jpg,Psoriasis pictures Lichen Planus and related diseases,Psoriasis,Psoriasis,RECOVERED
psoriasis-pustular-generalized-13.jpg,Psoriasis pictures Lichen Planus and related diseases,Psoriasis,Psoriasis,RECOVERED
psoriasis-pustular-generalized-14.jpg,Psoriasis pictures Lichen Planus and related diseases,Psoriasis,Psoriasis,RECOVERED
psoriasis-pustular-generalized-15.jpg,Psoriasis pictures Lichen Planus and related diseases,Psoriasis,Psoriasis,RECOVERED
psoriasis-pustular-generalized-16.jpg,Psoriasis pictures Lichen Planus and related diseases,Psoriasis,Psoriasis,RECOVERED
psoriasis-pustular-generalized-17.jpg,Psoriasis pictures Lichen Planus and related diseases,Psoriasis,Psoriasis,RECOVERED
psoriasis-pustular-generalized-19.jpg,Psoriasis pictures Lichen Planus and related diseases,Psoriasis,Psoriasis,RECOVERED
psoriasis-pustular-generalized-22.jpg,Psoriasis pictures Lichen Planus and related diseases,Psoriasis,Psoriasis,RECOVERED
psoriasis-pustular-generalized-24.jpg,Psoriasis pictures Lichen Planus and related diseases,Psoriasis,Psoriasis,RECOVERED
psoriasis-pustular-generalized-25.jpg,Psoriasis pictures Lichen Planus and related diseases,Psoriasis,Psoriasis,RECOVERED
psoriasis-pustular-generalized-27.jpg,Psoriasis pictures Lichen Planus and related diseases,Psoriasis,Psoriasis,RECOVERED
psoriasis-pustular-generalized-29.jpg,Psoriasis pictures Lichen Planus and related diseases,Psoriasis,Psoriasis,RECOVERED
psoriasis-pustular-generalized-3.jpg,Psoriasis pictures Lichen Planus and related diseases,Psoriasis,Psoriasis,RECOVERED
psoriasis-pustular-generalized-30.jpg,Psoriasis pictures Lichen Planus and related diseases,Psoriasis,Psoriasis,RECOVERED
psoriasis-pustular-generalized-32.jpg,Psoriasis pictures Lichen Planus and related diseases,Psoriasis,Psoriasis,RECOVERED
psoriasis-pustular-generalized-33.jpg,Psoriasis pictures Lichen Planus and related diseases,Psoriasis,Psoriasis,RECOVERED
psoriasis-pustular-generalized-34.jpg,Psoriasis pictures Lichen Planus and related diseases,Psoriasis,Psoriasis,RECOVERED
psoriasis-pustular-generalized-35.jpg,Psoriasis pictures Lichen Planus and related diseases,Psoriasis,Psoriasis,RECOVERED
psoriasis-pustular-generalized-36.jpg,Psoriasis pictures Lichen Planus and related diseases,Psoriasis,Psoriasis,RECOVERED
psoriasis-pustular-generalized-37.jpg,Psoriasis pictures Lichen Planus and related diseases,Psoriasis,Psoriasis,RECOVERED
psoriasis-pustular-generalized-38.jpg,Psoriasis pictures Lichen Planus and related diseases,Psoriasis,Psoriasis,RECOVERED
psoriasis-pustular-generalized-39.jpg,Psoriasis pictures Lichen Planus and related diseases,Psoriasis,Psoriasis,RECOVERED
psoriasis-pustular-generalized-4.jpg,Psoriasis pictures Lichen Planus and related diseases,Psoriasis,Psoriasis,RECOVERED
psoriasis-pustular-generalized-40.jpg,Psoriasis pictures Lichen Planus and related diseases,Psoriasis,Psoriasis,RECOVERED
psoriasis-pustular-generalized-41.jpg,Psoriasis pictures Lichen Planus and related diseases,Psoriasis,Psoriasis,RECOVERED
psoriasis-pustular-generalized-42.jpg,Psoriasis pictures Lichen Planus and related diseases,Psoriasis,Psoriasis,RECOVERED
psoriasis-pustular-generalized-43.jpg,Psoriasis pictures Lichen Planus and related diseases,Psoriasis,Psoriasis,RECOVERED
psoriasis-pustular-generalized-46.jpg,Psoriasis pictures Lichen Planus and related diseases,Psoriasis,Psoriasis,RECOVERED
psoriasis-pustular-generalized-47.jpg,Psoriasis pictures Lichen Planus and related diseases,Psoriasis,Psoriasis,RECOVERED
psoriasis-pustular-generalized-48.jpg,Psoriasis pictures Lichen Planus and related diseases,Psoriasis,Psoriasis,RECOVERED
psoriasis-pustular-generalized-49.jpg,Psoriasis pictures Lichen Planus and related diseases,Psoriasis,Psoriasis,RECOVERED
psoriasis-pustular-generalized-52.jpg,Psoriasis pictures Lichen Planus and related diseases,Psoriasis,Psoriasis,RECOVERED
psoriasis-pustular-generalized-53.jpg,Psoriasis pictures Lichen Planus and related diseases,Psoriasis,Psoriasis,RECOVERED
psoriasis-pustular-generalized-55.jpg,Psoriasis pictures Lichen Planus and related diseases,Psoriasis,Psoriasis,RECOVERED
psoriasis-pustular-generalized-56.jpg,Psoriasis pictures Lichen Planus and related diseases,Psoriasis,Psoriasis,RECOVERED
psoriasis-pustular-generalized-58.jpg,Psoriasis pictures Lichen Planus and related diseases,Psoriasis,Psoriasis,RECOVERED
psoriasis-pustular-generalized-59.jpg,Psoriasis pictures Lichen Planus and related diseases,Psoriasis,Psoriasis,RECOVERED
psoriasis-pustular-generalized-6.jpg,Psoriasis pictures Lichen Planus and related diseases,Psoriasis,Psoriasis,RECOVERED
psoriasis-pustular-generalized-60.jpg,Psoriasis pictures Lichen Planus and related diseases,Psoriasis,Psoriasis,RECOVERED
psoriasis-pustular-generalized-61.jpg,Psoriasis pictures Lichen Planus and related diseases,Psoriasis,Psoriasis,RECOVERED
psoriasis-pustular-generalized-62.jpg,Psoriasis pictures Lichen Planus and related diseases,Psoriasis,Psoriasis,RECOVERED
psoriasis-pustular-generalized-63.jpg,Psoriasis pictures Lichen Planus and related diseases,Psoriasis,Psoriasis,RECOVERED
psoriasis-pustular-generalized-64.jpg,Psoriasis pictures Lichen Planus and related diseases,Psoriasis,Psoriasis,RECOVERED
psoriasis-pustular-generalized-65.jpg,Psoriasis pictures Lichen Planus and related diseases,Psoriasis,Psoriasis,RECOVERED
psoriasis-pustular-generalized-66.jpg,Psoriasis pictures Lichen Planus and related diseases,Psoriasis,Psoriasis,RECOVERED
psoriasis-pustular-generalized-7.jpg,Psoriasis pictures Lichen Planus and related diseases,Psoriasis,Psoriasis,RECOVERED
psoriasis-pustular-generalized-8.jpg,Psoriasis pictures Lichen Planus and related diseases,Psoriasis,Psoriasis,RECOVERED
psoriasis-pustular-generalized-9.jpg,Psoriasis pictures Lichen Planus and related diseases,Psoriasis,Psoriasis,RECOVERED
psoriasis-scalp-1.jpg,Psoriasis pictures Lichen Planus and related diseases,Psoriasis,Psoriasis,RECOVERED
psoriasis-scalp-10.jpg,Psoriasis pictures Lichen Planus and related diseases,Psoriasis,Psoriasis,RECOVERED
psoriasis-scalp-100.jpg,Psoriasis pictures Lichen Planus and related diseases,Psoriasis,Psoriasis,RECOVERED
psoriasis-scalp-101.jpg,Psoriasis pictures Lichen Planus and related diseases,Psoriasis,Psoriasis,RECOVERED
psoriasis-scalp-102.jpg,Psoriasis pictures Lichen Planus and related diseases,Psoriasis,Psoriasis,RECOVERED
psoriasis-scalp-103.jpg,Psoriasis pictures Lichen Planus and related diseases,Psoriasis,Psoriasis,RECOVERED
psoriasis-scalp-104.jpg,Psoriasis pictures Lichen Planus and related diseases,Psoriasis,Psoriasis,RECOVERED
psoriasis-scalp-105.jpg,Psoriasis pictures Lichen Planus and related diseases,Psoriasis,Psoriasis,RECOVERED
psoriasis-scalp-106.jpg,Psoriasis pictures Lichen Planus and related diseases,Psoriasis,Psoriasis,RECOVERED
psoriasis-scalp-107.jpg,Psoriasis pictures Lichen Planus and related diseases,Psoriasis,Psoriasis,RECOVERED
psoriasis-scalp-108.jpg,Psoriasis pictures Lichen Planus and related diseases,Psoriasis,Psoriasis,RECOVERED
psoriasis-scalp-11.jpg,Psoriasis pictures Lichen Planus and related diseases,Psoriasis,Psoriasis,RECOVERED
psoriasis-scalp-110.jpg,Psoriasis pictures Lichen Planus and related diseases,Psoriasis,Psoriasis,RECOVERED
psoriasis-scalp-13.jpg,Psoriasis pictures Lichen Planus and related diseases,Psoriasis,Psoriasis,RECOVERED
psoriasis-scalp-15.jpg,Psoriasis pictures Lichen Planus and related diseases,Psoriasis,Psoriasis,RECOVERED
psoriasis-scalp-19.jpg,Psoriasis pictures Lichen Planus and related diseases,Psoriasis,Psoriasis,RECOVERED
psoriasis-scalp-2.jpg,Psoriasis pictures Lichen Planus and related diseases,Psoriasis,Psoriasis,RECOVERED
psoriasis-scalp-20.jpg,Psoriasis pictures Lichen Planus and related diseases,Psoriasis,Psoriasis,RECOVERED
psoriasis-scalp-21.jpg,Psoriasis pictures Lichen Planus and related diseases,Psoriasis,Psoriasis,RECOVERED
psoriasis-scalp-22.jpg,Psoriasis pictures Lichen Planus and related diseases,Psoriasis,Psoriasis,RECOVERED
psoriasis-scalp-23.jpg,Psoriasis pictures Lichen Planus and related diseases,Psoriasis,Psoriasis,RECOVERED
psoriasis-scalp-24.jpg,Psoriasis pictures Lichen Planus and related diseases,Psoriasis,Psoriasis,RECOVERED
psoriasis-scalp-25.jpg,Psoriasis pictures Lichen Planus and related diseases,Psoriasis,Psoriasis,RECOVERED
psoriasis-scalp-26.jpg,Psoriasis pictures Lichen Planus and related diseases,Psoriasis,Psoriasis,RECOVERED
psoriasis-scalp-27.jpg,Psoriasis pictures Lichen Planus and related diseases,Psoriasis,Psoriasis,RECOVERED
psoriasis-scalp-28.jpg,Psoriasis pictures Lichen Planus and related diseases,Psoriasis,Psoriasis,RECOVERED
psoriasis-scalp-29.jpg,Psoriasis pictures Lichen Planus and related diseases,Psoriasis,Psoriasis,RECOVERED
psoriasis-scalp-3.jpg,Psoriasis pictures Lichen Planus and related diseases,Psoriasis,Psoriasis,RECOVERED
psoriasis-scalp-30.jpg,Psoriasis pictures Lichen Planus and related diseases,Psoriasis,Psoriasis,RECOVERED
psoriasis-scalp-31.jpg,Psoriasis pictures Lichen Planus and related diseases,Psoriasis,Psoriasis,RECOVERED
psoriasis-scalp-32.jpg,Psoriasis pictures Lichen Planus and related diseases,Psoriasis,Psoriasis,RECOVERED
psoriasis-scalp-33.jpg,Psoriasis pictures Lichen Planus and related diseases,Psoriasis,Psoriasis,RECOVERED
psoriasis-scalp-34.jpg,Psoriasis pictures Lichen Planus and related diseases,Psoriasis,Psoriasis,RECOVERED
psoriasis-scalp-35.jpg,Psoriasis pictures Lichen Planus and related diseases,Psoriasis,Psoriasis,RECOVERED
psoriasis-scalp-36.jpg,Psoriasis pictures Lichen Planus and related diseases,Psoriasis,Psoriasis,RECOVERED
psoriasis-scalp-37.jpg,Psoriasis pictures Lichen Planus and related diseases,Psoriasis,Psoriasis,RECOVERED
psoriasis-scalp-39.jpg,Psoriasis pictures Lichen Planus and related diseases,Psoriasis,Psoriasis,RECOVERED
psoriasis-scalp-40.jpg,Psoriasis pictures Lichen Planus and related diseases,Psoriasis,Psoriasis,RECOVERED
psoriasis-scalp-41.jpg,Psoriasis pictures Lichen Planus and related diseases,Psoriasis,Psoriasis,RECOVERED
psoriasis-scalp-42.jpg,Psoriasis pictures Lichen Planus and related diseases,Psoriasis,Psoriasis,RECOVERED
psoriasis-scalp-43.jpg,Psoriasis pictures Lichen Planus and related diseases,Psoriasis,Psoriasis,RECOVERED
psoriasis-scalp-47.jpg,Psoriasis pictures Lichen Planus and related diseases,Psoriasis,Psoriasis,RECOVERED
psoriasis-scalp-48.jpg,Psoriasis pictures Lichen Planus and related diseases,Psoriasis,Psoriasis,RECOVERED
psoriasis-scalp-49.jpg,Psoriasis pictures Lichen Planus and related diseases,Psoriasis,Psoriasis,RECOVERED
psoriasis-scalp-5.jpg,Psoriasis pictures Lichen Planus and related diseases,Psoriasis,Psoriasis,RECOVERED
psoriasis-scalp-50.jpg,Psoriasis pictures Lichen Planus and related diseases,Psoriasis,Psoriasis,RECOVERED
psoriasis-scalp-52.jpg,Psoriasis pictures Lichen Planus and related diseases,Psoriasis,Psoriasis,RECOVERED
psoriasis-scalp-53.jpg,Psoriasis pictures Lichen Planus and related diseases,Psoriasis,Psoriasis,RECOVERED
psoriasis-scalp-54.jpg,Psoriasis pictures Lichen Planus and related diseases,Psoriasis,Psoriasis,RECOVERED
psoriasis-scalp-55.jpg,Psoriasis pictures Lichen Planus and related diseases,Psoriasis,Psoriasis,RECOVERED
psoriasis-scalp-57.jpg,Psoriasis pictures Lichen Planus and related diseases,Psoriasis,Psoriasis,RECOVERED
psoriasis-scalp-59.jpg,Psoriasis pictures Lichen Planus and related diseases,Psoriasis,Psoriasis,RECOVERED
psoriasis-scalp-6.jpg,Psoriasis pictures Lichen Planus and related diseases,Psoriasis,Psoriasis,RECOVERED
psoriasis-scalp-61.jpg,Psoriasis pictures Lichen Planus and related diseases,Psoriasis,Psoriasis,RECOVERED
psoriasis-scalp-62.jpg,Psoriasis pictures Lichen Planus and related diseases,Psoriasis,Psoriasis,RECOVERED
psoriasis-scalp-63.jpg,Psoriasis pictures Lichen Planus and related diseases,Psoriasis,Psoriasis,RECOVERED
psoriasis-scalp-66.jpg,Psoriasis pictures Lichen Planus and related diseases,Psoriasis,Psoriasis,RECOVERED
psoriasis-scalp-67.jpg,Psoriasis pictures Lichen Planus and related diseases,Psoriasis,Psoriasis,RECOVERED
psoriasis-scalp-68.jpg,Psoriasis pictures Lichen Planus and related diseases,Psoriasis,Psoriasis,RECOVERED
psoriasis-scalp-69.jpg,Psoriasis pictures Lichen Planus and related diseases,Psoriasis,Psoriasis,RECOVERED
psoriasis-scalp-7.jpg,Psoriasis pictures Lichen Planus and related diseases,Psoriasis,Psoriasis,RECOVERED
psoriasis-scalp-70.jpg,Psoriasis pictures Lichen Planus and related diseases,Psoriasis,Psoriasis,RECOVERED
psoriasis-scalp-71.jpg,Psoriasis pictures Lichen Planus and related diseases,Psoriasis,Psoriasis,RECOVERED
psoriasis-scalp-72.jpg,Psoriasis pictures Lichen Planus and related diseases,Psoriasis,Psoriasis,RECOVERED
psoriasis-scalp-73.jpg,Psoriasis pictures Lichen Planus and related diseases,Psoriasis,Psoriasis,RECOVERED
psoriasis-scalp-74.jpg,Psoriasis pictures Lichen Planus and related diseases,Psoriasis,Psoriasis,RECOVERED
psoriasis-scalp-75.jpg,Psoriasis pictures Lichen Planus and related diseases,Psoriasis,Psoriasis,RECOVERED
psoriasis-scalp-76.jpg,Psoriasis pictures Lichen Planus and related diseases,Psoriasis,Psoriasis,RECOVERED
psoriasis-scalp-77.jpg,Psoriasis pictures Lichen Planus and related diseases,Psoriasis,Psoriasis,RECOVERED
psoriasis-scalp-78.jpg,Psoriasis pictures Lichen Planus and related diseases,Psoriasis,Psoriasis,RECOVERED
psoriasis-scalp-8.jpg,Psoriasis pictures Lichen Planus and related diseases,Psoriasis,Psoriasis,RECOVERED
psoriasis-scalp-80.jpg,Psoriasis pictures Lichen Planus and related diseases,Psoriasis,Psoriasis,RECOVERED
psoriasis-scalp-81.jpg,Psoriasis pictures Lichen Planus and related diseases,Psoriasis,Psoriasis,RECOVERED
psoriasis-scalp-84.jpg,Psoriasis pictures Lichen Planus and related diseases,Psoriasis,Psoriasis,RECOVERED
psoriasis-scalp-85.jpg,Psoriasis pictures Lichen Planus and related diseases,Psoriasis,Psoriasis,RECOVERED
psoriasis-scalp-86.jpg,Psoriasis pictures Lichen Planus and related diseases,Psoriasis,Psoriasis,RECOVERED
psoriasis-scalp-87.jpg,Psoriasis pictures Lichen Planus and related diseases,Psoriasis,Psoriasis,RECOVERED
psoriasis-scalp-88.jpg,Psoriasis pictures Lichen Planus and related diseases,Psoriasis,Psoriasis,RECOVERED
psoriasis-scalp-9.jpg,Psoriasis pictures Lichen Planus and related diseases,Psoriasis,Psoriasis,RECOVERED
psoriasis-scalp-90.jpg,Psoriasis pictures Lichen Planus and related diseases,Psoriasis,Psoriasis,RECOVERED
psoriasis-scalp-91.jpg,Psoriasis pictures Lichen Planus and related diseases,Psoriasis,Psoriasis,RECOVERED
psoriasis-scalp-92.jpg,Psoriasis pictures Lichen Planus and related diseases,Psoriasis,Psoriasis,RECOVERED
psoriasis-scalp-93.jpg,Psoriasis pictures Lichen Planus and related diseases,Psoriasis,Psoriasis,RECOVERED
psoriasis-scalp-94.jpg,Psoriasis pictures Lichen Planus and related diseases,Psoriasis,Psoriasis,RECOVERED
psoriasis-scalp-95.jpg,Psoriasis pictures Lichen Planus and related diseases,Psoriasis,Psoriasis,RECOVERED
psoriasis-scalp-96.jpg,Psoriasis pictures Lichen Planus and related diseases,Psoriasis,Psoriasis,RECOVERED
psoriasis-scalp-97.jpg,Psoriasis pictures Lichen Planus and related diseases,Psoriasis,Psoriasis,RECOVERED
psoriasis-scalp-99.jpg,Psoriasis pictures Lichen Planus and related diseases,Psoriasis,Psoriasis,RECOVERED
Psoriasis-sunburn-1.jpg,Psoriasis pictures Lichen Planus and related diseases,Psoriasis,Psoriasis,RECOVERED
Psoriasis-sunburn-2.jpg,Psoriasis pictures Lichen Planus and related diseases,Psoriasis,Psoriasis,RECOVERED
Psoriasis-sunburn-3.jpg,Psoriasis pictures Lichen Planus and related diseases,Psoriasis,Psoriasis,RECOVERED
Psoriasis-sunburn-4.jpg,Psoriasis pictures Lichen Planus and related diseases,Psoriasis,Psoriasis,RECOVERED
Psoriasis-treatment-1.jpg,Psoriasis pictures Lichen Planus and related diseases,Psoriasis,Psoriasis,RECOVERED
Psoriasis-treatment-10.jpg,Psoriasis pictures Lichen Planus and related diseases,Psoriasis,Psoriasis,RECOVERED
Psoriasis-treatment-2.jpg,Psoriasis pictures Lichen Planus and related diseases,Psoriasis,Psoriasis,RECOVERED
Psoriasis-treatment-3.jpg,Psoriasis pictures Lichen Planus and related diseases,Psoriasis,Psoriasis,RECOVERED
Psoriasis-treatment-4.jpg,Psoriasis pictures Lichen Planus and related diseases,Psoriasis,Psoriasis,RECOVERED
Psoriasis-treatment-5.jpg,Psoriasis pictures Lichen Planus and related diseases,Psoriasis,Psoriasis,RECOVERED
Psoriasis-treatment-6.jpg,Psoriasis pictures Lichen Planus and related diseases,Psoriasis,Psoriasis,RECOVERED
Psoriasis-treatment-7.jpg,Psoriasis pictures Lichen Planus and related diseases,Psoriasis,Psoriasis,RECOVERED
Psoriasis-treatment-8.jpg,Psoriasis pictures Lichen Planus and related diseases,Psoriasis,Psoriasis,RECOVERED
Psoriasis-treatment-9.jpg,Psoriasis pictures Lichen Planus and related diseases,Psoriasis,Psoriasis,RECOVERED
Psoriasis-Trunk-052504.jpg,Psoriasis pictures Lichen Planus and related diseases,Psoriasis,Psoriasis,RECOVERED
Psoriasis-Trunk-0525041.jpg,Psoriasis pictures Lichen Planus and related diseases,Psoriasis,Psoriasis,RECOVERED
Psoriasis-vulva-1.jpg,Psoriasis pictures Lichen Planus and related diseases,Psoriasis,Psoriasis,RECOVERED
Psoriasis-vulva-2.jpg,Psoriasis pictures Lichen Planus and related diseases,Psoriasis,Psoriasis,RECOVERED
PsoriasisScrotumNail.jpg,Psoriasis pictures Lichen Planus and related diseases,Psoriasis,Psoriasis,RECOVERED
reiter-syndrome-1.jpg,Psoriasis pictures Lichen Planus and related diseases,,Psoriasis pictures Lichen Planus and related diseases,UNMATCHED_RETAINS_FOLDER_LABEL
reiter-syndrome-10.jpg,Psoriasis pictures Lichen Planus and related diseases,,Psoriasis pictures Lichen Planus and related diseases,UNMATCHED_RETAINS_FOLDER_LABEL
reiter-syndrome-12.jpg,Psoriasis pictures Lichen Planus and related diseases,,Psoriasis pictures Lichen Planus and related diseases,UNMATCHED_RETAINS_FOLDER_LABEL
reiter-syndrome-13.jpg,Psoriasis pictures Lichen Planus and related diseases,,Psoriasis pictures Lichen Planus and related diseases,UNMATCHED_RETAINS_FOLDER_LABEL
reiter-syndrome-14.jpg,Psoriasis pictures Lichen Planus and related diseases,,Psoriasis pictures Lichen Planus and related diseases,UNMATCHED_RETAINS_FOLDER_LABEL
reiter-syndrome-15.jpg,Psoriasis pictures Lichen Planus and related diseases,,Psoriasis pictures Lichen Planus and related diseases,UNMATCHED_RETAINS_FOLDER_LABEL
reiter-syndrome-16.jpg,Psoriasis pictures Lichen Planus and related diseases,,Psoriasis pictures Lichen Planus and related diseases,UNMATCHED_RETAINS_FOLDER_LABEL
reiter-syndrome-18.jpg,Psoriasis pictures Lichen Planus and related diseases,,Psoriasis pictures Lichen Planus and related diseases,UNMATCHED_RETAINS_FOLDER_LABEL
reiter-syndrome-20.jpg,Psoriasis pictures Lichen Planus and related diseases,,Psoriasis pictures Lichen Planus and related diseases,UNMATCHED_RETAINS_FOLDER_LABEL
reiter-syndrome-21.jpg,Psoriasis pictures Lichen Planus and related diseases,,Psoriasis pictures Lichen Planus and related diseases,UNMATCHED_RETAINS_FOLDER_LABEL
reiter-syndrome-4.jpg,Psoriasis pictures Lichen Planus and related diseases,,Psoriasis pictures Lichen Planus and related diseases,UNMATCHED_RETAINS_FOLDER_LABEL
reiter-syndrome-6.jpg,Psoriasis pictures Lichen Planus and related diseases,,Psoriasis pictures Lichen Planus and related diseases,UNMATCHED_RETAINS_FOLDER_LABEL
reiter-syndrome-7.jpg,Psoriasis pictures Lichen Planus and related diseases,,Psoriasis pictures Lichen Planus and related diseases,UNMATCHED_RETAINS_FOLDER_LABEL
reiter-syndrome-9.jpg,Psoriasis pictures Lichen Planus and related diseases,,Psoriasis pictures Lichen Planus and related diseases,UNMATCHED_RETAINS_FOLDER_LABEL
seborrheic-dermatitis-10.jpg,Psoriasis pictures Lichen Planus and related diseases,Seborrheic_Dermatitis,Seborrheic_Dermatitis,RECOVERED
seborrheic-dermatitis-101.jpg,Psoriasis pictures Lichen Planus and related diseases,Seborrheic_Dermatitis,Seborrheic_Dermatitis,RECOVERED
seborrheic-dermatitis-102.jpg,Psoriasis pictures Lichen Planus and related diseases,Seborrheic_Dermatitis,Seborrheic_Dermatitis,RECOVERED
seborrheic-dermatitis-103.jpg,Psoriasis pictures Lichen Planus and related diseases,Seborrheic_Dermatitis,Seborrheic_Dermatitis,RECOVERED
seborrheic-dermatitis-104.jpg,Psoriasis pictures Lichen Planus and related diseases,Seborrheic_Dermatitis,Seborrheic_Dermatitis,RECOVERED
seborrheic-dermatitis-106.jpg,Psoriasis pictures Lichen Planus and related diseases,Seborrheic_Dermatitis,Seborrheic_Dermatitis,RECOVERED
seborrheic-dermatitis-109.jpg,Psoriasis pictures Lichen Planus and related diseases,Seborrheic_Dermatitis,Seborrheic_Dermatitis,RECOVERED
seborrheic-dermatitis-110.jpg,Psoriasis pictures Lichen Planus and related diseases,Seborrheic_Dermatitis,Seborrheic_Dermatitis,RECOVERED
seborrheic-dermatitis-111.jpg,Psoriasis pictures Lichen Planus and related diseases,Seborrheic_Dermatitis,Seborrheic_Dermatitis,RECOVERED
seborrheic-dermatitis-112.jpg,Psoriasis pictures Lichen Planus and related diseases,Seborrheic_Dermatitis,Seborrheic_Dermatitis,RECOVERED
seborrheic-dermatitis-114.jpg,Psoriasis pictures Lichen Planus and related diseases,Seborrheic_Dermatitis,Seborrheic_Dermatitis,RECOVERED
seborrheic-dermatitis-115.jpg,Psoriasis pictures Lichen Planus and related diseases,Seborrheic_Dermatitis,Seborrheic_Dermatitis,RECOVERED
seborrheic-dermatitis-116.jpg,Psoriasis pictures Lichen Planus and related diseases,Seborrheic_Dermatitis,Seborrheic_Dermatitis,RECOVERED
seborrheic-dermatitis-118.jpg,Psoriasis pictures Lichen Planus and related diseases,Seborrheic_Dermatitis,Seborrheic_Dermatitis,RECOVERED
seborrheic-dermatitis-119.jpg,Psoriasis pictures Lichen Planus and related diseases,Seborrheic_Dermatitis,Seborrheic_Dermatitis,RECOVERED
seborrheic-dermatitis-12.jpg,Psoriasis pictures Lichen Planus and related diseases,Seborrheic_Dermatitis,Seborrheic_Dermatitis,RECOVERED
seborrheic-dermatitis-120.jpg,Psoriasis pictures Lichen Planus and related diseases,Seborrheic_Dermatitis,Seborrheic_Dermatitis,RECOVERED
seborrheic-dermatitis-121.jpg,Psoriasis pictures Lichen Planus and related diseases,Seborrheic_Dermatitis,Seborrheic_Dermatitis,RECOVERED
seborrheic-dermatitis-123.jpg,Psoriasis pictures Lichen Planus and related diseases,Seborrheic_Dermatitis,Seborrheic_Dermatitis,RECOVERED
seborrheic-dermatitis-124.jpg,Psoriasis pictures Lichen Planus and related diseases,Seborrheic_Dermatitis,Seborrheic_Dermatitis,RECOVERED
seborrheic-dermatitis-125.jpg,Psoriasis pictures Lichen Planus and related diseases,Seborrheic_Dermatitis,Seborrheic_Dermatitis,RECOVERED
seborrheic-dermatitis-126.jpg,Psoriasis pictures Lichen Planus and related diseases,Seborrheic_Dermatitis,Seborrheic_Dermatitis,RECOVERED
seborrheic-dermatitis-127.jpg,Psoriasis pictures Lichen Planus and related diseases,Seborrheic_Dermatitis,Seborrheic_Dermatitis,RECOVERED
seborrheic-dermatitis-128.jpg,Psoriasis pictures Lichen Planus and related diseases,Seborrheic_Dermatitis,Seborrheic_Dermatitis,RECOVERED
seborrheic-dermatitis-13.jpg,Psoriasis pictures Lichen Planus and related diseases,Seborrheic_Dermatitis,Seborrheic_Dermatitis,RECOVERED
seborrheic-dermatitis-130.jpg,Psoriasis pictures Lichen Planus and related diseases,Seborrheic_Dermatitis,Seborrheic_Dermatitis,RECOVERED
seborrheic-dermatitis-131.jpg,Psoriasis pictures Lichen Planus and related diseases,Seborrheic_Dermatitis,Seborrheic_Dermatitis,RECOVERED
seborrheic-dermatitis-133.jpg,Psoriasis pictures Lichen Planus and related diseases,Seborrheic_Dermatitis,Seborrheic_Dermatitis,RECOVERED
seborrheic-dermatitis-134.jpg,Psoriasis pictures Lichen Planus and related diseases,Seborrheic_Dermatitis,Seborrheic_Dermatitis,RECOVERED
seborrheic-dermatitis-136.jpg,Psoriasis pictures Lichen Planus and related diseases,Seborrheic_Dermatitis,Seborrheic_Dermatitis,RECOVERED
seborrheic-dermatitis-138.jpg,Psoriasis pictures Lichen Planus and related diseases,Seborrheic_Dermatitis,Seborrheic_Dermatitis,RECOVERED
seborrheic-dermatitis-139.jpg,Psoriasis pictures Lichen Planus and related diseases,Seborrheic_Dermatitis,Seborrheic_Dermatitis,RECOVERED
seborrheic-dermatitis-14.jpg,Psoriasis pictures Lichen Planus and related diseases,Seborrheic_Dermatitis,Seborrheic_Dermatitis,RECOVERED
seborrheic-dermatitis-140.jpg,Psoriasis pictures Lichen Planus and related diseases,Seborrheic_Dermatitis,Seborrheic_Dermatitis,RECOVERED
seborrheic-dermatitis-141.jpg,Psoriasis pictures Lichen Planus and related diseases,Seborrheic_Dermatitis,Seborrheic_Dermatitis,RECOVERED
seborrheic-dermatitis-142.jpg,Psoriasis pictures Lichen Planus and related diseases,Seborrheic_Dermatitis,Seborrheic_Dermatitis,RECOVERED
seborrheic-dermatitis-143.jpg,Psoriasis pictures Lichen Planus and related diseases,Seborrheic_Dermatitis,Seborrheic_Dermatitis,RECOVERED
seborrheic-dermatitis-144.jpg,Psoriasis pictures Lichen Planus and related diseases,Seborrheic_Dermatitis,Seborrheic_Dermatitis,RECOVERED
seborrheic-dermatitis-145.jpg,Psoriasis pictures Lichen Planus and related diseases,Seborrheic_Dermatitis,Seborrheic_Dermatitis,RECOVERED
seborrheic-dermatitis-147.jpg,Psoriasis pictures Lichen Planus and related diseases,Seborrheic_Dermatitis,Seborrheic_Dermatitis,RECOVERED
seborrheic-dermatitis-148.jpg,Psoriasis pictures Lichen Planus and related diseases,Seborrheic_Dermatitis,Seborrheic_Dermatitis,RECOVERED
seborrheic-dermatitis-149.jpg,Psoriasis pictures Lichen Planus and related diseases,Seborrheic_Dermatitis,Seborrheic_Dermatitis,RECOVERED
seborrheic-dermatitis-150.jpg,Psoriasis pictures Lichen Planus and related diseases,Seborrheic_Dermatitis,Seborrheic_Dermatitis,RECOVERED
seborrheic-dermatitis-151.jpg,Psoriasis pictures Lichen Planus and related diseases,Seborrheic_Dermatitis,Seborrheic_Dermatitis,RECOVERED
seborrheic-dermatitis-152.jpg,Psoriasis pictures Lichen Planus and related diseases,Seborrheic_Dermatitis,Seborrheic_Dermatitis,RECOVERED
seborrheic-dermatitis-153.jpg,Psoriasis pictures Lichen Planus and related diseases,Seborrheic_Dermatitis,Seborrheic_Dermatitis,RECOVERED
seborrheic-dermatitis-154.jpg,Psoriasis pictures Lichen Planus and related diseases,Seborrheic_Dermatitis,Seborrheic_Dermatitis,RECOVERED
seborrheic-dermatitis-155.jpg,Psoriasis pictures Lichen Planus and related diseases,Seborrheic_Dermatitis,Seborrheic_Dermatitis,RECOVERED
seborrheic-dermatitis-76.jpg,Psoriasis pictures Lichen Planus and related diseases,Seborrheic_Dermatitis,Seborrheic_Dermatitis,RECOVERED
seborrheic-dermatitis-77.jpg,Psoriasis pictures Lichen Planus and related diseases,Seborrheic_Dermatitis,Seborrheic_Dermatitis,RECOVERED
seborrheic-dermatitis-79.jpg,Psoriasis pictures Lichen Planus and related diseases,Seborrheic_Dermatitis,Seborrheic_Dermatitis,RECOVERED
seborrheic-dermatitis-8.jpg,Psoriasis pictures Lichen Planus and related diseases,Seborrheic_Dermatitis,Seborrheic_Dermatitis,RECOVERED
seborrheic-dermatitis-80.jpg,Psoriasis pictures Lichen Planus and related diseases,Seborrheic_Dermatitis,Seborrheic_Dermatitis,RECOVERED
seborrheic-dermatitis-81.jpg,Psoriasis pictures Lichen Planus and related diseases,Seborrheic_Dermatitis,Seborrheic_Dermatitis,RECOVERED
seborrheic-dermatitis-83.jpg,Psoriasis pictures Lichen Planus and related diseases,Seborrheic_Dermatitis,Seborrheic_Dermatitis,RECOVERED
seborrheic-dermatitis-85.jpg,Psoriasis pictures Lichen Planus and related diseases,Seborrheic_Dermatitis,Seborrheic_Dermatitis,RECOVERED
seborrheic-dermatitis-86.jpg,Psoriasis pictures Lichen Planus and related diseases,Seborrheic_Dermatitis,Seborrheic_Dermatitis,RECOVERED
seborrheic-dermatitis-88.jpg,Psoriasis pictures Lichen Planus and related diseases,Seborrheic_Dermatitis,Seborrheic_Dermatitis,RECOVERED
seborrheic-dermatitis-92.jpg,Psoriasis pictures Lichen Planus and related diseases,Seborrheic_Dermatitis,Seborrheic_Dermatitis,RECOVERED
seborrheic-dermatitis-93.jpg,Psoriasis pictures Lichen Planus and related diseases,Seborrheic_Dermatitis,Seborrheic_Dermatitis,RECOVERED
seborrheic-dermatitis-94.jpg,Psoriasis pictures Lichen Planus and related diseases,Seborrheic_Dermatitis,Seborrheic_Dermatitis,RECOVERED
seborrheic-dermatitis-95.jpg,Psoriasis pictures Lichen Planus and related diseases,Seborrheic_Dermatitis,Seborrheic_Dermatitis,RECOVERED
seborrheic-dermatitis-96.jpg,Psoriasis pictures Lichen Planus and related diseases,Seborrheic_Dermatitis,Seborrheic_Dermatitis,RECOVERED
seborrheic-dermatitis-98.jpg,Psoriasis pictures Lichen Planus and related diseases,Seborrheic_Dermatitis,Seborrheic_Dermatitis,RECOVERED
seborrheic-dermatitis-99.jpg,Psoriasis pictures Lichen Planus and related diseases,Seborrheic_Dermatitis,Seborrheic_Dermatitis,RECOVERED
07GiantComedone.jpg,Seborrheic Keratoses and other Benign Tumors,,Seborrheic Keratoses and other Benign Tumors,UNMATCHED_RETAINS_FOLDER_LABEL
20cystAnal053104.jpg,Seborrheic Keratoses and other Benign Tumors,,Seborrheic Keratoses and other Benign Tumors,UNMATCHED_RETAINS_FOLDER_LABEL
20cystAnal0531041.jpg,Seborrheic Keratoses and other Benign Tumors,,Seborrheic Keratoses and other Benign Tumors,UNMATCHED_RETAINS_FOLDER_LABEL
20CystClearFluid.jpg,Seborrheic Keratoses and other Benign Tumors,,Seborrheic Keratoses and other Benign Tumors,UNMATCHED_RETAINS_FOLDER_LABEL
20EpidermCystRuptured.jpg,Seborrheic Keratoses and other Benign Tumors,,Seborrheic Keratoses and other Benign Tumors,UNMATCHED_RETAINS_FOLDER_LABEL
20PilarCyst0825.jpg,Seborrheic Keratoses and other Benign Tumors,,Seborrheic Keratoses and other Benign Tumors,UNMATCHED_RETAINS_FOLDER_LABEL
20PilarCyst1.jpg,Seborrheic Keratoses and other Benign Tumors,,Seborrheic Keratoses and other Benign Tumors,UNMATCHED_RETAINS_FOLDER_LABEL
20RupturedCyst.jpg,Seborrheic Keratoses and other Benign Tumors,,Seborrheic Keratoses and other Benign Tumors,UNMATCHED_RETAINS_FOLDER_LABEL
20SebNevus0216.jpg,Seborrheic Keratoses and other Benign Tumors,,Seborrheic Keratoses and other Benign Tumors,UNMATCHED_RETAINS_FOLDER_LABEL
20SebNevus02161.jpg,Seborrheic Keratoses and other Benign Tumors,,Seborrheic Keratoses and other Benign Tumors,UNMATCHED_RETAINS_FOLDER_LABEL
accessory-nipple-1.jpg,Seborrheic Keratoses and other Benign Tumors,,Seborrheic Keratoses and other Benign Tumors,UNMATCHED_RETAINS_FOLDER_LABEL
accessory-nipple-10.jpg,Seborrheic Keratoses and other Benign Tumors,,Seborrheic Keratoses and other Benign Tumors,UNMATCHED_RETAINS_FOLDER_LABEL
accessory-nipple-3.jpg,Seborrheic Keratoses and other Benign Tumors,,Seborrheic Keratoses and other Benign Tumors,UNMATCHED_RETAINS_FOLDER_LABEL
accessory-nipple-4.jpg,Seborrheic Keratoses and other Benign Tumors,,Seborrheic Keratoses and other Benign Tumors,UNMATCHED_RETAINS_FOLDER_LABEL
accessory-nipple-5.jpg,Seborrheic Keratoses and other Benign Tumors,,Seborrheic Keratoses and other Benign Tumors,UNMATCHED_RETAINS_FOLDER_LABEL
accessory-nipple-6.jpg,Seborrheic Keratoses and other Benign Tumors,,Seborrheic Keratoses and other Benign Tumors,UNMATCHED_RETAINS_FOLDER_LABEL
accessory-nipple-8.jpg,Seborrheic Keratoses and other Benign Tumors,,Seborrheic Keratoses and other Benign Tumors,UNMATCHED_RETAINS_FOLDER_LABEL
accessory-nipple-9.jpg,Seborrheic Keratoses and other Benign Tumors,,Seborrheic Keratoses and other Benign Tumors,UNMATCHED_RETAINS_FOLDER_LABEL
accessory-trachus-1.jpg,Seborrheic Keratoses and other Benign Tumors,,Seborrheic Keratoses and other Benign Tumors,UNMATCHED_RETAINS_FOLDER_LABEL
accessory-trachus-2.jpg,Seborrheic Keratoses and other Benign Tumors,,Seborrheic Keratoses and other Benign Tumors,UNMATCHED_RETAINS_FOLDER_LABEL
accessory-trachus-3.jpg,Seborrheic Keratoses and other Benign Tumors,,Seborrheic Keratoses and other Benign Tumors,UNMATCHED_RETAINS_FOLDER_LABEL
accessory-trachus-4.jpg,Seborrheic Keratoses and other Benign Tumors,,Seborrheic Keratoses and other Benign Tumors,UNMATCHED_RETAINS_FOLDER_LABEL
accessory-trachus-5.jpg,Seborrheic Keratoses and other Benign Tumors,,Seborrheic Keratoses and other Benign Tumors,UNMATCHED_RETAINS_FOLDER_LABEL
acquired-digital-fibrokeratoma-2.jpg,Seborrheic Keratoses and other Benign Tumors,,Seborrheic Keratoses and other Benign Tumors,UNMATCHED_RETAINS_FOLDER_LABEL
acquired-digital-fibrokeratoma-5.jpg,Seborrheic Keratoses and other Benign Tumors,,Seborrheic Keratoses and other Benign Tumors,UNMATCHED_RETAINS_FOLDER_LABEL
acquired-digital-fibrokeratoma-6.jpg,Seborrheic Keratoses and other Benign Tumors,,Seborrheic Keratoses and other Benign Tumors,UNMATCHED_RETAINS_FOLDER_LABEL
acquired-digital-fibrokeratoma-7.jpg,Seborrheic Keratoses and other Benign Tumors,,Seborrheic Keratoses and other Benign Tumors,UNMATCHED_RETAINS_FOLDER_LABEL
atypical-fibroxanthoma-1.jpg,Seborrheic Keratoses and other Benign Tumors,,Seborrheic Keratoses and other Benign Tumors,UNMATCHED_RETAINS_FOLDER_LABEL
atypical-fibroxanthoma-2.jpg,Seborrheic Keratoses and other Benign Tumors,,Seborrheic Keratoses and other Benign Tumors,UNMATCHED_RETAINS_FOLDER_LABEL
calcifying-epithelioma-2.jpg,Seborrheic Keratoses and other Benign Tumors,,Seborrheic Keratoses and other Benign Tumors,UNMATCHED_RETAINS_FOLDER_LABEL
calcifying-epithelioma-4.jpg,Seborrheic Keratoses and other Benign Tumors,,Seborrheic Keratoses and other Benign Tumors,UNMATCHED_RETAINS_FOLDER_LABEL
calcifying-epithelioma-5.jpg,Seborrheic Keratoses and other Benign Tumors,,Seborrheic Keratoses and other Benign Tumors,UNMATCHED_RETAINS_FOLDER_LABEL
calcifying-epithelioma-6.jpg,Seborrheic Keratoses and other Benign Tumors,,Seborrheic Keratoses and other Benign Tumors,UNMATCHED_RETAINS_FOLDER_LABEL
calcifying-epithelioma-7.jpg,Seborrheic Keratoses and other Benign Tumors,,Seborrheic Keratoses and other Benign Tumors,UNMATCHED_RETAINS_FOLDER_LABEL
chondrodermatitis-nodularis-1.jpg,Seborrheic Keratoses and other Benign Tumors,,Seborrheic Keratoses and other Benign Tumors,UNMATCHED_RETAINS_FOLDER_LABEL
chondrodermatitis-nodularis-10.jpg,Seborrheic Keratoses and other Benign Tumors,,Seborrheic Keratoses and other Benign Tumors,UNMATCHED_RETAINS_FOLDER_LABEL
chondrodermatitis-nodularis-11.jpg,Seborrheic Keratoses and other Benign Tumors,,Seborrheic Keratoses and other Benign Tumors,UNMATCHED_RETAINS_FOLDER_LABEL
chondrodermatitis-nodularis-12.jpg,Seborrheic Keratoses and other Benign Tumors,,Seborrheic Keratoses and other Benign Tumors,UNMATCHED_RETAINS_FOLDER_LABEL
chondrodermatitis-nodularis-13.jpg,Seborrheic Keratoses and other Benign Tumors,,Seborrheic Keratoses and other Benign Tumors,UNMATCHED_RETAINS_FOLDER_LABEL
chondrodermatitis-nodularis-14.jpg,Seborrheic Keratoses and other Benign Tumors,,Seborrheic Keratoses and other Benign Tumors,UNMATCHED_RETAINS_FOLDER_LABEL
chondrodermatitis-nodularis-15.jpg,Seborrheic Keratoses and other Benign Tumors,,Seborrheic Keratoses and other Benign Tumors,UNMATCHED_RETAINS_FOLDER_LABEL
chondrodermatitis-nodularis-16.jpg,Seborrheic Keratoses and other Benign Tumors,,Seborrheic Keratoses and other Benign Tumors,UNMATCHED_RETAINS_FOLDER_LABEL
chondrodermatitis-nodularis-17.jpg,Seborrheic Keratoses and other Benign Tumors,,Seborrheic Keratoses and other Benign Tumors,UNMATCHED_RETAINS_FOLDER_LABEL
chondrodermatitis-nodularis-18.jpg,Seborrheic Keratoses and other Benign Tumors,,Seborrheic Keratoses and other Benign Tumors,UNMATCHED_RETAINS_FOLDER_LABEL
chondrodermatitis-nodularis-19.jpg,Seborrheic Keratoses and other Benign Tumors,,Seborrheic Keratoses and other Benign Tumors,UNMATCHED_RETAINS_FOLDER_LABEL
chondrodermatitis-nodularis-2.jpg,Seborrheic Keratoses and other Benign Tumors,,Seborrheic Keratoses and other Benign Tumors,UNMATCHED_RETAINS_FOLDER_LABEL
chondrodermatitis-nodularis-21.jpg,Seborrheic Keratoses and other Benign Tumors,,Seborrheic Keratoses and other Benign Tumors,UNMATCHED_RETAINS_FOLDER_LABEL
chondrodermatitis-nodularis-22.jpg,Seborrheic Keratoses and other Benign Tumors,,Seborrheic Keratoses and other Benign Tumors,UNMATCHED_RETAINS_FOLDER_LABEL
chondrodermatitis-nodularis-23.jpg,Seborrheic Keratoses and other Benign Tumors,,Seborrheic Keratoses and other Benign Tumors,UNMATCHED_RETAINS_FOLDER_LABEL
chondrodermatitis-nodularis-24.jpg,Seborrheic Keratoses and other Benign Tumors,,Seborrheic Keratoses and other Benign Tumors,UNMATCHED_RETAINS_FOLDER_LABEL
chondrodermatitis-nodularis-25.jpg,Seborrheic Keratoses and other Benign Tumors,,Seborrheic Keratoses and other Benign Tumors,UNMATCHED_RETAINS_FOLDER_LABEL
chondrodermatitis-nodularis-26.jpg,Seborrheic Keratoses and other Benign Tumors,,Seborrheic Keratoses and other Benign Tumors,UNMATCHED_RETAINS_FOLDER_LABEL
chondrodermatitis-nodularis-3.jpg,Seborrheic Keratoses and other Benign Tumors,,Seborrheic Keratoses and other Benign Tumors,UNMATCHED_RETAINS_FOLDER_LABEL
chondrodermatitis-nodularis-30.jpg,Seborrheic Keratoses and other Benign Tumors,,Seborrheic Keratoses and other Benign Tumors,UNMATCHED_RETAINS_FOLDER_LABEL
chondrodermatitis-nodularis-32.jpg,Seborrheic Keratoses and other Benign Tumors,,Seborrheic Keratoses and other Benign Tumors,UNMATCHED_RETAINS_FOLDER_LABEL
chondrodermatitis-nodularis-33.jpg,Seborrheic Keratoses and other Benign Tumors,,Seborrheic Keratoses and other Benign Tumors,UNMATCHED_RETAINS_FOLDER_LABEL
chondrodermatitis-nodularis-34.jpg,Seborrheic Keratoses and other Benign Tumors,,Seborrheic Keratoses and other Benign Tumors,UNMATCHED_RETAINS_FOLDER_LABEL
chondrodermatitis-nodularis-35.jpg,Seborrheic Keratoses and other Benign Tumors,,Seborrheic Keratoses and other Benign Tumors,UNMATCHED_RETAINS_FOLDER_LABEL
chondrodermatitis-nodularis-36.jpg,Seborrheic Keratoses and other Benign Tumors,,Seborrheic Keratoses and other Benign Tumors,UNMATCHED_RETAINS_FOLDER_LABEL
chondrodermatitis-nodularis-37.jpg,Seborrheic Keratoses and other Benign Tumors,,Seborrheic Keratoses and other Benign Tumors,UNMATCHED_RETAINS_FOLDER_LABEL
chondrodermatitis-nodularis-39.jpg,Seborrheic Keratoses and other Benign Tumors,,Seborrheic Keratoses and other Benign Tumors,UNMATCHED_RETAINS_FOLDER_LABEL
chondrodermatitis-nodularis-4.jpg,Seborrheic Keratoses and other Benign Tumors,,Seborrheic Keratoses and other Benign Tumors,UNMATCHED_RETAINS_FOLDER_LABEL
chondrodermatitis-nodularis-40.jpg,Seborrheic Keratoses and other Benign Tumors,,Seborrheic Keratoses and other Benign Tumors,UNMATCHED_RETAINS_FOLDER_LABEL
chondrodermatitis-nodularis-43.jpg,Seborrheic Keratoses and other Benign Tumors,,Seborrheic Keratoses and other Benign Tumors,UNMATCHED_RETAINS_FOLDER_LABEL
chondrodermatitis-nodularis-44.jpg,Seborrheic Keratoses and other Benign Tumors,,Seborrheic Keratoses and other Benign Tumors,UNMATCHED_RETAINS_FOLDER_LABEL
chondrodermatitis-nodularis-45.jpg,Seborrheic Keratoses and other Benign Tumors,,Seborrheic Keratoses and other Benign Tumors,UNMATCHED_RETAINS_FOLDER_LABEL
chondrodermatitis-nodularis-46.jpg,Seborrheic Keratoses and other Benign Tumors,,Seborrheic Keratoses and other Benign Tumors,UNMATCHED_RETAINS_FOLDER_LABEL
chondrodermatitis-nodularis-47.jpg,Seborrheic Keratoses and other Benign Tumors,,Seborrheic Keratoses and other Benign Tumors,UNMATCHED_RETAINS_FOLDER_LABEL
chondrodermatitis-nodularis-49.jpg,Seborrheic Keratoses and other Benign Tumors,,Seborrheic Keratoses and other Benign Tumors,UNMATCHED_RETAINS_FOLDER_LABEL
chondrodermatitis-nodularis-5.jpg,Seborrheic Keratoses and other Benign Tumors,,Seborrheic Keratoses and other Benign Tumors,UNMATCHED_RETAINS_FOLDER_LABEL
chondrodermatitis-nodularis-50.jpg,Seborrheic Keratoses and other Benign Tumors,,Seborrheic Keratoses and other Benign Tumors,UNMATCHED_RETAINS_FOLDER_LABEL
chondrodermatitis-nodularis-51.jpg,Seborrheic Keratoses and other Benign Tumors,,Seborrheic Keratoses and other Benign Tumors,UNMATCHED_RETAINS_FOLDER_LABEL
chondrodermatitis-nodularis-52.jpg,Seborrheic Keratoses and other Benign Tumors,,Seborrheic Keratoses and other Benign Tumors,UNMATCHED_RETAINS_FOLDER_LABEL
chondrodermatitis-nodularis-54.jpg,Seborrheic Keratoses and other Benign Tumors,,Seborrheic Keratoses and other Benign Tumors,UNMATCHED_RETAINS_FOLDER_LABEL
chondrodermatitis-nodularis-55.jpg,Seborrheic Keratoses and other Benign Tumors,,Seborrheic Keratoses and other Benign Tumors,UNMATCHED_RETAINS_FOLDER_LABEL
chondrodermatitis-nodularis-56.jpg,Seborrheic Keratoses and other Benign Tumors,,Seborrheic Keratoses and other Benign Tumors,UNMATCHED_RETAINS_FOLDER_LABEL
chondrodermatitis-nodularis-57.jpg,Seborrheic Keratoses and other Benign Tumors,,Seborrheic Keratoses and other Benign Tumors,UNMATCHED_RETAINS_FOLDER_LABEL
chondrodermatitis-nodularis-58.jpg,Seborrheic Keratoses and other Benign Tumors,,Seborrheic Keratoses and other Benign Tumors,UNMATCHED_RETAINS_FOLDER_LABEL
chondrodermatitis-nodularis-59.jpg,Seborrheic Keratoses and other Benign Tumors,,Seborrheic Keratoses and other Benign Tumors,UNMATCHED_RETAINS_FOLDER_LABEL
chondrodermatitis-nodularis-60.jpg,Seborrheic Keratoses and other Benign Tumors,,Seborrheic Keratoses and other Benign Tumors,UNMATCHED_RETAINS_FOLDER_LABEL
chondrodermatitis-nodularis-61.jpg,Seborrheic Keratoses and other Benign Tumors,,Seborrheic Keratoses and other Benign Tumors,UNMATCHED_RETAINS_FOLDER_LABEL
chondrodermatitis-nodularis-62.jpg,Seborrheic Keratoses and other Benign Tumors,,Seborrheic Keratoses and other Benign Tumors,UNMATCHED_RETAINS_FOLDER_LABEL
chondrodermatitis-nodularis-63.jpg,Seborrheic Keratoses and other Benign Tumors,,Seborrheic Keratoses and other Benign Tumors,UNMATCHED_RETAINS_FOLDER_LABEL
chondrodermatitis-nodularis-64.jpg,Seborrheic Keratoses and other Benign Tumors,,Seborrheic Keratoses and other Benign Tumors,UNMATCHED_RETAINS_FOLDER_LABEL
chondrodermatitis-nodularis-67.jpg,Seborrheic Keratoses and other Benign Tumors,,Seborrheic Keratoses and other Benign Tumors,UNMATCHED_RETAINS_FOLDER_LABEL
chondrodermatitis-nodularis-68.jpg,Seborrheic Keratoses and other Benign Tumors,,Seborrheic Keratoses and other Benign Tumors,UNMATCHED_RETAINS_FOLDER_LABEL
chondrodermatitis-nodularis-69.jpg,Seborrheic Keratoses and other Benign Tumors,,Seborrheic Keratoses and other Benign Tumors,UNMATCHED_RETAINS_FOLDER_LABEL
chondrodermatitis-nodularis-7.jpg,Seborrheic Keratoses and other Benign Tumors,,Seborrheic Keratoses and other Benign Tumors,UNMATCHED_RETAINS_FOLDER_LABEL
chondrodermatitis-nodularis-70.jpg,Seborrheic Keratoses and other Benign Tumors,,Seborrheic Keratoses and other Benign Tumors,UNMATCHED_RETAINS_FOLDER_LABEL
chondrodermatitis-nodularis-72.jpg,Seborrheic Keratoses and other Benign Tumors,,Seborrheic Keratoses and other Benign Tumors,UNMATCHED_RETAINS_FOLDER_LABEL
chondrodermatitis-nodularis-73.jpg,Seborrheic Keratoses and other Benign Tumors,,Seborrheic Keratoses and other Benign Tumors,UNMATCHED_RETAINS_FOLDER_LABEL
chondrodermatitis-nodularis-74.jpg,Seborrheic Keratoses and other Benign Tumors,,Seborrheic Keratoses and other Benign Tumors,UNMATCHED_RETAINS_FOLDER_LABEL
chondrodermatitis-nodularis-75.jpg,Seborrheic Keratoses and other Benign Tumors,,Seborrheic Keratoses and other Benign Tumors,UNMATCHED_RETAINS_FOLDER_LABEL
chondrodermatitis-nodularis-76.jpg,Seborrheic Keratoses and other Benign Tumors,,Seborrheic Keratoses and other Benign Tumors,UNMATCHED_RETAINS_FOLDER_LABEL
chondrodermatitis-nodularis-77.jpg,Seborrheic Keratoses and other Benign Tumors,,Seborrheic Keratoses and other Benign Tumors,UNMATCHED_RETAINS_FOLDER_LABEL
chondrodermatitis-nodularis-78.jpg,Seborrheic Keratoses and other Benign Tumors,,Seborrheic Keratoses and other Benign Tumors,UNMATCHED_RETAINS_FOLDER_LABEL
chondrodermatitis-nodularis-8.jpg,Seborrheic Keratoses and other Benign Tumors,,Seborrheic Keratoses and other Benign Tumors,UNMATCHED_RETAINS_FOLDER_LABEL
chondrodermatitis-nodularis-9.jpg,Seborrheic Keratoses and other Benign Tumors,,Seborrheic Keratoses and other Benign Tumors,UNMATCHED_RETAINS_FOLDER_LABEL
connective-tissue-nevus-1.jpg,Seborrheic Keratoses and other Benign Tumors,,Seborrheic Keratoses and other Benign Tumors,UNMATCHED_RETAINS_FOLDER_LABEL
connective-tissue-nevus-2.jpg,Seborrheic Keratoses and other Benign Tumors,,Seborrheic Keratoses and other Benign Tumors,UNMATCHED_RETAINS_FOLDER_LABEL
cylindroma-1.jpg,Seborrheic Keratoses and other Benign Tumors,,Seborrheic Keratoses and other Benign Tumors,UNMATCHED_RETAINS_FOLDER_LABEL
cylindroma-11.jpg,Seborrheic Keratoses and other Benign Tumors,,Seborrheic Keratoses and other Benign Tumors,UNMATCHED_RETAINS_FOLDER_LABEL
cylindroma-12.jpg,Seborrheic Keratoses and other Benign Tumors,,Seborrheic Keratoses and other Benign Tumors,UNMATCHED_RETAINS_FOLDER_LABEL
cylindroma-13.jpg,Seborrheic Keratoses and other Benign Tumors,,Seborrheic Keratoses and other Benign Tumors,UNMATCHED_RETAINS_FOLDER_LABEL
cylindroma-14.jpg,Seborrheic Keratoses and other Benign Tumors,,Seborrheic Keratoses and other Benign Tumors,UNMATCHED_RETAINS_FOLDER_LABEL
cylindroma-15.jpg,Seborrheic Keratoses and other Benign Tumors,,Seborrheic Keratoses and other Benign Tumors,UNMATCHED_RETAINS_FOLDER_LABEL
cylindroma-3.jpg,Seborrheic Keratoses and other Benign Tumors,,Seborrheic Keratoses and other Benign Tumors,UNMATCHED_RETAINS_FOLDER_LABEL
cylindroma-5.jpg,Seborrheic Keratoses and other Benign Tumors,,Seborrheic Keratoses and other Benign Tumors,UNMATCHED_RETAINS_FOLDER_LABEL
cylindroma-6.jpg,Seborrheic Keratoses and other Benign Tumors,,Seborrheic Keratoses and other Benign Tumors,UNMATCHED_RETAINS_FOLDER_LABEL
cylindroma-7.jpg,Seborrheic Keratoses and other Benign Tumors,,Seborrheic Keratoses and other Benign Tumors,UNMATCHED_RETAINS_FOLDER_LABEL
cylindroma-8.jpg,Seborrheic Keratoses and other Benign Tumors,,Seborrheic Keratoses and other Benign Tumors,UNMATCHED_RETAINS_FOLDER_LABEL
cylindroma-9.jpg,Seborrheic Keratoses and other Benign Tumors,,Seborrheic Keratoses and other Benign Tumors,UNMATCHED_RETAINS_FOLDER_LABEL
dermatofibroma-10.jpg,Seborrheic Keratoses and other Benign Tumors,,Seborrheic Keratoses and other Benign Tumors,UNMATCHED_RETAINS_FOLDER_LABEL
dermatofibroma-100.jpg,Seborrheic Keratoses and other Benign Tumors,,Seborrheic Keratoses and other Benign Tumors,UNMATCHED_RETAINS_FOLDER_LABEL
dermatofibroma-101.jpg,Seborrheic Keratoses and other Benign Tumors,,Seborrheic Keratoses and other Benign Tumors,UNMATCHED_RETAINS_FOLDER_LABEL
dermatofibroma-102.jpg,Seborrheic Keratoses and other Benign Tumors,,Seborrheic Keratoses and other Benign Tumors,UNMATCHED_RETAINS_FOLDER_LABEL
dermatofibroma-103.jpg,Seborrheic Keratoses and other Benign Tumors,,Seborrheic Keratoses and other Benign Tumors,UNMATCHED_RETAINS_FOLDER_LABEL
dermatofibroma-104.jpg,Seborrheic Keratoses and other Benign Tumors,,Seborrheic Keratoses and other Benign Tumors,UNMATCHED_RETAINS_FOLDER_LABEL
dermatofibroma-107.jpg,Seborrheic Keratoses and other Benign Tumors,,Seborrheic Keratoses and other Benign Tumors,UNMATCHED_RETAINS_FOLDER_LABEL
dermatofibroma-11.jpg,Seborrheic Keratoses and other Benign Tumors,,Seborrheic Keratoses and other Benign Tumors,UNMATCHED_RETAINS_FOLDER_LABEL
dermatofibroma-110.jpg,Seborrheic Keratoses and other Benign Tumors,,Seborrheic Keratoses and other Benign Tumors,UNMATCHED_RETAINS_FOLDER_LABEL
dermatofibroma-111.jpg,Seborrheic Keratoses and other Benign Tumors,,Seborrheic Keratoses and other Benign Tumors,UNMATCHED_RETAINS_FOLDER_LABEL
dermatofibroma-113.jpg,Seborrheic Keratoses and other Benign Tumors,,Seborrheic Keratoses and other Benign Tumors,UNMATCHED_RETAINS_FOLDER_LABEL
dermatofibroma-114.jpg,Seborrheic Keratoses and other Benign Tumors,,Seborrheic Keratoses and other Benign Tumors,UNMATCHED_RETAINS_FOLDER_LABEL
dermatofibroma-115.jpg,Seborrheic Keratoses and other Benign Tumors,,Seborrheic Keratoses and other Benign Tumors,UNMATCHED_RETAINS_FOLDER_LABEL
dermatofibroma-116.jpg,Seborrheic Keratoses and other Benign Tumors,,Seborrheic Keratoses and other Benign Tumors,UNMATCHED_RETAINS_FOLDER_LABEL
dermatofibroma-118.jpg,Seborrheic Keratoses and other Benign Tumors,,Seborrheic Keratoses and other Benign Tumors,UNMATCHED_RETAINS_FOLDER_LABEL
dermatofibroma-119.jpg,Seborrheic Keratoses and other Benign Tumors,,Seborrheic Keratoses and other Benign Tumors,UNMATCHED_RETAINS_FOLDER_LABEL
dermatofibroma-12.jpg,Seborrheic Keratoses and other Benign Tumors,,Seborrheic Keratoses and other Benign Tumors,UNMATCHED_RETAINS_FOLDER_LABEL
dermatofibroma-120.jpg,Seborrheic Keratoses and other Benign Tumors,,Seborrheic Keratoses and other Benign Tumors,UNMATCHED_RETAINS_FOLDER_LABEL
dermatofibroma-121.jpg,Seborrheic Keratoses and other Benign Tumors,,Seborrheic Keratoses and other Benign Tumors,UNMATCHED_RETAINS_FOLDER_LABEL
dermatofibroma-124.jpg,Seborrheic Keratoses and other Benign Tumors,,Seborrheic Keratoses and other Benign Tumors,UNMATCHED_RETAINS_FOLDER_LABEL
dermatofibroma-125.jpg,Seborrheic Keratoses and other Benign Tumors,,Seborrheic Keratoses and other Benign Tumors,UNMATCHED_RETAINS_FOLDER_LABEL
dermatofibroma-126.jpg,Seborrheic Keratoses and other Benign Tumors,,Seborrheic Keratoses and other Benign Tumors,UNMATCHED_RETAINS_FOLDER_LABEL
dermatofibroma-127.jpg,Seborrheic Keratoses and other Benign Tumors,,Seborrheic Keratoses and other Benign Tumors,UNMATCHED_RETAINS_FOLDER_LABEL
dermatofibroma-128.jpg,Seborrheic Keratoses and other Benign Tumors,,Seborrheic Keratoses and other Benign Tumors,UNMATCHED_RETAINS_FOLDER_LABEL
dermatofibroma-129.jpg,Seborrheic Keratoses and other Benign Tumors,,Seborrheic Keratoses and other Benign Tumors,UNMATCHED_RETAINS_FOLDER_LABEL
dermatofibroma-13.jpg,Seborrheic Keratoses and other Benign Tumors,,Seborrheic Keratoses and other Benign Tumors,UNMATCHED_RETAINS_FOLDER_LABEL
dermatofibroma-130.jpg,Seborrheic Keratoses and other Benign Tumors,,Seborrheic Keratoses and other Benign Tumors,UNMATCHED_RETAINS_FOLDER_LABEL
dermatofibroma-131.jpg,Seborrheic Keratoses and other Benign Tumors,,Seborrheic Keratoses and other Benign Tumors,UNMATCHED_RETAINS_FOLDER_LABEL
dermatofibroma-132.jpg,Seborrheic Keratoses and other Benign Tumors,,Seborrheic Keratoses and other Benign Tumors,UNMATCHED_RETAINS_FOLDER_LABEL
dermatofibroma-134.jpg,Seborrheic Keratoses and other Benign Tumors,,Seborrheic Keratoses and other Benign Tumors,UNMATCHED_RETAINS_FOLDER_LABEL
dermatofibroma-136.jpg,Seborrheic Keratoses and other Benign Tumors,,Seborrheic Keratoses and other Benign Tumors,UNMATCHED_RETAINS_FOLDER_LABEL
dermatofibroma-137.jpg,Seborrheic Keratoses and other Benign Tumors,,Seborrheic Keratoses and other Benign Tumors,UNMATCHED_RETAINS_FOLDER_LABEL
dermatofibroma-14.jpg,Seborrheic Keratoses and other Benign Tumors,,Seborrheic Keratoses and other Benign Tumors,UNMATCHED_RETAINS_FOLDER_LABEL
dermatofibroma-15.jpg,Seborrheic Keratoses and other Benign Tumors,,Seborrheic Keratoses and other Benign Tumors,UNMATCHED_RETAINS_FOLDER_LABEL
dermatofibroma-2.jpg,Seborrheic Keratoses and other Benign Tumors,,Seborrheic Keratoses and other Benign Tumors,UNMATCHED_RETAINS_FOLDER_LABEL
dermatofibroma-20.jpg,Seborrheic Keratoses and other Benign Tumors,,Seborrheic Keratoses and other Benign Tumors,UNMATCHED_RETAINS_FOLDER_LABEL
dermatofibroma-21.jpg,Seborrheic Keratoses and other Benign Tumors,,Seborrheic Keratoses and other Benign Tumors,UNMATCHED_RETAINS_FOLDER_LABEL
dermatofibroma-22.jpg,Seborrheic Keratoses and other Benign Tumors,,Seborrheic Keratoses and other Benign Tumors,UNMATCHED_RETAINS_FOLDER_LABEL
dermatofibroma-23.jpg,Seborrheic Keratoses and other Benign Tumors,,Seborrheic Keratoses and other Benign Tumors,UNMATCHED_RETAINS_FOLDER_LABEL
dermatofibroma-24.jpg,Seborrheic Keratoses and other Benign Tumors,,Seborrheic Keratoses and other Benign Tumors,UNMATCHED_RETAINS_FOLDER_LABEL
dermatofibroma-25.jpg,Seborrheic Keratoses and other Benign Tumors,,Seborrheic Keratoses and other Benign Tumors,UNMATCHED_RETAINS_FOLDER_LABEL
dermatofibroma-26.jpg,Seborrheic Keratoses and other Benign Tumors,,Seborrheic Keratoses and other Benign Tumors,UNMATCHED_RETAINS_FOLDER_LABEL
dermatofibroma-28.jpg,Seborrheic Keratoses and other Benign Tumors,,Seborrheic Keratoses and other Benign Tumors,UNMATCHED_RETAINS_FOLDER_LABEL
dermatofibroma-29.jpg,Seborrheic Keratoses and other Benign Tumors,,Seborrheic Keratoses and other Benign Tumors,UNMATCHED_RETAINS_FOLDER_LABEL
dermatofibroma-3.jpg,Seborrheic Keratoses and other Benign Tumors,,Seborrheic Keratoses and other Benign Tumors,UNMATCHED_RETAINS_FOLDER_LABEL
dermatofibroma-30.jpg,Seborrheic Keratoses and other Benign Tumors,,Seborrheic Keratoses and other Benign Tumors,UNMATCHED_RETAINS_FOLDER_LABEL
dermatofibroma-31.jpg,Seborrheic Keratoses and other Benign Tumors,,Seborrheic Keratoses and other Benign Tumors,UNMATCHED_RETAINS_FOLDER_LABEL
dermatofibroma-32.jpg,Seborrheic Keratoses and other Benign Tumors,,Seborrheic Keratoses and other Benign Tumors,UNMATCHED_RETAINS_FOLDER_LABEL
dermatofibroma-33.jpg,Seborrheic Keratoses and other Benign Tumors,,Seborrheic Keratoses and other Benign Tumors,UNMATCHED_RETAINS_FOLDER_LABEL
dermatofibroma-34.jpg,Seborrheic Keratoses and other Benign Tumors,,Seborrheic Keratoses and other Benign Tumors,UNMATCHED_RETAINS_FOLDER_LABEL
dermatofibroma-35.jpg,Seborrheic Keratoses and other Benign Tumors,,Seborrheic Keratoses and other Benign Tumors,UNMATCHED_RETAINS_FOLDER_LABEL
dermatofibroma-36.jpg,Seborrheic Keratoses and other Benign Tumors,,Seborrheic Keratoses and other Benign Tumors,UNMATCHED_RETAINS_FOLDER_LABEL
dermatofibroma-37.jpg,Seborrheic Keratoses and other Benign Tumors,,Seborrheic Keratoses and other Benign Tumors,UNMATCHED_RETAINS_FOLDER_LABEL
dermatofibroma-38.jpg,Seborrheic Keratoses and other Benign Tumors,,Seborrheic Keratoses and other Benign Tumors,UNMATCHED_RETAINS_FOLDER_LABEL
dermatofibroma-40.jpg,Seborrheic Keratoses and other Benign Tumors,,Seborrheic Keratoses and other Benign Tumors,UNMATCHED_RETAINS_FOLDER_LABEL
dermatofibroma-41.jpg,Seborrheic Keratoses and other Benign Tumors,,Seborrheic Keratoses and other Benign Tumors,UNMATCHED_RETAINS_FOLDER_LABEL
dermatofibroma-42.jpg,Seborrheic Keratoses and other Benign Tumors,,Seborrheic Keratoses and other Benign Tumors,UNMATCHED_RETAINS_FOLDER_LABEL
dermatofibroma-43.jpg,Seborrheic Keratoses and other Benign Tumors,,Seborrheic Keratoses and other Benign Tumors,UNMATCHED_RETAINS_FOLDER_LABEL
dermatofibroma-44.jpg,Seborrheic Keratoses and other Benign Tumors,,Seborrheic Keratoses and other Benign Tumors,UNMATCHED_RETAINS_FOLDER_LABEL
dermatofibroma-46.jpg,Seborrheic Keratoses and other Benign Tumors,,Seborrheic Keratoses and other Benign Tumors,UNMATCHED_RETAINS_FOLDER_LABEL
dermatofibroma-49.jpg,Seborrheic Keratoses and other Benign Tumors,,Seborrheic Keratoses and other Benign Tumors,UNMATCHED_RETAINS_FOLDER_LABEL
dermatofibroma-5.jpg,Seborrheic Keratoses and other Benign Tumors,,Seborrheic Keratoses and other Benign Tumors,UNMATCHED_RETAINS_FOLDER_LABEL
dermatofibroma-51.jpg,Seborrheic Keratoses and other Benign Tumors,,Seborrheic Keratoses and other Benign Tumors,UNMATCHED_RETAINS_FOLDER_LABEL
dermatofibroma-53.jpg,Seborrheic Keratoses and other Benign Tumors,,Seborrheic Keratoses and other Benign Tumors,UNMATCHED_RETAINS_FOLDER_LABEL
dermatofibroma-54.jpg,Seborrheic Keratoses and other Benign Tumors,,Seborrheic Keratoses and other Benign Tumors,UNMATCHED_RETAINS_FOLDER_LABEL
dermatofibroma-55.jpg,Seborrheic Keratoses and other Benign Tumors,,Seborrheic Keratoses and other Benign Tumors,UNMATCHED_RETAINS_FOLDER_LABEL
dermatofibroma-56.jpg,Seborrheic Keratoses and other Benign Tumors,,Seborrheic Keratoses and other Benign Tumors,UNMATCHED_RETAINS_FOLDER_LABEL
dermatofibroma-57.jpg,Seborrheic Keratoses and other Benign Tumors,,Seborrheic Keratoses and other Benign Tumors,UNMATCHED_RETAINS_FOLDER_LABEL
dermatofibroma-59.jpg,Seborrheic Keratoses and other Benign Tumors,,Seborrheic Keratoses and other Benign Tumors,UNMATCHED_RETAINS_FOLDER_LABEL
dermatofibroma-6.jpg,Seborrheic Keratoses and other Benign Tumors,,Seborrheic Keratoses and other Benign Tumors,UNMATCHED_RETAINS_FOLDER_LABEL
dermatofibroma-60.jpg,Seborrheic Keratoses and other Benign Tumors,,Seborrheic Keratoses and other Benign Tumors,UNMATCHED_RETAINS_FOLDER_LABEL
dermatofibroma-61.jpg,Seborrheic Keratoses and other Benign Tumors,,Seborrheic Keratoses and other Benign Tumors,UNMATCHED_RETAINS_FOLDER_LABEL
dermatofibroma-62.jpg,Seborrheic Keratoses and other Benign Tumors,,Seborrheic Keratoses and other Benign Tumors,UNMATCHED_RETAINS_FOLDER_LABEL
dermatofibroma-63.jpg,Seborrheic Keratoses and other Benign Tumors,,Seborrheic Keratoses and other Benign Tumors,UNMATCHED_RETAINS_FOLDER_LABEL
dermatofibroma-64.jpg,Seborrheic Keratoses and other Benign Tumors,,Seborrheic Keratoses and other Benign Tumors,UNMATCHED_RETAINS_FOLDER_LABEL
dermatofibroma-65.jpg,Seborrheic Keratoses and other Benign Tumors,,Seborrheic Keratoses and other Benign Tumors,UNMATCHED_RETAINS_FOLDER_LABEL
dermatofibroma-66.jpg,Seborrheic Keratoses and other Benign Tumors,,Seborrheic Keratoses and other Benign Tumors,UNMATCHED_RETAINS_FOLDER_LABEL
dermatofibroma-68.jpg,Seborrheic Keratoses and other Benign Tumors,,Seborrheic Keratoses and other Benign Tumors,UNMATCHED_RETAINS_FOLDER_LABEL
dermatofibroma-69.jpg,Seborrheic Keratoses and other Benign Tumors,,Seborrheic Keratoses and other Benign Tumors,UNMATCHED_RETAINS_FOLDER_LABEL
dermatofibroma-7.jpg,Seborrheic Keratoses and other Benign Tumors,,Seborrheic Keratoses and other Benign Tumors,UNMATCHED_RETAINS_FOLDER_LABEL
dermatofibroma-70.jpg,Seborrheic Keratoses and other Benign Tumors,,Seborrheic Keratoses and other Benign Tumors,UNMATCHED_RETAINS_FOLDER_LABEL
dermatofibroma-71.jpg,Seborrheic Keratoses and other Benign Tumors,,Seborrheic Keratoses and other Benign Tumors,UNMATCHED_RETAINS_FOLDER_LABEL
dermatofibroma-72.jpg,Seborrheic Keratoses and other Benign Tumors,,Seborrheic Keratoses and other Benign Tumors,UNMATCHED_RETAINS_FOLDER_LABEL
dermatofibroma-73.jpg,Seborrheic Keratoses and other Benign Tumors,,Seborrheic Keratoses and other Benign Tumors,UNMATCHED_RETAINS_FOLDER_LABEL
dermatofibroma-75.jpg,Seborrheic Keratoses and other Benign Tumors,,Seborrheic Keratoses and other Benign Tumors,UNMATCHED_RETAINS_FOLDER_LABEL
dermatofibroma-76.jpg,Seborrheic Keratoses and other Benign Tumors,,Seborrheic Keratoses and other Benign Tumors,UNMATCHED_RETAINS_FOLDER_LABEL
dermatofibroma-78.jpg,Seborrheic Keratoses and other Benign Tumors,,Seborrheic Keratoses and other Benign Tumors,UNMATCHED_RETAINS_FOLDER_LABEL
dermatofibroma-79.jpg,Seborrheic Keratoses and other Benign Tumors,,Seborrheic Keratoses and other Benign Tumors,UNMATCHED_RETAINS_FOLDER_LABEL
dermatofibroma-8.jpg,Seborrheic Keratoses and other Benign Tumors,,Seborrheic Keratoses and other Benign Tumors,UNMATCHED_RETAINS_FOLDER_LABEL
dermatofibroma-80.jpg,Seborrheic Keratoses and other Benign Tumors,,Seborrheic Keratoses and other Benign Tumors,UNMATCHED_RETAINS_FOLDER_LABEL
dermatofibroma-81.jpg,Seborrheic Keratoses and other Benign Tumors,,Seborrheic Keratoses and other Benign Tumors,UNMATCHED_RETAINS_FOLDER_LABEL
dermatofibroma-83.jpg,Seborrheic Keratoses and other Benign Tumors,,Seborrheic Keratoses and other Benign Tumors,UNMATCHED_RETAINS_FOLDER_LABEL
dermatofibroma-84.jpg,Seborrheic Keratoses and other Benign Tumors,,Seborrheic Keratoses and other Benign Tumors,UNMATCHED_RETAINS_FOLDER_LABEL
dermatofibroma-85.jpg,Seborrheic Keratoses and other Benign Tumors,,Seborrheic Keratoses and other Benign Tumors,UNMATCHED_RETAINS_FOLDER_LABEL
dermatofibroma-88.jpg,Seborrheic Keratoses and other Benign Tumors,,Seborrheic Keratoses and other Benign Tumors,UNMATCHED_RETAINS_FOLDER_LABEL
dermatofibroma-89.jpg,Seborrheic Keratoses and other Benign Tumors,,Seborrheic Keratoses and other Benign Tumors,UNMATCHED_RETAINS_FOLDER_LABEL
dermatofibroma-90.jpg,Seborrheic Keratoses and other Benign Tumors,,Seborrheic Keratoses and other Benign Tumors,UNMATCHED_RETAINS_FOLDER_LABEL
dermatofibroma-91.jpg,Seborrheic Keratoses and other Benign Tumors,,Seborrheic Keratoses and other Benign Tumors,UNMATCHED_RETAINS_FOLDER_LABEL
dermatofibroma-92.jpg,Seborrheic Keratoses and other Benign Tumors,,Seborrheic Keratoses and other Benign Tumors,UNMATCHED_RETAINS_FOLDER_LABEL
dermatofibroma-94.jpg,Seborrheic Keratoses and other Benign Tumors,,Seborrheic Keratoses and other Benign Tumors,UNMATCHED_RETAINS_FOLDER_LABEL
dermatofibroma-95.jpg,Seborrheic Keratoses and other Benign Tumors,,Seborrheic Keratoses and other Benign Tumors,UNMATCHED_RETAINS_FOLDER_LABEL
dermatofibroma-97.jpg,Seborrheic Keratoses and other Benign Tumors,,Seborrheic Keratoses and other Benign Tumors,UNMATCHED_RETAINS_FOLDER_LABEL
dermatofibroma-98.jpg,Seborrheic Keratoses and other Benign Tumors,,Seborrheic Keratoses and other Benign Tumors,UNMATCHED_RETAINS_FOLDER_LABEL
dermatosis-papulosa-nigra-1.jpg,Seborrheic Keratoses and other Benign Tumors,,Seborrheic Keratoses and other Benign Tumors,UNMATCHED_RETAINS_FOLDER_LABEL
dermatosis-papulosa-nigra-2.jpg,Seborrheic Keratoses and other Benign Tumors,,Seborrheic Keratoses and other Benign Tumors,UNMATCHED_RETAINS_FOLDER_LABEL
dermatosis-papulosa-nigra-3.jpg,Seborrheic Keratoses and other Benign Tumors,,Seborrheic Keratoses and other Benign Tumors,UNMATCHED_RETAINS_FOLDER_LABEL
dermatosis-papulosa-nigra-5.jpg,Seborrheic Keratoses and other Benign Tumors,,Seborrheic Keratoses and other Benign Tumors,UNMATCHED_RETAINS_FOLDER_LABEL
dermatosis-papulosa-nigra-6.jpg,Seborrheic Keratoses and other Benign Tumors,,Seborrheic Keratoses and other Benign Tumors,UNMATCHED_RETAINS_FOLDER_LABEL
dermatosis-papulosa-nigra-7.jpg,Seborrheic Keratoses and other Benign Tumors,,Seborrheic Keratoses and other Benign Tumors,UNMATCHED_RETAINS_FOLDER_LABEL
dermatosis-papulosa-nigra-8.jpg,Seborrheic Keratoses and other Benign Tumors,,Seborrheic Keratoses and other Benign Tumors,UNMATCHED_RETAINS_FOLDER_LABEL
eccrine-spiradenoma-1.jpg,Seborrheic Keratoses and other Benign Tumors,,Seborrheic Keratoses and other Benign Tumors,UNMATCHED_RETAINS_FOLDER_LABEL
eccrine-spiradenoma-2.jpg,Seborrheic Keratoses and other Benign Tumors,,Seborrheic Keratoses and other Benign Tumors,UNMATCHED_RETAINS_FOLDER_LABEL
eccrine-spiradenoma-3.jpg,Seborrheic Keratoses and other Benign Tumors,,Seborrheic Keratoses and other Benign Tumors,UNMATCHED_RETAINS_FOLDER_LABEL
endometriosis-1.jpg,Seborrheic Keratoses and other Benign Tumors,,Seborrheic Keratoses and other Benign Tumors,UNMATCHED_RETAINS_FOLDER_LABEL
endometriosis-2.jpg,Seborrheic Keratoses and other Benign Tumors,,Seborrheic Keratoses and other Benign Tumors,UNMATCHED_RETAINS_FOLDER_LABEL
epidermal-cyst-1.jpg,Seborrheic Keratoses and other Benign Tumors,,Seborrheic Keratoses and other Benign Tumors,UNMATCHED_RETAINS_FOLDER_LABEL
epidermal-cyst-10.jpg,Seborrheic Keratoses and other Benign Tumors,,Seborrheic Keratoses and other Benign Tumors,UNMATCHED_RETAINS_FOLDER_LABEL
epidermal-cyst-100.jpg,Seborrheic Keratoses and other Benign Tumors,,Seborrheic Keratoses and other Benign Tumors,UNMATCHED_RETAINS_FOLDER_LABEL
epidermal-cyst-101.jpg,Seborrheic Keratoses and other Benign Tumors,,Seborrheic Keratoses and other Benign Tumors,UNMATCHED_RETAINS_FOLDER_LABEL
epidermal-cyst-102.jpg,Seborrheic Keratoses and other Benign Tumors,,Seborrheic Keratoses and other Benign Tumors,UNMATCHED_RETAINS_FOLDER_LABEL
epidermal-cyst-103.jpg,Seborrheic Keratoses and other Benign Tumors,,Seborrheic Keratoses and other Benign Tumors,UNMATCHED_RETAINS_FOLDER_LABEL
epidermal-cyst-104.jpg,Seborrheic Keratoses and other Benign Tumors,,Seborrheic Keratoses and other Benign Tumors,UNMATCHED_RETAINS_FOLDER_LABEL
epidermal-cyst-105.jpg,Seborrheic Keratoses and other Benign Tumors,,Seborrheic Keratoses and other Benign Tumors,UNMATCHED_RETAINS_FOLDER_LABEL
epidermal-cyst-107.jpg,Seborrheic Keratoses and other Benign Tumors,,Seborrheic Keratoses and other Benign Tumors,UNMATCHED_RETAINS_FOLDER_LABEL
epidermal-cyst-11.jpg,Seborrheic Keratoses and other Benign Tumors,,Seborrheic Keratoses and other Benign Tumors,UNMATCHED_RETAINS_FOLDER_LABEL
epidermal-cyst-110.jpg,Seborrheic Keratoses and other Benign Tumors,,Seborrheic Keratoses and other Benign Tumors,UNMATCHED_RETAINS_FOLDER_LABEL
epidermal-cyst-111.jpg,Seborrheic Keratoses and other Benign Tumors,,Seborrheic Keratoses and other Benign Tumors,UNMATCHED_RETAINS_FOLDER_LABEL
epidermal-cyst-112.jpg,Seborrheic Keratoses and other Benign Tumors,,Seborrheic Keratoses and other Benign Tumors,UNMATCHED_RETAINS_FOLDER_LABEL
epidermal-cyst-113.jpg,Seborrheic Keratoses and other Benign Tumors,,Seborrheic Keratoses and other Benign Tumors,UNMATCHED_RETAINS_FOLDER_LABEL
epidermal-cyst-114.jpg,Seborrheic Keratoses and other Benign Tumors,,Seborrheic Keratoses and other Benign Tumors,UNMATCHED_RETAINS_FOLDER_LABEL
epidermal-cyst-115.jpg,Seborrheic Keratoses and other Benign Tumors,,Seborrheic Keratoses and other Benign Tumors,UNMATCHED_RETAINS_FOLDER_LABEL
epidermal-cyst-116.jpg,Seborrheic Keratoses and other Benign Tumors,,Seborrheic Keratoses and other Benign Tumors,UNMATCHED_RETAINS_FOLDER_LABEL
epidermal-cyst-117.jpg,Seborrheic Keratoses and other Benign Tumors,,Seborrheic Keratoses and other Benign Tumors,UNMATCHED_RETAINS_FOLDER_LABEL
epidermal-cyst-118.jpg,Seborrheic Keratoses and other Benign Tumors,,Seborrheic Keratoses and other Benign Tumors,UNMATCHED_RETAINS_FOLDER_LABEL
epidermal-cyst-119.jpg,Seborrheic Keratoses and other Benign Tumors,,Seborrheic Keratoses and other Benign Tumors,UNMATCHED_RETAINS_FOLDER_LABEL
epidermal-cyst-120.jpg,Seborrheic Keratoses and other Benign Tumors,,Seborrheic Keratoses and other Benign Tumors,UNMATCHED_RETAINS_FOLDER_LABEL
epidermal-cyst-121.jpg,Seborrheic Keratoses and other Benign Tumors,,Seborrheic Keratoses and other Benign Tumors,UNMATCHED_RETAINS_FOLDER_LABEL
epidermal-cyst-122.jpg,Seborrheic Keratoses and other Benign Tumors,,Seborrheic Keratoses and other Benign Tumors,UNMATCHED_RETAINS_FOLDER_LABEL
epidermal-cyst-124.jpg,Seborrheic Keratoses and other Benign Tumors,,Seborrheic Keratoses and other Benign Tumors,UNMATCHED_RETAINS_FOLDER_LABEL
epidermal-cyst-125.jpg,Seborrheic Keratoses and other Benign Tumors,,Seborrheic Keratoses and other Benign Tumors,UNMATCHED_RETAINS_FOLDER_LABEL
epidermal-cyst-127.jpg,Seborrheic Keratoses and other Benign Tumors,,Seborrheic Keratoses and other Benign Tumors,UNMATCHED_RETAINS_FOLDER_LABEL
epidermal-cyst-128.jpg,Seborrheic Keratoses and other Benign Tumors,,Seborrheic Keratoses and other Benign Tumors,UNMATCHED_RETAINS_FOLDER_LABEL
epidermal-cyst-129.jpg,Seborrheic Keratoses and other Benign Tumors,,Seborrheic Keratoses and other Benign Tumors,UNMATCHED_RETAINS_FOLDER_LABEL
epidermal-cyst-13.jpg,Seborrheic Keratoses and other Benign Tumors,,Seborrheic Keratoses and other Benign Tumors,UNMATCHED_RETAINS_FOLDER_LABEL
epidermal-cyst-130.jpg,Seborrheic Keratoses and other Benign Tumors,,Seborrheic Keratoses and other Benign Tumors,UNMATCHED_RETAINS_FOLDER_LABEL
epidermal-cyst-132.jpg,Seborrheic Keratoses and other Benign Tumors,,Seborrheic Keratoses and other Benign Tumors,UNMATCHED_RETAINS_FOLDER_LABEL
epidermal-cyst-133.jpg,Seborrheic Keratoses and other Benign Tumors,,Seborrheic Keratoses and other Benign Tumors,UNMATCHED_RETAINS_FOLDER_LABEL
epidermal-cyst-135.jpg,Seborrheic Keratoses and other Benign Tumors,,Seborrheic Keratoses and other Benign Tumors,UNMATCHED_RETAINS_FOLDER_LABEL
epidermal-cyst-137.jpg,Seborrheic Keratoses and other Benign Tumors,,Seborrheic Keratoses and other Benign Tumors,UNMATCHED_RETAINS_FOLDER_LABEL
epidermal-cyst-138.jpg,Seborrheic Keratoses and other Benign Tumors,,Seborrheic Keratoses and other Benign Tumors,UNMATCHED_RETAINS_FOLDER_LABEL
epidermal-cyst-139.jpg,Seborrheic Keratoses and other Benign Tumors,,Seborrheic Keratoses and other Benign Tumors,UNMATCHED_RETAINS_FOLDER_LABEL
epidermal-cyst-140.jpg,Seborrheic Keratoses and other Benign Tumors,,Seborrheic Keratoses and other Benign Tumors,UNMATCHED_RETAINS_FOLDER_LABEL
epidermal-cyst-141.jpg,Seborrheic Keratoses and other Benign Tumors,,Seborrheic Keratoses and other Benign Tumors,UNMATCHED_RETAINS_FOLDER_LABEL
epidermal-cyst-143.jpg,Seborrheic Keratoses and other Benign Tumors,,Seborrheic Keratoses and other Benign Tumors,UNMATCHED_RETAINS_FOLDER_LABEL
epidermal-cyst-144.jpg,Seborrheic Keratoses and other Benign Tumors,,Seborrheic Keratoses and other Benign Tumors,UNMATCHED_RETAINS_FOLDER_LABEL
epidermal-cyst-145.jpg,Seborrheic Keratoses and other Benign Tumors,,Seborrheic Keratoses and other Benign Tumors,UNMATCHED_RETAINS_FOLDER_LABEL
epidermal-cyst-146.jpg,Seborrheic Keratoses and other Benign Tumors,,Seborrheic Keratoses and other Benign Tumors,UNMATCHED_RETAINS_FOLDER_LABEL
epidermal-cyst-147.jpg,Seborrheic Keratoses and other Benign Tumors,,Seborrheic Keratoses and other Benign Tumors,UNMATCHED_RETAINS_FOLDER_LABEL
epidermal-cyst-148.jpg,Seborrheic Keratoses and other Benign Tumors,,Seborrheic Keratoses and other Benign Tumors,UNMATCHED_RETAINS_FOLDER_LABEL
epidermal-cyst-149.jpg,Seborrheic Keratoses and other Benign Tumors,,Seborrheic Keratoses and other Benign Tumors,UNMATCHED_RETAINS_FOLDER_LABEL
epidermal-cyst-15.jpg,Seborrheic Keratoses and other Benign Tumors,,Seborrheic Keratoses and other Benign Tumors,UNMATCHED_RETAINS_FOLDER_LABEL
epidermal-cyst-150.jpg,Seborrheic Keratoses and other Benign Tumors,,Seborrheic Keratoses and other Benign Tumors,UNMATCHED_RETAINS_FOLDER_LABEL
epidermal-cyst-151.jpg,Seborrheic Keratoses and other Benign Tumors,,Seborrheic Keratoses and other Benign Tumors,UNMATCHED_RETAINS_FOLDER_LABEL
epidermal-cyst-152.jpg,Seborrheic Keratoses and other Benign Tumors,,Seborrheic Keratoses and other Benign Tumors,UNMATCHED_RETAINS_FOLDER_LABEL
epidermal-cyst-153.jpg,Seborrheic Keratoses and other Benign Tumors,,Seborrheic Keratoses and other Benign Tumors,UNMATCHED_RETAINS_FOLDER_LABEL
epidermal-cyst-154.jpg,Seborrheic Keratoses and other Benign Tumors,,Seborrheic Keratoses and other Benign Tumors,UNMATCHED_RETAINS_FOLDER_LABEL
epidermal-cyst-155.jpg,Seborrheic Keratoses and other Benign Tumors,,Seborrheic Keratoses and other Benign Tumors,UNMATCHED_RETAINS_FOLDER_LABEL
epidermal-cyst-157.jpg,Seborrheic Keratoses and other Benign Tumors,,Seborrheic Keratoses and other Benign Tumors,UNMATCHED_RETAINS_FOLDER_LABEL
epidermal-cyst-158.jpg,Seborrheic Keratoses and other Benign Tumors,,Seborrheic Keratoses and other Benign Tumors,UNMATCHED_RETAINS_FOLDER_LABEL
epidermal-cyst-159.jpg,Seborrheic Keratoses and other Benign Tumors,,Seborrheic Keratoses and other Benign Tumors,UNMATCHED_RETAINS_FOLDER_LABEL
epidermal-cyst-16.jpg,Seborrheic Keratoses and other Benign Tumors,,Seborrheic Keratoses and other Benign Tumors,UNMATCHED_RETAINS_FOLDER_LABEL
epidermal-cyst-160.jpg,Seborrheic Keratoses and other Benign Tumors,,Seborrheic Keratoses and other Benign Tumors,UNMATCHED_RETAINS_FOLDER_LABEL
epidermal-cyst-161.jpg,Seborrheic Keratoses and other Benign Tumors,,Seborrheic Keratoses and other Benign Tumors,UNMATCHED_RETAINS_FOLDER_LABEL
epidermal-cyst-162.jpg,Seborrheic Keratoses and other Benign Tumors,,Seborrheic Keratoses and other Benign Tumors,UNMATCHED_RETAINS_FOLDER_LABEL
epidermal-cyst-163.jpg,Seborrheic Keratoses and other Benign Tumors,,Seborrheic Keratoses and other Benign Tumors,UNMATCHED_RETAINS_FOLDER_LABEL
epidermal-cyst-164.jpg,Seborrheic Keratoses and other Benign Tumors,,Seborrheic Keratoses and other Benign Tumors,UNMATCHED_RETAINS_FOLDER_LABEL
epidermal-cyst-165.jpg,Seborrheic Keratoses and other Benign Tumors,,Seborrheic Keratoses and other Benign Tumors,UNMATCHED_RETAINS_FOLDER_LABEL
epidermal-cyst-166.jpg,Seborrheic Keratoses and other Benign Tumors,,Seborrheic Keratoses and other Benign Tumors,UNMATCHED_RETAINS_FOLDER_LABEL
epidermal-cyst-167.jpg,Seborrheic Keratoses and other Benign Tumors,,Seborrheic Keratoses and other Benign Tumors,UNMATCHED_RETAINS_FOLDER_LABEL
epidermal-cyst-168.jpg,Seborrheic Keratoses and other Benign Tumors,,Seborrheic Keratoses and other Benign Tumors,UNMATCHED_RETAINS_FOLDER_LABEL
epidermal-cyst-17.jpg,Seborrheic Keratoses and other Benign Tumors,,Seborrheic Keratoses and other Benign Tumors,UNMATCHED_RETAINS_FOLDER_LABEL
epidermal-cyst-170.jpg,Seborrheic Keratoses and other Benign Tumors,,Seborrheic Keratoses and other Benign Tumors,UNMATCHED_RETAINS_FOLDER_LABEL
epidermal-cyst-171.jpg,Seborrheic Keratoses and other Benign Tumors,,Seborrheic Keratoses and other Benign Tumors,UNMATCHED_RETAINS_FOLDER_LABEL
epidermal-cyst-172.jpg,Seborrheic Keratoses and other Benign Tumors,,Seborrheic Keratoses and other Benign Tumors,UNMATCHED_RETAINS_FOLDER_LABEL
epidermal-cyst-174.jpg,Seborrheic Keratoses and other Benign Tumors,,Seborrheic Keratoses and other Benign Tumors,UNMATCHED_RETAINS_FOLDER_LABEL
epidermal-cyst-178.jpg,Seborrheic Keratoses and other Benign Tumors,,Seborrheic Keratoses and other Benign Tumors,UNMATCHED_RETAINS_FOLDER_LABEL
epidermal-cyst-179.jpg,Seborrheic Keratoses and other Benign Tumors,,Seborrheic Keratoses and other Benign Tumors,UNMATCHED_RETAINS_FOLDER_LABEL
epidermal-cyst-18.jpg,Seborrheic Keratoses and other Benign Tumors,,Seborrheic Keratoses and other Benign Tumors,UNMATCHED_RETAINS_FOLDER_LABEL
epidermal-cyst-181.jpg,Seborrheic Keratoses and other Benign Tumors,,Seborrheic Keratoses and other Benign Tumors,UNMATCHED_RETAINS_FOLDER_LABEL
epidermal-cyst-182.jpg,Seborrheic Keratoses and other Benign Tumors,,Seborrheic Keratoses and other Benign Tumors,UNMATCHED_RETAINS_FOLDER_LABEL
epidermal-cyst-183.jpg,Seborrheic Keratoses and other Benign Tumors,,Seborrheic Keratoses and other Benign Tumors,UNMATCHED_RETAINS_FOLDER_LABEL
epidermal-cyst-184.jpg,Seborrheic Keratoses and other Benign Tumors,,Seborrheic Keratoses and other Benign Tumors,UNMATCHED_RETAINS_FOLDER_LABEL
epidermal-cyst-185.jpg,Seborrheic Keratoses and other Benign Tumors,,Seborrheic Keratoses and other Benign Tumors,UNMATCHED_RETAINS_FOLDER_LABEL
epidermal-cyst-186.jpg,Seborrheic Keratoses and other Benign Tumors,,Seborrheic Keratoses and other Benign Tumors,UNMATCHED_RETAINS_FOLDER_LABEL
epidermal-cyst-187.jpg,Seborrheic Keratoses and other Benign Tumors,,Seborrheic Keratoses and other Benign Tumors,UNMATCHED_RETAINS_FOLDER_LABEL
epidermal-cyst-189.jpg,Seborrheic Keratoses and other Benign Tumors,,Seborrheic Keratoses and other Benign Tumors,UNMATCHED_RETAINS_FOLDER_LABEL
epidermal-cyst-88.jpg,Seborrheic Keratoses and other Benign Tumors,,Seborrheic Keratoses and other Benign Tumors,UNMATCHED_RETAINS_FOLDER_LABEL
epidermal-cyst-89.jpg,Seborrheic Keratoses and other Benign Tumors,,Seborrheic Keratoses and other Benign Tumors,UNMATCHED_RETAINS_FOLDER_LABEL
epidermal-cyst-9.jpg,Seborrheic Keratoses and other Benign Tumors,,Seborrheic Keratoses and other Benign Tumors,UNMATCHED_RETAINS_FOLDER_LABEL
epidermal-cyst-90.jpg,Seborrheic Keratoses and other Benign Tumors,,Seborrheic Keratoses and other Benign Tumors,UNMATCHED_RETAINS_FOLDER_LABEL
epidermal-cyst-91.jpg,Seborrheic Keratoses and other Benign Tumors,,Seborrheic Keratoses and other Benign Tumors,UNMATCHED_RETAINS_FOLDER_LABEL
epidermal-cyst-92.jpg,Seborrheic Keratoses and other Benign Tumors,,Seborrheic Keratoses and other Benign Tumors,UNMATCHED_RETAINS_FOLDER_LABEL
epidermal-cyst-93.jpg,Seborrheic Keratoses and other Benign Tumors,,Seborrheic Keratoses and other Benign Tumors,UNMATCHED_RETAINS_FOLDER_LABEL
epidermal-cyst-94.jpg,Seborrheic Keratoses and other Benign Tumors,,Seborrheic Keratoses and other Benign Tumors,UNMATCHED_RETAINS_FOLDER_LABEL
epidermal-cyst-95.jpg,Seborrheic Keratoses and other Benign Tumors,,Seborrheic Keratoses and other Benign Tumors,UNMATCHED_RETAINS_FOLDER_LABEL
epidermal-cyst-96.jpg,Seborrheic Keratoses and other Benign Tumors,,Seborrheic Keratoses and other Benign Tumors,UNMATCHED_RETAINS_FOLDER_LABEL
epidermal-cyst-97.jpg,Seborrheic Keratoses and other Benign Tumors,,Seborrheic Keratoses and other Benign Tumors,UNMATCHED_RETAINS_FOLDER_LABEL
epidermal-cyst-98.jpg,Seborrheic Keratoses and other Benign Tumors,,Seborrheic Keratoses and other Benign Tumors,UNMATCHED_RETAINS_FOLDER_LABEL
epidermal-cyst-99.jpg,Seborrheic Keratoses and other Benign Tumors,,Seborrheic Keratoses and other Benign Tumors,UNMATCHED_RETAINS_FOLDER_LABEL
epidermal-nevus-1.jpg,Seborrheic Keratoses and other Benign Tumors,,Seborrheic Keratoses and other Benign Tumors,UNMATCHED_RETAINS_FOLDER_LABEL
epidermal-nevus-10.jpg,Seborrheic Keratoses and other Benign Tumors,,Seborrheic Keratoses and other Benign Tumors,UNMATCHED_RETAINS_FOLDER_LABEL
epidermal-nevus-15.jpg,Seborrheic Keratoses and other Benign Tumors,,Seborrheic Keratoses and other Benign Tumors,UNMATCHED_RETAINS_FOLDER_LABEL
epidermal-nevus-17.jpg,Seborrheic Keratoses and other Benign Tumors,,Seborrheic Keratoses and other Benign Tumors,UNMATCHED_RETAINS_FOLDER_LABEL
epidermal-nevus-18.jpg,Seborrheic Keratoses and other Benign Tumors,,Seborrheic Keratoses and other Benign Tumors,UNMATCHED_RETAINS_FOLDER_LABEL
epidermal-nevus-19.jpg,Seborrheic Keratoses and other Benign Tumors,,Seborrheic Keratoses and other Benign Tumors,UNMATCHED_RETAINS_FOLDER_LABEL
epidermal-nevus-2.jpg,Seborrheic Keratoses and other Benign Tumors,,Seborrheic Keratoses and other Benign Tumors,UNMATCHED_RETAINS_FOLDER_LABEL
epidermal-nevus-20.jpg,Seborrheic Keratoses and other Benign Tumors,,Seborrheic Keratoses and other Benign Tumors,UNMATCHED_RETAINS_FOLDER_LABEL
epidermal-nevus-21.jpg,Seborrheic Keratoses and other Benign Tumors,,Seborrheic Keratoses and other Benign Tumors,UNMATCHED_RETAINS_FOLDER_LABEL
epidermal-nevus-22.jpg,Seborrheic Keratoses and other Benign Tumors,,Seborrheic Keratoses and other Benign Tumors,UNMATCHED_RETAINS_FOLDER_LABEL
epidermal-nevus-23.jpg,Seborrheic Keratoses and other Benign Tumors,,Seborrheic Keratoses and other Benign Tumors,UNMATCHED_RETAINS_FOLDER_LABEL
epidermal-nevus-24.jpg,Seborrheic Keratoses and other Benign Tumors,,Seborrheic Keratoses and other Benign Tumors,UNMATCHED_RETAINS_FOLDER_LABEL
epidermal-nevus-25.jpg,Seborrheic Keratoses and other Benign Tumors,,Seborrheic Keratoses and other Benign Tumors,UNMATCHED_RETAINS_FOLDER_LABEL
epidermal-nevus-26.jpg,Seborrheic Keratoses and other Benign Tumors,,Seborrheic Keratoses and other Benign Tumors,UNMATCHED_RETAINS_FOLDER_LABEL
epidermal-nevus-27.jpg,Seborrheic Keratoses and other Benign Tumors,,Seborrheic Keratoses and other Benign Tumors,UNMATCHED_RETAINS_FOLDER_LABEL
epidermal-nevus-28.jpg,Seborrheic Keratoses and other Benign Tumors,,Seborrheic Keratoses and other Benign Tumors,UNMATCHED_RETAINS_FOLDER_LABEL
epidermal-nevus-30.jpg,Seborrheic Keratoses and other Benign Tumors,,Seborrheic Keratoses and other Benign Tumors,UNMATCHED_RETAINS_FOLDER_LABEL
epidermal-nevus-31.jpg,Seborrheic Keratoses and other Benign Tumors,,Seborrheic Keratoses and other Benign Tumors,UNMATCHED_RETAINS_FOLDER_LABEL
epidermal-nevus-32.jpg,Seborrheic Keratoses and other Benign Tumors,,Seborrheic Keratoses and other Benign Tumors,UNMATCHED_RETAINS_FOLDER_LABEL
epidermal-nevus-33.jpg,Seborrheic Keratoses and other Benign Tumors,,Seborrheic Keratoses and other Benign Tumors,UNMATCHED_RETAINS_FOLDER_LABEL
epidermal-nevus-34.jpg,Seborrheic Keratoses and other Benign Tumors,,Seborrheic Keratoses and other Benign Tumors,UNMATCHED_RETAINS_FOLDER_LABEL
epidermal-nevus-35.jpg,Seborrheic Keratoses and other Benign Tumors,,Seborrheic Keratoses and other Benign Tumors,UNMATCHED_RETAINS_FOLDER_LABEL
epidermal-nevus-36.jpg,Seborrheic Keratoses and other Benign Tumors,,Seborrheic Keratoses and other Benign Tumors,UNMATCHED_RETAINS_FOLDER_LABEL
epidermal-nevus-37.jpg,Seborrheic Keratoses and other Benign Tumors,,Seborrheic Keratoses and other Benign Tumors,UNMATCHED_RETAINS_FOLDER_LABEL
epidermal-nevus-38.jpg,Seborrheic Keratoses and other Benign Tumors,,Seborrheic Keratoses and other Benign Tumors,UNMATCHED_RETAINS_FOLDER_LABEL
epidermal-nevus-39.jpg,Seborrheic Keratoses and other Benign Tumors,,Seborrheic Keratoses and other Benign Tumors,UNMATCHED_RETAINS_FOLDER_LABEL
epidermal-nevus-4.jpg,Seborrheic Keratoses and other Benign Tumors,,Seborrheic Keratoses and other Benign Tumors,UNMATCHED_RETAINS_FOLDER_LABEL
epidermal-nevus-40.jpg,Seborrheic Keratoses and other Benign Tumors,,Seborrheic Keratoses and other Benign Tumors,UNMATCHED_RETAINS_FOLDER_LABEL
epidermal-nevus-43.jpg,Seborrheic Keratoses and other Benign Tumors,,Seborrheic Keratoses and other Benign Tumors,UNMATCHED_RETAINS_FOLDER_LABEL
epidermal-nevus-44.jpg,Seborrheic Keratoses and other Benign Tumors,,Seborrheic Keratoses and other Benign Tumors,UNMATCHED_RETAINS_FOLDER_LABEL
epidermal-nevus-45.jpg,Seborrheic Keratoses and other Benign Tumors,,Seborrheic Keratoses and other Benign Tumors,UNMATCHED_RETAINS_FOLDER_LABEL
epidermal-nevus-46.jpg,Seborrheic Keratoses and other Benign Tumors,,Seborrheic Keratoses and other Benign Tumors,UNMATCHED_RETAINS_FOLDER_LABEL
epidermal-nevus-47.jpg,Seborrheic Keratoses and other Benign Tumors,,Seborrheic Keratoses and other Benign Tumors,UNMATCHED_RETAINS_FOLDER_LABEL
epidermal-nevus-48.jpg,Seborrheic Keratoses and other Benign Tumors,,Seborrheic Keratoses and other Benign Tumors,UNMATCHED_RETAINS_FOLDER_LABEL
epidermal-nevus-49.jpg,Seborrheic Keratoses and other Benign Tumors,,Seborrheic Keratoses and other Benign Tumors,UNMATCHED_RETAINS_FOLDER_LABEL
epidermal-nevus-50.jpg,Seborrheic Keratoses and other Benign Tumors,,Seborrheic Keratoses and other Benign Tumors,UNMATCHED_RETAINS_FOLDER_LABEL
epidermal-nevus-51.jpg,Seborrheic Keratoses and other Benign Tumors,,Seborrheic Keratoses and other Benign Tumors,UNMATCHED_RETAINS_FOLDER_LABEL
epidermal-nevus-52.jpg,Seborrheic Keratoses and other Benign Tumors,,Seborrheic Keratoses and other Benign Tumors,UNMATCHED_RETAINS_FOLDER_LABEL
epidermal-nevus-53.jpg,Seborrheic Keratoses and other Benign Tumors,,Seborrheic Keratoses and other Benign Tumors,UNMATCHED_RETAINS_FOLDER_LABEL
epidermal-nevus-54.jpg,Seborrheic Keratoses and other Benign Tumors,,Seborrheic Keratoses and other Benign Tumors,UNMATCHED_RETAINS_FOLDER_LABEL
epidermal-nevus-55.jpg,Seborrheic Keratoses and other Benign Tumors,,Seborrheic Keratoses and other Benign Tumors,UNMATCHED_RETAINS_FOLDER_LABEL
epidermal-nevus-56.jpg,Seborrheic Keratoses and other Benign Tumors,,Seborrheic Keratoses and other Benign Tumors,UNMATCHED_RETAINS_FOLDER_LABEL
epidermal-nevus-59.jpg,Seborrheic Keratoses and other Benign Tumors,,Seborrheic Keratoses and other Benign Tumors,UNMATCHED_RETAINS_FOLDER_LABEL
epidermal-nevus-6.jpg,Seborrheic Keratoses and other Benign Tumors,,Seborrheic Keratoses and other Benign Tumors,UNMATCHED_RETAINS_FOLDER_LABEL
epidermal-nevus-60.jpg,Seborrheic Keratoses and other Benign Tumors,,Seborrheic Keratoses and other Benign Tumors,UNMATCHED_RETAINS_FOLDER_LABEL
epidermal-nevus-61.jpg,Seborrheic Keratoses and other Benign Tumors,,Seborrheic Keratoses and other Benign Tumors,UNMATCHED_RETAINS_FOLDER_LABEL
epidermal-nevus-62.jpg,Seborrheic Keratoses and other Benign Tumors,,Seborrheic Keratoses and other Benign Tumors,UNMATCHED_RETAINS_FOLDER_LABEL
epidermal-nevus-63.jpg,Seborrheic Keratoses and other Benign Tumors,,Seborrheic Keratoses and other Benign Tumors,UNMATCHED_RETAINS_FOLDER_LABEL
epidermal-nevus-64.jpg,Seborrheic Keratoses and other Benign Tumors,,Seborrheic Keratoses and other Benign Tumors,UNMATCHED_RETAINS_FOLDER_LABEL
epidermal-nevus-65.jpg,Seborrheic Keratoses and other Benign Tumors,,Seborrheic Keratoses and other Benign Tumors,UNMATCHED_RETAINS_FOLDER_LABEL
epidermal-nevus-66.jpg,Seborrheic Keratoses and other Benign Tumors,,Seborrheic Keratoses and other Benign Tumors,UNMATCHED_RETAINS_FOLDER_LABEL
epidermal-nevus-67.jpg,Seborrheic Keratoses and other Benign Tumors,,Seborrheic Keratoses and other Benign Tumors,UNMATCHED_RETAINS_FOLDER_LABEL
epidermal-nevus-68.jpg,Seborrheic Keratoses and other Benign Tumors,,Seborrheic Keratoses and other Benign Tumors,UNMATCHED_RETAINS_FOLDER_LABEL
epidermal-nevus-7.jpg,Seborrheic Keratoses and other Benign Tumors,,Seborrheic Keratoses and other Benign Tumors,UNMATCHED_RETAINS_FOLDER_LABEL
epidermal-nevus-70.jpg,Seborrheic Keratoses and other Benign Tumors,,Seborrheic Keratoses and other Benign Tumors,UNMATCHED_RETAINS_FOLDER_LABEL
epidermal-nevus-71.jpg,Seborrheic Keratoses and other Benign Tumors,,Seborrheic Keratoses and other Benign Tumors,UNMATCHED_RETAINS_FOLDER_LABEL
epidermal-nevus-72.jpg,Seborrheic Keratoses and other Benign Tumors,,Seborrheic Keratoses and other Benign Tumors,UNMATCHED_RETAINS_FOLDER_LABEL
epidermal-nevus-73.jpg,Seborrheic Keratoses and other Benign Tumors,,Seborrheic Keratoses and other Benign Tumors,UNMATCHED_RETAINS_FOLDER_LABEL
epidermal-nevus-8.jpg,Seborrheic Keratoses and other Benign Tumors,,Seborrheic Keratoses and other Benign Tumors,UNMATCHED_RETAINS_FOLDER_LABEL
epidermal-nevus-9.jpg,Seborrheic Keratoses and other Benign Tumors,,Seborrheic Keratoses and other Benign Tumors,UNMATCHED_RETAINS_FOLDER_LABEL
epidermal-nevus-inflammatory-1.jpg,Seborrheic Keratoses and other Benign Tumors,,Seborrheic Keratoses and other Benign Tumors,UNMATCHED_RETAINS_FOLDER_LABEL
epidermal-nevus-inflammatory-2.jpg,Seborrheic Keratoses and other Benign Tumors,,Seborrheic Keratoses and other Benign Tumors,UNMATCHED_RETAINS_FOLDER_LABEL
epidermal-nevus-inflammatory-3.jpg,Seborrheic Keratoses and other Benign Tumors,,Seborrheic Keratoses and other Benign Tumors,UNMATCHED_RETAINS_FOLDER_LABEL
epidermal-nevus-inflammatory-4.jpg,Seborrheic Keratoses and other Benign Tumors,,Seborrheic Keratoses and other Benign Tumors,UNMATCHED_RETAINS_FOLDER_LABEL
epidermal-nevus-inflammatory-5.jpg,Seborrheic Keratoses and other Benign Tumors,,Seborrheic Keratoses and other Benign Tumors,UNMATCHED_RETAINS_FOLDER_LABEL
epidermal-nevus-inflammatory-6.jpg,Seborrheic Keratoses and other Benign Tumors,,Seborrheic Keratoses and other Benign Tumors,UNMATCHED_RETAINS_FOLDER_LABEL
extraneous-digits-1.jpg,Seborrheic Keratoses and other Benign Tumors,,Seborrheic Keratoses and other Benign Tumors,UNMATCHED_RETAINS_FOLDER_LABEL
fibroma-10.jpg,Seborrheic Keratoses and other Benign Tumors,,Seborrheic Keratoses and other Benign Tumors,UNMATCHED_RETAINS_FOLDER_LABEL
fibroma-11.jpg,Seborrheic Keratoses and other Benign Tumors,,Seborrheic Keratoses and other Benign Tumors,UNMATCHED_RETAINS_FOLDER_LABEL
fibroma-2.jpg,Seborrheic Keratoses and other Benign Tumors,,Seborrheic Keratoses and other Benign Tumors,UNMATCHED_RETAINS_FOLDER_LABEL
fibroma-5.jpg,Seborrheic Keratoses and other Benign Tumors,,Seborrheic Keratoses and other Benign Tumors,UNMATCHED_RETAINS_FOLDER_LABEL
fibroma-6.jpg,Seborrheic Keratoses and other Benign Tumors,,Seborrheic Keratoses and other Benign Tumors,UNMATCHED_RETAINS_FOLDER_LABEL
fibroma-9.jpg,Seborrheic Keratoses and other Benign Tumors,,Seborrheic Keratoses and other Benign Tumors,UNMATCHED_RETAINS_FOLDER_LABEL
fibromatosis-progressive-1.jpg,Seborrheic Keratoses and other Benign Tumors,,Seborrheic Keratoses and other Benign Tumors,UNMATCHED_RETAINS_FOLDER_LABEL
fibromatosis-progressive-2.jpg,Seborrheic Keratoses and other Benign Tumors,,Seborrheic Keratoses and other Benign Tumors,UNMATCHED_RETAINS_FOLDER_LABEL
follicular-mucinosis-1.jpg,Seborrheic Keratoses and other Benign Tumors,,Seborrheic Keratoses and other Benign Tumors,UNMATCHED_RETAINS_FOLDER_LABEL
follicular-mucinosis-2.jpg,Seborrheic Keratoses and other Benign Tumors,,Seborrheic Keratoses and other Benign Tumors,UNMATCHED_RETAINS_FOLDER_LABEL
follicular-mucinosis-3.jpg,Seborrheic Keratoses and other Benign Tumors,,Seborrheic Keratoses and other Benign Tumors,UNMATCHED_RETAINS_FOLDER_LABEL
follicular-mucinosis-4.jpg,Seborrheic Keratoses and other Benign Tumors,,Seborrheic Keratoses and other Benign Tumors,UNMATCHED_RETAINS_FOLDER_LABEL
follicular-mucinosis-5.jpg,Seborrheic Keratoses and other Benign Tumors,,Seborrheic Keratoses and other Benign Tumors,UNMATCHED_RETAINS_FOLDER_LABEL
granular-cell-tumor-1.jpg,Seborrheic Keratoses and other Benign Tumors,,Seborrheic Keratoses and other Benign Tumors,UNMATCHED_RETAINS_FOLDER_LABEL
granular-cell-tumor-2.jpg,Seborrheic Keratoses and other Benign Tumors,,Seborrheic Keratoses and other Benign Tumors,UNMATCHED_RETAINS_FOLDER_LABEL
granuloma-faciale-1.jpg,Seborrheic Keratoses and other Benign Tumors,,Seborrheic Keratoses and other Benign Tumors,UNMATCHED_RETAINS_FOLDER_LABEL
granuloma-faciale-2.jpg,Seborrheic Keratoses and other Benign Tumors,,Seborrheic Keratoses and other Benign Tumors,UNMATCHED_RETAINS_FOLDER_LABEL
granuloma-faciale-3.jpg,Seborrheic Keratoses and other Benign Tumors,,Seborrheic Keratoses and other Benign Tumors,UNMATCHED_RETAINS_FOLDER_LABEL
granuloma-faciale-4.jpg,Seborrheic Keratoses and other Benign Tumors,,Seborrheic Keratoses and other Benign Tumors,UNMATCHED_RETAINS_FOLDER_LABEL
granuloma-faciale-5.jpg,Seborrheic Keratoses and other Benign Tumors,,Seborrheic Keratoses and other Benign Tumors,UNMATCHED_RETAINS_FOLDER_LABEL
granuloma-hair-1.jpg,Seborrheic Keratoses and other Benign Tumors,,Seborrheic Keratoses and other Benign Tumors,UNMATCHED_RETAINS_FOLDER_LABEL
hydrocystoma-1.jpg,Seborrheic Keratoses and other Benign Tumors,,Seborrheic Keratoses and other Benign Tumors,UNMATCHED_RETAINS_FOLDER_LABEL
hydrocystoma-10.jpg,Seborrheic Keratoses and other Benign Tumors,,Seborrheic Keratoses and other Benign Tumors,UNMATCHED_RETAINS_FOLDER_LABEL
hydrocystoma-2.jpg,Seborrheic Keratoses and other Benign Tumors,,Seborrheic Keratoses and other Benign Tumors,UNMATCHED_RETAINS_FOLDER_LABEL
hydrocystoma-4.jpg,Seborrheic Keratoses and other Benign Tumors,,Seborrheic Keratoses and other Benign Tumors,UNMATCHED_RETAINS_FOLDER_LABEL
hydrocystoma-5.jpg,Seborrheic Keratoses and other Benign Tumors,,Seborrheic Keratoses and other Benign Tumors,UNMATCHED_RETAINS_FOLDER_LABEL
hydrocystoma-6.jpg,Seborrheic Keratoses and other Benign Tumors,,Seborrheic Keratoses and other Benign Tumors,UNMATCHED_RETAINS_FOLDER_LABEL
hydrocystoma-9.jpg,Seborrheic Keratoses and other Benign Tumors,,Seborrheic Keratoses and other Benign Tumors,UNMATCHED_RETAINS_FOLDER_LABEL
intraepidermal-epithelioma-1.jpg,Seborrheic Keratoses and other Benign Tumors,,Seborrheic Keratoses and other Benign Tumors,UNMATCHED_RETAINS_FOLDER_LABEL
intraepidermal-epithelioma-2.jpg,Seborrheic Keratoses and other Benign Tumors,,Seborrheic Keratoses and other Benign Tumors,UNMATCHED_RETAINS_FOLDER_LABEL
keloids-1.jpg,Seborrheic Keratoses and other Benign Tumors,,Seborrheic Keratoses and other Benign Tumors,UNMATCHED_RETAINS_FOLDER_LABEL
keloids-10.jpg,Seborrheic Keratoses and other Benign Tumors,,Seborrheic Keratoses and other Benign Tumors,UNMATCHED_RETAINS_FOLDER_LABEL
keloids-12.jpg,Seborrheic Keratoses and other Benign Tumors,,Seborrheic Keratoses and other Benign Tumors,UNMATCHED_RETAINS_FOLDER_LABEL
keloids-14.jpg,Seborrheic Keratoses and other Benign Tumors,,Seborrheic Keratoses and other Benign Tumors,UNMATCHED_RETAINS_FOLDER_LABEL
keloids-16.jpg,Seborrheic Keratoses and other Benign Tumors,,Seborrheic Keratoses and other Benign Tumors,UNMATCHED_RETAINS_FOLDER_LABEL
keloids-17.jpg,Seborrheic Keratoses and other Benign Tumors,,Seborrheic Keratoses and other Benign Tumors,UNMATCHED_RETAINS_FOLDER_LABEL
keloids-18.jpg,Seborrheic Keratoses and other Benign Tumors,,Seborrheic Keratoses and other Benign Tumors,UNMATCHED_RETAINS_FOLDER_LABEL
keloids-19.jpg,Seborrheic Keratoses and other Benign Tumors,,Seborrheic Keratoses and other Benign Tumors,UNMATCHED_RETAINS_FOLDER_LABEL
keloids-2.jpg,Seborrheic Keratoses and other Benign Tumors,,Seborrheic Keratoses and other Benign Tumors,UNMATCHED_RETAINS_FOLDER_LABEL
keloids-22.jpg,Seborrheic Keratoses and other Benign Tumors,,Seborrheic Keratoses and other Benign Tumors,UNMATCHED_RETAINS_FOLDER_LABEL
keloids-24.jpg,Seborrheic Keratoses and other Benign Tumors,,Seborrheic Keratoses and other Benign Tumors,UNMATCHED_RETAINS_FOLDER_LABEL
keloids-26.jpg,Seborrheic Keratoses and other Benign Tumors,,Seborrheic Keratoses and other Benign Tumors,UNMATCHED_RETAINS_FOLDER_LABEL
keloids-28.jpg,Seborrheic Keratoses and other Benign Tumors,,Seborrheic Keratoses and other Benign Tumors,UNMATCHED_RETAINS_FOLDER_LABEL
keloids-29.jpg,Seborrheic Keratoses and other Benign Tumors,,Seborrheic Keratoses and other Benign Tumors,UNMATCHED_RETAINS_FOLDER_LABEL
keloids-30.jpg,Seborrheic Keratoses and other Benign Tumors,,Seborrheic Keratoses and other Benign Tumors,UNMATCHED_RETAINS_FOLDER_LABEL
keloids-31.jpg,Seborrheic Keratoses and other Benign Tumors,,Seborrheic Keratoses and other Benign Tumors,UNMATCHED_RETAINS_FOLDER_LABEL
keloids-33.jpg,Seborrheic Keratoses and other Benign Tumors,,Seborrheic Keratoses and other Benign Tumors,UNMATCHED_RETAINS_FOLDER_LABEL
keloids-34.jpg,Seborrheic Keratoses and other Benign Tumors,,Seborrheic Keratoses and other Benign Tumors,UNMATCHED_RETAINS_FOLDER_LABEL
keloids-35.jpg,Seborrheic Keratoses and other Benign Tumors,,Seborrheic Keratoses and other Benign Tumors,UNMATCHED_RETAINS_FOLDER_LABEL
keloids-36.jpg,Seborrheic Keratoses and other Benign Tumors,,Seborrheic Keratoses and other Benign Tumors,UNMATCHED_RETAINS_FOLDER_LABEL
keloids-37.jpg,Seborrheic Keratoses and other Benign Tumors,,Seborrheic Keratoses and other Benign Tumors,UNMATCHED_RETAINS_FOLDER_LABEL
keloids-39.jpg,Seborrheic Keratoses and other Benign Tumors,,Seborrheic Keratoses and other Benign Tumors,UNMATCHED_RETAINS_FOLDER_LABEL
keloids-4.jpg,Seborrheic Keratoses and other Benign Tumors,,Seborrheic Keratoses and other Benign Tumors,UNMATCHED_RETAINS_FOLDER_LABEL
keloids-40.jpg,Seborrheic Keratoses and other Benign Tumors,,Seborrheic Keratoses and other Benign Tumors,UNMATCHED_RETAINS_FOLDER_LABEL
keloids-43.jpg,Seborrheic Keratoses and other Benign Tumors,,Seborrheic Keratoses and other Benign Tumors,UNMATCHED_RETAINS_FOLDER_LABEL
keloids-44.jpg,Seborrheic Keratoses and other Benign Tumors,,Seborrheic Keratoses and other Benign Tumors,UNMATCHED_RETAINS_FOLDER_LABEL
keloids-45.jpg,Seborrheic Keratoses and other Benign Tumors,,Seborrheic Keratoses and other Benign Tumors,UNMATCHED_RETAINS_FOLDER_LABEL
keloids-46.jpg,Seborrheic Keratoses and other Benign Tumors,,Seborrheic Keratoses and other Benign Tumors,UNMATCHED_RETAINS_FOLDER_LABEL
keloids-48.jpg,Seborrheic Keratoses and other Benign Tumors,,Seborrheic Keratoses and other Benign Tumors,UNMATCHED_RETAINS_FOLDER_LABEL
keloids-49.jpg,Seborrheic Keratoses and other Benign Tumors,,Seborrheic Keratoses and other Benign Tumors,UNMATCHED_RETAINS_FOLDER_LABEL
keloids-5.jpg,Seborrheic Keratoses and other Benign Tumors,,Seborrheic Keratoses and other Benign Tumors,UNMATCHED_RETAINS_FOLDER_LABEL
keloids-52.jpg,Seborrheic Keratoses and other Benign Tumors,,Seborrheic Keratoses and other Benign Tumors,UNMATCHED_RETAINS_FOLDER_LABEL
keloids-53.jpg,Seborrheic Keratoses and other Benign Tumors,,Seborrheic Keratoses and other Benign Tumors,UNMATCHED_RETAINS_FOLDER_LABEL
keloids-54.jpg,Seborrheic Keratoses and other Benign Tumors,,Seborrheic Keratoses and other Benign Tumors,UNMATCHED_RETAINS_FOLDER_LABEL
keloids-55.jpg,Seborrheic Keratoses and other Benign Tumors,,Seborrheic Keratoses and other Benign Tumors,UNMATCHED_RETAINS_FOLDER_LABEL
keloids-56.jpg,Seborrheic Keratoses and other Benign Tumors,,Seborrheic Keratoses and other Benign Tumors,UNMATCHED_RETAINS_FOLDER_LABEL
keloids-58.jpg,Seborrheic Keratoses and other Benign Tumors,,Seborrheic Keratoses and other Benign Tumors,UNMATCHED_RETAINS_FOLDER_LABEL
keloids-6.jpg,Seborrheic Keratoses and other Benign Tumors,,Seborrheic Keratoses and other Benign Tumors,UNMATCHED_RETAINS_FOLDER_LABEL
keloids-60.jpg,Seborrheic Keratoses and other Benign Tumors,,Seborrheic Keratoses and other Benign Tumors,UNMATCHED_RETAINS_FOLDER_LABEL
keloids-61.jpg,Seborrheic Keratoses and other Benign Tumors,,Seborrheic Keratoses and other Benign Tumors,UNMATCHED_RETAINS_FOLDER_LABEL
keloids-63.jpg,Seborrheic Keratoses and other Benign Tumors,,Seborrheic Keratoses and other Benign Tumors,UNMATCHED_RETAINS_FOLDER_LABEL
keloids-64.jpg,Seborrheic Keratoses and other Benign Tumors,,Seborrheic Keratoses and other Benign Tumors,UNMATCHED_RETAINS_FOLDER_LABEL
keloids-65.jpg,Seborrheic Keratoses and other Benign Tumors,,Seborrheic Keratoses and other Benign Tumors,UNMATCHED_RETAINS_FOLDER_LABEL
keloids-66.jpg,Seborrheic Keratoses and other Benign Tumors,,Seborrheic Keratoses and other Benign Tumors,UNMATCHED_RETAINS_FOLDER_LABEL
keloids-69.jpg,Seborrheic Keratoses and other Benign Tumors,,Seborrheic Keratoses and other Benign Tumors,UNMATCHED_RETAINS_FOLDER_LABEL
keloids-70.jpg,Seborrheic Keratoses and other Benign Tumors,,Seborrheic Keratoses and other Benign Tumors,UNMATCHED_RETAINS_FOLDER_LABEL
keloids-72.jpg,Seborrheic Keratoses and other Benign Tumors,,Seborrheic Keratoses and other Benign Tumors,UNMATCHED_RETAINS_FOLDER_LABEL
keloids-73.jpg,Seborrheic Keratoses and other Benign Tumors,,Seborrheic Keratoses and other Benign Tumors,UNMATCHED_RETAINS_FOLDER_LABEL
keloids-74.jpg,Seborrheic Keratoses and other Benign Tumors,,Seborrheic Keratoses and other Benign Tumors,UNMATCHED_RETAINS_FOLDER_LABEL
keloids-76.jpg,Seborrheic Keratoses and other Benign Tumors,,Seborrheic Keratoses and other Benign Tumors,UNMATCHED_RETAINS_FOLDER_LABEL
keloids-77.jpg,Seborrheic Keratoses and other Benign Tumors,,Seborrheic Keratoses and other Benign Tumors,UNMATCHED_RETAINS_FOLDER_LABEL
keloids-78.jpg,Seborrheic Keratoses and other Benign Tumors,,Seborrheic Keratoses and other Benign Tumors,UNMATCHED_RETAINS_FOLDER_LABEL
keloids-79.jpg,Seborrheic Keratoses and other Benign Tumors,,Seborrheic Keratoses and other Benign Tumors,UNMATCHED_RETAINS_FOLDER_LABEL
keloids-8.jpg,Seborrheic Keratoses and other Benign Tumors,,Seborrheic Keratoses and other Benign Tumors,UNMATCHED_RETAINS_FOLDER_LABEL
keloids-80.jpg,Seborrheic Keratoses and other Benign Tumors,,Seborrheic Keratoses and other Benign Tumors,UNMATCHED_RETAINS_FOLDER_LABEL
keloids-9.jpg,Seborrheic Keratoses and other Benign Tumors,,Seborrheic Keratoses and other Benign Tumors,UNMATCHED_RETAINS_FOLDER_LABEL
keratoacanthoma-100.jpg,Seborrheic Keratoses and other Benign Tumors,,Seborrheic Keratoses and other Benign Tumors,UNMATCHED_RETAINS_FOLDER_LABEL
keratoacanthoma-101.jpg,Seborrheic Keratoses and other Benign Tumors,,Seborrheic Keratoses and other Benign Tumors,UNMATCHED_RETAINS_FOLDER_LABEL
keratoacanthoma-102.jpg,Seborrheic Keratoses and other Benign Tumors,,Seborrheic Keratoses and other Benign Tumors,UNMATCHED_RETAINS_FOLDER_LABEL
keratoacanthoma-103.jpg,Seborrheic Keratoses and other Benign Tumors,,Seborrheic Keratoses and other Benign Tumors,UNMATCHED_RETAINS_FOLDER_LABEL
keratoacanthoma-104.jpg,Seborrheic Keratoses and other Benign Tumors,,Seborrheic Keratoses and other Benign Tumors,UNMATCHED_RETAINS_FOLDER_LABEL
keratoacanthoma-105.jpg,Seborrheic Keratoses and other Benign Tumors,,Seborrheic Keratoses and other Benign Tumors,UNMATCHED_RETAINS_FOLDER_LABEL
keratoacanthoma-106.jpg,Seborrheic Keratoses and other Benign Tumors,,Seborrheic Keratoses and other Benign Tumors,UNMATCHED_RETAINS_FOLDER_LABEL
keratoacanthoma-107.jpg,Seborrheic Keratoses and other Benign Tumors,,Seborrheic Keratoses and other Benign Tumors,UNMATCHED_RETAINS_FOLDER_LABEL
keratoacanthoma-108.jpg,Seborrheic Keratoses and other Benign Tumors,,Seborrheic Keratoses and other Benign Tumors,UNMATCHED_RETAINS_FOLDER_LABEL
keratoacanthoma-109.jpg,Seborrheic Keratoses and other Benign Tumors,,Seborrheic Keratoses and other Benign Tumors,UNMATCHED_RETAINS_FOLDER_LABEL
keratoacanthoma-110.jpg,Seborrheic Keratoses and other Benign Tumors,,Seborrheic Keratoses and other Benign Tumors,UNMATCHED_RETAINS_FOLDER_LABEL
keratoacanthoma-111.jpg,Seborrheic Keratoses and other Benign Tumors,,Seborrheic Keratoses and other Benign Tumors,UNMATCHED_RETAINS_FOLDER_LABEL
keratoacanthoma-112.jpg,Seborrheic Keratoses and other Benign Tumors,,Seborrheic Keratoses and other Benign Tumors,UNMATCHED_RETAINS_FOLDER_LABEL
keratoacanthoma-113.jpg,Seborrheic Keratoses and other Benign Tumors,,Seborrheic Keratoses and other Benign Tumors,UNMATCHED_RETAINS_FOLDER_LABEL
keratoacanthoma-114.jpg,Seborrheic Keratoses and other Benign Tumors,,Seborrheic Keratoses and other Benign Tumors,UNMATCHED_RETAINS_FOLDER_LABEL
keratoacanthoma-115.jpg,Seborrheic Keratoses and other Benign Tumors,,Seborrheic Keratoses and other Benign Tumors,UNMATCHED_RETAINS_FOLDER_LABEL
keratoacanthoma-116.jpg,Seborrheic Keratoses and other Benign Tumors,,Seborrheic Keratoses and other Benign Tumors,UNMATCHED_RETAINS_FOLDER_LABEL
keratoacanthoma-119.jpg,Seborrheic Keratoses and other Benign Tumors,,Seborrheic Keratoses and other Benign Tumors,UNMATCHED_RETAINS_FOLDER_LABEL
keratoacanthoma-12.jpg,Seborrheic Keratoses and other Benign Tumors,,Seborrheic Keratoses and other Benign Tumors,UNMATCHED_RETAINS_FOLDER_LABEL
keratoacanthoma-120.jpg,Seborrheic Keratoses and other Benign Tumors,,Seborrheic Keratoses and other Benign Tumors,UNMATCHED_RETAINS_FOLDER_LABEL
keratoacanthoma-121.jpg,Seborrheic Keratoses and other Benign Tumors,,Seborrheic Keratoses and other Benign Tumors,UNMATCHED_RETAINS_FOLDER_LABEL
keratoacanthoma-122.jpg,Seborrheic Keratoses and other Benign Tumors,,Seborrheic Keratoses and other Benign Tumors,UNMATCHED_RETAINS_FOLDER_LABEL
keratoacanthoma-123.jpg,Seborrheic Keratoses and other Benign Tumors,,Seborrheic Keratoses and other Benign Tumors,UNMATCHED_RETAINS_FOLDER_LABEL
keratoacanthoma-124.jpg,Seborrheic Keratoses and other Benign Tumors,,Seborrheic Keratoses and other Benign Tumors,UNMATCHED_RETAINS_FOLDER_LABEL
keratoacanthoma-125.jpg,Seborrheic Keratoses and other Benign Tumors,,Seborrheic Keratoses and other Benign Tumors,UNMATCHED_RETAINS_FOLDER_LABEL
keratoacanthoma-126.jpg,Seborrheic Keratoses and other Benign Tumors,,Seborrheic Keratoses and other Benign Tumors,UNMATCHED_RETAINS_FOLDER_LABEL
keratoacanthoma-127.jpg,Seborrheic Keratoses and other Benign Tumors,,Seborrheic Keratoses and other Benign Tumors,UNMATCHED_RETAINS_FOLDER_LABEL
keratoacanthoma-128.jpg,Seborrheic Keratoses and other Benign Tumors,,Seborrheic Keratoses and other Benign Tumors,UNMATCHED_RETAINS_FOLDER_LABEL
keratoacanthoma-129.jpg,Seborrheic Keratoses and other Benign Tumors,,Seborrheic Keratoses and other Benign Tumors,UNMATCHED_RETAINS_FOLDER_LABEL
keratoacanthoma-13.jpg,Seborrheic Keratoses and other Benign Tumors,,Seborrheic Keratoses and other Benign Tumors,UNMATCHED_RETAINS_FOLDER_LABEL
keratoacanthoma-130.jpg,Seborrheic Keratoses and other Benign Tumors,,Seborrheic Keratoses and other Benign Tumors,UNMATCHED_RETAINS_FOLDER_LABEL
keratoacanthoma-133.jpg,Seborrheic Keratoses and other Benign Tumors,,Seborrheic Keratoses and other Benign Tumors,UNMATCHED_RETAINS_FOLDER_LABEL
keratoacanthoma-134.jpg,Seborrheic Keratoses and other Benign Tumors,,Seborrheic Keratoses and other Benign Tumors,UNMATCHED_RETAINS_FOLDER_LABEL
keratoacanthoma-138.jpg,Seborrheic Keratoses and other Benign Tumors,,Seborrheic Keratoses and other Benign Tumors,UNMATCHED_RETAINS_FOLDER_LABEL
keratoacanthoma-140.jpg,Seborrheic Keratoses and other Benign Tumors,,Seborrheic Keratoses and other Benign Tumors,UNMATCHED_RETAINS_FOLDER_LABEL
keratoacanthoma-141.jpg,Seborrheic Keratoses and other Benign Tumors,,Seborrheic Keratoses and other Benign Tumors,UNMATCHED_RETAINS_FOLDER_LABEL
keratoacanthoma-142.jpg,Seborrheic Keratoses and other Benign Tumors,,Seborrheic Keratoses and other Benign Tumors,UNMATCHED_RETAINS_FOLDER_LABEL
keratoacanthoma-144.jpg,Seborrheic Keratoses and other Benign Tumors,,Seborrheic Keratoses and other Benign Tumors,UNMATCHED_RETAINS_FOLDER_LABEL
keratoacanthoma-146.jpg,Seborrheic Keratoses and other Benign Tumors,,Seborrheic Keratoses and other Benign Tumors,UNMATCHED_RETAINS_FOLDER_LABEL
keratoacanthoma-147.jpg,Seborrheic Keratoses and other Benign Tumors,,Seborrheic Keratoses and other Benign Tumors,UNMATCHED_RETAINS_FOLDER_LABEL
keratoacanthoma-148.jpg,Seborrheic Keratoses and other Benign Tumors,,Seborrheic Keratoses and other Benign Tumors,UNMATCHED_RETAINS_FOLDER_LABEL
keratoacanthoma-149.jpg,Seborrheic Keratoses and other Benign Tumors,,Seborrheic Keratoses and other Benign Tumors,UNMATCHED_RETAINS_FOLDER_LABEL
keratoacanthoma-15.jpg,Seborrheic Keratoses and other Benign Tumors,,Seborrheic Keratoses and other Benign Tumors,UNMATCHED_RETAINS_FOLDER_LABEL
keratoacanthoma-150.jpg,Seborrheic Keratoses and other Benign Tumors,,Seborrheic Keratoses and other Benign Tumors,UNMATCHED_RETAINS_FOLDER_LABEL
keratoacanthoma-152.jpg,Seborrheic Keratoses and other Benign Tumors,,Seborrheic Keratoses and other Benign Tumors,UNMATCHED_RETAINS_FOLDER_LABEL
keratoacanthoma-153.jpg,Seborrheic Keratoses and other Benign Tumors,,Seborrheic Keratoses and other Benign Tumors,UNMATCHED_RETAINS_FOLDER_LABEL
keratoacanthoma-154.jpg,Seborrheic Keratoses and other Benign Tumors,,Seborrheic Keratoses and other Benign Tumors,UNMATCHED_RETAINS_FOLDER_LABEL
keratoacanthoma-155.jpg,Seborrheic Keratoses and other Benign Tumors,,Seborrheic Keratoses and other Benign Tumors,UNMATCHED_RETAINS_FOLDER_LABEL
keratoacanthoma-156.jpg,Seborrheic Keratoses and other Benign Tumors,,Seborrheic Keratoses and other Benign Tumors,UNMATCHED_RETAINS_FOLDER_LABEL
keratoacanthoma-158.jpg,Seborrheic Keratoses and other Benign Tumors,,Seborrheic Keratoses and other Benign Tumors,UNMATCHED_RETAINS_FOLDER_LABEL
keratoacanthoma-16.jpg,Seborrheic Keratoses and other Benign Tumors,,Seborrheic Keratoses and other Benign Tumors,UNMATCHED_RETAINS_FOLDER_LABEL
keratoacanthoma-160.jpg,Seborrheic Keratoses and other Benign Tumors,,Seborrheic Keratoses and other Benign Tumors,UNMATCHED_RETAINS_FOLDER_LABEL
keratoacanthoma-161.jpg,Seborrheic Keratoses and other Benign Tumors,,Seborrheic Keratoses and other Benign Tumors,UNMATCHED_RETAINS_FOLDER_LABEL
keratoacanthoma-162.jpg,Seborrheic Keratoses and other Benign Tumors,,Seborrheic Keratoses and other Benign Tumors,UNMATCHED_RETAINS_FOLDER_LABEL
keratoacanthoma-163.jpg,Seborrheic Keratoses and other Benign Tumors,,Seborrheic Keratoses and other Benign Tumors,UNMATCHED_RETAINS_FOLDER_LABEL
keratoacanthoma-165.jpg,Seborrheic Keratoses and other Benign Tumors,,Seborrheic Keratoses and other Benign Tumors,UNMATCHED_RETAINS_FOLDER_LABEL
keratoacanthoma-166.jpg,Seborrheic Keratoses and other Benign Tumors,,Seborrheic Keratoses and other Benign Tumors,UNMATCHED_RETAINS_FOLDER_LABEL
keratoacanthoma-168.jpg,Seborrheic Keratoses and other Benign Tumors,,Seborrheic Keratoses and other Benign Tumors,UNMATCHED_RETAINS_FOLDER_LABEL
keratoacanthoma-169.jpg,Seborrheic Keratoses and other Benign Tumors,,Seborrheic Keratoses and other Benign Tumors,UNMATCHED_RETAINS_FOLDER_LABEL
keratoacanthoma-17.jpg,Seborrheic Keratoses and other Benign Tumors,,Seborrheic Keratoses and other Benign Tumors,UNMATCHED_RETAINS_FOLDER_LABEL
keratoacanthoma-170.jpg,Seborrheic Keratoses and other Benign Tumors,,Seborrheic Keratoses and other Benign Tumors,UNMATCHED_RETAINS_FOLDER_LABEL
keratoacanthoma-171.jpg,Seborrheic Keratoses and other Benign Tumors,,Seborrheic Keratoses and other Benign Tumors,UNMATCHED_RETAINS_FOLDER_LABEL
keratoacanthoma-172.jpg,Seborrheic Keratoses and other Benign Tumors,,Seborrheic Keratoses and other Benign Tumors,UNMATCHED_RETAINS_FOLDER_LABEL
keratoacanthoma-174.jpg,Seborrheic Keratoses and other Benign Tumors,,Seborrheic Keratoses and other Benign Tumors,UNMATCHED_RETAINS_FOLDER_LABEL
keratoacanthoma-175.jpg,Seborrheic Keratoses and other Benign Tumors,,Seborrheic Keratoses and other Benign Tumors,UNMATCHED_RETAINS_FOLDER_LABEL
keratoacanthoma-176.jpg,Seborrheic Keratoses and other Benign Tumors,,Seborrheic Keratoses and other Benign Tumors,UNMATCHED_RETAINS_FOLDER_LABEL
keratoacanthoma-177.jpg,Seborrheic Keratoses and other Benign Tumors,,Seborrheic Keratoses and other Benign Tumors,UNMATCHED_RETAINS_FOLDER_LABEL
keratoacanthoma-178.jpg,Seborrheic Keratoses and other Benign Tumors,,Seborrheic Keratoses and other Benign Tumors,UNMATCHED_RETAINS_FOLDER_LABEL
keratoacanthoma-179.jpg,Seborrheic Keratoses and other Benign Tumors,,Seborrheic Keratoses and other Benign Tumors,UNMATCHED_RETAINS_FOLDER_LABEL
keratoacanthoma-18.jpg,Seborrheic Keratoses and other Benign Tumors,,Seborrheic Keratoses and other Benign Tumors,UNMATCHED_RETAINS_FOLDER_LABEL
keratoacanthoma-180.jpg,Seborrheic Keratoses and other Benign Tumors,,Seborrheic Keratoses and other Benign Tumors,UNMATCHED_RETAINS_FOLDER_LABEL
keratoacanthoma-182.jpg,Seborrheic Keratoses and other Benign Tumors,,Seborrheic Keratoses and other Benign Tumors,UNMATCHED_RETAINS_FOLDER_LABEL
keratoacanthoma-183.jpg,Seborrheic Keratoses and other Benign Tumors,,Seborrheic Keratoses and other Benign Tumors,UNMATCHED_RETAINS_FOLDER_LABEL
keratoacanthoma-184.jpg,Seborrheic Keratoses and other Benign Tumors,,Seborrheic Keratoses and other Benign Tumors,UNMATCHED_RETAINS_FOLDER_LABEL
keratoacanthoma-185.jpg,Seborrheic Keratoses and other Benign Tumors,,Seborrheic Keratoses and other Benign Tumors,UNMATCHED_RETAINS_FOLDER_LABEL
keratoacanthoma-186.jpg,Seborrheic Keratoses and other Benign Tumors,,Seborrheic Keratoses and other Benign Tumors,UNMATCHED_RETAINS_FOLDER_LABEL
keratoacanthoma-187.jpg,Seborrheic Keratoses and other Benign Tumors,,Seborrheic Keratoses and other Benign Tumors,UNMATCHED_RETAINS_FOLDER_LABEL
keratoacanthoma-188.jpg,Seborrheic Keratoses and other Benign Tumors,,Seborrheic Keratoses and other Benign Tumors,UNMATCHED_RETAINS_FOLDER_LABEL
keratoacanthoma-189.jpg,Seborrheic Keratoses and other Benign Tumors,,Seborrheic Keratoses and other Benign Tumors,UNMATCHED_RETAINS_FOLDER_LABEL
keratoacanthoma-19.jpg,Seborrheic Keratoses and other Benign Tumors,,Seborrheic Keratoses and other Benign Tumors,UNMATCHED_RETAINS_FOLDER_LABEL
keratoacanthoma-190.jpg,Seborrheic Keratoses and other Benign Tumors,,Seborrheic Keratoses and other Benign Tumors,UNMATCHED_RETAINS_FOLDER_LABEL
keratoacanthoma-191.jpg,Seborrheic Keratoses and other Benign Tumors,,Seborrheic Keratoses and other Benign Tumors,UNMATCHED_RETAINS_FOLDER_LABEL
keratoacanthoma-192.jpg,Seborrheic Keratoses and other Benign Tumors,,Seborrheic Keratoses and other Benign Tumors,UNMATCHED_RETAINS_FOLDER_LABEL
keratoacanthoma-193.jpg,Seborrheic Keratoses and other Benign Tumors,,Seborrheic Keratoses and other Benign Tumors,UNMATCHED_RETAINS_FOLDER_LABEL
keratoacanthoma-79.jpg,Seborrheic Keratoses and other Benign Tumors,,Seborrheic Keratoses and other Benign Tumors,UNMATCHED_RETAINS_FOLDER_LABEL
keratoacanthoma-80.jpg,Seborrheic Keratoses and other Benign Tumors,,Seborrheic Keratoses and other Benign Tumors,UNMATCHED_RETAINS_FOLDER_LABEL
keratoacanthoma-81.jpg,Seborrheic Keratoses and other Benign Tumors,,Seborrheic Keratoses and other Benign Tumors,UNMATCHED_RETAINS_FOLDER_LABEL
keratoacanthoma-85.jpg,Seborrheic Keratoses and other Benign Tumors,,Seborrheic Keratoses and other Benign Tumors,UNMATCHED_RETAINS_FOLDER_LABEL
keratoacanthoma-86.jpg,Seborrheic Keratoses and other Benign Tumors,,Seborrheic Keratoses and other Benign Tumors,UNMATCHED_RETAINS_FOLDER_LABEL
keratoacanthoma-87.jpg,Seborrheic Keratoses and other Benign Tumors,,Seborrheic Keratoses and other Benign Tumors,UNMATCHED_RETAINS_FOLDER_LABEL
keratoacanthoma-88.jpg,Seborrheic Keratoses and other Benign Tumors,,Seborrheic Keratoses and other Benign Tumors,UNMATCHED_RETAINS_FOLDER_LABEL
keratoacanthoma-89.jpg,Seborrheic Keratoses and other Benign Tumors,,Seborrheic Keratoses and other Benign Tumors,UNMATCHED_RETAINS_FOLDER_LABEL
keratoacanthoma-90.jpg,Seborrheic Keratoses and other Benign Tumors,,Seborrheic Keratoses and other Benign Tumors,UNMATCHED_RETAINS_FOLDER_LABEL
keratoacanthoma-91.jpg,Seborrheic Keratoses and other Benign Tumors,,Seborrheic Keratoses and other Benign Tumors,UNMATCHED_RETAINS_FOLDER_LABEL
keratoacanthoma-92.jpg,Seborrheic Keratoses and other Benign Tumors,,Seborrheic Keratoses and other Benign Tumors,UNMATCHED_RETAINS_FOLDER_LABEL
keratoacanthoma-93.jpg,Seborrheic Keratoses and other Benign Tumors,,Seborrheic Keratoses and other Benign Tumors,UNMATCHED_RETAINS_FOLDER_LABEL
keratoacanthoma-94.jpg,Seborrheic Keratoses and other Benign Tumors,,Seborrheic Keratoses and other Benign Tumors,UNMATCHED_RETAINS_FOLDER_LABEL
keratoacanthoma-95.jpg,Seborrheic Keratoses and other Benign Tumors,,Seborrheic Keratoses and other Benign Tumors,UNMATCHED_RETAINS_FOLDER_LABEL
keratoacanthoma-96.jpg,Seborrheic Keratoses and other Benign Tumors,,Seborrheic Keratoses and other Benign Tumors,UNMATCHED_RETAINS_FOLDER_LABEL
keratoacanthoma-97.jpg,Seborrheic Keratoses and other Benign Tumors,,Seborrheic Keratoses and other Benign Tumors,UNMATCHED_RETAINS_FOLDER_LABEL
keratoacanthoma-98.jpg,Seborrheic Keratoses and other Benign Tumors,,Seborrheic Keratoses and other Benign Tumors,UNMATCHED_RETAINS_FOLDER_LABEL
keratoacanthoma-99.jpg,Seborrheic Keratoses and other Benign Tumors,,Seborrheic Keratoses and other Benign Tumors,UNMATCHED_RETAINS_FOLDER_LABEL
keratosis-punctata-3.jpg,Seborrheic Keratoses and other Benign Tumors,,Seborrheic Keratoses and other Benign Tumors,UNMATCHED_RETAINS_FOLDER_LABEL
keratosis-punctata-4.jpg,Seborrheic Keratoses and other Benign Tumors,,Seborrheic Keratoses and other Benign Tumors,UNMATCHED_RETAINS_FOLDER_LABEL
knuckle-pads-1.jpg,Seborrheic Keratoses and other Benign Tumors,,Seborrheic Keratoses and other Benign Tumors,UNMATCHED_RETAINS_FOLDER_LABEL
kyrle-disease-1.jpg,Seborrheic Keratoses and other Benign Tumors,,Seborrheic Keratoses and other Benign Tumors,UNMATCHED_RETAINS_FOLDER_LABEL
kyrle-disease-10.jpg,Seborrheic Keratoses and other Benign Tumors,,Seborrheic Keratoses and other Benign Tumors,UNMATCHED_RETAINS_FOLDER_LABEL
kyrle-disease-2.jpg,Seborrheic Keratoses and other Benign Tumors,,Seborrheic Keratoses and other Benign Tumors,UNMATCHED_RETAINS_FOLDER_LABEL
kyrle-disease-3.jpg,Seborrheic Keratoses and other Benign Tumors,,Seborrheic Keratoses and other Benign Tumors,UNMATCHED_RETAINS_FOLDER_LABEL
kyrle-disease-5.jpg,Seborrheic Keratoses and other Benign Tumors,,Seborrheic Keratoses and other Benign Tumors,UNMATCHED_RETAINS_FOLDER_LABEL
kyrle-disease-6.jpg,Seborrheic Keratoses and other Benign Tumors,,Seborrheic Keratoses and other Benign Tumors,UNMATCHED_RETAINS_FOLDER_LABEL
kyrle-disease-7.jpg,Seborrheic Keratoses and other Benign Tumors,,Seborrheic Keratoses and other Benign Tumors,UNMATCHED_RETAINS_FOLDER_LABEL
kyrle-disease-8.jpg,Seborrheic Keratoses and other Benign Tumors,,Seborrheic Keratoses and other Benign Tumors,UNMATCHED_RETAINS_FOLDER_LABEL
kyrle-disease-9.jpg,Seborrheic Keratoses and other Benign Tumors,,Seborrheic Keratoses and other Benign Tumors,UNMATCHED_RETAINS_FOLDER_LABEL
leiomyomata-1.jpg,Seborrheic Keratoses and other Benign Tumors,,Seborrheic Keratoses and other Benign Tumors,UNMATCHED_RETAINS_FOLDER_LABEL
leiomyomata-10.jpg,Seborrheic Keratoses and other Benign Tumors,,Seborrheic Keratoses and other Benign Tumors,UNMATCHED_RETAINS_FOLDER_LABEL
leiomyomata-11.jpg,Seborrheic Keratoses and other Benign Tumors,,Seborrheic Keratoses and other Benign Tumors,UNMATCHED_RETAINS_FOLDER_LABEL
leiomyomata-3.jpg,Seborrheic Keratoses and other Benign Tumors,,Seborrheic Keratoses and other Benign Tumors,UNMATCHED_RETAINS_FOLDER_LABEL
leiomyomata-5.jpg,Seborrheic Keratoses and other Benign Tumors,,Seborrheic Keratoses and other Benign Tumors,UNMATCHED_RETAINS_FOLDER_LABEL
leiomyomata-6.jpg,Seborrheic Keratoses and other Benign Tumors,,Seborrheic Keratoses and other Benign Tumors,UNMATCHED_RETAINS_FOLDER_LABEL
leiomyomata-7.jpg,Seborrheic Keratoses and other Benign Tumors,,Seborrheic Keratoses and other Benign Tumors,UNMATCHED_RETAINS_FOLDER_LABEL
leiomyomata-8.jpg,Seborrheic Keratoses and other Benign Tumors,,Seborrheic Keratoses and other Benign Tumors,UNMATCHED_RETAINS_FOLDER_LABEL
leiomyomata-9.jpg,Seborrheic Keratoses and other Benign Tumors,,Seborrheic Keratoses and other Benign Tumors,UNMATCHED_RETAINS_FOLDER_LABEL
lichen-striatus-1.jpg,Seborrheic Keratoses and other Benign Tumors,,Seborrheic Keratoses and other Benign Tumors,UNMATCHED_RETAINS_FOLDER_LABEL
lichen-striatus-2.jpg,Seborrheic Keratoses and other Benign Tumors,,Seborrheic Keratoses and other Benign Tumors,UNMATCHED_RETAINS_FOLDER_LABEL
lymphocytic-infiltrate-jessner-1.jpg,Seborrheic Keratoses and other Benign Tumors,,Seborrheic Keratoses and other Benign Tumors,UNMATCHED_RETAINS_FOLDER_LABEL
melanoma-mimic-1.jpg,Seborrheic Keratoses and other Benign Tumors,,Seborrheic Keratoses and other Benign Tumors,UNMATCHED_RETAINS_FOLDER_LABEL
melanoma-mimic-11.jpg,Seborrheic Keratoses and other Benign Tumors,,Seborrheic Keratoses and other Benign Tumors,UNMATCHED_RETAINS_FOLDER_LABEL
melanoma-mimic-12.jpg,Seborrheic Keratoses and other Benign Tumors,,Seborrheic Keratoses and other Benign Tumors,UNMATCHED_RETAINS_FOLDER_LABEL
melanoma-mimic-13.jpg,Seborrheic Keratoses and other Benign Tumors,,Seborrheic Keratoses and other Benign Tumors,UNMATCHED_RETAINS_FOLDER_LABEL
melanoma-mimic-14.jpg,Seborrheic Keratoses and other Benign Tumors,,Seborrheic Keratoses and other Benign Tumors,UNMATCHED_RETAINS_FOLDER_LABEL
melanoma-mimic-16.jpg,Seborrheic Keratoses and other Benign Tumors,,Seborrheic Keratoses and other Benign Tumors,UNMATCHED_RETAINS_FOLDER_LABEL
melanoma-mimic-17.jpg,Seborrheic Keratoses and other Benign Tumors,,Seborrheic Keratoses and other Benign Tumors,UNMATCHED_RETAINS_FOLDER_LABEL
melanoma-mimic-18.jpg,Seborrheic Keratoses and other Benign Tumors,,Seborrheic Keratoses and other Benign Tumors,UNMATCHED_RETAINS_FOLDER_LABEL
melanoma-mimic-19.jpg,Seborrheic Keratoses and other Benign Tumors,,Seborrheic Keratoses and other Benign Tumors,UNMATCHED_RETAINS_FOLDER_LABEL
melanoma-mimic-21.jpg,Seborrheic Keratoses and other Benign Tumors,,Seborrheic Keratoses and other Benign Tumors,UNMATCHED_RETAINS_FOLDER_LABEL
melanoma-mimic-24.jpg,Seborrheic Keratoses and other Benign Tumors,,Seborrheic Keratoses and other Benign Tumors,UNMATCHED_RETAINS_FOLDER_LABEL
melanoma-mimic-3.jpg,Seborrheic Keratoses and other Benign Tumors,,Seborrheic Keratoses and other Benign Tumors,UNMATCHED_RETAINS_FOLDER_LABEL
melanoma-mimic-34.jpg,Seborrheic Keratoses and other Benign Tumors,,Seborrheic Keratoses and other Benign Tumors,UNMATCHED_RETAINS_FOLDER_LABEL
melanoma-mimic-4.jpg,Seborrheic Keratoses and other Benign Tumors,,Seborrheic Keratoses and other Benign Tumors,UNMATCHED_RETAINS_FOLDER_LABEL
melanoma-mimic-5.jpg,Seborrheic Keratoses and other Benign Tumors,,Seborrheic Keratoses and other Benign Tumors,UNMATCHED_RETAINS_FOLDER_LABEL
melanoma-mimic-6.jpg,Seborrheic Keratoses and other Benign Tumors,,Seborrheic Keratoses and other Benign Tumors,UNMATCHED_RETAINS_FOLDER_LABEL
melanoma-mimic-7.jpg,Seborrheic Keratoses and other Benign Tumors,,Seborrheic Keratoses and other Benign Tumors,UNMATCHED_RETAINS_FOLDER_LABEL
melanoma-mimic-9.jpg,Seborrheic Keratoses and other Benign Tumors,,Seborrheic Keratoses and other Benign Tumors,UNMATCHED_RETAINS_FOLDER_LABEL
neurofibromas-1.jpg,Seborrheic Keratoses and other Benign Tumors,,Seborrheic Keratoses and other Benign Tumors,UNMATCHED_RETAINS_FOLDER_LABEL
neurofibromas-10.jpg,Seborrheic Keratoses and other Benign Tumors,,Seborrheic Keratoses and other Benign Tumors,UNMATCHED_RETAINS_FOLDER_LABEL
neurofibromas-12.jpg,Seborrheic Keratoses and other Benign Tumors,,Seborrheic Keratoses and other Benign Tumors,UNMATCHED_RETAINS_FOLDER_LABEL
neurofibromas-13.jpg,Seborrheic Keratoses and other Benign Tumors,,Seborrheic Keratoses and other Benign Tumors,UNMATCHED_RETAINS_FOLDER_LABEL
neurofibromas-14.jpg,Seborrheic Keratoses and other Benign Tumors,,Seborrheic Keratoses and other Benign Tumors,UNMATCHED_RETAINS_FOLDER_LABEL
neurofibromas-15.jpg,Seborrheic Keratoses and other Benign Tumors,,Seborrheic Keratoses and other Benign Tumors,UNMATCHED_RETAINS_FOLDER_LABEL
neurofibromas-16.jpg,Seborrheic Keratoses and other Benign Tumors,,Seborrheic Keratoses and other Benign Tumors,UNMATCHED_RETAINS_FOLDER_LABEL
neurofibromas-17.jpg,Seborrheic Keratoses and other Benign Tumors,,Seborrheic Keratoses and other Benign Tumors,UNMATCHED_RETAINS_FOLDER_LABEL
neurofibromas-2.jpg,Seborrheic Keratoses and other Benign Tumors,,Seborrheic Keratoses and other Benign Tumors,UNMATCHED_RETAINS_FOLDER_LABEL
neurofibromas-3.jpg,Seborrheic Keratoses and other Benign Tumors,,Seborrheic Keratoses and other Benign Tumors,UNMATCHED_RETAINS_FOLDER_LABEL
neurofibromas-4.jpg,Seborrheic Keratoses and other Benign Tumors,,Seborrheic Keratoses and other Benign Tumors,UNMATCHED_RETAINS_FOLDER_LABEL
neurofibromas-6.jpg,Seborrheic Keratoses and other Benign Tumors,,Seborrheic Keratoses and other Benign Tumors,UNMATCHED_RETAINS_FOLDER_LABEL
neurofibromas-7.jpg,Seborrheic Keratoses and other Benign Tumors,,Seborrheic Keratoses and other Benign Tumors,UNMATCHED_RETAINS_FOLDER_LABEL
neurofibromas-8.jpg,Seborrheic Keratoses and other Benign Tumors,,Seborrheic Keratoses and other Benign Tumors,UNMATCHED_RETAINS_FOLDER_LABEL
neurofibromas-9.jpg,Seborrheic Keratoses and other Benign Tumors,,Seborrheic Keratoses and other Benign Tumors,UNMATCHED_RETAINS_FOLDER_LABEL
nevus-sebaceous-1.jpg,Seborrheic Keratoses and other Benign Tumors,,Seborrheic Keratoses and other Benign Tumors,UNMATCHED_RETAINS_FOLDER_LABEL
nevus-sebaceous-10.jpg,Seborrheic Keratoses and other Benign Tumors,,Seborrheic Keratoses and other Benign Tumors,UNMATCHED_RETAINS_FOLDER_LABEL
nevus-sebaceous-11.jpg,Seborrheic Keratoses and other Benign Tumors,,Seborrheic Keratoses and other Benign Tumors,UNMATCHED_RETAINS_FOLDER_LABEL
nevus-sebaceous-12.jpg,Seborrheic Keratoses and other Benign Tumors,,Seborrheic Keratoses and other Benign Tumors,UNMATCHED_RETAINS_FOLDER_LABEL
nevus-sebaceous-13.jpg,Seborrheic Keratoses and other Benign Tumors,,Seborrheic Keratoses and other Benign Tumors,UNMATCHED_RETAINS_FOLDER_LABEL
nevus-sebaceous-14.jpg,Seborrheic Keratoses and other Benign Tumors,,Seborrheic Keratoses and other Benign Tumors,UNMATCHED_RETAINS_FOLDER_LABEL
nevus-sebaceous-18.jpg,Seborrheic Keratoses and other Benign Tumors,,Seborrheic Keratoses and other Benign Tumors,UNMATCHED_RETAINS_FOLDER_LABEL
nevus-sebaceous-19.jpg,Seborrheic Keratoses and other Benign Tumors,,Seborrheic Keratoses and other Benign Tumors,UNMATCHED_RETAINS_FOLDER_LABEL
nevus-sebaceous-2.jpg,Seborrheic Keratoses and other Benign Tumors,,Seborrheic Keratoses and other Benign Tumors,UNMATCHED_RETAINS_FOLDER_LABEL
nevus-sebaceous-20.jpg,Seborrheic Keratoses and other Benign Tumors,,Seborrheic Keratoses and other Benign Tumors,UNMATCHED_RETAINS_FOLDER_LABEL
nevus-sebaceous-21.jpg,Seborrheic Keratoses and other Benign Tumors,,Seborrheic Keratoses and other Benign Tumors,UNMATCHED_RETAINS_FOLDER_LABEL
nevus-sebaceous-22.jpg,Seborrheic Keratoses and other Benign Tumors,,Seborrheic Keratoses and other Benign Tumors,UNMATCHED_RETAINS_FOLDER_LABEL
nevus-sebaceous-23.jpg,Seborrheic Keratoses and other Benign Tumors,,Seborrheic Keratoses and other Benign Tumors,UNMATCHED_RETAINS_FOLDER_LABEL
nevus-sebaceous-24.jpg,Seborrheic Keratoses and other Benign Tumors,,Seborrheic Keratoses and other Benign Tumors,UNMATCHED_RETAINS_FOLDER_LABEL
nevus-sebaceous-25.jpg,Seborrheic Keratoses and other Benign Tumors,,Seborrheic Keratoses and other Benign Tumors,UNMATCHED_RETAINS_FOLDER_LABEL
nevus-sebaceous-26.jpg,Seborrheic Keratoses and other Benign Tumors,,Seborrheic Keratoses and other Benign Tumors,UNMATCHED_RETAINS_FOLDER_LABEL
nevus-sebaceous-27.jpg,Seborrheic Keratoses and other Benign Tumors,,Seborrheic Keratoses and other Benign Tumors,UNMATCHED_RETAINS_FOLDER_LABEL
nevus-sebaceous-28.jpg,Seborrheic Keratoses and other Benign Tumors,,Seborrheic Keratoses and other Benign Tumors,UNMATCHED_RETAINS_FOLDER_LABEL
nevus-sebaceous-3.jpg,Seborrheic Keratoses and other Benign Tumors,,Seborrheic Keratoses and other Benign Tumors,UNMATCHED_RETAINS_FOLDER_LABEL
nevus-sebaceous-30.jpg,Seborrheic Keratoses and other Benign Tumors,,Seborrheic Keratoses and other Benign Tumors,UNMATCHED_RETAINS_FOLDER_LABEL
nevus-sebaceous-33.jpg,Seborrheic Keratoses and other Benign Tumors,,Seborrheic Keratoses and other Benign Tumors,UNMATCHED_RETAINS_FOLDER_LABEL
nevus-sebaceous-34.jpg,Seborrheic Keratoses and other Benign Tumors,,Seborrheic Keratoses and other Benign Tumors,UNMATCHED_RETAINS_FOLDER_LABEL
nevus-sebaceous-35.jpg,Seborrheic Keratoses and other Benign Tumors,,Seborrheic Keratoses and other Benign Tumors,UNMATCHED_RETAINS_FOLDER_LABEL
nevus-sebaceous-36.jpg,Seborrheic Keratoses and other Benign Tumors,,Seborrheic Keratoses and other Benign Tumors,UNMATCHED_RETAINS_FOLDER_LABEL
nevus-sebaceous-37.jpg,Seborrheic Keratoses and other Benign Tumors,,Seborrheic Keratoses and other Benign Tumors,UNMATCHED_RETAINS_FOLDER_LABEL
nevus-sebaceous-38.jpg,Seborrheic Keratoses and other Benign Tumors,,Seborrheic Keratoses and other Benign Tumors,UNMATCHED_RETAINS_FOLDER_LABEL
nevus-sebaceous-39.jpg,Seborrheic Keratoses and other Benign Tumors,,Seborrheic Keratoses and other Benign Tumors,UNMATCHED_RETAINS_FOLDER_LABEL
nevus-sebaceous-4.jpg,Seborrheic Keratoses and other Benign Tumors,,Seborrheic Keratoses and other Benign Tumors,UNMATCHED_RETAINS_FOLDER_LABEL
nevus-sebaceous-41.jpg,Seborrheic Keratoses and other Benign Tumors,,Seborrheic Keratoses and other Benign Tumors,UNMATCHED_RETAINS_FOLDER_LABEL
nevus-sebaceous-42.jpg,Seborrheic Keratoses and other Benign Tumors,,Seborrheic Keratoses and other Benign Tumors,UNMATCHED_RETAINS_FOLDER_LABEL
nevus-sebaceous-43.jpg,Seborrheic Keratoses and other Benign Tumors,,Seborrheic Keratoses and other Benign Tumors,UNMATCHED_RETAINS_FOLDER_LABEL
nevus-sebaceous-44.jpg,Seborrheic Keratoses and other Benign Tumors,,Seborrheic Keratoses and other Benign Tumors,UNMATCHED_RETAINS_FOLDER_LABEL
nevus-sebaceous-45.jpg,Seborrheic Keratoses and other Benign Tumors,,Seborrheic Keratoses and other Benign Tumors,UNMATCHED_RETAINS_FOLDER_LABEL
nevus-sebaceous-46.jpg,Seborrheic Keratoses and other Benign Tumors,,Seborrheic Keratoses and other Benign Tumors,UNMATCHED_RETAINS_FOLDER_LABEL
nevus-sebaceous-47.jpg,Seborrheic Keratoses and other Benign Tumors,,Seborrheic Keratoses and other Benign Tumors,UNMATCHED_RETAINS_FOLDER_LABEL
nevus-sebaceous-48.jpg,Seborrheic Keratoses and other Benign Tumors,,Seborrheic Keratoses and other Benign Tumors,UNMATCHED_RETAINS_FOLDER_LABEL
nevus-sebaceous-49.jpg,Seborrheic Keratoses and other Benign Tumors,,Seborrheic Keratoses and other Benign Tumors,UNMATCHED_RETAINS_FOLDER_LABEL
nevus-sebaceous-5.jpg,Seborrheic Keratoses and other Benign Tumors,,Seborrheic Keratoses and other Benign Tumors,UNMATCHED_RETAINS_FOLDER_LABEL
nevus-sebaceous-50.jpg,Seborrheic Keratoses and other Benign Tumors,,Seborrheic Keratoses and other Benign Tumors,UNMATCHED_RETAINS_FOLDER_LABEL
nevus-sebaceous-52.jpg,Seborrheic Keratoses and other Benign Tumors,,Seborrheic Keratoses and other Benign Tumors,UNMATCHED_RETAINS_FOLDER_LABEL
nevus-sebaceous-53.jpg,Seborrheic Keratoses and other Benign Tumors,,Seborrheic Keratoses and other Benign Tumors,UNMATCHED_RETAINS_FOLDER_LABEL
nevus-sebaceous-54.jpg,Seborrheic Keratoses and other Benign Tumors,,Seborrheic Keratoses and other Benign Tumors,UNMATCHED_RETAINS_FOLDER_LABEL
nevus-sebaceous-55.jpg,Seborrheic Keratoses and other Benign Tumors,,Seborrheic Keratoses and other Benign Tumors,UNMATCHED_RETAINS_FOLDER_LABEL
nevus-sebaceous-59.jpg,Seborrheic Keratoses and other Benign Tumors,,Seborrheic Keratoses and other Benign Tumors,UNMATCHED_RETAINS_FOLDER_LABEL
nevus-sebaceous-6.jpg,Seborrheic Keratoses and other Benign Tumors,,Seborrheic Keratoses and other Benign Tumors,UNMATCHED_RETAINS_FOLDER_LABEL
nevus-sebaceous-60.jpg,Seborrheic Keratoses and other Benign Tumors,,Seborrheic Keratoses and other Benign Tumors,UNMATCHED_RETAINS_FOLDER_LABEL
nevus-sebaceous-61.jpg,Seborrheic Keratoses and other Benign Tumors,,Seborrheic Keratoses and other Benign Tumors,UNMATCHED_RETAINS_FOLDER_LABEL
nevus-sebaceous-62.jpg,Seborrheic Keratoses and other Benign Tumors,,Seborrheic Keratoses and other Benign Tumors,UNMATCHED_RETAINS_FOLDER_LABEL
nevus-sebaceous-7.jpg,Seborrheic Keratoses and other Benign Tumors,,Seborrheic Keratoses and other Benign Tumors,UNMATCHED_RETAINS_FOLDER_LABEL
nevus-sebaceous-8.jpg,Seborrheic Keratoses and other Benign Tumors,,Seborrheic Keratoses and other Benign Tumors,UNMATCHED_RETAINS_FOLDER_LABEL
nevus-sebaceous-9.jpg,Seborrheic Keratoses and other Benign Tumors,,Seborrheic Keratoses and other Benign Tumors,UNMATCHED_RETAINS_FOLDER_LABEL
pilar-cyst-1.jpg,Seborrheic Keratoses and other Benign Tumors,,Seborrheic Keratoses and other Benign Tumors,UNMATCHED_RETAINS_FOLDER_LABEL
pilar-cyst-10.jpg,Seborrheic Keratoses and other Benign Tumors,,Seborrheic Keratoses and other Benign Tumors,UNMATCHED_RETAINS_FOLDER_LABEL
pilar-cyst-12.jpg,Seborrheic Keratoses and other Benign Tumors,,Seborrheic Keratoses and other Benign Tumors,UNMATCHED_RETAINS_FOLDER_LABEL
pilar-cyst-14.jpg,Seborrheic Keratoses and other Benign Tumors,,Seborrheic Keratoses and other Benign Tumors,UNMATCHED_RETAINS_FOLDER_LABEL
pilar-cyst-15.jpg,Seborrheic Keratoses and other Benign Tumors,,Seborrheic Keratoses and other Benign Tumors,UNMATCHED_RETAINS_FOLDER_LABEL
pilar-cyst-17.jpg,Seborrheic Keratoses and other Benign Tumors,,Seborrheic Keratoses and other Benign Tumors,UNMATCHED_RETAINS_FOLDER_LABEL
pilar-cyst-19.jpg,Seborrheic Keratoses and other Benign Tumors,,Seborrheic Keratoses and other Benign Tumors,UNMATCHED_RETAINS_FOLDER_LABEL
pilar-cyst-20.jpg,Seborrheic Keratoses and other Benign Tumors,,Seborrheic Keratoses and other Benign Tumors,UNMATCHED_RETAINS_FOLDER_LABEL
pilar-cyst-21.jpg,Seborrheic Keratoses and other Benign Tumors,,Seborrheic Keratoses and other Benign Tumors,UNMATCHED_RETAINS_FOLDER_LABEL
pilar-cyst-23.jpg,Seborrheic Keratoses and other Benign Tumors,,Seborrheic Keratoses and other Benign Tumors,UNMATCHED_RETAINS_FOLDER_LABEL
pilar-cyst-24.jpg,Seborrheic Keratoses and other Benign Tumors,,Seborrheic Keratoses and other Benign Tumors,UNMATCHED_RETAINS_FOLDER_LABEL
pilar-cyst-26.jpg,Seborrheic Keratoses and other Benign Tumors,,Seborrheic Keratoses and other Benign Tumors,UNMATCHED_RETAINS_FOLDER_LABEL
pilar-cyst-27.jpg,Seborrheic Keratoses and other Benign Tumors,,Seborrheic Keratoses and other Benign Tumors,UNMATCHED_RETAINS_FOLDER_LABEL
pilar-cyst-28.jpg,Seborrheic Keratoses and other Benign Tumors,,Seborrheic Keratoses and other Benign Tumors,UNMATCHED_RETAINS_FOLDER_LABEL
pilar-cyst-29.jpg,Seborrheic Keratoses and other Benign Tumors,,Seborrheic Keratoses and other Benign Tumors,UNMATCHED_RETAINS_FOLDER_LABEL
pilar-cyst-3.jpg,Seborrheic Keratoses and other Benign Tumors,,Seborrheic Keratoses and other Benign Tumors,UNMATCHED_RETAINS_FOLDER_LABEL
pilar-cyst-30.jpg,Seborrheic Keratoses and other Benign Tumors,,Seborrheic Keratoses and other Benign Tumors,UNMATCHED_RETAINS_FOLDER_LABEL
pilar-cyst-31.jpg,Seborrheic Keratoses and other Benign Tumors,,Seborrheic Keratoses and other Benign Tumors,UNMATCHED_RETAINS_FOLDER_LABEL
pilar-cyst-32.jpg,Seborrheic Keratoses and other Benign Tumors,,Seborrheic Keratoses and other Benign Tumors,UNMATCHED_RETAINS_FOLDER_LABEL
pilar-cyst-33.jpg,Seborrheic Keratoses and other Benign Tumors,,Seborrheic Keratoses and other Benign Tumors,UNMATCHED_RETAINS_FOLDER_LABEL
pilar-cyst-35.jpg,Seborrheic Keratoses and other Benign Tumors,,Seborrheic Keratoses and other Benign Tumors,UNMATCHED_RETAINS_FOLDER_LABEL
pilar-cyst-36.jpg,Seborrheic Keratoses and other Benign Tumors,,Seborrheic Keratoses and other Benign Tumors,UNMATCHED_RETAINS_FOLDER_LABEL
pilar-cyst-38.jpg,Seborrheic Keratoses and other Benign Tumors,,Seborrheic Keratoses and other Benign Tumors,UNMATCHED_RETAINS_FOLDER_LABEL
pilar-cyst-39.jpg,Seborrheic Keratoses and other Benign Tumors,,Seborrheic Keratoses and other Benign Tumors,UNMATCHED_RETAINS_FOLDER_LABEL
pilar-cyst-41.jpg,Seborrheic Keratoses and other Benign Tumors,,Seborrheic Keratoses and other Benign Tumors,UNMATCHED_RETAINS_FOLDER_LABEL
pilar-cyst-43.jpg,Seborrheic Keratoses and other Benign Tumors,,Seborrheic Keratoses and other Benign Tumors,UNMATCHED_RETAINS_FOLDER_LABEL
pilar-cyst-44.jpg,Seborrheic Keratoses and other Benign Tumors,,Seborrheic Keratoses and other Benign Tumors,UNMATCHED_RETAINS_FOLDER_LABEL
pilar-cyst-45.jpg,Seborrheic Keratoses and other Benign Tumors,,Seborrheic Keratoses and other Benign Tumors,UNMATCHED_RETAINS_FOLDER_LABEL
pilar-cyst-46.jpg,Seborrheic Keratoses and other Benign Tumors,,Seborrheic Keratoses and other Benign Tumors,UNMATCHED_RETAINS_FOLDER_LABEL
pilar-cyst-47.jpg,Seborrheic Keratoses and other Benign Tumors,,Seborrheic Keratoses and other Benign Tumors,UNMATCHED_RETAINS_FOLDER_LABEL
pilar-cyst-49.jpg,Seborrheic Keratoses and other Benign Tumors,,Seborrheic Keratoses and other Benign Tumors,UNMATCHED_RETAINS_FOLDER_LABEL
pilar-cyst-5.jpg,Seborrheic Keratoses and other Benign Tumors,,Seborrheic Keratoses and other Benign Tumors,UNMATCHED_RETAINS_FOLDER_LABEL
pilar-cyst-50.jpg,Seborrheic Keratoses and other Benign Tumors,,Seborrheic Keratoses and other Benign Tumors,UNMATCHED_RETAINS_FOLDER_LABEL
pilar-cyst-51.jpg,Seborrheic Keratoses and other Benign Tumors,,Seborrheic Keratoses and other Benign Tumors,UNMATCHED_RETAINS_FOLDER_LABEL
pilar-cyst-6.jpg,Seborrheic Keratoses and other Benign Tumors,,Seborrheic Keratoses and other Benign Tumors,UNMATCHED_RETAINS_FOLDER_LABEL
pilar-cyst-7.jpg,Seborrheic Keratoses and other Benign Tumors,,Seborrheic Keratoses and other Benign Tumors,UNMATCHED_RETAINS_FOLDER_LABEL
pilar-cyst-8.jpg,Seborrheic Keratoses and other Benign Tumors,,Seborrheic Keratoses and other Benign Tumors,UNMATCHED_RETAINS_FOLDER_LABEL
pilar-cyst-9.jpg,Seborrheic Keratoses and other Benign Tumors,,Seborrheic Keratoses and other Benign Tumors,UNMATCHED_RETAINS_FOLDER_LABEL
pinkus-tumor-1.jpg,Seborrheic Keratoses and other Benign Tumors,,Seborrheic Keratoses and other Benign Tumors,UNMATCHED_RETAINS_FOLDER_LABEL
pinkus-tumor-2.jpg,Seborrheic Keratoses and other Benign Tumors,,Seborrheic Keratoses and other Benign Tumors,UNMATCHED_RETAINS_FOLDER_LABEL
porokeratosis-1.jpg,Seborrheic Keratoses and other Benign Tumors,,Seborrheic Keratoses and other Benign Tumors,UNMATCHED_RETAINS_FOLDER_LABEL
porokeratosis-10.jpg,Seborrheic Keratoses and other Benign Tumors,,Seborrheic Keratoses and other Benign Tumors,UNMATCHED_RETAINS_FOLDER_LABEL
porokeratosis-11.jpg,Seborrheic Keratoses and other Benign Tumors,,Seborrheic Keratoses and other Benign Tumors,UNMATCHED_RETAINS_FOLDER_LABEL
porokeratosis-12.jpg,Seborrheic Keratoses and other Benign Tumors,,Seborrheic Keratoses and other Benign Tumors,UNMATCHED_RETAINS_FOLDER_LABEL
porokeratosis-13.jpg,Seborrheic Keratoses and other Benign Tumors,,Seborrheic Keratoses and other Benign Tumors,UNMATCHED_RETAINS_FOLDER_LABEL
porokeratosis-14.jpg,Seborrheic Keratoses and other Benign Tumors,,Seborrheic Keratoses and other Benign Tumors,UNMATCHED_RETAINS_FOLDER_LABEL
porokeratosis-15.jpg,Seborrheic Keratoses and other Benign Tumors,,Seborrheic Keratoses and other Benign Tumors,UNMATCHED_RETAINS_FOLDER_LABEL
porokeratosis-16.jpg,Seborrheic Keratoses and other Benign Tumors,,Seborrheic Keratoses and other Benign Tumors,UNMATCHED_RETAINS_FOLDER_LABEL
porokeratosis-165.jpg,Seborrheic Keratoses and other Benign Tumors,,Seborrheic Keratoses and other Benign Tumors,UNMATCHED_RETAINS_FOLDER_LABEL
porokeratosis-17.jpg,Seborrheic Keratoses and other Benign Tumors,,Seborrheic Keratoses and other Benign Tumors,UNMATCHED_RETAINS_FOLDER_LABEL
porokeratosis-18.jpg,Seborrheic Keratoses and other Benign Tumors,,Seborrheic Keratoses and other Benign Tumors,UNMATCHED_RETAINS_FOLDER_LABEL
porokeratosis-2.jpg,Seborrheic Keratoses and other Benign Tumors,,Seborrheic Keratoses and other Benign Tumors,UNMATCHED_RETAINS_FOLDER_LABEL
porokeratosis-20.jpg,Seborrheic Keratoses and other Benign Tumors,,Seborrheic Keratoses and other Benign Tumors,UNMATCHED_RETAINS_FOLDER_LABEL
porokeratosis-24.jpg,Seborrheic Keratoses and other Benign Tumors,,Seborrheic Keratoses and other Benign Tumors,UNMATCHED_RETAINS_FOLDER_LABEL
porokeratosis-25.jpg,Seborrheic Keratoses and other Benign Tumors,,Seborrheic Keratoses and other Benign Tumors,UNMATCHED_RETAINS_FOLDER_LABEL
porokeratosis-26.jpg,Seborrheic Keratoses and other Benign Tumors,,Seborrheic Keratoses and other Benign Tumors,UNMATCHED_RETAINS_FOLDER_LABEL
porokeratosis-27.jpg,Seborrheic Keratoses and other Benign Tumors,,Seborrheic Keratoses and other Benign Tumors,UNMATCHED_RETAINS_FOLDER_LABEL
porokeratosis-28.jpg,Seborrheic Keratoses and other Benign Tumors,,Seborrheic Keratoses and other Benign Tumors,UNMATCHED_RETAINS_FOLDER_LABEL
porokeratosis-29.jpg,Seborrheic Keratoses and other Benign Tumors,,Seborrheic Keratoses and other Benign Tumors,UNMATCHED_RETAINS_FOLDER_LABEL
porokeratosis-3.jpg,Seborrheic Keratoses and other Benign Tumors,,Seborrheic Keratoses and other Benign Tumors,UNMATCHED_RETAINS_FOLDER_LABEL
porokeratosis-30.jpg,Seborrheic Keratoses and other Benign Tumors,,Seborrheic Keratoses and other Benign Tumors,UNMATCHED_RETAINS_FOLDER_LABEL
porokeratosis-32.jpg,Seborrheic Keratoses and other Benign Tumors,,Seborrheic Keratoses and other Benign Tumors,UNMATCHED_RETAINS_FOLDER_LABEL
porokeratosis-33.jpg,Seborrheic Keratoses and other Benign Tumors,,Seborrheic Keratoses and other Benign Tumors,UNMATCHED_RETAINS_FOLDER_LABEL
porokeratosis-34.jpg,Seborrheic Keratoses and other Benign Tumors,,Seborrheic Keratoses and other Benign Tumors,UNMATCHED_RETAINS_FOLDER_LABEL
porokeratosis-35.jpg,Seborrheic Keratoses and other Benign Tumors,,Seborrheic Keratoses and other Benign Tumors,UNMATCHED_RETAINS_FOLDER_LABEL
porokeratosis-36.jpg,Seborrheic Keratoses and other Benign Tumors,,Seborrheic Keratoses and other Benign Tumors,UNMATCHED_RETAINS_FOLDER_LABEL
porokeratosis-37.jpg,Seborrheic Keratoses and other Benign Tumors,,Seborrheic Keratoses and other Benign Tumors,UNMATCHED_RETAINS_FOLDER_LABEL
porokeratosis-38.jpg,Seborrheic Keratoses and other Benign Tumors,,Seborrheic Keratoses and other Benign Tumors,UNMATCHED_RETAINS_FOLDER_LABEL
porokeratosis-39.jpg,Seborrheic Keratoses and other Benign Tumors,,Seborrheic Keratoses and other Benign Tumors,UNMATCHED_RETAINS_FOLDER_LABEL
porokeratosis-4.jpg,Seborrheic Keratoses and other Benign Tumors,,Seborrheic Keratoses and other Benign Tumors,UNMATCHED_RETAINS_FOLDER_LABEL
porokeratosis-40.jpg,Seborrheic Keratoses and other Benign Tumors,,Seborrheic Keratoses and other Benign Tumors,UNMATCHED_RETAINS_FOLDER_LABEL
porokeratosis-41.jpg,Seborrheic Keratoses and other Benign Tumors,,Seborrheic Keratoses and other Benign Tumors,UNMATCHED_RETAINS_FOLDER_LABEL
porokeratosis-42.jpg,Seborrheic Keratoses and other Benign Tumors,,Seborrheic Keratoses and other Benign Tumors,UNMATCHED_RETAINS_FOLDER_LABEL
porokeratosis-43.jpg,Seborrheic Keratoses and other Benign Tumors,,Seborrheic Keratoses and other Benign Tumors,UNMATCHED_RETAINS_FOLDER_LABEL
porokeratosis-44.jpg,Seborrheic Keratoses and other Benign Tumors,,Seborrheic Keratoses and other Benign Tumors,UNMATCHED_RETAINS_FOLDER_LABEL
porokeratosis-45.jpg,Seborrheic Keratoses and other Benign Tumors,,Seborrheic Keratoses and other Benign Tumors,UNMATCHED_RETAINS_FOLDER_LABEL
porokeratosis-46.jpg,Seborrheic Keratoses and other Benign Tumors,,Seborrheic Keratoses and other Benign Tumors,UNMATCHED_RETAINS_FOLDER_LABEL
porokeratosis-47.jpg,Seborrheic Keratoses and other Benign Tumors,,Seborrheic Keratoses and other Benign Tumors,UNMATCHED_RETAINS_FOLDER_LABEL
porokeratosis-48.jpg,Seborrheic Keratoses and other Benign Tumors,,Seborrheic Keratoses and other Benign Tumors,UNMATCHED_RETAINS_FOLDER_LABEL
porokeratosis-49.jpg,Seborrheic Keratoses and other Benign Tumors,,Seborrheic Keratoses and other Benign Tumors,UNMATCHED_RETAINS_FOLDER_LABEL
porokeratosis-50.jpg,Seborrheic Keratoses and other Benign Tumors,,Seborrheic Keratoses and other Benign Tumors,UNMATCHED_RETAINS_FOLDER_LABEL
porokeratosis-52.jpg,Seborrheic Keratoses and other Benign Tumors,,Seborrheic Keratoses and other Benign Tumors,UNMATCHED_RETAINS_FOLDER_LABEL
porokeratosis-53.jpg,Seborrheic Keratoses and other Benign Tumors,,Seborrheic Keratoses and other Benign Tumors,UNMATCHED_RETAINS_FOLDER_LABEL
porokeratosis-54.jpg,Seborrheic Keratoses and other Benign Tumors,,Seborrheic Keratoses and other Benign Tumors,UNMATCHED_RETAINS_FOLDER_LABEL
porokeratosis-55.jpg,Seborrheic Keratoses and other Benign Tumors,,Seborrheic Keratoses and other Benign Tumors,UNMATCHED_RETAINS_FOLDER_LABEL
porokeratosis-56.jpg,Seborrheic Keratoses and other Benign Tumors,,Seborrheic Keratoses and other Benign Tumors,UNMATCHED_RETAINS_FOLDER_LABEL
porokeratosis-57.jpg,Seborrheic Keratoses and other Benign Tumors,,Seborrheic Keratoses and other Benign Tumors,UNMATCHED_RETAINS_FOLDER_LABEL
porokeratosis-58.jpg,Seborrheic Keratoses and other Benign Tumors,,Seborrheic Keratoses and other Benign Tumors,UNMATCHED_RETAINS_FOLDER_LABEL
porokeratosis-59.jpg,Seborrheic Keratoses and other Benign Tumors,,Seborrheic Keratoses and other Benign Tumors,UNMATCHED_RETAINS_FOLDER_LABEL
porokeratosis-6.jpg,Seborrheic Keratoses and other Benign Tumors,,Seborrheic Keratoses and other Benign Tumors,UNMATCHED_RETAINS_FOLDER_LABEL
porokeratosis-60.jpg,Seborrheic Keratoses and other Benign Tumors,,Seborrheic Keratoses and other Benign Tumors,UNMATCHED_RETAINS_FOLDER_LABEL
porokeratosis-61.jpg,Seborrheic Keratoses and other Benign Tumors,,Seborrheic Keratoses and other Benign Tumors,UNMATCHED_RETAINS_FOLDER_LABEL
porokeratosis-62.jpg,Seborrheic Keratoses and other Benign Tumors,,Seborrheic Keratoses and other Benign Tumors,UNMATCHED_RETAINS_FOLDER_LABEL
porokeratosis-63.jpg,Seborrheic Keratoses and other Benign Tumors,,Seborrheic Keratoses and other Benign Tumors,UNMATCHED_RETAINS_FOLDER_LABEL
porokeratosis-64.jpg,Seborrheic Keratoses and other Benign Tumors,,Seborrheic Keratoses and other Benign Tumors,UNMATCHED_RETAINS_FOLDER_LABEL
porokeratosis-65.jpg,Seborrheic Keratoses and other Benign Tumors,,Seborrheic Keratoses and other Benign Tumors,UNMATCHED_RETAINS_FOLDER_LABEL
porokeratosis-68.jpg,Seborrheic Keratoses and other Benign Tumors,,Seborrheic Keratoses and other Benign Tumors,UNMATCHED_RETAINS_FOLDER_LABEL
porokeratosis-69.jpg,Seborrheic Keratoses and other Benign Tumors,,Seborrheic Keratoses and other Benign Tumors,UNMATCHED_RETAINS_FOLDER_LABEL
porokeratosis-7.jpg,Seborrheic Keratoses and other Benign Tumors,,Seborrheic Keratoses and other Benign Tumors,UNMATCHED_RETAINS_FOLDER_LABEL
porokeratosis-70.jpg,Seborrheic Keratoses and other Benign Tumors,,Seborrheic Keratoses and other Benign Tumors,UNMATCHED_RETAINS_FOLDER_LABEL
porokeratosis-71.jpg,Seborrheic Keratoses and other Benign Tumors,,Seborrheic Keratoses and other Benign Tumors,UNMATCHED_RETAINS_FOLDER_LABEL
porokeratosis-72.jpg,Seborrheic Keratoses and other Benign Tumors,,Seborrheic Keratoses and other Benign Tumors,UNMATCHED_RETAINS_FOLDER_LABEL
porokeratosis-8.jpg,Seborrheic Keratoses and other Benign Tumors,,Seborrheic Keratoses and other Benign Tumors,UNMATCHED_RETAINS_FOLDER_LABEL
porokeratosis-9.jpg,Seborrheic Keratoses and other Benign Tumors,,Seborrheic Keratoses and other Benign Tumors,UNMATCHED_RETAINS_FOLDER_LABEL
porokeratosis-98.jpg,Seborrheic Keratoses and other Benign Tumors,,Seborrheic Keratoses and other Benign Tumors,UNMATCHED_RETAINS_FOLDER_LABEL
porokeratosis-99.jpg,Seborrheic Keratoses and other Benign Tumors,,Seborrheic Keratoses and other Benign Tumors,UNMATCHED_RETAINS_FOLDER_LABEL
sebaceous-hyperplasia-0098.jpg,Seborrheic Keratoses and other Benign Tumors,,Seborrheic Keratoses and other Benign Tumors,UNMATCHED_RETAINS_FOLDER_LABEL
sebaceous-hyperplasia-100.jpg,Seborrheic Keratoses and other Benign Tumors,,Seborrheic Keratoses and other Benign Tumors,UNMATCHED_RETAINS_FOLDER_LABEL
sebaceous-hyperplasia-104.jpg,Seborrheic Keratoses and other Benign Tumors,,Seborrheic Keratoses and other Benign Tumors,UNMATCHED_RETAINS_FOLDER_LABEL
sebaceous-hyperplasia-11.jpg,Seborrheic Keratoses and other Benign Tumors,,Seborrheic Keratoses and other Benign Tumors,UNMATCHED_RETAINS_FOLDER_LABEL
sebaceous-hyperplasia-15.jpg,Seborrheic Keratoses and other Benign Tumors,,Seborrheic Keratoses and other Benign Tumors,UNMATCHED_RETAINS_FOLDER_LABEL
sebaceous-hyperplasia-16.jpg,Seborrheic Keratoses and other Benign Tumors,,Seborrheic Keratoses and other Benign Tumors,UNMATCHED_RETAINS_FOLDER_LABEL
sebaceous-hyperplasia-17.jpg,Seborrheic Keratoses and other Benign Tumors,,Seborrheic Keratoses and other Benign Tumors,UNMATCHED_RETAINS_FOLDER_LABEL
sebaceous-hyperplasia-18.jpg,Seborrheic Keratoses and other Benign Tumors,,Seborrheic Keratoses and other Benign Tumors,UNMATCHED_RETAINS_FOLDER_LABEL
sebaceous-hyperplasia-20.jpg,Seborrheic Keratoses and other Benign Tumors,,Seborrheic Keratoses and other Benign Tumors,UNMATCHED_RETAINS_FOLDER_LABEL
sebaceous-hyperplasia-22.jpg,Seborrheic Keratoses and other Benign Tumors,,Seborrheic Keratoses and other Benign Tumors,UNMATCHED_RETAINS_FOLDER_LABEL
sebaceous-hyperplasia-23.jpg,Seborrheic Keratoses and other Benign Tumors,,Seborrheic Keratoses and other Benign Tumors,UNMATCHED_RETAINS_FOLDER_LABEL
sebaceous-hyperplasia-24.jpg,Seborrheic Keratoses and other Benign Tumors,,Seborrheic Keratoses and other Benign Tumors,UNMATCHED_RETAINS_FOLDER_LABEL
sebaceous-hyperplasia-25.jpg,Seborrheic Keratoses and other Benign Tumors,,Seborrheic Keratoses and other Benign Tumors,UNMATCHED_RETAINS_FOLDER_LABEL
sebaceous-hyperplasia-26.jpg,Seborrheic Keratoses and other Benign Tumors,,Seborrheic Keratoses and other Benign Tumors,UNMATCHED_RETAINS_FOLDER_LABEL
sebaceous-hyperplasia-27.jpg,Seborrheic Keratoses and other Benign Tumors,,Seborrheic Keratoses and other Benign Tumors,UNMATCHED_RETAINS_FOLDER_LABEL
sebaceous-hyperplasia-28.jpg,Seborrheic Keratoses and other Benign Tumors,,Seborrheic Keratoses and other Benign Tumors,UNMATCHED_RETAINS_FOLDER_LABEL
sebaceous-hyperplasia-29.jpg,Seborrheic Keratoses and other Benign Tumors,,Seborrheic Keratoses and other Benign Tumors,UNMATCHED_RETAINS_FOLDER_LABEL
sebaceous-hyperplasia-3.jpg,Seborrheic Keratoses and other Benign Tumors,,Seborrheic Keratoses and other Benign Tumors,UNMATCHED_RETAINS_FOLDER_LABEL
sebaceous-hyperplasia-31.jpg,Seborrheic Keratoses and other Benign Tumors,,Seborrheic Keratoses and other Benign Tumors,UNMATCHED_RETAINS_FOLDER_LABEL
sebaceous-hyperplasia-32.jpg,Seborrheic Keratoses and other Benign Tumors,,Seborrheic Keratoses and other Benign Tumors,UNMATCHED_RETAINS_FOLDER_LABEL
sebaceous-hyperplasia-33.jpg,Seborrheic Keratoses and other Benign Tumors,,Seborrheic Keratoses and other Benign Tumors,UNMATCHED_RETAINS_FOLDER_LABEL
sebaceous-hyperplasia-35.jpg,Seborrheic Keratoses and other Benign Tumors,,Seborrheic Keratoses and other Benign Tumors,UNMATCHED_RETAINS_FOLDER_LABEL
sebaceous-hyperplasia-37.jpg,Seborrheic Keratoses and other Benign Tumors,,Seborrheic Keratoses and other Benign Tumors,UNMATCHED_RETAINS_FOLDER_LABEL
sebaceous-hyperplasia-38.jpg,Seborrheic Keratoses and other Benign Tumors,,Seborrheic Keratoses and other Benign Tumors,UNMATCHED_RETAINS_FOLDER_LABEL
sebaceous-hyperplasia-39.jpg,Seborrheic Keratoses and other Benign Tumors,,Seborrheic Keratoses and other Benign Tumors,UNMATCHED_RETAINS_FOLDER_LABEL
sebaceous-hyperplasia-40.jpg,Seborrheic Keratoses and other Benign Tumors,,Seborrheic Keratoses and other Benign Tumors,UNMATCHED_RETAINS_FOLDER_LABEL
sebaceous-hyperplasia-41.jpg,Seborrheic Keratoses and other Benign Tumors,,Seborrheic Keratoses and other Benign Tumors,UNMATCHED_RETAINS_FOLDER_LABEL
sebaceous-hyperplasia-42.jpg,Seborrheic Keratoses and other Benign Tumors,,Seborrheic Keratoses and other Benign Tumors,UNMATCHED_RETAINS_FOLDER_LABEL
sebaceous-hyperplasia-44.jpg,Seborrheic Keratoses and other Benign Tumors,,Seborrheic Keratoses and other Benign Tumors,UNMATCHED_RETAINS_FOLDER_LABEL
sebaceous-hyperplasia-45.jpg,Seborrheic Keratoses and other Benign Tumors,,Seborrheic Keratoses and other Benign Tumors,UNMATCHED_RETAINS_FOLDER_LABEL
sebaceous-hyperplasia-46.jpg,Seborrheic Keratoses and other Benign Tumors,,Seborrheic Keratoses and other Benign Tumors,UNMATCHED_RETAINS_FOLDER_LABEL
sebaceous-hyperplasia-47.jpg,Seborrheic Keratoses and other Benign Tumors,,Seborrheic Keratoses and other Benign Tumors,UNMATCHED_RETAINS_FOLDER_LABEL
sebaceous-hyperplasia-48.jpg,Seborrheic Keratoses and other Benign Tumors,,Seborrheic Keratoses and other Benign Tumors,UNMATCHED_RETAINS_FOLDER_LABEL
sebaceous-hyperplasia-5.jpg,Seborrheic Keratoses and other Benign Tumors,,Seborrheic Keratoses and other Benign Tumors,UNMATCHED_RETAINS_FOLDER_LABEL
sebaceous-hyperplasia-50.jpg,Seborrheic Keratoses and other Benign Tumors,,Seborrheic Keratoses and other Benign Tumors,UNMATCHED_RETAINS_FOLDER_LABEL
sebaceous-hyperplasia-52.jpg,Seborrheic Keratoses and other Benign Tumors,,Seborrheic Keratoses and other Benign Tumors,UNMATCHED_RETAINS_FOLDER_LABEL
sebaceous-hyperplasia-54.jpg,Seborrheic Keratoses and other Benign Tumors,,Seborrheic Keratoses and other Benign Tumors,UNMATCHED_RETAINS_FOLDER_LABEL
sebaceous-hyperplasia-55.jpg,Seborrheic Keratoses and other Benign Tumors,,Seborrheic Keratoses and other Benign Tumors,UNMATCHED_RETAINS_FOLDER_LABEL
sebaceous-hyperplasia-56.jpg,Seborrheic Keratoses and other Benign Tumors,,Seborrheic Keratoses and other Benign Tumors,UNMATCHED_RETAINS_FOLDER_LABEL
sebaceous-hyperplasia-57.jpg,Seborrheic Keratoses and other Benign Tumors,,Seborrheic Keratoses and other Benign Tumors,UNMATCHED_RETAINS_FOLDER_LABEL
sebaceous-hyperplasia-58.jpg,Seborrheic Keratoses and other Benign Tumors,,Seborrheic Keratoses and other Benign Tumors,UNMATCHED_RETAINS_FOLDER_LABEL
sebaceous-hyperplasia-6.jpg,Seborrheic Keratoses and other Benign Tumors,,Seborrheic Keratoses and other Benign Tumors,UNMATCHED_RETAINS_FOLDER_LABEL
sebaceous-hyperplasia-60.jpg,Seborrheic Keratoses and other Benign Tumors,,Seborrheic Keratoses and other Benign Tumors,UNMATCHED_RETAINS_FOLDER_LABEL
sebaceous-hyperplasia-61.jpg,Seborrheic Keratoses and other Benign Tumors,,Seborrheic Keratoses and other Benign Tumors,UNMATCHED_RETAINS_FOLDER_LABEL
sebaceous-hyperplasia-62.jpg,Seborrheic Keratoses and other Benign Tumors,,Seborrheic Keratoses and other Benign Tumors,UNMATCHED_RETAINS_FOLDER_LABEL
sebaceous-hyperplasia-63.jpg,Seborrheic Keratoses and other Benign Tumors,,Seborrheic Keratoses and other Benign Tumors,UNMATCHED_RETAINS_FOLDER_LABEL
sebaceous-hyperplasia-65.jpg,Seborrheic Keratoses and other Benign Tumors,,Seborrheic Keratoses and other Benign Tumors,UNMATCHED_RETAINS_FOLDER_LABEL
sebaceous-hyperplasia-66.jpg,Seborrheic Keratoses and other Benign Tumors,,Seborrheic Keratoses and other Benign Tumors,UNMATCHED_RETAINS_FOLDER_LABEL
sebaceous-hyperplasia-67.jpg,Seborrheic Keratoses and other Benign Tumors,,Seborrheic Keratoses and other Benign Tumors,UNMATCHED_RETAINS_FOLDER_LABEL
sebaceous-hyperplasia-68.jpg,Seborrheic Keratoses and other Benign Tumors,,Seborrheic Keratoses and other Benign Tumors,UNMATCHED_RETAINS_FOLDER_LABEL
sebaceous-hyperplasia-69.jpg,Seborrheic Keratoses and other Benign Tumors,,Seborrheic Keratoses and other Benign Tumors,UNMATCHED_RETAINS_FOLDER_LABEL
sebaceous-hyperplasia-7.jpg,Seborrheic Keratoses and other Benign Tumors,,Seborrheic Keratoses and other Benign Tumors,UNMATCHED_RETAINS_FOLDER_LABEL
sebaceous-hyperplasia-70.jpg,Seborrheic Keratoses and other Benign Tumors,,Seborrheic Keratoses and other Benign Tumors,UNMATCHED_RETAINS_FOLDER_LABEL
sebaceous-hyperplasia-71.jpg,Seborrheic Keratoses and other Benign Tumors,,Seborrheic Keratoses and other Benign Tumors,UNMATCHED_RETAINS_FOLDER_LABEL
sebaceous-hyperplasia-72.jpg,Seborrheic Keratoses and other Benign Tumors,,Seborrheic Keratoses and other Benign Tumors,UNMATCHED_RETAINS_FOLDER_LABEL
sebaceous-hyperplasia-73.jpg,Seborrheic Keratoses and other Benign Tumors,,Seborrheic Keratoses and other Benign Tumors,UNMATCHED_RETAINS_FOLDER_LABEL
sebaceous-hyperplasia-74.jpg,Seborrheic Keratoses and other Benign Tumors,,Seborrheic Keratoses and other Benign Tumors,UNMATCHED_RETAINS_FOLDER_LABEL
sebaceous-hyperplasia-76.jpg,Seborrheic Keratoses and other Benign Tumors,,Seborrheic Keratoses and other Benign Tumors,UNMATCHED_RETAINS_FOLDER_LABEL
sebaceous-hyperplasia-77.jpg,Seborrheic Keratoses and other Benign Tumors,,Seborrheic Keratoses and other Benign Tumors,UNMATCHED_RETAINS_FOLDER_LABEL
sebaceous-hyperplasia-78.jpg,Seborrheic Keratoses and other Benign Tumors,,Seborrheic Keratoses and other Benign Tumors,UNMATCHED_RETAINS_FOLDER_LABEL
sebaceous-hyperplasia-79.jpg,Seborrheic Keratoses and other Benign Tumors,,Seborrheic Keratoses and other Benign Tumors,UNMATCHED_RETAINS_FOLDER_LABEL
sebaceous-hyperplasia-8.jpg,Seborrheic Keratoses and other Benign Tumors,,Seborrheic Keratoses and other Benign Tumors,UNMATCHED_RETAINS_FOLDER_LABEL
sebaceous-hyperplasia-80.jpg,Seborrheic Keratoses and other Benign Tumors,,Seborrheic Keratoses and other Benign Tumors,UNMATCHED_RETAINS_FOLDER_LABEL
sebaceous-hyperplasia-81.jpg,Seborrheic Keratoses and other Benign Tumors,,Seborrheic Keratoses and other Benign Tumors,UNMATCHED_RETAINS_FOLDER_LABEL
sebaceous-hyperplasia-82.jpg,Seborrheic Keratoses and other Benign Tumors,,Seborrheic Keratoses and other Benign Tumors,UNMATCHED_RETAINS_FOLDER_LABEL
sebaceous-hyperplasia-83.jpg,Seborrheic Keratoses and other Benign Tumors,,Seborrheic Keratoses and other Benign Tumors,UNMATCHED_RETAINS_FOLDER_LABEL
sebaceous-hyperplasia-84.jpg,Seborrheic Keratoses and other Benign Tumors,,Seborrheic Keratoses and other Benign Tumors,UNMATCHED_RETAINS_FOLDER_LABEL
sebaceous-hyperplasia-85.jpg,Seborrheic Keratoses and other Benign Tumors,,Seborrheic Keratoses and other Benign Tumors,UNMATCHED_RETAINS_FOLDER_LABEL
sebaceous-hyperplasia-86.jpg,Seborrheic Keratoses and other Benign Tumors,,Seborrheic Keratoses and other Benign Tumors,UNMATCHED_RETAINS_FOLDER_LABEL
sebaceous-hyperplasia-88.jpg,Seborrheic Keratoses and other Benign Tumors,,Seborrheic Keratoses and other Benign Tumors,UNMATCHED_RETAINS_FOLDER_LABEL
sebaceous-hyperplasia-89.jpg,Seborrheic Keratoses and other Benign Tumors,,Seborrheic Keratoses and other Benign Tumors,UNMATCHED_RETAINS_FOLDER_LABEL
sebaceous-hyperplasia-91.jpg,Seborrheic Keratoses and other Benign Tumors,,Seborrheic Keratoses and other Benign Tumors,UNMATCHED_RETAINS_FOLDER_LABEL
sebaceous-hyperplasia-92.jpg,Seborrheic Keratoses and other Benign Tumors,,Seborrheic Keratoses and other Benign Tumors,UNMATCHED_RETAINS_FOLDER_LABEL
sebaceous-hyperplasia-93.jpg,Seborrheic Keratoses and other Benign Tumors,,Seborrheic Keratoses and other Benign Tumors,UNMATCHED_RETAINS_FOLDER_LABEL
sebaceous-hyperplasia-94.jpg,Seborrheic Keratoses and other Benign Tumors,,Seborrheic Keratoses and other Benign Tumors,UNMATCHED_RETAINS_FOLDER_LABEL
sebaceous-hyperplasia-95.jpg,Seborrheic Keratoses and other Benign Tumors,,Seborrheic Keratoses and other Benign Tumors,UNMATCHED_RETAINS_FOLDER_LABEL
sebaceous-hyperplasia-97.jpg,Seborrheic Keratoses and other Benign Tumors,,Seborrheic Keratoses and other Benign Tumors,UNMATCHED_RETAINS_FOLDER_LABEL
sebaceous-hyperplasia-98.jpg,Seborrheic Keratoses and other Benign Tumors,,Seborrheic Keratoses and other Benign Tumors,UNMATCHED_RETAINS_FOLDER_LABEL
sebaceous-hyperplasia-99.jpg,Seborrheic Keratoses and other Benign Tumors,,Seborrheic Keratoses and other Benign Tumors,UNMATCHED_RETAINS_FOLDER_LABEL
SebaceousAdemoma1.jpg,Seborrheic Keratoses and other Benign Tumors,,Seborrheic Keratoses and other Benign Tumors,UNMATCHED_RETAINS_FOLDER_LABEL
sebaceousCarcinoma.jpg,Seborrheic Keratoses and other Benign Tumors,,Seborrheic Keratoses and other Benign Tumors,UNMATCHED_RETAINS_FOLDER_LABEL
Sebaceoushyperplasia.jpg,Seborrheic Keratoses and other Benign Tumors,,Seborrheic Keratoses and other Benign Tumors,UNMATCHED_RETAINS_FOLDER_LABEL
seborrheic-keratoses-ruff-00134.jpg,Seborrheic Keratoses and other Benign Tumors,,Seborrheic Keratoses and other Benign Tumors,UNMATCHED_RETAINS_FOLDER_LABEL
seborrheic-keratoses-ruff-1.jpg,Seborrheic Keratoses and other Benign Tumors,,Seborrheic Keratoses and other Benign Tumors,UNMATCHED_RETAINS_FOLDER_LABEL
seborrheic-keratoses-ruff-10.jpg,Seborrheic Keratoses and other Benign Tumors,,Seborrheic Keratoses and other Benign Tumors,UNMATCHED_RETAINS_FOLDER_LABEL
seborrheic-keratoses-ruff-102.jpg,Seborrheic Keratoses and other Benign Tumors,,Seborrheic Keratoses and other Benign Tumors,UNMATCHED_RETAINS_FOLDER_LABEL
seborrheic-keratoses-ruff-103.jpg,Seborrheic Keratoses and other Benign Tumors,,Seborrheic Keratoses and other Benign Tumors,UNMATCHED_RETAINS_FOLDER_LABEL
seborrheic-keratoses-ruff-104.jpg,Seborrheic Keratoses and other Benign Tumors,,Seborrheic Keratoses and other Benign Tumors,UNMATCHED_RETAINS_FOLDER_LABEL
seborrheic-keratoses-ruff-105.jpg,Seborrheic Keratoses and other Benign Tumors,,Seborrheic Keratoses and other Benign Tumors,UNMATCHED_RETAINS_FOLDER_LABEL
seborrheic-keratoses-ruff-106.jpg,Seborrheic Keratoses and other Benign Tumors,,Seborrheic Keratoses and other Benign Tumors,UNMATCHED_RETAINS_FOLDER_LABEL
seborrheic-keratoses-ruff-108.jpg,Seborrheic Keratoses and other Benign Tumors,,Seborrheic Keratoses and other Benign Tumors,UNMATCHED_RETAINS_FOLDER_LABEL
seborrheic-keratoses-ruff-109.jpg,Seborrheic Keratoses and other Benign Tumors,,Seborrheic Keratoses and other Benign Tumors,UNMATCHED_RETAINS_FOLDER_LABEL
seborrheic-keratoses-ruff-11.jpg,Seborrheic Keratoses and other Benign Tumors,,Seborrheic Keratoses and other Benign Tumors,UNMATCHED_RETAINS_FOLDER_LABEL
seborrheic-keratoses-ruff-110.jpg,Seborrheic Keratoses and other Benign Tumors,,Seborrheic Keratoses and other Benign Tumors,UNMATCHED_RETAINS_FOLDER_LABEL
seborrheic-keratoses-ruff-112.jpg,Seborrheic Keratoses and other Benign Tumors,,Seborrheic Keratoses and other Benign Tumors,UNMATCHED_RETAINS_FOLDER_LABEL
seborrheic-keratoses-ruff-113.jpg,Seborrheic Keratoses and other Benign Tumors,,Seborrheic Keratoses and other Benign Tumors,UNMATCHED_RETAINS_FOLDER_LABEL
seborrheic-keratoses-ruff-115.jpg,Seborrheic Keratoses and other Benign Tumors,,Seborrheic Keratoses and other Benign Tumors,UNMATCHED_RETAINS_FOLDER_LABEL
seborrheic-keratoses-ruff-117.jpg,Seborrheic Keratoses and other Benign Tumors,,Seborrheic Keratoses and other Benign Tumors,UNMATCHED_RETAINS_FOLDER_LABEL
seborrheic-keratoses-ruff-118.jpg,Seborrheic Keratoses and other Benign Tumors,,Seborrheic Keratoses and other Benign Tumors,UNMATCHED_RETAINS_FOLDER_LABEL
seborrheic-keratoses-ruff-119.jpg,Seborrheic Keratoses and other Benign Tumors,,Seborrheic Keratoses and other Benign Tumors,UNMATCHED_RETAINS_FOLDER_LABEL
seborrheic-keratoses-ruff-12.jpg,Seborrheic Keratoses and other Benign Tumors,,Seborrheic Keratoses and other Benign Tumors,UNMATCHED_RETAINS_FOLDER_LABEL
seborrheic-keratoses-ruff-120.jpg,Seborrheic Keratoses and other Benign Tumors,,Seborrheic Keratoses and other Benign Tumors,UNMATCHED_RETAINS_FOLDER_LABEL
seborrheic-keratoses-ruff-121.jpg,Seborrheic Keratoses and other Benign Tumors,,Seborrheic Keratoses and other Benign Tumors,UNMATCHED_RETAINS_FOLDER_LABEL
seborrheic-keratoses-ruff-122.jpg,Seborrheic Keratoses and other Benign Tumors,,Seborrheic Keratoses and other Benign Tumors,UNMATCHED_RETAINS_FOLDER_LABEL
seborrheic-keratoses-ruff-124.jpg,Seborrheic Keratoses and other Benign Tumors,,Seborrheic Keratoses and other Benign Tumors,UNMATCHED_RETAINS_FOLDER_LABEL
seborrheic-keratoses-ruff-127.jpg,Seborrheic Keratoses and other Benign Tumors,,Seborrheic Keratoses and other Benign Tumors,UNMATCHED_RETAINS_FOLDER_LABEL
seborrheic-keratoses-ruff-128.jpg,Seborrheic Keratoses and other Benign Tumors,,Seborrheic Keratoses and other Benign Tumors,UNMATCHED_RETAINS_FOLDER_LABEL
seborrheic-keratoses-ruff-129.jpg,Seborrheic Keratoses and other Benign Tumors,,Seborrheic Keratoses and other Benign Tumors,UNMATCHED_RETAINS_FOLDER_LABEL
seborrheic-keratoses-ruff-13.jpg,Seborrheic Keratoses and other Benign Tumors,,Seborrheic Keratoses and other Benign Tumors,UNMATCHED_RETAINS_FOLDER_LABEL
seborrheic-keratoses-ruff-131.jpg,Seborrheic Keratoses and other Benign Tumors,,Seborrheic Keratoses and other Benign Tumors,UNMATCHED_RETAINS_FOLDER_LABEL
seborrheic-keratoses-ruff-132.jpg,Seborrheic Keratoses and other Benign Tumors,,Seborrheic Keratoses and other Benign Tumors,UNMATCHED_RETAINS_FOLDER_LABEL
seborrheic-keratoses-ruff-133.jpg,Seborrheic Keratoses and other Benign Tumors,,Seborrheic Keratoses and other Benign Tumors,UNMATCHED_RETAINS_FOLDER_LABEL
seborrheic-keratoses-ruff-134.jpg,Seborrheic Keratoses and other Benign Tumors,,Seborrheic Keratoses and other Benign Tumors,UNMATCHED_RETAINS_FOLDER_LABEL
seborrheic-keratoses-ruff-135.jpg,Seborrheic Keratoses and other Benign Tumors,,Seborrheic Keratoses and other Benign Tumors,UNMATCHED_RETAINS_FOLDER_LABEL
seborrheic-keratoses-ruff-136.jpg,Seborrheic Keratoses and other Benign Tumors,,Seborrheic Keratoses and other Benign Tumors,UNMATCHED_RETAINS_FOLDER_LABEL
seborrheic-keratoses-ruff-137.jpg,Seborrheic Keratoses and other Benign Tumors,,Seborrheic Keratoses and other Benign Tumors,UNMATCHED_RETAINS_FOLDER_LABEL
seborrheic-keratoses-ruff-14.jpg,Seborrheic Keratoses and other Benign Tumors,,Seborrheic Keratoses and other Benign Tumors,UNMATCHED_RETAINS_FOLDER_LABEL
seborrheic-keratoses-ruff-140.jpg,Seborrheic Keratoses and other Benign Tumors,,Seborrheic Keratoses and other Benign Tumors,UNMATCHED_RETAINS_FOLDER_LABEL
seborrheic-keratoses-ruff-141.jpg,Seborrheic Keratoses and other Benign Tumors,,Seborrheic Keratoses and other Benign Tumors,UNMATCHED_RETAINS_FOLDER_LABEL
seborrheic-keratoses-ruff-142.jpg,Seborrheic Keratoses and other Benign Tumors,,Seborrheic Keratoses and other Benign Tumors,UNMATCHED_RETAINS_FOLDER_LABEL
seborrheic-keratoses-ruff-143.jpg,Seborrheic Keratoses and other Benign Tumors,,Seborrheic Keratoses and other Benign Tumors,UNMATCHED_RETAINS_FOLDER_LABEL
seborrheic-keratoses-ruff-144.jpg,Seborrheic Keratoses and other Benign Tumors,,Seborrheic Keratoses and other Benign Tumors,UNMATCHED_RETAINS_FOLDER_LABEL
seborrheic-keratoses-ruff-145.jpg,Seborrheic Keratoses and other Benign Tumors,,Seborrheic Keratoses and other Benign Tumors,UNMATCHED_RETAINS_FOLDER_LABEL
seborrheic-keratoses-ruff-147.jpg,Seborrheic Keratoses and other Benign Tumors,,Seborrheic Keratoses and other Benign Tumors,UNMATCHED_RETAINS_FOLDER_LABEL
seborrheic-keratoses-ruff-15.jpg,Seborrheic Keratoses and other Benign Tumors,,Seborrheic Keratoses and other Benign Tumors,UNMATCHED_RETAINS_FOLDER_LABEL
seborrheic-keratoses-ruff-150.jpg,Seborrheic Keratoses and other Benign Tumors,,Seborrheic Keratoses and other Benign Tumors,UNMATCHED_RETAINS_FOLDER_LABEL
seborrheic-keratoses-ruff-151.jpg,Seborrheic Keratoses and other Benign Tumors,,Seborrheic Keratoses and other Benign Tumors,UNMATCHED_RETAINS_FOLDER_LABEL
seborrheic-keratoses-ruff-152.jpg,Seborrheic Keratoses and other Benign Tumors,,Seborrheic Keratoses and other Benign Tumors,UNMATCHED_RETAINS_FOLDER_LABEL
seborrheic-keratoses-ruff-153.jpg,Seborrheic Keratoses and other Benign Tumors,,Seborrheic Keratoses and other Benign Tumors,UNMATCHED_RETAINS_FOLDER_LABEL
seborrheic-keratoses-ruff-154.jpg,Seborrheic Keratoses and other Benign Tumors,,Seborrheic Keratoses and other Benign Tumors,UNMATCHED_RETAINS_FOLDER_LABEL
seborrheic-keratoses-ruff-155.jpg,Seborrheic Keratoses and other Benign Tumors,,Seborrheic Keratoses and other Benign Tumors,UNMATCHED_RETAINS_FOLDER_LABEL
seborrheic-keratoses-ruff-156.jpg,Seborrheic Keratoses and other Benign Tumors,,Seborrheic Keratoses and other Benign Tumors,UNMATCHED_RETAINS_FOLDER_LABEL
seborrheic-keratoses-ruff-157.jpg,Seborrheic Keratoses and other Benign Tumors,,Seborrheic Keratoses and other Benign Tumors,UNMATCHED_RETAINS_FOLDER_LABEL
seborrheic-keratoses-ruff-158.jpg,Seborrheic Keratoses and other Benign Tumors,,Seborrheic Keratoses and other Benign Tumors,UNMATCHED_RETAINS_FOLDER_LABEL
seborrheic-keratoses-ruff-159.jpg,Seborrheic Keratoses and other Benign Tumors,,Seborrheic Keratoses and other Benign Tumors,UNMATCHED_RETAINS_FOLDER_LABEL
seborrheic-keratoses-ruff-16.jpg,Seborrheic Keratoses and other Benign Tumors,,Seborrheic Keratoses and other Benign Tumors,UNMATCHED_RETAINS_FOLDER_LABEL
seborrheic-keratoses-ruff-160.jpg,Seborrheic Keratoses and other Benign Tumors,,Seborrheic Keratoses and other Benign Tumors,UNMATCHED_RETAINS_FOLDER_LABEL
seborrheic-keratoses-ruff-161.jpg,Seborrheic Keratoses and other Benign Tumors,,Seborrheic Keratoses and other Benign Tumors,UNMATCHED_RETAINS_FOLDER_LABEL
seborrheic-keratoses-ruff-162.jpg,Seborrheic Keratoses and other Benign Tumors,,Seborrheic Keratoses and other Benign Tumors,UNMATCHED_RETAINS_FOLDER_LABEL
seborrheic-keratoses-ruff-163.jpg,Seborrheic Keratoses and other Benign Tumors,,Seborrheic Keratoses and other Benign Tumors,UNMATCHED_RETAINS_FOLDER_LABEL
seborrheic-keratoses-ruff-164.jpg,Seborrheic Keratoses and other Benign Tumors,,Seborrheic Keratoses and other Benign Tumors,UNMATCHED_RETAINS_FOLDER_LABEL
seborrheic-keratoses-ruff-165.jpg,Seborrheic Keratoses and other Benign Tumors,,Seborrheic Keratoses and other Benign Tumors,UNMATCHED_RETAINS_FOLDER_LABEL
seborrheic-keratoses-ruff-166.jpg,Seborrheic Keratoses and other Benign Tumors,,Seborrheic Keratoses and other Benign Tumors,UNMATCHED_RETAINS_FOLDER_LABEL
seborrheic-keratoses-ruff-167.jpg,Seborrheic Keratoses and other Benign Tumors,,Seborrheic Keratoses and other Benign Tumors,UNMATCHED_RETAINS_FOLDER_LABEL
seborrheic-keratoses-ruff-168.jpg,Seborrheic Keratoses and other Benign Tumors,,Seborrheic Keratoses and other Benign Tumors,UNMATCHED_RETAINS_FOLDER_LABEL
seborrheic-keratoses-ruff-169.jpg,Seborrheic Keratoses and other Benign Tumors,,Seborrheic Keratoses and other Benign Tumors,UNMATCHED_RETAINS_FOLDER_LABEL
seborrheic-keratoses-ruff-17.jpg,Seborrheic Keratoses and other Benign Tumors,,Seborrheic Keratoses and other Benign Tumors,UNMATCHED_RETAINS_FOLDER_LABEL
seborrheic-keratoses-ruff-171.jpg,Seborrheic Keratoses and other Benign Tumors,,Seborrheic Keratoses and other Benign Tumors,UNMATCHED_RETAINS_FOLDER_LABEL
seborrheic-keratoses-ruff-172.jpg,Seborrheic Keratoses and other Benign Tumors,,Seborrheic Keratoses and other Benign Tumors,UNMATCHED_RETAINS_FOLDER_LABEL
seborrheic-keratoses-ruff-173.jpg,Seborrheic Keratoses and other Benign Tumors,,Seborrheic Keratoses and other Benign Tumors,UNMATCHED_RETAINS_FOLDER_LABEL
seborrheic-keratoses-ruff-175.jpg,Seborrheic Keratoses and other Benign Tumors,,Seborrheic Keratoses and other Benign Tumors,UNMATCHED_RETAINS_FOLDER_LABEL
seborrheic-keratoses-ruff-176.jpg,Seborrheic Keratoses and other Benign Tumors,,Seborrheic Keratoses and other Benign Tumors,UNMATCHED_RETAINS_FOLDER_LABEL
seborrheic-keratoses-ruff-177.jpg,Seborrheic Keratoses and other Benign Tumors,,Seborrheic Keratoses and other Benign Tumors,UNMATCHED_RETAINS_FOLDER_LABEL
seborrheic-keratoses-ruff-178.jpg,Seborrheic Keratoses and other Benign Tumors,,Seborrheic Keratoses and other Benign Tumors,UNMATCHED_RETAINS_FOLDER_LABEL
seborrheic-keratoses-ruff-179.jpg,Seborrheic Keratoses and other Benign Tumors,,Seborrheic Keratoses and other Benign Tumors,UNMATCHED_RETAINS_FOLDER_LABEL
seborrheic-keratoses-ruff-18.jpg,Seborrheic Keratoses and other Benign Tumors,,Seborrheic Keratoses and other Benign Tumors,UNMATCHED_RETAINS_FOLDER_LABEL
seborrheic-keratoses-ruff-180.jpg,Seborrheic Keratoses and other Benign Tumors,,Seborrheic Keratoses and other Benign Tumors,UNMATCHED_RETAINS_FOLDER_LABEL
seborrheic-keratoses-ruff-181.jpg,Seborrheic Keratoses and other Benign Tumors,,Seborrheic Keratoses and other Benign Tumors,UNMATCHED_RETAINS_FOLDER_LABEL
seborrheic-keratoses-ruff-183.jpg,Seborrheic Keratoses and other Benign Tumors,,Seborrheic Keratoses and other Benign Tumors,UNMATCHED_RETAINS_FOLDER_LABEL
seborrheic-keratoses-ruff-185.jpg,Seborrheic Keratoses and other Benign Tumors,,Seborrheic Keratoses and other Benign Tumors,UNMATCHED_RETAINS_FOLDER_LABEL
seborrheic-keratoses-ruff-186.jpg,Seborrheic Keratoses and other Benign Tumors,,Seborrheic Keratoses and other Benign Tumors,UNMATCHED_RETAINS_FOLDER_LABEL
seborrheic-keratoses-ruff-187.jpg,Seborrheic Keratoses and other Benign Tumors,,Seborrheic Keratoses and other Benign Tumors,UNMATCHED_RETAINS_FOLDER_LABEL
seborrheic-keratoses-ruff-188.jpg,Seborrheic Keratoses and other Benign Tumors,,Seborrheic Keratoses and other Benign Tumors,UNMATCHED_RETAINS_FOLDER_LABEL
seborrheic-keratoses-ruff-189.jpg,Seborrheic Keratoses and other Benign Tumors,,Seborrheic Keratoses and other Benign Tumors,UNMATCHED_RETAINS_FOLDER_LABEL
seborrheic-keratoses-ruff-19.jpg,Seborrheic Keratoses and other Benign Tumors,,Seborrheic Keratoses and other Benign Tumors,UNMATCHED_RETAINS_FOLDER_LABEL
seborrheic-keratoses-ruff-190.jpg,Seborrheic Keratoses and other Benign Tumors,,Seborrheic Keratoses and other Benign Tumors,UNMATCHED_RETAINS_FOLDER_LABEL
seborrheic-keratoses-ruff-191.jpg,Seborrheic Keratoses and other Benign Tumors,,Seborrheic Keratoses and other Benign Tumors,UNMATCHED_RETAINS_FOLDER_LABEL
seborrheic-keratoses-ruff-192.jpg,Seborrheic Keratoses and other Benign Tumors,,Seborrheic Keratoses and other Benign Tumors,UNMATCHED_RETAINS_FOLDER_LABEL
seborrheic-keratoses-ruff-194.jpg,Seborrheic Keratoses and other Benign Tumors,,Seborrheic Keratoses and other Benign Tumors,UNMATCHED_RETAINS_FOLDER_LABEL
seborrheic-keratoses-ruff-8.jpg,Seborrheic Keratoses and other Benign Tumors,,Seborrheic Keratoses and other Benign Tumors,UNMATCHED_RETAINS_FOLDER_LABEL
seborrheic-keratoses-ruff-81.jpg,Seborrheic Keratoses and other Benign Tumors,,Seborrheic Keratoses and other Benign Tumors,UNMATCHED_RETAINS_FOLDER_LABEL
seborrheic-keratoses-ruff-83.jpg,Seborrheic Keratoses and other Benign Tumors,,Seborrheic Keratoses and other Benign Tumors,UNMATCHED_RETAINS_FOLDER_LABEL
seborrheic-keratoses-ruff-84.jpg,Seborrheic Keratoses and other Benign Tumors,,Seborrheic Keratoses and other Benign Tumors,UNMATCHED_RETAINS_FOLDER_LABEL
seborrheic-keratoses-ruff-85.jpg,Seborrheic Keratoses and other Benign Tumors,,Seborrheic Keratoses and other Benign Tumors,UNMATCHED_RETAINS_FOLDER_LABEL
seborrheic-keratoses-ruff-86.jpg,Seborrheic Keratoses and other Benign Tumors,,Seborrheic Keratoses and other Benign Tumors,UNMATCHED_RETAINS_FOLDER_LABEL
seborrheic-keratoses-ruff-87.jpg,Seborrheic Keratoses and other Benign Tumors,,Seborrheic Keratoses and other Benign Tumors,UNMATCHED_RETAINS_FOLDER_LABEL
seborrheic-keratoses-ruff-88.jpg,Seborrheic Keratoses and other Benign Tumors,,Seborrheic Keratoses and other Benign Tumors,UNMATCHED_RETAINS_FOLDER_LABEL
seborrheic-keratoses-ruff-89.jpg,Seborrheic Keratoses and other Benign Tumors,,Seborrheic Keratoses and other Benign Tumors,UNMATCHED_RETAINS_FOLDER_LABEL
seborrheic-keratoses-ruff-9.jpg,Seborrheic Keratoses and other Benign Tumors,,Seborrheic Keratoses and other Benign Tumors,UNMATCHED_RETAINS_FOLDER_LABEL
seborrheic-keratoses-ruff-90.jpg,Seborrheic Keratoses and other Benign Tumors,,Seborrheic Keratoses and other Benign Tumors,UNMATCHED_RETAINS_FOLDER_LABEL
seborrheic-keratoses-ruff-93.jpg,Seborrheic Keratoses and other Benign Tumors,,Seborrheic Keratoses and other Benign Tumors,UNMATCHED_RETAINS_FOLDER_LABEL
seborrheic-keratoses-ruff-94.jpg,Seborrheic Keratoses and other Benign Tumors,,Seborrheic Keratoses and other Benign Tumors,UNMATCHED_RETAINS_FOLDER_LABEL
seborrheic-keratoses-ruff-95.jpg,Seborrheic Keratoses and other Benign Tumors,,Seborrheic Keratoses and other Benign Tumors,UNMATCHED_RETAINS_FOLDER_LABEL
seborrheic-keratoses-ruff-96.jpg,Seborrheic Keratoses and other Benign Tumors,,Seborrheic Keratoses and other Benign Tumors,UNMATCHED_RETAINS_FOLDER_LABEL
seborrheic-keratoses-ruff-97.jpg,Seborrheic Keratoses and other Benign Tumors,,Seborrheic Keratoses and other Benign Tumors,UNMATCHED_RETAINS_FOLDER_LABEL
seborrheic-keratoses-ruff-98.jpg,Seborrheic Keratoses and other Benign Tumors,,Seborrheic Keratoses and other Benign Tumors,UNMATCHED_RETAINS_FOLDER_LABEL
seborrheic-keratoses-ruff-99.jpg,Seborrheic Keratoses and other Benign Tumors,,Seborrheic Keratoses and other Benign Tumors,UNMATCHED_RETAINS_FOLDER_LABEL
seborrheic-keratoses-smooth-1.jpg,Seborrheic Keratoses and other Benign Tumors,,Seborrheic Keratoses and other Benign Tumors,UNMATCHED_RETAINS_FOLDER_LABEL
seborrheic-keratoses-smooth-10.jpg,Seborrheic Keratoses and other Benign Tumors,,Seborrheic Keratoses and other Benign Tumors,UNMATCHED_RETAINS_FOLDER_LABEL
seborrheic-keratoses-smooth-100.jpg,Seborrheic Keratoses and other Benign Tumors,,Seborrheic Keratoses and other Benign Tumors,UNMATCHED_RETAINS_FOLDER_LABEL
seborrheic-keratoses-smooth-101.jpg,Seborrheic Keratoses and other Benign Tumors,,Seborrheic Keratoses and other Benign Tumors,UNMATCHED_RETAINS_FOLDER_LABEL
seborrheic-keratoses-smooth-102.jpg,Seborrheic Keratoses and other Benign Tumors,,Seborrheic Keratoses and other Benign Tumors,UNMATCHED_RETAINS_FOLDER_LABEL
seborrheic-keratoses-smooth-103.jpg,Seborrheic Keratoses and other Benign Tumors,,Seborrheic Keratoses and other Benign Tumors,UNMATCHED_RETAINS_FOLDER_LABEL
seborrheic-keratoses-smooth-104.jpg,Seborrheic Keratoses and other Benign Tumors,,Seborrheic Keratoses and other Benign Tumors,UNMATCHED_RETAINS_FOLDER_LABEL
seborrheic-keratoses-smooth-105.jpg,Seborrheic Keratoses and other Benign Tumors,,Seborrheic Keratoses and other Benign Tumors,UNMATCHED_RETAINS_FOLDER_LABEL
seborrheic-keratoses-smooth-106.jpg,Seborrheic Keratoses and other Benign Tumors,,Seborrheic Keratoses and other Benign Tumors,UNMATCHED_RETAINS_FOLDER_LABEL
seborrheic-keratoses-smooth-108.jpg,Seborrheic Keratoses and other Benign Tumors,,Seborrheic Keratoses and other Benign Tumors,UNMATCHED_RETAINS_FOLDER_LABEL
seborrheic-keratoses-smooth-109.jpg,Seborrheic Keratoses and other Benign Tumors,,Seborrheic Keratoses and other Benign Tumors,UNMATCHED_RETAINS_FOLDER_LABEL
seborrheic-keratoses-smooth-11.jpg,Seborrheic Keratoses and other Benign Tumors,,Seborrheic Keratoses and other Benign Tumors,UNMATCHED_RETAINS_FOLDER_LABEL
seborrheic-keratoses-smooth-111.jpg,Seborrheic Keratoses and other Benign Tumors,,Seborrheic Keratoses and other Benign Tumors,UNMATCHED_RETAINS_FOLDER_LABEL
seborrheic-keratoses-smooth-115.jpg,Seborrheic Keratoses and other Benign Tumors,,Seborrheic Keratoses and other Benign Tumors,UNMATCHED_RETAINS_FOLDER_LABEL
seborrheic-keratoses-smooth-117.jpg,Seborrheic Keratoses and other Benign Tumors,,Seborrheic Keratoses and other Benign Tumors,UNMATCHED_RETAINS_FOLDER_LABEL
seborrheic-keratoses-smooth-118.jpg,Seborrheic Keratoses and other Benign Tumors,,Seborrheic Keratoses and other Benign Tumors,UNMATCHED_RETAINS_FOLDER_LABEL
seborrheic-keratoses-smooth-119.jpg,Seborrheic Keratoses and other Benign Tumors,,Seborrheic Keratoses and other Benign Tumors,UNMATCHED_RETAINS_FOLDER_LABEL
seborrheic-keratoses-smooth-12.jpg,Seborrheic Keratoses and other Benign Tumors,,Seborrheic Keratoses and other Benign Tumors,UNMATCHED_RETAINS_FOLDER_LABEL
seborrheic-keratoses-smooth-120.jpg,Seborrheic Keratoses and other Benign Tumors,,Seborrheic Keratoses and other Benign Tumors,UNMATCHED_RETAINS_FOLDER_LABEL
seborrheic-keratoses-smooth-122.jpg,Seborrheic Keratoses and other Benign Tumors,,Seborrheic Keratoses and other Benign Tumors,UNMATCHED_RETAINS_FOLDER_LABEL
seborrheic-keratoses-smooth-123.jpg,Seborrheic Keratoses and other Benign Tumors,,Seborrheic Keratoses and other Benign Tumors,UNMATCHED_RETAINS_FOLDER_LABEL
seborrheic-keratoses-smooth-124.jpg,Seborrheic Keratoses and other Benign Tumors,,Seborrheic Keratoses and other Benign Tumors,UNMATCHED_RETAINS_FOLDER_LABEL
seborrheic-keratoses-smooth-125.jpg,Seborrheic Keratoses and other Benign Tumors,,Seborrheic Keratoses and other Benign Tumors,UNMATCHED_RETAINS_FOLDER_LABEL
seborrheic-keratoses-smooth-126.jpg,Seborrheic Keratoses and other Benign Tumors,,Seborrheic Keratoses and other Benign Tumors,UNMATCHED_RETAINS_FOLDER_LABEL
seborrheic-keratoses-smooth-128.jpg,Seborrheic Keratoses and other Benign Tumors,,Seborrheic Keratoses and other Benign Tumors,UNMATCHED_RETAINS_FOLDER_LABEL
seborrheic-keratoses-smooth-129.jpg,Seborrheic Keratoses and other Benign Tumors,,Seborrheic Keratoses and other Benign Tumors,UNMATCHED_RETAINS_FOLDER_LABEL
seborrheic-keratoses-smooth-13.jpg,Seborrheic Keratoses and other Benign Tumors,,Seborrheic Keratoses and other Benign Tumors,UNMATCHED_RETAINS_FOLDER_LABEL
seborrheic-keratoses-smooth-130.jpg,Seborrheic Keratoses and other Benign Tumors,,Seborrheic Keratoses and other Benign Tumors,UNMATCHED_RETAINS_FOLDER_LABEL
seborrheic-keratoses-smooth-131.jpg,Seborrheic Keratoses and other Benign Tumors,,Seborrheic Keratoses and other Benign Tumors,UNMATCHED_RETAINS_FOLDER_LABEL
seborrheic-keratoses-smooth-14.jpg,Seborrheic Keratoses and other Benign Tumors,,Seborrheic Keratoses and other Benign Tumors,UNMATCHED_RETAINS_FOLDER_LABEL
seborrheic-keratoses-smooth-15.jpg,Seborrheic Keratoses and other Benign Tumors,,Seborrheic Keratoses and other Benign Tumors,UNMATCHED_RETAINS_FOLDER_LABEL
seborrheic-keratoses-smooth-17.jpg,Seborrheic Keratoses and other Benign Tumors,,Seborrheic Keratoses and other Benign Tumors,UNMATCHED_RETAINS_FOLDER_LABEL
seborrheic-keratoses-smooth-18.jpg,Seborrheic Keratoses and other Benign Tumors,,Seborrheic Keratoses and other Benign Tumors,UNMATCHED_RETAINS_FOLDER_LABEL
seborrheic-keratoses-smooth-19.jpg,Seborrheic Keratoses and other Benign Tumors,,Seborrheic Keratoses and other Benign Tumors,UNMATCHED_RETAINS_FOLDER_LABEL
seborrheic-keratoses-smooth-2.jpg,Seborrheic Keratoses and other Benign Tumors,,Seborrheic Keratoses and other Benign Tumors,UNMATCHED_RETAINS_FOLDER_LABEL
seborrheic-keratoses-smooth-21.jpg,Seborrheic Keratoses and other Benign Tumors,,Seborrheic Keratoses and other Benign Tumors,UNMATCHED_RETAINS_FOLDER_LABEL
seborrheic-keratoses-smooth-22.jpg,Seborrheic Keratoses and other Benign Tumors,,Seborrheic Keratoses and other Benign Tumors,UNMATCHED_RETAINS_FOLDER_LABEL
seborrheic-keratoses-smooth-23.jpg,Seborrheic Keratoses and other Benign Tumors,,Seborrheic Keratoses and other Benign Tumors,UNMATCHED_RETAINS_FOLDER_LABEL
seborrheic-keratoses-smooth-24.jpg,Seborrheic Keratoses and other Benign Tumors,,Seborrheic Keratoses and other Benign Tumors,UNMATCHED_RETAINS_FOLDER_LABEL
seborrheic-keratoses-smooth-25.jpg,Seborrheic Keratoses and other Benign Tumors,,Seborrheic Keratoses and other Benign Tumors,UNMATCHED_RETAINS_FOLDER_LABEL
seborrheic-keratoses-smooth-27.jpg,Seborrheic Keratoses and other Benign Tumors,,Seborrheic Keratoses and other Benign Tumors,UNMATCHED_RETAINS_FOLDER_LABEL
seborrheic-keratoses-smooth-28.jpg,Seborrheic Keratoses and other Benign Tumors,,Seborrheic Keratoses and other Benign Tumors,UNMATCHED_RETAINS_FOLDER_LABEL
seborrheic-keratoses-smooth-29.jpg,Seborrheic Keratoses and other Benign Tumors,,Seborrheic Keratoses and other Benign Tumors,UNMATCHED_RETAINS_FOLDER_LABEL
seborrheic-keratoses-smooth-3.jpg,Seborrheic Keratoses and other Benign Tumors,,Seborrheic Keratoses and other Benign Tumors,UNMATCHED_RETAINS_FOLDER_LABEL
seborrheic-keratoses-smooth-30.jpg,Seborrheic Keratoses and other Benign Tumors,,Seborrheic Keratoses and other Benign Tumors,UNMATCHED_RETAINS_FOLDER_LABEL
seborrheic-keratoses-smooth-33.jpg,Seborrheic Keratoses and other Benign Tumors,,Seborrheic Keratoses and other Benign Tumors,UNMATCHED_RETAINS_FOLDER_LABEL
seborrheic-keratoses-smooth-34.jpg,Seborrheic Keratoses and other Benign Tumors,,Seborrheic Keratoses and other Benign Tumors,UNMATCHED_RETAINS_FOLDER_LABEL
seborrheic-keratoses-smooth-37.jpg,Seborrheic Keratoses and other Benign Tumors,,Seborrheic Keratoses and other Benign Tumors,UNMATCHED_RETAINS_FOLDER_LABEL
seborrheic-keratoses-smooth-38.jpg,Seborrheic Keratoses and other Benign Tumors,,Seborrheic Keratoses and other Benign Tumors,UNMATCHED_RETAINS_FOLDER_LABEL
seborrheic-keratoses-smooth-39.jpg,Seborrheic Keratoses and other Benign Tumors,,Seborrheic Keratoses and other Benign Tumors,UNMATCHED_RETAINS_FOLDER_LABEL
seborrheic-keratoses-smooth-4.jpg,Seborrheic Keratoses and other Benign Tumors,,Seborrheic Keratoses and other Benign Tumors,UNMATCHED_RETAINS_FOLDER_LABEL
seborrheic-keratoses-smooth-40.jpg,Seborrheic Keratoses and other Benign Tumors,,Seborrheic Keratoses and other Benign Tumors,UNMATCHED_RETAINS_FOLDER_LABEL
seborrheic-keratoses-smooth-41.jpg,Seborrheic Keratoses and other Benign Tumors,,Seborrheic Keratoses and other Benign Tumors,UNMATCHED_RETAINS_FOLDER_LABEL
seborrheic-keratoses-smooth-43.jpg,Seborrheic Keratoses and other Benign Tumors,,Seborrheic Keratoses and other Benign Tumors,UNMATCHED_RETAINS_FOLDER_LABEL
seborrheic-keratoses-smooth-45.jpg,Seborrheic Keratoses and other Benign Tumors,,Seborrheic Keratoses and other Benign Tumors,UNMATCHED_RETAINS_FOLDER_LABEL
seborrheic-keratoses-smooth-46.jpg,Seborrheic Keratoses and other Benign Tumors,,Seborrheic Keratoses and other Benign Tumors,UNMATCHED_RETAINS_FOLDER_LABEL
seborrheic-keratoses-smooth-48.jpg,Seborrheic Keratoses and other Benign Tumors,,Seborrheic Keratoses and other Benign Tumors,UNMATCHED_RETAINS_FOLDER_LABEL
seborrheic-keratoses-smooth-49.jpg,Seborrheic Keratoses and other Benign Tumors,,Seborrheic Keratoses and other Benign Tumors,UNMATCHED_RETAINS_FOLDER_LABEL
seborrheic-keratoses-smooth-5.jpg,Seborrheic Keratoses and other Benign Tumors,,Seborrheic Keratoses and other Benign Tumors,UNMATCHED_RETAINS_FOLDER_LABEL
seborrheic-keratoses-smooth-50.jpg,Seborrheic Keratoses and other Benign Tumors,,Seborrheic Keratoses and other Benign Tumors,UNMATCHED_RETAINS_FOLDER_LABEL
seborrheic-keratoses-smooth-51.jpg,Seborrheic Keratoses and other Benign Tumors,,Seborrheic Keratoses and other Benign Tumors,UNMATCHED_RETAINS_FOLDER_LABEL
seborrheic-keratoses-smooth-52.jpg,Seborrheic Keratoses and other Benign Tumors,,Seborrheic Keratoses and other Benign Tumors,UNMATCHED_RETAINS_FOLDER_LABEL
seborrheic-keratoses-smooth-53.jpg,Seborrheic Keratoses and other Benign Tumors,,Seborrheic Keratoses and other Benign Tumors,UNMATCHED_RETAINS_FOLDER_LABEL
seborrheic-keratoses-smooth-54.jpg,Seborrheic Keratoses and other Benign Tumors,,Seborrheic Keratoses and other Benign Tumors,UNMATCHED_RETAINS_FOLDER_LABEL
seborrheic-keratoses-smooth-55.jpg,Seborrheic Keratoses and other Benign Tumors,,Seborrheic Keratoses and other Benign Tumors,UNMATCHED_RETAINS_FOLDER_LABEL
seborrheic-keratoses-smooth-56.jpg,Seborrheic Keratoses and other Benign Tumors,,Seborrheic Keratoses and other Benign Tumors,UNMATCHED_RETAINS_FOLDER_LABEL
seborrheic-keratoses-smooth-58.jpg,Seborrheic Keratoses and other Benign Tumors,,Seborrheic Keratoses and other Benign Tumors,UNMATCHED_RETAINS_FOLDER_LABEL
seborrheic-keratoses-smooth-59.jpg,Seborrheic Keratoses and other Benign Tumors,,Seborrheic Keratoses and other Benign Tumors,UNMATCHED_RETAINS_FOLDER_LABEL
seborrheic-keratoses-smooth-60.jpg,Seborrheic Keratoses and other Benign Tumors,,Seborrheic Keratoses and other Benign Tumors,UNMATCHED_RETAINS_FOLDER_LABEL
seborrheic-keratoses-smooth-61.jpg,Seborrheic Keratoses and other Benign Tumors,,Seborrheic Keratoses and other Benign Tumors,UNMATCHED_RETAINS_FOLDER_LABEL
seborrheic-keratoses-smooth-63.jpg,Seborrheic Keratoses and other Benign Tumors,,Seborrheic Keratoses and other Benign Tumors,UNMATCHED_RETAINS_FOLDER_LABEL
seborrheic-keratoses-smooth-64.jpg,Seborrheic Keratoses and other Benign Tumors,,Seborrheic Keratoses and other Benign Tumors,UNMATCHED_RETAINS_FOLDER_LABEL
seborrheic-keratoses-smooth-65.jpg,Seborrheic Keratoses and other Benign Tumors,,Seborrheic Keratoses and other Benign Tumors,UNMATCHED_RETAINS_FOLDER_LABEL
seborrheic-keratoses-smooth-67.jpg,Seborrheic Keratoses and other Benign Tumors,,Seborrheic Keratoses and other Benign Tumors,UNMATCHED_RETAINS_FOLDER_LABEL
seborrheic-keratoses-smooth-69.jpg,Seborrheic Keratoses and other Benign Tumors,,Seborrheic Keratoses and other Benign Tumors,UNMATCHED_RETAINS_FOLDER_LABEL
seborrheic-keratoses-smooth-7.jpg,Seborrheic Keratoses and other Benign Tumors,,Seborrheic Keratoses and other Benign Tumors,UNMATCHED_RETAINS_FOLDER_LABEL
seborrheic-keratoses-smooth-70.jpg,Seborrheic Keratoses and other Benign Tumors,,Seborrheic Keratoses and other Benign Tumors,UNMATCHED_RETAINS_FOLDER_LABEL
seborrheic-keratoses-smooth-71.jpg,Seborrheic Keratoses and other Benign Tumors,,Seborrheic Keratoses and other Benign Tumors,UNMATCHED_RETAINS_FOLDER_LABEL
seborrheic-keratoses-smooth-72.jpg,Seborrheic Keratoses and other Benign Tumors,,Seborrheic Keratoses and other Benign Tumors,UNMATCHED_RETAINS_FOLDER_LABEL
seborrheic-keratoses-smooth-73.jpg,Seborrheic Keratoses and other Benign Tumors,,Seborrheic Keratoses and other Benign Tumors,UNMATCHED_RETAINS_FOLDER_LABEL
seborrheic-keratoses-smooth-74.jpg,Seborrheic Keratoses and other Benign Tumors,,Seborrheic Keratoses and other Benign Tumors,UNMATCHED_RETAINS_FOLDER_LABEL
seborrheic-keratoses-smooth-75.jpg,Seborrheic Keratoses and other Benign Tumors,,Seborrheic Keratoses and other Benign Tumors,UNMATCHED_RETAINS_FOLDER_LABEL
seborrheic-keratoses-smooth-77.jpg,Seborrheic Keratoses and other Benign Tumors,,Seborrheic Keratoses and other Benign Tumors,UNMATCHED_RETAINS_FOLDER_LABEL
seborrheic-keratoses-smooth-79.jpg,Seborrheic Keratoses and other Benign Tumors,,Seborrheic Keratoses and other Benign Tumors,UNMATCHED_RETAINS_FOLDER_LABEL
seborrheic-keratoses-smooth-8.jpg,Seborrheic Keratoses and other Benign Tumors,,Seborrheic Keratoses and other Benign Tumors,UNMATCHED_RETAINS_FOLDER_LABEL
seborrheic-keratoses-smooth-80.jpg,Seborrheic Keratoses and other Benign Tumors,,Seborrheic Keratoses and other Benign Tumors,UNMATCHED_RETAINS_FOLDER_LABEL
seborrheic-keratoses-smooth-81.jpg,Seborrheic Keratoses and other Benign Tumors,,Seborrheic Keratoses and other Benign Tumors,UNMATCHED_RETAINS_FOLDER_LABEL
seborrheic-keratoses-smooth-82.jpg,Seborrheic Keratoses and other Benign Tumors,,Seborrheic Keratoses and other Benign Tumors,UNMATCHED_RETAINS_FOLDER_LABEL
seborrheic-keratoses-smooth-83.jpg,Seborrheic Keratoses and other Benign Tumors,,Seborrheic Keratoses and other Benign Tumors,UNMATCHED_RETAINS_FOLDER_LABEL
seborrheic-keratoses-smooth-84.jpg,Seborrheic Keratoses and other Benign Tumors,,Seborrheic Keratoses and other Benign Tumors,UNMATCHED_RETAINS_FOLDER_LABEL
seborrheic-keratoses-smooth-85.jpg,Seborrheic Keratoses and other Benign Tumors,,Seborrheic Keratoses and other Benign Tumors,UNMATCHED_RETAINS_FOLDER_LABEL
seborrheic-keratoses-smooth-86.jpg,Seborrheic Keratoses and other Benign Tumors,,Seborrheic Keratoses and other Benign Tumors,UNMATCHED_RETAINS_FOLDER_LABEL
seborrheic-keratoses-smooth-87.jpg,Seborrheic Keratoses and other Benign Tumors,,Seborrheic Keratoses and other Benign Tumors,UNMATCHED_RETAINS_FOLDER_LABEL
seborrheic-keratoses-smooth-88.jpg,Seborrheic Keratoses and other Benign Tumors,,Seborrheic Keratoses and other Benign Tumors,UNMATCHED_RETAINS_FOLDER_LABEL
seborrheic-keratoses-smooth-89.jpg,Seborrheic Keratoses and other Benign Tumors,,Seborrheic Keratoses and other Benign Tumors,UNMATCHED_RETAINS_FOLDER_LABEL
seborrheic-keratoses-smooth-9.jpg,Seborrheic Keratoses and other Benign Tumors,,Seborrheic Keratoses and other Benign Tumors,UNMATCHED_RETAINS_FOLDER_LABEL
seborrheic-keratoses-smooth-90.jpg,Seborrheic Keratoses and other Benign Tumors,,Seborrheic Keratoses and other Benign Tumors,UNMATCHED_RETAINS_FOLDER_LABEL
seborrheic-keratoses-smooth-91.jpg,Seborrheic Keratoses and other Benign Tumors,,Seborrheic Keratoses and other Benign Tumors,UNMATCHED_RETAINS_FOLDER_LABEL
seborrheic-keratoses-smooth-92.jpg,Seborrheic Keratoses and other Benign Tumors,,Seborrheic Keratoses and other Benign Tumors,UNMATCHED_RETAINS_FOLDER_LABEL
seborrheic-keratoses-smooth-93.jpg,Seborrheic Keratoses and other Benign Tumors,,Seborrheic Keratoses and other Benign Tumors,UNMATCHED_RETAINS_FOLDER_LABEL
seborrheic-keratoses-smooth-95.jpg,Seborrheic Keratoses and other Benign Tumors,,Seborrheic Keratoses and other Benign Tumors,UNMATCHED_RETAINS_FOLDER_LABEL
seborrheic-keratoses-smooth-96.jpg,Seborrheic Keratoses and other Benign Tumors,,Seborrheic Keratoses and other Benign Tumors,UNMATCHED_RETAINS_FOLDER_LABEL
seborrheic-keratoses-smooth-97.jpg,Seborrheic Keratoses and other Benign Tumors,,Seborrheic Keratoses and other Benign Tumors,UNMATCHED_RETAINS_FOLDER_LABEL
seborrheic-keratoses-smooth-98.jpg,Seborrheic Keratoses and other Benign Tumors,,Seborrheic Keratoses and other Benign Tumors,UNMATCHED_RETAINS_FOLDER_LABEL
seborrheic-keratosis-irritated-10.jpg,Seborrheic Keratoses and other Benign Tumors,,Seborrheic Keratoses and other Benign Tumors,UNMATCHED_RETAINS_FOLDER_LABEL
seborrheic-keratosis-irritated-100.jpg,Seborrheic Keratoses and other Benign Tumors,,Seborrheic Keratoses and other Benign Tumors,UNMATCHED_RETAINS_FOLDER_LABEL
seborrheic-keratosis-irritated-102.jpg,Seborrheic Keratoses and other Benign Tumors,,Seborrheic Keratoses and other Benign Tumors,UNMATCHED_RETAINS_FOLDER_LABEL
seborrheic-keratosis-irritated-103.jpg,Seborrheic Keratoses and other Benign Tumors,,Seborrheic Keratoses and other Benign Tumors,UNMATCHED_RETAINS_FOLDER_LABEL
seborrheic-keratosis-irritated-104.jpg,Seborrheic Keratoses and other Benign Tumors,,Seborrheic Keratoses and other Benign Tumors,UNMATCHED_RETAINS_FOLDER_LABEL
seborrheic-keratosis-irritated-106.jpg,Seborrheic Keratoses and other Benign Tumors,,Seborrheic Keratoses and other Benign Tumors,UNMATCHED_RETAINS_FOLDER_LABEL
seborrheic-keratosis-irritated-108.jpg,Seborrheic Keratoses and other Benign Tumors,,Seborrheic Keratoses and other Benign Tumors,UNMATCHED_RETAINS_FOLDER_LABEL
seborrheic-keratosis-irritated-11.jpg,Seborrheic Keratoses and other Benign Tumors,,Seborrheic Keratoses and other Benign Tumors,UNMATCHED_RETAINS_FOLDER_LABEL
seborrheic-keratosis-irritated-111.jpg,Seborrheic Keratoses and other Benign Tumors,,Seborrheic Keratoses and other Benign Tumors,UNMATCHED_RETAINS_FOLDER_LABEL
seborrheic-keratosis-irritated-112.jpg,Seborrheic Keratoses and other Benign Tumors,,Seborrheic Keratoses and other Benign Tumors,UNMATCHED_RETAINS_FOLDER_LABEL
seborrheic-keratosis-irritated-116.jpg,Seborrheic Keratoses and other Benign Tumors,,Seborrheic Keratoses and other Benign Tumors,UNMATCHED_RETAINS_FOLDER_LABEL
seborrheic-keratosis-irritated-117.jpg,Seborrheic Keratoses and other Benign Tumors,,Seborrheic Keratoses and other Benign Tumors,UNMATCHED_RETAINS_FOLDER_LABEL
seborrheic-keratosis-irritated-118.jpg,Seborrheic Keratoses and other Benign Tumors,,Seborrheic Keratoses and other Benign Tumors,UNMATCHED_RETAINS_FOLDER_LABEL
seborrheic-keratosis-irritated-119.jpg,Seborrheic Keratoses and other Benign Tumors,,Seborrheic Keratoses and other Benign Tumors,UNMATCHED_RETAINS_FOLDER_LABEL
seborrheic-keratosis-irritated-12.jpg,Seborrheic Keratoses and other Benign Tumors,,Seborrheic Keratoses and other Benign Tumors,UNMATCHED_RETAINS_FOLDER_LABEL
seborrheic-keratosis-irritated-120.jpg,Seborrheic Keratoses and other Benign Tumors,,Seborrheic Keratoses and other Benign Tumors,UNMATCHED_RETAINS_FOLDER_LABEL
seborrheic-keratosis-irritated-121.jpg,Seborrheic Keratoses and other Benign Tumors,,Seborrheic Keratoses and other Benign Tumors,UNMATCHED_RETAINS_FOLDER_LABEL
seborrheic-keratosis-irritated-122.jpg,Seborrheic Keratoses and other Benign Tumors,,Seborrheic Keratoses and other Benign Tumors,UNMATCHED_RETAINS_FOLDER_LABEL
seborrheic-keratosis-irritated-123.jpg,Seborrheic Keratoses and other Benign Tumors,,Seborrheic Keratoses and other Benign Tumors,UNMATCHED_RETAINS_FOLDER_LABEL
seborrheic-keratosis-irritated-125.jpg,Seborrheic Keratoses and other Benign Tumors,,Seborrheic Keratoses and other Benign Tumors,UNMATCHED_RETAINS_FOLDER_LABEL
seborrheic-keratosis-irritated-127.jpg,Seborrheic Keratoses and other Benign Tumors,,Seborrheic Keratoses and other Benign Tumors,UNMATCHED_RETAINS_FOLDER_LABEL
seborrheic-keratosis-irritated-128.jpg,Seborrheic Keratoses and other Benign Tumors,,Seborrheic Keratoses and other Benign Tumors,UNMATCHED_RETAINS_FOLDER_LABEL
seborrheic-keratosis-irritated-13.jpg,Seborrheic Keratoses and other Benign Tumors,,Seborrheic Keratoses and other Benign Tumors,UNMATCHED_RETAINS_FOLDER_LABEL
seborrheic-keratosis-irritated-131.jpg,Seborrheic Keratoses and other Benign Tumors,,Seborrheic Keratoses and other Benign Tumors,UNMATCHED_RETAINS_FOLDER_LABEL
seborrheic-keratosis-irritated-132.jpg,Seborrheic Keratoses and other Benign Tumors,,Seborrheic Keratoses and other Benign Tumors,UNMATCHED_RETAINS_FOLDER_LABEL
seborrheic-keratosis-irritated-133.jpg,Seborrheic Keratoses and other Benign Tumors,,Seborrheic Keratoses and other Benign Tumors,UNMATCHED_RETAINS_FOLDER_LABEL
seborrheic-keratosis-irritated-134.jpg,Seborrheic Keratoses and other Benign Tumors,,Seborrheic Keratoses and other Benign Tumors,UNMATCHED_RETAINS_FOLDER_LABEL
seborrheic-keratosis-irritated-136.jpg,Seborrheic Keratoses and other Benign Tumors,,Seborrheic Keratoses and other Benign Tumors,UNMATCHED_RETAINS_FOLDER_LABEL
seborrheic-keratosis-irritated-138.jpg,Seborrheic Keratoses and other Benign Tumors,,Seborrheic Keratoses and other Benign Tumors,UNMATCHED_RETAINS_FOLDER_LABEL
seborrheic-keratosis-irritated-139.jpg,Seborrheic Keratoses and other Benign Tumors,,Seborrheic Keratoses and other Benign Tumors,UNMATCHED_RETAINS_FOLDER_LABEL
seborrheic-keratosis-irritated-14.jpg,Seborrheic Keratoses and other Benign Tumors,,Seborrheic Keratoses and other Benign Tumors,UNMATCHED_RETAINS_FOLDER_LABEL
seborrheic-keratosis-irritated-141.jpg,Seborrheic Keratoses and other Benign Tumors,,Seborrheic Keratoses and other Benign Tumors,UNMATCHED_RETAINS_FOLDER_LABEL
seborrheic-keratosis-irritated-142.jpg,Seborrheic Keratoses and other Benign Tumors,,Seborrheic Keratoses and other Benign Tumors,UNMATCHED_RETAINS_FOLDER_LABEL
seborrheic-keratosis-irritated-143.jpg,Seborrheic Keratoses and other Benign Tumors,,Seborrheic Keratoses and other Benign Tumors,UNMATCHED_RETAINS_FOLDER_LABEL
seborrheic-keratosis-irritated-144.jpg,Seborrheic Keratoses and other Benign Tumors,,Seborrheic Keratoses and other Benign Tumors,UNMATCHED_RETAINS_FOLDER_LABEL
seborrheic-keratosis-irritated-146.jpg,Seborrheic Keratoses and other Benign Tumors,,Seborrheic Keratoses and other Benign Tumors,UNMATCHED_RETAINS_FOLDER_LABEL
seborrheic-keratosis-irritated-147.jpg,Seborrheic Keratoses and other Benign Tumors,,Seborrheic Keratoses and other Benign Tumors,UNMATCHED_RETAINS_FOLDER_LABEL
seborrheic-keratosis-irritated-148.jpg,Seborrheic Keratoses and other Benign Tumors,,Seborrheic Keratoses and other Benign Tumors,UNMATCHED_RETAINS_FOLDER_LABEL
seborrheic-keratosis-irritated-15.jpg,Seborrheic Keratoses and other Benign Tumors,,Seborrheic Keratoses and other Benign Tumors,UNMATCHED_RETAINS_FOLDER_LABEL
seborrheic-keratosis-irritated-151.jpg,Seborrheic Keratoses and other Benign Tumors,,Seborrheic Keratoses and other Benign Tumors,UNMATCHED_RETAINS_FOLDER_LABEL
seborrheic-keratosis-irritated-154.jpg,Seborrheic Keratoses and other Benign Tumors,,Seborrheic Keratoses and other Benign Tumors,UNMATCHED_RETAINS_FOLDER_LABEL
seborrheic-keratosis-irritated-156.jpg,Seborrheic Keratoses and other Benign Tumors,,Seborrheic Keratoses and other Benign Tumors,UNMATCHED_RETAINS_FOLDER_LABEL
seborrheic-keratosis-irritated-157.jpg,Seborrheic Keratoses and other Benign Tumors,,Seborrheic Keratoses and other Benign Tumors,UNMATCHED_RETAINS_FOLDER_LABEL
seborrheic-keratosis-irritated-158.jpg,Seborrheic Keratoses and other Benign Tumors,,Seborrheic Keratoses and other Benign Tumors,UNMATCHED_RETAINS_FOLDER_LABEL
seborrheic-keratosis-irritated-159.jpg,Seborrheic Keratoses and other Benign Tumors,,Seborrheic Keratoses and other Benign Tumors,UNMATCHED_RETAINS_FOLDER_LABEL
seborrheic-keratosis-irritated-16.jpg,Seborrheic Keratoses and other Benign Tumors,,Seborrheic Keratoses and other Benign Tumors,UNMATCHED_RETAINS_FOLDER_LABEL
seborrheic-keratosis-irritated-160.jpg,Seborrheic Keratoses and other Benign Tumors,,Seborrheic Keratoses and other Benign Tumors,UNMATCHED_RETAINS_FOLDER_LABEL
seborrheic-keratosis-irritated-161.jpg,Seborrheic Keratoses and other Benign Tumors,,Seborrheic Keratoses and other Benign Tumors,UNMATCHED_RETAINS_FOLDER_LABEL
seborrheic-keratosis-irritated-163.jpg,Seborrheic Keratoses and other Benign Tumors,,Seborrheic Keratoses and other Benign Tumors,UNMATCHED_RETAINS_FOLDER_LABEL
seborrheic-keratosis-irritated-164.jpg,Seborrheic Keratoses and other Benign Tumors,,Seborrheic Keratoses and other Benign Tumors,UNMATCHED_RETAINS_FOLDER_LABEL
seborrheic-keratosis-irritated-165.jpg,Seborrheic Keratoses and other Benign Tumors,,Seborrheic Keratoses and other Benign Tumors,UNMATCHED_RETAINS_FOLDER_LABEL
seborrheic-keratosis-irritated-166.jpg,Seborrheic Keratoses and other Benign Tumors,,Seborrheic Keratoses and other Benign Tumors,UNMATCHED_RETAINS_FOLDER_LABEL
seborrheic-keratosis-irritated-167.jpg,Seborrheic Keratoses and other Benign Tumors,,Seborrheic Keratoses and other Benign Tumors,UNMATCHED_RETAINS_FOLDER_LABEL
seborrheic-keratosis-irritated-169.jpg,Seborrheic Keratoses and other Benign Tumors,,Seborrheic Keratoses and other Benign Tumors,UNMATCHED_RETAINS_FOLDER_LABEL
seborrheic-keratosis-irritated-17.jpg,Seborrheic Keratoses and other Benign Tumors,,Seborrheic Keratoses and other Benign Tumors,UNMATCHED_RETAINS_FOLDER_LABEL
seborrheic-keratosis-irritated-170.jpg,Seborrheic Keratoses and other Benign Tumors,,Seborrheic Keratoses and other Benign Tumors,UNMATCHED_RETAINS_FOLDER_LABEL
seborrheic-keratosis-irritated-171.jpg,Seborrheic Keratoses and other Benign Tumors,,Seborrheic Keratoses and other Benign Tumors,UNMATCHED_RETAINS_FOLDER_LABEL
seborrheic-keratosis-irritated-172.jpg,Seborrheic Keratoses and other Benign Tumors,,Seborrheic Keratoses and other Benign Tumors,UNMATCHED_RETAINS_FOLDER_LABEL
seborrheic-keratosis-irritated-173.jpg,Seborrheic Keratoses and other Benign Tumors,,Seborrheic Keratoses and other Benign Tumors,UNMATCHED_RETAINS_FOLDER_LABEL
seborrheic-keratosis-irritated-174.jpg,Seborrheic Keratoses and other Benign Tumors,,Seborrheic Keratoses and other Benign Tumors,UNMATCHED_RETAINS_FOLDER_LABEL
seborrheic-keratosis-irritated-175.jpg,Seborrheic Keratoses and other Benign Tumors,,Seborrheic Keratoses and other Benign Tumors,UNMATCHED_RETAINS_FOLDER_LABEL
seborrheic-keratosis-irritated-176.jpg,Seborrheic Keratoses and other Benign Tumors,,Seborrheic Keratoses and other Benign Tumors,UNMATCHED_RETAINS_FOLDER_LABEL
seborrheic-keratosis-irritated-177.jpg,Seborrheic Keratoses and other Benign Tumors,,Seborrheic Keratoses and other Benign Tumors,UNMATCHED_RETAINS_FOLDER_LABEL
seborrheic-keratosis-irritated-178.jpg,Seborrheic Keratoses and other Benign Tumors,,Seborrheic Keratoses and other Benign Tumors,UNMATCHED_RETAINS_FOLDER_LABEL
seborrheic-keratosis-irritated-179.jpg,Seborrheic Keratoses and other Benign Tumors,,Seborrheic Keratoses and other Benign Tumors,UNMATCHED_RETAINS_FOLDER_LABEL
seborrheic-keratosis-irritated-18.jpg,Seborrheic Keratoses and other Benign Tumors,,Seborrheic Keratoses and other Benign Tumors,UNMATCHED_RETAINS_FOLDER_LABEL
seborrheic-keratosis-irritated-180.jpg,Seborrheic Keratoses and other Benign Tumors,,Seborrheic Keratoses and other Benign Tumors,UNMATCHED_RETAINS_FOLDER_LABEL
seborrheic-keratosis-irritated-181.jpg,Seborrheic Keratoses and other Benign Tumors,,Seborrheic Keratoses and other Benign Tumors,UNMATCHED_RETAINS_FOLDER_LABEL
seborrheic-keratosis-irritated-182.jpg,Seborrheic Keratoses and other Benign Tumors,,Seborrheic Keratoses and other Benign Tumors,UNMATCHED_RETAINS_FOLDER_LABEL
seborrheic-keratosis-irritated-183.jpg,Seborrheic Keratoses and other Benign Tumors,,Seborrheic Keratoses and other Benign Tumors,UNMATCHED_RETAINS_FOLDER_LABEL
seborrheic-keratosis-irritated-185.jpg,Seborrheic Keratoses and other Benign Tumors,,Seborrheic Keratoses and other Benign Tumors,UNMATCHED_RETAINS_FOLDER_LABEL
seborrheic-keratosis-irritated-19.jpg,Seborrheic Keratoses and other Benign Tumors,,Seborrheic Keratoses and other Benign Tumors,UNMATCHED_RETAINS_FOLDER_LABEL
seborrheic-keratosis-irritated-2.jpg,Seborrheic Keratoses and other Benign Tumors,,Seborrheic Keratoses and other Benign Tumors,UNMATCHED_RETAINS_FOLDER_LABEL
seborrheic-keratosis-irritated-20.jpg,Seborrheic Keratoses and other Benign Tumors,,Seborrheic Keratoses and other Benign Tumors,UNMATCHED_RETAINS_FOLDER_LABEL
seborrheic-keratosis-irritated-21.jpg,Seborrheic Keratoses and other Benign Tumors,,Seborrheic Keratoses and other Benign Tumors,UNMATCHED_RETAINS_FOLDER_LABEL
seborrheic-keratosis-irritated-24.jpg,Seborrheic Keratoses and other Benign Tumors,,Seborrheic Keratoses and other Benign Tumors,UNMATCHED_RETAINS_FOLDER_LABEL
seborrheic-keratosis-irritated-25.jpg,Seborrheic Keratoses and other Benign Tumors,,Seborrheic Keratoses and other Benign Tumors,UNMATCHED_RETAINS_FOLDER_LABEL
seborrheic-keratosis-irritated-26.jpg,Seborrheic Keratoses and other Benign Tumors,,Seborrheic Keratoses and other Benign Tumors,UNMATCHED_RETAINS_FOLDER_LABEL
seborrheic-keratosis-irritated-27.jpg,Seborrheic Keratoses and other Benign Tumors,,Seborrheic Keratoses and other Benign Tumors,UNMATCHED_RETAINS_FOLDER_LABEL
seborrheic-keratosis-irritated-29.jpg,Seborrheic Keratoses and other Benign Tumors,,Seborrheic Keratoses and other Benign Tumors,UNMATCHED_RETAINS_FOLDER_LABEL
seborrheic-keratosis-irritated-3.jpg,Seborrheic Keratoses and other Benign Tumors,,Seborrheic Keratoses and other Benign Tumors,UNMATCHED_RETAINS_FOLDER_LABEL
seborrheic-keratosis-irritated-30.jpg,Seborrheic Keratoses and other Benign Tumors,,Seborrheic Keratoses and other Benign Tumors,UNMATCHED_RETAINS_FOLDER_LABEL
seborrheic-keratosis-irritated-31.jpg,Seborrheic Keratoses and other Benign Tumors,,Seborrheic Keratoses and other Benign Tumors,UNMATCHED_RETAINS_FOLDER_LABEL
seborrheic-keratosis-irritated-33.jpg,Seborrheic Keratoses and other Benign Tumors,,Seborrheic Keratoses and other Benign Tumors,UNMATCHED_RETAINS_FOLDER_LABEL
seborrheic-keratosis-irritated-34.jpg,Seborrheic Keratoses and other Benign Tumors,,Seborrheic Keratoses and other Benign Tumors,UNMATCHED_RETAINS_FOLDER_LABEL
seborrheic-keratosis-irritated-35.jpg,Seborrheic Keratoses and other Benign Tumors,,Seborrheic Keratoses and other Benign Tumors,UNMATCHED_RETAINS_FOLDER_LABEL
seborrheic-keratosis-irritated-36.jpg,Seborrheic Keratoses and other Benign Tumors,,Seborrheic Keratoses and other Benign Tumors,UNMATCHED_RETAINS_FOLDER_LABEL
seborrheic-keratosis-irritated-82.jpg,Seborrheic Keratoses and other Benign Tumors,,Seborrheic Keratoses and other Benign Tumors,UNMATCHED_RETAINS_FOLDER_LABEL
seborrheic-keratosis-irritated-83.jpg,Seborrheic Keratoses and other Benign Tumors,,Seborrheic Keratoses and other Benign Tumors,UNMATCHED_RETAINS_FOLDER_LABEL
seborrheic-keratosis-irritated-84.jpg,Seborrheic Keratoses and other Benign Tumors,,Seborrheic Keratoses and other Benign Tumors,UNMATCHED_RETAINS_FOLDER_LABEL
seborrheic-keratosis-irritated-85.jpg,Seborrheic Keratoses and other Benign Tumors,,Seborrheic Keratoses and other Benign Tumors,UNMATCHED_RETAINS_FOLDER_LABEL
seborrheic-keratosis-irritated-87.jpg,Seborrheic Keratoses and other Benign Tumors,,Seborrheic Keratoses and other Benign Tumors,UNMATCHED_RETAINS_FOLDER_LABEL
seborrheic-keratosis-irritated-88.jpg,Seborrheic Keratoses and other Benign Tumors,,Seborrheic Keratoses and other Benign Tumors,UNMATCHED_RETAINS_FOLDER_LABEL
seborrheic-keratosis-irritated-9.jpg,Seborrheic Keratoses and other Benign Tumors,,Seborrheic Keratoses and other Benign Tumors,UNMATCHED_RETAINS_FOLDER_LABEL
seborrheic-keratosis-irritated-90.jpg,Seborrheic Keratoses and other Benign Tumors,,Seborrheic Keratoses and other Benign Tumors,UNMATCHED_RETAINS_FOLDER_LABEL
seborrheic-keratosis-irritated-92.jpg,Seborrheic Keratoses and other Benign Tumors,,Seborrheic Keratoses and other Benign Tumors,UNMATCHED_RETAINS_FOLDER_LABEL
seborrheic-keratosis-irritated-93.jpg,Seborrheic Keratoses and other Benign Tumors,,Seborrheic Keratoses and other Benign Tumors,UNMATCHED_RETAINS_FOLDER_LABEL
seborrheic-keratosis-irritated-94.jpg,Seborrheic Keratoses and other Benign Tumors,,Seborrheic Keratoses and other Benign Tumors,UNMATCHED_RETAINS_FOLDER_LABEL
seborrheic-keratosis-irritated-95.jpg,Seborrheic Keratoses and other Benign Tumors,,Seborrheic Keratoses and other Benign Tumors,UNMATCHED_RETAINS_FOLDER_LABEL
seborrheic-keratosis-irritated-96.jpg,Seborrheic Keratoses and other Benign Tumors,,Seborrheic Keratoses and other Benign Tumors,UNMATCHED_RETAINS_FOLDER_LABEL
seborrheic-keratosis-irritated-97.jpg,Seborrheic Keratoses and other Benign Tumors,,Seborrheic Keratoses and other Benign Tumors,UNMATCHED_RETAINS_FOLDER_LABEL
seborrheic-keratosis-irritated-98.jpg,Seborrheic Keratoses and other Benign Tumors,,Seborrheic Keratoses and other Benign Tumors,UNMATCHED_RETAINS_FOLDER_LABEL
skin-tags-polyps-1.jpg,Seborrheic Keratoses and other Benign Tumors,,Seborrheic Keratoses and other Benign Tumors,UNMATCHED_RETAINS_FOLDER_LABEL
skin-tags-polyps-10.jpg,Seborrheic Keratoses and other Benign Tumors,,Seborrheic Keratoses and other Benign Tumors,UNMATCHED_RETAINS_FOLDER_LABEL
skin-tags-polyps-11.jpg,Seborrheic Keratoses and other Benign Tumors,,Seborrheic Keratoses and other Benign Tumors,UNMATCHED_RETAINS_FOLDER_LABEL
skin-tags-polyps-12.jpg,Seborrheic Keratoses and other Benign Tumors,,Seborrheic Keratoses and other Benign Tumors,UNMATCHED_RETAINS_FOLDER_LABEL
skin-tags-polyps-13.jpg,Seborrheic Keratoses and other Benign Tumors,,Seborrheic Keratoses and other Benign Tumors,UNMATCHED_RETAINS_FOLDER_LABEL
skin-tags-polyps-14.jpg,Seborrheic Keratoses and other Benign Tumors,,Seborrheic Keratoses and other Benign Tumors,UNMATCHED_RETAINS_FOLDER_LABEL
skin-tags-polyps-145.jpg,Seborrheic Keratoses and other Benign Tumors,,Seborrheic Keratoses and other Benign Tumors,UNMATCHED_RETAINS_FOLDER_LABEL
skin-tags-polyps-146.jpg,Seborrheic Keratoses and other Benign Tumors,,Seborrheic Keratoses and other Benign Tumors,UNMATCHED_RETAINS_FOLDER_LABEL
skin-tags-polyps-147.jpg,Seborrheic Keratoses and other Benign Tumors,,Seborrheic Keratoses and other Benign Tumors,UNMATCHED_RETAINS_FOLDER_LABEL
skin-tags-polyps-148.jpg,Seborrheic Keratoses and other Benign Tumors,,Seborrheic Keratoses and other Benign Tumors,UNMATCHED_RETAINS_FOLDER_LABEL
skin-tags-polyps-15.jpg,Seborrheic Keratoses and other Benign Tumors,,Seborrheic Keratoses and other Benign Tumors,UNMATCHED_RETAINS_FOLDER_LABEL
skin-tags-polyps-17.jpg,Seborrheic Keratoses and other Benign Tumors,,Seborrheic Keratoses and other Benign Tumors,UNMATCHED_RETAINS_FOLDER_LABEL
skin-tags-polyps-18.jpg,Seborrheic Keratoses and other Benign Tumors,,Seborrheic Keratoses and other Benign Tumors,UNMATCHED_RETAINS_FOLDER_LABEL
skin-tags-polyps-19.jpg,Seborrheic Keratoses and other Benign Tumors,,Seborrheic Keratoses and other Benign Tumors,UNMATCHED_RETAINS_FOLDER_LABEL
skin-tags-polyps-2.jpg,Seborrheic Keratoses and other Benign Tumors,,Seborrheic Keratoses and other Benign Tumors,UNMATCHED_RETAINS_FOLDER_LABEL
skin-tags-polyps-20.jpg,Seborrheic Keratoses and other Benign Tumors,,Seborrheic Keratoses and other Benign Tumors,UNMATCHED_RETAINS_FOLDER_LABEL
skin-tags-polyps-21.jpg,Seborrheic Keratoses and other Benign Tumors,,Seborrheic Keratoses and other Benign Tumors,UNMATCHED_RETAINS_FOLDER_LABEL
skin-tags-polyps-24.jpg,Seborrheic Keratoses and other Benign Tumors,,Seborrheic Keratoses and other Benign Tumors,UNMATCHED_RETAINS_FOLDER_LABEL
skin-tags-polyps-25.jpg,Seborrheic Keratoses and other Benign Tumors,,Seborrheic Keratoses and other Benign Tumors,UNMATCHED_RETAINS_FOLDER_LABEL
skin-tags-polyps-28.jpg,Seborrheic Keratoses and other Benign Tumors,,Seborrheic Keratoses and other Benign Tumors,UNMATCHED_RETAINS_FOLDER_LABEL
skin-tags-polyps-29.jpg,Seborrheic Keratoses and other Benign Tumors,,Seborrheic Keratoses and other Benign Tumors,UNMATCHED_RETAINS_FOLDER_LABEL
skin-tags-polyps-3.jpg,Seborrheic Keratoses and other Benign Tumors,,Seborrheic Keratoses and other Benign Tumors,UNMATCHED_RETAINS_FOLDER_LABEL
skin-tags-polyps-30.jpg,Seborrheic Keratoses and other Benign Tumors,,Seborrheic Keratoses and other Benign Tumors,UNMATCHED_RETAINS_FOLDER_LABEL
skin-tags-polyps-31.jpg,Seborrheic Keratoses and other Benign Tumors,,Seborrheic Keratoses and other Benign Tumors,UNMATCHED_RETAINS_FOLDER_LABEL
skin-tags-polyps-33.jpg,Seborrheic Keratoses and other Benign Tumors,,Seborrheic Keratoses and other Benign Tumors,UNMATCHED_RETAINS_FOLDER_LABEL
skin-tags-polyps-34.jpg,Seborrheic Keratoses and other Benign Tumors,,Seborrheic Keratoses and other Benign Tumors,UNMATCHED_RETAINS_FOLDER_LABEL
skin-tags-polyps-35.jpg,Seborrheic Keratoses and other Benign Tumors,,Seborrheic Keratoses and other Benign Tumors,UNMATCHED_RETAINS_FOLDER_LABEL
skin-tags-polyps-37.jpg,Seborrheic Keratoses and other Benign Tumors,,Seborrheic Keratoses and other Benign Tumors,UNMATCHED_RETAINS_FOLDER_LABEL
skin-tags-polyps-38.jpg,Seborrheic Keratoses and other Benign Tumors,,Seborrheic Keratoses and other Benign Tumors,UNMATCHED_RETAINS_FOLDER_LABEL
skin-tags-polyps-39.jpg,Seborrheic Keratoses and other Benign Tumors,,Seborrheic Keratoses and other Benign Tumors,UNMATCHED_RETAINS_FOLDER_LABEL
skin-tags-polyps-4.jpg,Seborrheic Keratoses and other Benign Tumors,,Seborrheic Keratoses and other Benign Tumors,UNMATCHED_RETAINS_FOLDER_LABEL
skin-tags-polyps-40.jpg,Seborrheic Keratoses and other Benign Tumors,,Seborrheic Keratoses and other Benign Tumors,UNMATCHED_RETAINS_FOLDER_LABEL
skin-tags-polyps-41.jpg,Seborrheic Keratoses and other Benign Tumors,,Seborrheic Keratoses and other Benign Tumors,UNMATCHED_RETAINS_FOLDER_LABEL
skin-tags-polyps-42.jpg,Seborrheic Keratoses and other Benign Tumors,,Seborrheic Keratoses and other Benign Tumors,UNMATCHED_RETAINS_FOLDER_LABEL
skin-tags-polyps-44.jpg,Seborrheic Keratoses and other Benign Tumors,,Seborrheic Keratoses and other Benign Tumors,UNMATCHED_RETAINS_FOLDER_LABEL
skin-tags-polyps-45.jpg,Seborrheic Keratoses and other Benign Tumors,,Seborrheic Keratoses and other Benign Tumors,UNMATCHED_RETAINS_FOLDER_LABEL
skin-tags-polyps-46.jpg,Seborrheic Keratoses and other Benign Tumors,,Seborrheic Keratoses and other Benign Tumors,UNMATCHED_RETAINS_FOLDER_LABEL
skin-tags-polyps-48.jpg,Seborrheic Keratoses and other Benign Tumors,,Seborrheic Keratoses and other Benign Tumors,UNMATCHED_RETAINS_FOLDER_LABEL
skin-tags-polyps-49.jpg,Seborrheic Keratoses and other Benign Tumors,,Seborrheic Keratoses and other Benign Tumors,UNMATCHED_RETAINS_FOLDER_LABEL
skin-tags-polyps-5.jpg,Seborrheic Keratoses and other Benign Tumors,,Seborrheic Keratoses and other Benign Tumors,UNMATCHED_RETAINS_FOLDER_LABEL
skin-tags-polyps-50.jpg,Seborrheic Keratoses and other Benign Tumors,,Seborrheic Keratoses and other Benign Tumors,UNMATCHED_RETAINS_FOLDER_LABEL
skin-tags-polyps-51.jpg,Seborrheic Keratoses and other Benign Tumors,,Seborrheic Keratoses and other Benign Tumors,UNMATCHED_RETAINS_FOLDER_LABEL
skin-tags-polyps-52.jpg,Seborrheic Keratoses and other Benign Tumors,,Seborrheic Keratoses and other Benign Tumors,UNMATCHED_RETAINS_FOLDER_LABEL
skin-tags-polyps-53.jpg,Seborrheic Keratoses and other Benign Tumors,,Seborrheic Keratoses and other Benign Tumors,UNMATCHED_RETAINS_FOLDER_LABEL
skin-tags-polyps-54.jpg,Seborrheic Keratoses and other Benign Tumors,,Seborrheic Keratoses and other Benign Tumors,UNMATCHED_RETAINS_FOLDER_LABEL
skin-tags-polyps-55.jpg,Seborrheic Keratoses and other Benign Tumors,,Seborrheic Keratoses and other Benign Tumors,UNMATCHED_RETAINS_FOLDER_LABEL
skin-tags-polyps-56.jpg,Seborrheic Keratoses and other Benign Tumors,,Seborrheic Keratoses and other Benign Tumors,UNMATCHED_RETAINS_FOLDER_LABEL
skin-tags-polyps-57.jpg,Seborrheic Keratoses and other Benign Tumors,,Seborrheic Keratoses and other Benign Tumors,UNMATCHED_RETAINS_FOLDER_LABEL
skin-tags-polyps-58.jpg,Seborrheic Keratoses and other Benign Tumors,,Seborrheic Keratoses and other Benign Tumors,UNMATCHED_RETAINS_FOLDER_LABEL
skin-tags-polyps-59.jpg,Seborrheic Keratoses and other Benign Tumors,,Seborrheic Keratoses and other Benign Tumors,UNMATCHED_RETAINS_FOLDER_LABEL
skin-tags-polyps-6.jpg,Seborrheic Keratoses and other Benign Tumors,,Seborrheic Keratoses and other Benign Tumors,UNMATCHED_RETAINS_FOLDER_LABEL
skin-tags-polyps-62.jpg,Seborrheic Keratoses and other Benign Tumors,,Seborrheic Keratoses and other Benign Tumors,UNMATCHED_RETAINS_FOLDER_LABEL
skin-tags-polyps-63.jpg,Seborrheic Keratoses and other Benign Tumors,,Seborrheic Keratoses and other Benign Tumors,UNMATCHED_RETAINS_FOLDER_LABEL
skin-tags-polyps-64.jpg,Seborrheic Keratoses and other Benign Tumors,,Seborrheic Keratoses and other Benign Tumors,UNMATCHED_RETAINS_FOLDER_LABEL
skin-tags-polyps-65.jpg,Seborrheic Keratoses and other Benign Tumors,,Seborrheic Keratoses and other Benign Tumors,UNMATCHED_RETAINS_FOLDER_LABEL
skin-tags-polyps-67.jpg,Seborrheic Keratoses and other Benign Tumors,,Seborrheic Keratoses and other Benign Tumors,UNMATCHED_RETAINS_FOLDER_LABEL
skin-tags-polyps-7.jpg,Seborrheic Keratoses and other Benign Tumors,,Seborrheic Keratoses and other Benign Tumors,UNMATCHED_RETAINS_FOLDER_LABEL
skin-tags-polyps-71.jpg,Seborrheic Keratoses and other Benign Tumors,,Seborrheic Keratoses and other Benign Tumors,UNMATCHED_RETAINS_FOLDER_LABEL
skin-tags-polyps-72.jpg,Seborrheic Keratoses and other Benign Tumors,,Seborrheic Keratoses and other Benign Tumors,UNMATCHED_RETAINS_FOLDER_LABEL
skin-tags-polyps-73.jpg,Seborrheic Keratoses and other Benign Tumors,,Seborrheic Keratoses and other Benign Tumors,UNMATCHED_RETAINS_FOLDER_LABEL
skin-tags-polyps-74.jpg,Seborrheic Keratoses and other Benign Tumors,,Seborrheic Keratoses and other Benign Tumors,UNMATCHED_RETAINS_FOLDER_LABEL
skin-tags-polyps-75.jpg,Seborrheic Keratoses and other Benign Tumors,,Seborrheic Keratoses and other Benign Tumors,UNMATCHED_RETAINS_FOLDER_LABEL
skin-tags-polyps-77.jpg,Seborrheic Keratoses and other Benign Tumors,,Seborrheic Keratoses and other Benign Tumors,UNMATCHED_RETAINS_FOLDER_LABEL
skin-tags-polyps-78.jpg,Seborrheic Keratoses and other Benign Tumors,,Seborrheic Keratoses and other Benign Tumors,UNMATCHED_RETAINS_FOLDER_LABEL
skin-tags-polyps-79.jpg,Seborrheic Keratoses and other Benign Tumors,,Seborrheic Keratoses and other Benign Tumors,UNMATCHED_RETAINS_FOLDER_LABEL
skin-tags-polyps-8.jpg,Seborrheic Keratoses and other Benign Tumors,,Seborrheic Keratoses and other Benign Tumors,UNMATCHED_RETAINS_FOLDER_LABEL
skin-tags-polyps-80.jpg,Seborrheic Keratoses and other Benign Tumors,,Seborrheic Keratoses and other Benign Tumors,UNMATCHED_RETAINS_FOLDER_LABEL
skin-tags-polyps-82.jpg,Seborrheic Keratoses and other Benign Tumors,,Seborrheic Keratoses and other Benign Tumors,UNMATCHED_RETAINS_FOLDER_LABEL
skin-tags-polyps-83.jpg,Seborrheic Keratoses and other Benign Tumors,,Seborrheic Keratoses and other Benign Tumors,UNMATCHED_RETAINS_FOLDER_LABEL
skin-tags-polyps-85.jpg,Seborrheic Keratoses and other Benign Tumors,,Seborrheic Keratoses and other Benign Tumors,UNMATCHED_RETAINS_FOLDER_LABEL
skin-tags-polyps-87.jpg,Seborrheic Keratoses and other Benign Tumors,,Seborrheic Keratoses and other Benign Tumors,UNMATCHED_RETAINS_FOLDER_LABEL
skin-tags-polyps-88.jpg,Seborrheic Keratoses and other Benign Tumors,,Seborrheic Keratoses and other Benign Tumors,UNMATCHED_RETAINS_FOLDER_LABEL
skin-tags-polyps-9.jpg,Seborrheic Keratoses and other Benign Tumors,,Seborrheic Keratoses and other Benign Tumors,UNMATCHED_RETAINS_FOLDER_LABEL
skin-tags-polyps-90.jpg,Seborrheic Keratoses and other Benign Tumors,,Seborrheic Keratoses and other Benign Tumors,UNMATCHED_RETAINS_FOLDER_LABEL
skin-tags-polyps-91.jpg,Seborrheic Keratoses and other Benign Tumors,,Seborrheic Keratoses and other Benign Tumors,UNMATCHED_RETAINS_FOLDER_LABEL
skin-tags-polyps-92.jpg,Seborrheic Keratoses and other Benign Tumors,,Seborrheic Keratoses and other Benign Tumors,UNMATCHED_RETAINS_FOLDER_LABEL
skin-tags-polyps-93.jpg,Seborrheic Keratoses and other Benign Tumors,,Seborrheic Keratoses and other Benign Tumors,UNMATCHED_RETAINS_FOLDER_LABEL
skin-tags-polyps-94.jpg,Seborrheic Keratoses and other Benign Tumors,,Seborrheic Keratoses and other Benign Tumors,UNMATCHED_RETAINS_FOLDER_LABEL
skin-tags-polyps-95.jpg,Seborrheic Keratoses and other Benign Tumors,,Seborrheic Keratoses and other Benign Tumors,UNMATCHED_RETAINS_FOLDER_LABEL
skin-tags-polyps-96.jpg,Seborrheic Keratoses and other Benign Tumors,,Seborrheic Keratoses and other Benign Tumors,UNMATCHED_RETAINS_FOLDER_LABEL
skin-tags-polyps-98.jpg,Seborrheic Keratoses and other Benign Tumors,,Seborrheic Keratoses and other Benign Tumors,UNMATCHED_RETAINS_FOLDER_LABEL
skin-tags-polyps-99.jpg,Seborrheic Keratoses and other Benign Tumors,,Seborrheic Keratoses and other Benign Tumors,UNMATCHED_RETAINS_FOLDER_LABEL
spiny-keratoderma-1.jpg,Seborrheic Keratoses and other Benign Tumors,,Seborrheic Keratoses and other Benign Tumors,UNMATCHED_RETAINS_FOLDER_LABEL
spiny-keratoderma-3.jpg,Seborrheic Keratoses and other Benign Tumors,,Seborrheic Keratoses and other Benign Tumors,UNMATCHED_RETAINS_FOLDER_LABEL
spiny-keratoderma-4.jpg,Seborrheic Keratoses and other Benign Tumors,,Seborrheic Keratoses and other Benign Tumors,UNMATCHED_RETAINS_FOLDER_LABEL
spiny-keratoderma-5.jpg,Seborrheic Keratoses and other Benign Tumors,,Seborrheic Keratoses and other Benign Tumors,UNMATCHED_RETAINS_FOLDER_LABEL
spiny-keratoderma-6.jpg,Seborrheic Keratoses and other Benign Tumors,,Seborrheic Keratoses and other Benign Tumors,UNMATCHED_RETAINS_FOLDER_LABEL
spiny-keratoderma-7.jpg,Seborrheic Keratoses and other Benign Tumors,,Seborrheic Keratoses and other Benign Tumors,UNMATCHED_RETAINS_FOLDER_LABEL
spiny-keratoderma-8.jpg,Seborrheic Keratoses and other Benign Tumors,,Seborrheic Keratoses and other Benign Tumors,UNMATCHED_RETAINS_FOLDER_LABEL
stucco-keratoses-1.jpg,Seborrheic Keratoses and other Benign Tumors,,Seborrheic Keratoses and other Benign Tumors,UNMATCHED_RETAINS_FOLDER_LABEL
stucco-keratoses-10.jpg,Seborrheic Keratoses and other Benign Tumors,,Seborrheic Keratoses and other Benign Tumors,UNMATCHED_RETAINS_FOLDER_LABEL
stucco-keratoses-12.jpg,Seborrheic Keratoses and other Benign Tumors,,Seborrheic Keratoses and other Benign Tumors,UNMATCHED_RETAINS_FOLDER_LABEL
stucco-keratoses-14.jpg,Seborrheic Keratoses and other Benign Tumors,,Seborrheic Keratoses and other Benign Tumors,UNMATCHED_RETAINS_FOLDER_LABEL
stucco-keratoses-15.jpg,Seborrheic Keratoses and other Benign Tumors,,Seborrheic Keratoses and other Benign Tumors,UNMATCHED_RETAINS_FOLDER_LABEL
stucco-keratoses-17.jpg,Seborrheic Keratoses and other Benign Tumors,,Seborrheic Keratoses and other Benign Tumors,UNMATCHED_RETAINS_FOLDER_LABEL
stucco-keratoses-19.jpg,Seborrheic Keratoses and other Benign Tumors,,Seborrheic Keratoses and other Benign Tumors,UNMATCHED_RETAINS_FOLDER_LABEL
stucco-keratoses-2.jpg,Seborrheic Keratoses and other Benign Tumors,,Seborrheic Keratoses and other Benign Tumors,UNMATCHED_RETAINS_FOLDER_LABEL
stucco-keratoses-22.jpg,Seborrheic Keratoses and other Benign Tumors,,Seborrheic Keratoses and other Benign Tumors,UNMATCHED_RETAINS_FOLDER_LABEL
stucco-keratoses-23.jpg,Seborrheic Keratoses and other Benign Tumors,,Seborrheic Keratoses and other Benign Tumors,UNMATCHED_RETAINS_FOLDER_LABEL
stucco-keratoses-24.jpg,Seborrheic Keratoses and other Benign Tumors,,Seborrheic Keratoses and other Benign Tumors,UNMATCHED_RETAINS_FOLDER_LABEL
stucco-keratoses-26.jpg,Seborrheic Keratoses and other Benign Tumors,,Seborrheic Keratoses and other Benign Tumors,UNMATCHED_RETAINS_FOLDER_LABEL
stucco-keratoses-27.jpg,Seborrheic Keratoses and other Benign Tumors,,Seborrheic Keratoses and other Benign Tumors,UNMATCHED_RETAINS_FOLDER_LABEL
stucco-keratoses-28.jpg,Seborrheic Keratoses and other Benign Tumors,,Seborrheic Keratoses and other Benign Tumors,UNMATCHED_RETAINS_FOLDER_LABEL
stucco-keratoses-29.jpg,Seborrheic Keratoses and other Benign Tumors,,Seborrheic Keratoses and other Benign Tumors,UNMATCHED_RETAINS_FOLDER_LABEL
stucco-keratoses-3.jpg,Seborrheic Keratoses and other Benign Tumors,,Seborrheic Keratoses and other Benign Tumors,UNMATCHED_RETAINS_FOLDER_LABEL
stucco-keratoses-30.jpg,Seborrheic Keratoses and other Benign Tumors,,Seborrheic Keratoses and other Benign Tumors,UNMATCHED_RETAINS_FOLDER_LABEL
stucco-keratoses-31.jpg,Seborrheic Keratoses and other Benign Tumors,,Seborrheic Keratoses and other Benign Tumors,UNMATCHED_RETAINS_FOLDER_LABEL
stucco-keratoses-32.jpg,Seborrheic Keratoses and other Benign Tumors,,Seborrheic Keratoses and other Benign Tumors,UNMATCHED_RETAINS_FOLDER_LABEL
stucco-keratoses-33.jpg,Seborrheic Keratoses and other Benign Tumors,,Seborrheic Keratoses and other Benign Tumors,UNMATCHED_RETAINS_FOLDER_LABEL
stucco-keratoses-34.jpg,Seborrheic Keratoses and other Benign Tumors,,Seborrheic Keratoses and other Benign Tumors,UNMATCHED_RETAINS_FOLDER_LABEL
stucco-keratoses-35.jpg,Seborrheic Keratoses and other Benign Tumors,,Seborrheic Keratoses and other Benign Tumors,UNMATCHED_RETAINS_FOLDER_LABEL
stucco-keratoses-36.jpg,Seborrheic Keratoses and other Benign Tumors,,Seborrheic Keratoses and other Benign Tumors,UNMATCHED_RETAINS_FOLDER_LABEL
stucco-keratoses-38.jpg,Seborrheic Keratoses and other Benign Tumors,,Seborrheic Keratoses and other Benign Tumors,UNMATCHED_RETAINS_FOLDER_LABEL
stucco-keratoses-39.jpg,Seborrheic Keratoses and other Benign Tumors,,Seborrheic Keratoses and other Benign Tumors,UNMATCHED_RETAINS_FOLDER_LABEL
stucco-keratoses-40.jpg,Seborrheic Keratoses and other Benign Tumors,,Seborrheic Keratoses and other Benign Tumors,UNMATCHED_RETAINS_FOLDER_LABEL
stucco-keratoses-41.jpg,Seborrheic Keratoses and other Benign Tumors,,Seborrheic Keratoses and other Benign Tumors,UNMATCHED_RETAINS_FOLDER_LABEL
stucco-keratoses-42.jpg,Seborrheic Keratoses and other Benign Tumors,,Seborrheic Keratoses and other Benign Tumors,UNMATCHED_RETAINS_FOLDER_LABEL
stucco-keratoses-43.jpg,Seborrheic Keratoses and other Benign Tumors,,Seborrheic Keratoses and other Benign Tumors,UNMATCHED_RETAINS_FOLDER_LABEL
stucco-keratoses-44.jpg,Seborrheic Keratoses and other Benign Tumors,,Seborrheic Keratoses and other Benign Tumors,UNMATCHED_RETAINS_FOLDER_LABEL
stucco-keratoses-45.jpg,Seborrheic Keratoses and other Benign Tumors,,Seborrheic Keratoses and other Benign Tumors,UNMATCHED_RETAINS_FOLDER_LABEL
stucco-keratoses-46.jpg,Seborrheic Keratoses and other Benign Tumors,,Seborrheic Keratoses and other Benign Tumors,UNMATCHED_RETAINS_FOLDER_LABEL
stucco-keratoses-47.jpg,Seborrheic Keratoses and other Benign Tumors,,Seborrheic Keratoses and other Benign Tumors,UNMATCHED_RETAINS_FOLDER_LABEL
stucco-keratoses-48.jpg,Seborrheic Keratoses and other Benign Tumors,,Seborrheic Keratoses and other Benign Tumors,UNMATCHED_RETAINS_FOLDER_LABEL
stucco-keratoses-5.jpg,Seborrheic Keratoses and other Benign Tumors,,Seborrheic Keratoses and other Benign Tumors,UNMATCHED_RETAINS_FOLDER_LABEL
stucco-keratoses-50.jpg,Seborrheic Keratoses and other Benign Tumors,,Seborrheic Keratoses and other Benign Tumors,UNMATCHED_RETAINS_FOLDER_LABEL
stucco-keratoses-51.jpg,Seborrheic Keratoses and other Benign Tumors,,Seborrheic Keratoses and other Benign Tumors,UNMATCHED_RETAINS_FOLDER_LABEL
stucco-keratoses-52.jpg,Seborrheic Keratoses and other Benign Tumors,,Seborrheic Keratoses and other Benign Tumors,UNMATCHED_RETAINS_FOLDER_LABEL
stucco-keratoses-54.jpg,Seborrheic Keratoses and other Benign Tumors,,Seborrheic Keratoses and other Benign Tumors,UNMATCHED_RETAINS_FOLDER_LABEL
stucco-keratoses-55.jpg,Seborrheic Keratoses and other Benign Tumors,,Seborrheic Keratoses and other Benign Tumors,UNMATCHED_RETAINS_FOLDER_LABEL
stucco-keratoses-56.jpg,Seborrheic Keratoses and other Benign Tumors,,Seborrheic Keratoses and other Benign Tumors,UNMATCHED_RETAINS_FOLDER_LABEL
stucco-keratoses-57.jpg,Seborrheic Keratoses and other Benign Tumors,,Seborrheic Keratoses and other Benign Tumors,UNMATCHED_RETAINS_FOLDER_LABEL
stucco-keratoses-58.jpg,Seborrheic Keratoses and other Benign Tumors,,Seborrheic Keratoses and other Benign Tumors,UNMATCHED_RETAINS_FOLDER_LABEL
stucco-keratoses-6.jpg,Seborrheic Keratoses and other Benign Tumors,,Seborrheic Keratoses and other Benign Tumors,UNMATCHED_RETAINS_FOLDER_LABEL
stucco-keratoses-60.jpg,Seborrheic Keratoses and other Benign Tumors,,Seborrheic Keratoses and other Benign Tumors,UNMATCHED_RETAINS_FOLDER_LABEL
stucco-keratoses-61.jpg,Seborrheic Keratoses and other Benign Tumors,,Seborrheic Keratoses and other Benign Tumors,UNMATCHED_RETAINS_FOLDER_LABEL
stucco-keratoses-7.jpg,Seborrheic Keratoses and other Benign Tumors,,Seborrheic Keratoses and other Benign Tumors,UNMATCHED_RETAINS_FOLDER_LABEL
stucco-keratoses-9.jpg,Seborrheic Keratoses and other Benign Tumors,,Seborrheic Keratoses and other Benign Tumors,UNMATCHED_RETAINS_FOLDER_LABEL
supernumerary-digits-1.jpg,Seborrheic Keratoses and other Benign Tumors,,Seborrheic Keratoses and other Benign Tumors,UNMATCHED_RETAINS_FOLDER_LABEL
syringoma-1.jpg,Seborrheic Keratoses and other Benign Tumors,,Seborrheic Keratoses and other Benign Tumors,UNMATCHED_RETAINS_FOLDER_LABEL
syringoma-10.jpg,Seborrheic Keratoses and other Benign Tumors,,Seborrheic Keratoses and other Benign Tumors,UNMATCHED_RETAINS_FOLDER_LABEL
syringoma-11.jpg,Seborrheic Keratoses and other Benign Tumors,,Seborrheic Keratoses and other Benign Tumors,UNMATCHED_RETAINS_FOLDER_LABEL
syringoma-12.jpg,Seborrheic Keratoses and other Benign Tumors,,Seborrheic Keratoses and other Benign Tumors,UNMATCHED_RETAINS_FOLDER_LABEL
syringoma-13.jpg,Seborrheic Keratoses and other Benign Tumors,,Seborrheic Keratoses and other Benign Tumors,UNMATCHED_RETAINS_FOLDER_LABEL
syringoma-15.jpg,Seborrheic Keratoses and other Benign Tumors,,Seborrheic Keratoses and other Benign Tumors,UNMATCHED_RETAINS_FOLDER_LABEL
syringoma-16.jpg,Seborrheic Keratoses and other Benign Tumors,,Seborrheic Keratoses and other Benign Tumors,UNMATCHED_RETAINS_FOLDER_LABEL
syringoma-17.jpg,Seborrheic Keratoses and other Benign Tumors,,Seborrheic Keratoses and other Benign Tumors,UNMATCHED_RETAINS_FOLDER_LABEL
syringoma-18.jpg,Seborrheic Keratoses and other Benign Tumors,,Seborrheic Keratoses and other Benign Tumors,UNMATCHED_RETAINS_FOLDER_LABEL
syringoma-19.jpg,Seborrheic Keratoses and other Benign Tumors,,Seborrheic Keratoses and other Benign Tumors,UNMATCHED_RETAINS_FOLDER_LABEL
syringoma-2.jpg,Seborrheic Keratoses and other Benign Tumors,,Seborrheic Keratoses and other Benign Tumors,UNMATCHED_RETAINS_FOLDER_LABEL
syringoma-20.jpg,Seborrheic Keratoses and other Benign Tumors,,Seborrheic Keratoses and other Benign Tumors,UNMATCHED_RETAINS_FOLDER_LABEL
syringoma-21.jpg,Seborrheic Keratoses and other Benign Tumors,,Seborrheic Keratoses and other Benign Tumors,UNMATCHED_RETAINS_FOLDER_LABEL
syringoma-22.jpg,Seborrheic Keratoses and other Benign Tumors,,Seborrheic Keratoses and other Benign Tumors,UNMATCHED_RETAINS_FOLDER_LABEL
syringoma-23.jpg,Seborrheic Keratoses and other Benign Tumors,,Seborrheic Keratoses and other Benign Tumors,UNMATCHED_RETAINS_FOLDER_LABEL
syringoma-24.jpg,Seborrheic Keratoses and other Benign Tumors,,Seborrheic Keratoses and other Benign Tumors,UNMATCHED_RETAINS_FOLDER_LABEL
syringoma-25.jpg,Seborrheic Keratoses and other Benign Tumors,,Seborrheic Keratoses and other Benign Tumors,UNMATCHED_RETAINS_FOLDER_LABEL
syringoma-27.jpg,Seborrheic Keratoses and other Benign Tumors,,Seborrheic Keratoses and other Benign Tumors,UNMATCHED_RETAINS_FOLDER_LABEL
syringoma-28.jpg,Seborrheic Keratoses and other Benign Tumors,,Seborrheic Keratoses and other Benign Tumors,UNMATCHED_RETAINS_FOLDER_LABEL
syringoma-29.jpg,Seborrheic Keratoses and other Benign Tumors,,Seborrheic Keratoses and other Benign Tumors,UNMATCHED_RETAINS_FOLDER_LABEL
syringoma-3.jpg,Seborrheic Keratoses and other Benign Tumors,,Seborrheic Keratoses and other Benign Tumors,UNMATCHED_RETAINS_FOLDER_LABEL
syringoma-30.jpg,Seborrheic Keratoses and other Benign Tumors,,Seborrheic Keratoses and other Benign Tumors,UNMATCHED_RETAINS_FOLDER_LABEL
syringoma-31.jpg,Seborrheic Keratoses and other Benign Tumors,,Seborrheic Keratoses and other Benign Tumors,UNMATCHED_RETAINS_FOLDER_LABEL
syringoma-32.jpg,Seborrheic Keratoses and other Benign Tumors,,Seborrheic Keratoses and other Benign Tumors,UNMATCHED_RETAINS_FOLDER_LABEL
syringoma-33.jpg,Seborrheic Keratoses and other Benign Tumors,,Seborrheic Keratoses and other Benign Tumors,UNMATCHED_RETAINS_FOLDER_LABEL
syringoma-35.jpg,Seborrheic Keratoses and other Benign Tumors,,Seborrheic Keratoses and other Benign Tumors,UNMATCHED_RETAINS_FOLDER_LABEL
syringoma-37.jpg,Seborrheic Keratoses and other Benign Tumors,,Seborrheic Keratoses and other Benign Tumors,UNMATCHED_RETAINS_FOLDER_LABEL
syringoma-38.jpg,Seborrheic Keratoses and other Benign Tumors,,Seborrheic Keratoses and other Benign Tumors,UNMATCHED_RETAINS_FOLDER_LABEL
syringoma-39.jpg,Seborrheic Keratoses and other Benign Tumors,,Seborrheic Keratoses and other Benign Tumors,UNMATCHED_RETAINS_FOLDER_LABEL
syringoma-4.jpg,Seborrheic Keratoses and other Benign Tumors,,Seborrheic Keratoses and other Benign Tumors,UNMATCHED_RETAINS_FOLDER_LABEL
syringoma-40.jpg,Seborrheic Keratoses and other Benign Tumors,,Seborrheic Keratoses and other Benign Tumors,UNMATCHED_RETAINS_FOLDER_LABEL
syringoma-41.jpg,Seborrheic Keratoses and other Benign Tumors,,Seborrheic Keratoses and other Benign Tumors,UNMATCHED_RETAINS_FOLDER_LABEL
syringoma-43.jpg,Seborrheic Keratoses and other Benign Tumors,,Seborrheic Keratoses and other Benign Tumors,UNMATCHED_RETAINS_FOLDER_LABEL
syringoma-44.jpg,Seborrheic Keratoses and other Benign Tumors,,Seborrheic Keratoses and other Benign Tumors,UNMATCHED_RETAINS_FOLDER_LABEL
syringoma-45.jpg,Seborrheic Keratoses and other Benign Tumors,,Seborrheic Keratoses and other Benign Tumors,UNMATCHED_RETAINS_FOLDER_LABEL
syringoma-46.jpg,Seborrheic Keratoses and other Benign Tumors,,Seborrheic Keratoses and other Benign Tumors,UNMATCHED_RETAINS_FOLDER_LABEL
syringoma-47.jpg,Seborrheic Keratoses and other Benign Tumors,,Seborrheic Keratoses and other Benign Tumors,UNMATCHED_RETAINS_FOLDER_LABEL
syringoma-48.jpg,Seborrheic Keratoses and other Benign Tumors,,Seborrheic Keratoses and other Benign Tumors,UNMATCHED_RETAINS_FOLDER_LABEL
syringoma-49.jpg,Seborrheic Keratoses and other Benign Tumors,,Seborrheic Keratoses and other Benign Tumors,UNMATCHED_RETAINS_FOLDER_LABEL
syringoma-5.jpg,Seborrheic Keratoses and other Benign Tumors,,Seborrheic Keratoses and other Benign Tumors,UNMATCHED_RETAINS_FOLDER_LABEL
syringoma-50.jpg,Seborrheic Keratoses and other Benign Tumors,,Seborrheic Keratoses and other Benign Tumors,UNMATCHED_RETAINS_FOLDER_LABEL
syringoma-6.jpg,Seborrheic Keratoses and other Benign Tumors,,Seborrheic Keratoses and other Benign Tumors,UNMATCHED_RETAINS_FOLDER_LABEL
syringoma-8.jpg,Seborrheic Keratoses and other Benign Tumors,,Seborrheic Keratoses and other Benign Tumors,UNMATCHED_RETAINS_FOLDER_LABEL
syringoma-9.jpg,Seborrheic Keratoses and other Benign Tumors,,Seborrheic Keratoses and other Benign Tumors,UNMATCHED_RETAINS_FOLDER_LABEL
trichoepithelioma-1.jpg,Seborrheic Keratoses and other Benign Tumors,,Seborrheic Keratoses and other Benign Tumors,UNMATCHED_RETAINS_FOLDER_LABEL
trichoepithelioma-2.jpg,Seborrheic Keratoses and other Benign Tumors,,Seborrheic Keratoses and other Benign Tumors,UNMATCHED_RETAINS_FOLDER_LABEL
trichofolliculoma-1.jpg,Seborrheic Keratoses and other Benign Tumors,,Seborrheic Keratoses and other Benign Tumors,UNMATCHED_RETAINS_FOLDER_LABEL
trichofolliculoma-3.jpg,Seborrheic Keratoses and other Benign Tumors,,Seborrheic Keratoses and other Benign Tumors,UNMATCHED_RETAINS_FOLDER_LABEL
trichofolliculoma-4.jpg,Seborrheic Keratoses and other Benign Tumors,,Seborrheic Keratoses and other Benign Tumors,UNMATCHED_RETAINS_FOLDER_LABEL
xanthogranuloma-1.jpg,Seborrheic Keratoses and other Benign Tumors,,Seborrheic Keratoses and other Benign Tumors,UNMATCHED_RETAINS_FOLDER_LABEL
08glutealPinking061906.jpg,Psoriasis pictures Lichen Planus and related diseases,,Psoriasis pictures Lichen Planus and related diseases,UNMATCHED_RETAINS_FOLDER_LABEL
08OilSpotPsoriasis1027.jpg,Psoriasis pictures Lichen Planus and related diseases,,Psoriasis pictures Lichen Planus and related diseases,UNMATCHED_RETAINS_FOLDER_LABEL
08PsoriasisAnalPink1216.jpg,Psoriasis pictures Lichen Planus and related diseases,,Psoriasis pictures Lichen Planus and related diseases,UNMATCHED_RETAINS_FOLDER_LABEL
08psoriasisAnus.jpg,Psoriasis pictures Lichen Planus and related diseases,,Psoriasis pictures Lichen Planus and related diseases,UNMATCHED_RETAINS_FOLDER_LABEL
08PsoriasisPinking1.jpg,Psoriasis pictures Lichen Planus and related diseases,,Psoriasis pictures Lichen Planus and related diseases,UNMATCHED_RETAINS_FOLDER_LABEL
08SebDermChest010106.jpg,Psoriasis pictures Lichen Planus and related diseases,,Psoriasis pictures Lichen Planus and related diseases,UNMATCHED_RETAINS_FOLDER_LABEL
08sebdermFace1222069.jpg,Psoriasis pictures Lichen Planus and related diseases,,Psoriasis pictures Lichen Planus and related diseases,UNMATCHED_RETAINS_FOLDER_LABEL
08SebDermLids030104.jpg,Psoriasis pictures Lichen Planus and related diseases,,Psoriasis pictures Lichen Planus and related diseases,UNMATCHED_RETAINS_FOLDER_LABEL
08SebDermPrestern.jpg,Psoriasis pictures Lichen Planus and related diseases,,Psoriasis pictures Lichen Planus and related diseases,UNMATCHED_RETAINS_FOLDER_LABEL
08SebDermPresternal063001.jpg,Psoriasis pictures Lichen Planus and related diseases,,Psoriasis pictures Lichen Planus and related diseases,UNMATCHED_RETAINS_FOLDER_LABEL
08sebKerm01230642.jpg,Psoriasis pictures Lichen Planus and related diseases,,Psoriasis pictures Lichen Planus and related diseases,UNMATCHED_RETAINS_FOLDER_LABEL
08sebKerm1122046.jpg,Psoriasis pictures Lichen Planus and related diseases,,Psoriasis pictures Lichen Planus and related diseases,UNMATCHED_RETAINS_FOLDER_LABEL
13tineaAmiantacea082106.jpg,Psoriasis pictures Lichen Planus and related diseases,,Psoriasis pictures Lichen Planus and related diseases,UNMATCHED_RETAINS_FOLDER_LABEL
8Psoriasis2-127.jpg,Psoriasis pictures Lichen Planus and related diseases,,Psoriasis pictures Lichen Planus and related diseases,UNMATCHED_RETAINS_FOLDER_LABEL
8Psoriasis2-130.jpg,Psoriasis pictures Lichen Planus and related diseases,,Psoriasis pictures Lichen Planus and related diseases,UNMATCHED_RETAINS_FOLDER_LABEL
Axillary-Granular-Parakeratosis-1.jpg,Psoriasis pictures Lichen Planus and related diseases,,Psoriasis pictures Lichen Planus and related diseases,UNMATCHED_RETAINS_FOLDER_LABEL
Axillary-Granular-Parakeratosis-9.jpg,Psoriasis pictures Lichen Planus and related diseases,,Psoriasis pictures Lichen Planus and related diseases,UNMATCHED_RETAINS_FOLDER_LABEL
Lichen-Nitidus-2.jpg,Psoriasis pictures Lichen Planus and related diseases,,Psoriasis pictures Lichen Planus and related diseases,UNMATCHED_RETAINS_FOLDER_LABEL
Lichen-Nitidus-22.jpg,Psoriasis pictures Lichen Planus and related diseases,,Psoriasis pictures Lichen Planus and related diseases,UNMATCHED_RETAINS_FOLDER_LABEL
Lichen-Nitidus-3.jpg,Psoriasis pictures Lichen Planus and related diseases,,Psoriasis pictures Lichen Planus and related diseases,UNMATCHED_RETAINS_FOLDER_LABEL
lichen-planus-10.jpg,Psoriasis pictures Lichen Planus and related diseases,Lichen_Planus,Lichen_Planus,RECOVERED
lichen-planus-113.jpg,Psoriasis pictures Lichen Planus and related diseases,Lichen_Planus,Lichen_Planus,RECOVERED
lichen-planus-115.jpg,Psoriasis pictures Lichen Planus and related diseases,Lichen_Planus,Lichen_Planus,RECOVERED
lichen-planus-117.jpg,Psoriasis pictures Lichen Planus and related diseases,Lichen_Planus,Lichen_Planus,RECOVERED
lichen-planus-121.jpg,Psoriasis pictures Lichen Planus and related diseases,Lichen_Planus,Lichen_Planus,RECOVERED
lichen-planus-125.jpg,Psoriasis pictures Lichen Planus and related diseases,Lichen_Planus,Lichen_Planus,RECOVERED
lichen-planus-129.jpg,Psoriasis pictures Lichen Planus and related diseases,Lichen_Planus,Lichen_Planus,RECOVERED
lichen-planus-133.jpg,Psoriasis pictures Lichen Planus and related diseases,Lichen_Planus,Lichen_Planus,RECOVERED
lichen-planus-144.jpg,Psoriasis pictures Lichen Planus and related diseases,Lichen_Planus,Lichen_Planus,RECOVERED
lichen-planus-149.jpg,Psoriasis pictures Lichen Planus and related diseases,Lichen_Planus,Lichen_Planus,RECOVERED
lichen-planus-153.jpg,Psoriasis pictures Lichen Planus and related diseases,Lichen_Planus,Lichen_Planus,RECOVERED
lichen-planus-157.jpg,Psoriasis pictures Lichen Planus and related diseases,Lichen_Planus,Lichen_Planus,RECOVERED
lichen-planus-159.jpg,Psoriasis pictures Lichen Planus and related diseases,Lichen_Planus,Lichen_Planus,RECOVERED
lichen-planus-16.jpg,Psoriasis pictures Lichen Planus and related diseases,Lichen_Planus,Lichen_Planus,RECOVERED
lichen-planus-160.jpg,Psoriasis pictures Lichen Planus and related diseases,Lichen_Planus,Lichen_Planus,RECOVERED
lichen-planus-168.jpg,Psoriasis pictures Lichen Planus and related diseases,Lichen_Planus,Lichen_Planus,RECOVERED
lichen-planus-180.jpg,Psoriasis pictures Lichen Planus and related diseases,Lichen_Planus,Lichen_Planus,RECOVERED
lichen-planus-186.jpg,Psoriasis pictures Lichen Planus and related diseases,Lichen_Planus,Lichen_Planus,RECOVERED
lichen-planus-187.jpg,Psoriasis pictures Lichen Planus and related diseases,Lichen_Planus,Lichen_Planus,RECOVERED
lichen-planus-188.jpg,Psoriasis pictures Lichen Planus and related diseases,Lichen_Planus,Lichen_Planus,RECOVERED
lichen-planus-190.jpg,Psoriasis pictures Lichen Planus and related diseases,Lichen_Planus,Lichen_Planus,RECOVERED
lichen-planus-199.jpg,Psoriasis pictures Lichen Planus and related diseases,Lichen_Planus,Lichen_Planus,RECOVERED
lichen-planus-205.jpg,Psoriasis pictures Lichen Planus and related diseases,Lichen_Planus,Lichen_Planus,RECOVERED
lichen-planus-212.jpg,Psoriasis pictures Lichen Planus and related diseases,Lichen_Planus,Lichen_Planus,RECOVERED
lichen-planus-83.jpg,Psoriasis pictures Lichen Planus and related diseases,Lichen_Planus,Lichen_Planus,RECOVERED
lichen-planus-84.jpg,Psoriasis pictures Lichen Planus and related diseases,Lichen_Planus,Lichen_Planus,RECOVERED
lichen-planus-87.jpg,Psoriasis pictures Lichen Planus and related diseases,Lichen_Planus,Lichen_Planus,RECOVERED
lichen-planus-89.jpg,Psoriasis pictures Lichen Planus and related diseases,Lichen_Planus,Lichen_Planus,RECOVERED
lichen-planus-97.jpg,Psoriasis pictures Lichen Planus and related diseases,Lichen_Planus,Lichen_Planus,RECOVERED
Lichen-Planus-Drug-19.jpg,Psoriasis pictures Lichen Planus and related diseases,Lichen_Planus,Lichen_Planus,RECOVERED
Lichen-Planus-Drug-20.jpg,Psoriasis pictures Lichen Planus and related diseases,Lichen_Planus,Lichen_Planus,RECOVERED
Lichen-Planus-Drug-28.jpg,Psoriasis pictures Lichen Planus and related diseases,Lichen_Planus,Lichen_Planus,RECOVERED
Lichen-Planus-Hypertrophic-16.jpg,Psoriasis pictures Lichen Planus and related diseases,Lichen_Planus,Lichen_Planus,RECOVERED
Lichen-Planus-Hypertrophic-17.jpg,Psoriasis pictures Lichen Planus and related diseases,Lichen_Planus,Lichen_Planus,RECOVERED
Lichen-Planus-Hypertrophic-18.jpg,Psoriasis pictures Lichen Planus and related diseases,Lichen_Planus,Lichen_Planus,RECOVERED
Lichen-Planus-Hypertrophic-22.jpg,Psoriasis pictures Lichen Planus and related diseases,Lichen_Planus,Lichen_Planus,RECOVERED
Lichen-Planus-Hypertrophic-8.jpg,Psoriasis pictures Lichen Planus and related diseases,Lichen_Planus,Lichen_Planus,RECOVERED
Lichen-Planus-Oral-13.jpg,Psoriasis pictures Lichen Planus and related diseases,Lichen_Planus,Lichen_Planus,RECOVERED
Lichen-Planus-Oral-14.jpg,Psoriasis pictures Lichen Planus and related diseases,Lichen_Planus,Lichen_Planus,RECOVERED
Lichen-Planus-Oral-23.jpg,Psoriasis pictures Lichen Planus and related diseases,Lichen_Planus,Lichen_Planus,RECOVERED
Lichen-Planus-Oral-32.jpg,Psoriasis pictures Lichen Planus and related diseases,Lichen_Planus,Lichen_Planus,RECOVERED
Lichen-Planus-Oral-41.jpg,Psoriasis pictures Lichen Planus and related diseases,Lichen_Planus,Lichen_Planus,RECOVERED
Lichen-Planus-Oral-45.jpg,Psoriasis pictures Lichen Planus and related diseases,Lichen_Planus,Lichen_Planus,RECOVERED
Lichen-Planus-Palm-Soles-11.jpg,Psoriasis pictures Lichen Planus and related diseases,Lichen_Planus,Lichen_Planus,RECOVERED
Lichen-Planus-Penis-10.jpg,Psoriasis pictures Lichen Planus and related diseases,Lichen_Planus,Lichen_Planus,RECOVERED
Lichen-Planus-Penis-5.jpg,Psoriasis pictures Lichen Planus and related diseases,Lichen_Planus,Lichen_Planus,RECOVERED
lichen-planus-vaginal-9.jpg,Psoriasis pictures Lichen Planus and related diseases,Lichen_Planus,Lichen_Planus,RECOVERED
Lichen-Sclerosis-Vulva-13.jpg,Psoriasis pictures Lichen Planus and related diseases,,Psoriasis pictures Lichen Planus and related diseases,UNMATCHED_RETAINS_FOLDER_LABEL
Lichen-Sclerosis-Vulva-15.jpg,Psoriasis pictures Lichen Planus and related diseases,,Psoriasis pictures Lichen Planus and related diseases,UNMATCHED_RETAINS_FOLDER_LABEL
Lichen-Sclerosis-Vulva-17.jpg,Psoriasis pictures Lichen Planus and related diseases,,Psoriasis pictures Lichen Planus and related diseases,UNMATCHED_RETAINS_FOLDER_LABEL
Lichen-Sclerosis-Vulva-3.jpg,Psoriasis pictures Lichen Planus and related diseases,,Psoriasis pictures Lichen Planus and related diseases,UNMATCHED_RETAINS_FOLDER_LABEL
Lichen-Sclerosis-Vulva-31.jpg,Psoriasis pictures Lichen Planus and related diseases,,Psoriasis pictures Lichen Planus and related diseases,UNMATCHED_RETAINS_FOLDER_LABEL
Lichen-Sclerosis-Vulva-33.jpg,Psoriasis pictures Lichen Planus and related diseases,,Psoriasis pictures Lichen Planus and related diseases,UNMATCHED_RETAINS_FOLDER_LABEL
Lichen-Sclerosis-Vulva-5.jpg,Psoriasis pictures Lichen Planus and related diseases,,Psoriasis pictures Lichen Planus and related diseases,UNMATCHED_RETAINS_FOLDER_LABEL
Lichen-Sclerosis-Vulva-6.jpg,Psoriasis pictures Lichen Planus and related diseases,,Psoriasis pictures Lichen Planus and related diseases,UNMATCHED_RETAINS_FOLDER_LABEL
Lichen-Sclerosus-Penis-10.jpg,Psoriasis pictures Lichen Planus and related diseases,,Psoriasis pictures Lichen Planus and related diseases,UNMATCHED_RETAINS_FOLDER_LABEL
Lichen-Sclerosus-Penis-11.jpg,Psoriasis pictures Lichen Planus and related diseases,,Psoriasis pictures Lichen Planus and related diseases,UNMATCHED_RETAINS_FOLDER_LABEL
Lichen-Sclerosus-Penis-19.jpg,Psoriasis pictures Lichen Planus and related diseases,,Psoriasis pictures Lichen Planus and related diseases,UNMATCHED_RETAINS_FOLDER_LABEL
Lichen-Sclerosus-Penis-24.jpg,Psoriasis pictures Lichen Planus and related diseases,,Psoriasis pictures Lichen Planus and related diseases,UNMATCHED_RETAINS_FOLDER_LABEL
Lichen-Sclerosus-Penis-27.jpg,Psoriasis pictures Lichen Planus and related diseases,,Psoriasis pictures Lichen Planus and related diseases,UNMATCHED_RETAINS_FOLDER_LABEL
Lichen-Sclerosus-Penis-33.jpg,Psoriasis pictures Lichen Planus and related diseases,,Psoriasis pictures Lichen Planus and related diseases,UNMATCHED_RETAINS_FOLDER_LABEL
Lichen-Sclerosus-Penis-35.jpg,Psoriasis pictures Lichen Planus and related diseases,,Psoriasis pictures Lichen Planus and related diseases,UNMATCHED_RETAINS_FOLDER_LABEL
Lichen-Sclerosus-Penis-36.jpg,Psoriasis pictures Lichen Planus and related diseases,,Psoriasis pictures Lichen Planus and related diseases,UNMATCHED_RETAINS_FOLDER_LABEL
Lichen-Sclerosus-Penis-38.jpg,Psoriasis pictures Lichen Planus and related diseases,,Psoriasis pictures Lichen Planus and related diseases,UNMATCHED_RETAINS_FOLDER_LABEL
Lichen-Sclerosus-Penis-39.jpg,Psoriasis pictures Lichen Planus and related diseases,,Psoriasis pictures Lichen Planus and related diseases,UNMATCHED_RETAINS_FOLDER_LABEL
Lichen-Sclerosus-Penis-41.jpg,Psoriasis pictures Lichen Planus and related diseases,,Psoriasis pictures Lichen Planus and related diseases,UNMATCHED_RETAINS_FOLDER_LABEL
Lichen-Sclerosus-Penis-43.jpg,Psoriasis pictures Lichen Planus and related diseases,,Psoriasis pictures Lichen Planus and related diseases,UNMATCHED_RETAINS_FOLDER_LABEL
Lichen-Sclerosus-Penis-5.jpg,Psoriasis pictures Lichen Planus and related diseases,,Psoriasis pictures Lichen Planus and related diseases,UNMATCHED_RETAINS_FOLDER_LABEL
Lichen-Sclerosus-Skin-1.jpg,Psoriasis pictures Lichen Planus and related diseases,,Psoriasis pictures Lichen Planus and related diseases,UNMATCHED_RETAINS_FOLDER_LABEL
Lichen-Sclerosus-Skin-109.jpg,Psoriasis pictures Lichen Planus and related diseases,,Psoriasis pictures Lichen Planus and related diseases,UNMATCHED_RETAINS_FOLDER_LABEL
Lichen-Sclerosus-Skin-112.jpg,Psoriasis pictures Lichen Planus and related diseases,,Psoriasis pictures Lichen Planus and related diseases,UNMATCHED_RETAINS_FOLDER_LABEL
Lichen-Sclerosus-Skin-113.jpg,Psoriasis pictures Lichen Planus and related diseases,,Psoriasis pictures Lichen Planus and related diseases,UNMATCHED_RETAINS_FOLDER_LABEL
Lichen-Sclerosus-Skin-123.jpg,Psoriasis pictures Lichen Planus and related diseases,,Psoriasis pictures Lichen Planus and related diseases,UNMATCHED_RETAINS_FOLDER_LABEL
Lichen-Sclerosus-Skin-127.jpg,Psoriasis pictures Lichen Planus and related diseases,,Psoriasis pictures Lichen Planus and related diseases,UNMATCHED_RETAINS_FOLDER_LABEL
Lichen-Sclerosus-Skin-130.jpg,Psoriasis pictures Lichen Planus and related diseases,,Psoriasis pictures Lichen Planus and related diseases,UNMATCHED_RETAINS_FOLDER_LABEL
Lichen-Sclerosus-Skin-14.jpg,Psoriasis pictures Lichen Planus and related diseases,,Psoriasis pictures Lichen Planus and related diseases,UNMATCHED_RETAINS_FOLDER_LABEL
Lichen-Sclerosus-Skin-16.jpg,Psoriasis pictures Lichen Planus and related diseases,,Psoriasis pictures Lichen Planus and related diseases,UNMATCHED_RETAINS_FOLDER_LABEL
Lichen-Sclerosus-Skin-19.jpg,Psoriasis pictures Lichen Planus and related diseases,,Psoriasis pictures Lichen Planus and related diseases,UNMATCHED_RETAINS_FOLDER_LABEL
Lichen-Sclerosus-Skin-2.jpg,Psoriasis pictures Lichen Planus and related diseases,,Psoriasis pictures Lichen Planus and related diseases,UNMATCHED_RETAINS_FOLDER_LABEL
Lichen-Sclerosus-Skin-23.jpg,Psoriasis pictures Lichen Planus and related diseases,,Psoriasis pictures Lichen Planus and related diseases,UNMATCHED_RETAINS_FOLDER_LABEL
Lichen-Sclerosus-Skin-25.jpg,Psoriasis pictures Lichen Planus and related diseases,,Psoriasis pictures Lichen Planus and related diseases,UNMATCHED_RETAINS_FOLDER_LABEL
Lichen-Sclerosus-Skin-26.jpg,Psoriasis pictures Lichen Planus and related diseases,,Psoriasis pictures Lichen Planus and related diseases,UNMATCHED_RETAINS_FOLDER_LABEL
Lichen-Sclerosus-Skin-3.jpg,Psoriasis pictures Lichen Planus and related diseases,,Psoriasis pictures Lichen Planus and related diseases,UNMATCHED_RETAINS_FOLDER_LABEL
Lichen-Sclerosus-Skin-34.jpg,Psoriasis pictures Lichen Planus and related diseases,,Psoriasis pictures Lichen Planus and related diseases,UNMATCHED_RETAINS_FOLDER_LABEL
Lichen-Sclerosus-Skin-39.jpg,Psoriasis pictures Lichen Planus and related diseases,,Psoriasis pictures Lichen Planus and related diseases,UNMATCHED_RETAINS_FOLDER_LABEL
Lichen-Sclerosus-Skin-40.jpg,Psoriasis pictures Lichen Planus and related diseases,,Psoriasis pictures Lichen Planus and related diseases,UNMATCHED_RETAINS_FOLDER_LABEL
Lichen-Sclerosus-Skin-43.jpg,Psoriasis pictures Lichen Planus and related diseases,,Psoriasis pictures Lichen Planus and related diseases,UNMATCHED_RETAINS_FOLDER_LABEL
Lichen-Sclerosus-Skin-48.jpg,Psoriasis pictures Lichen Planus and related diseases,,Psoriasis pictures Lichen Planus and related diseases,UNMATCHED_RETAINS_FOLDER_LABEL
Lichen-Sclerosus-Skin-51.jpg,Psoriasis pictures Lichen Planus and related diseases,,Psoriasis pictures Lichen Planus and related diseases,UNMATCHED_RETAINS_FOLDER_LABEL
Lichen-Sclerosus-Skin-53.jpg,Psoriasis pictures Lichen Planus and related diseases,,Psoriasis pictures Lichen Planus and related diseases,UNMATCHED_RETAINS_FOLDER_LABEL
Lichen-Sclerosus-Skin-58.jpg,Psoriasis pictures Lichen Planus and related diseases,,Psoriasis pictures Lichen Planus and related diseases,UNMATCHED_RETAINS_FOLDER_LABEL
Lichen-Sclerosus-Skin-68.jpg,Psoriasis pictures Lichen Planus and related diseases,,Psoriasis pictures Lichen Planus and related diseases,UNMATCHED_RETAINS_FOLDER_LABEL
Lichen-Sclerosus-Skin-75.jpg,Psoriasis pictures Lichen Planus and related diseases,,Psoriasis pictures Lichen Planus and related diseases,UNMATCHED_RETAINS_FOLDER_LABEL
Lichen-Sclerosus-Skin-84.jpg,Psoriasis pictures Lichen Planus and related diseases,,Psoriasis pictures Lichen Planus and related diseases,UNMATCHED_RETAINS_FOLDER_LABEL
Lichen-Sclerosus-Skin-9.jpg,Psoriasis pictures Lichen Planus and related diseases,,Psoriasis pictures Lichen Planus and related diseases,UNMATCHED_RETAINS_FOLDER_LABEL
Lichen-Sclerosus-Skin-90.jpg,Psoriasis pictures Lichen Planus and related diseases,,Psoriasis pictures Lichen Planus and related diseases,UNMATCHED_RETAINS_FOLDER_LABEL
Lichen-Sclerosus-Skin-91.jpg,Psoriasis pictures Lichen Planus and related diseases,,Psoriasis pictures Lichen Planus and related diseases,UNMATCHED_RETAINS_FOLDER_LABEL
Lichen-Sclerosus-Skin-92.jpg,Psoriasis pictures Lichen Planus and related diseases,,Psoriasis pictures Lichen Planus and related diseases,UNMATCHED_RETAINS_FOLDER_LABEL
Lichen-Sclerosus-Skin-96.jpg,Psoriasis pictures Lichen Planus and related diseases,,Psoriasis pictures Lichen Planus and related diseases,UNMATCHED_RETAINS_FOLDER_LABEL
Pityriasis-Lichenoides-12.jpg,Psoriasis pictures Lichen Planus and related diseases,,Psoriasis pictures Lichen Planus and related diseases,UNMATCHED_RETAINS_FOLDER_LABEL
Pityriasis-Lichenoides-14.jpg,Psoriasis pictures Lichen Planus and related diseases,,Psoriasis pictures Lichen Planus and related diseases,UNMATCHED_RETAINS_FOLDER_LABEL
Pityriasis-Lichenoides-24.jpg,Psoriasis pictures Lichen Planus and related diseases,,Psoriasis pictures Lichen Planus and related diseases,UNMATCHED_RETAINS_FOLDER_LABEL
Pityriasis-Lichenoides-26.jpg,Psoriasis pictures Lichen Planus and related diseases,,Psoriasis pictures Lichen Planus and related diseases,UNMATCHED_RETAINS_FOLDER_LABEL
Pityriasis-Lichenoides-32.jpg,Psoriasis pictures Lichen Planus and related diseases,,Psoriasis pictures Lichen Planus and related diseases,UNMATCHED_RETAINS_FOLDER_LABEL
Pityriasis-Lichenoides-48.jpg,Psoriasis pictures Lichen Planus and related diseases,,Psoriasis pictures Lichen Planus and related diseases,UNMATCHED_RETAINS_FOLDER_LABEL
Pityriasis-Lichenoides-9.jpg,Psoriasis pictures Lichen Planus and related diseases,,Psoriasis pictures Lichen Planus and related diseases,UNMATCHED_RETAINS_FOLDER_LABEL
pityriasis-rosea-106.jpg,Psoriasis pictures Lichen Planus and related diseases,Pityriasis_Rosea,Pityriasis_Rosea,RECOVERED
pityriasis-rosea-11.jpg,Psoriasis pictures Lichen Planus and related diseases,Pityriasis_Rosea,Pityriasis_Rosea,RECOVERED
pityriasis-rosea-116.jpg,Psoriasis pictures Lichen Planus and related diseases,Pityriasis_Rosea,Pityriasis_Rosea,RECOVERED
pityriasis-rosea-121.jpg,Psoriasis pictures Lichen Planus and related diseases,Pityriasis_Rosea,Pityriasis_Rosea,RECOVERED
pityriasis-rosea-122.jpg,Psoriasis pictures Lichen Planus and related diseases,Pityriasis_Rosea,Pityriasis_Rosea,RECOVERED
pityriasis-rosea-131.jpg,Psoriasis pictures Lichen Planus and related diseases,Pityriasis_Rosea,Pityriasis_Rosea,RECOVERED
pityriasis-rosea-135.jpg,Psoriasis pictures Lichen Planus and related diseases,Pityriasis_Rosea,Pityriasis_Rosea,RECOVERED
pityriasis-rosea-139.jpg,Psoriasis pictures Lichen Planus and related diseases,Pityriasis_Rosea,Pityriasis_Rosea,RECOVERED
pityriasis-rosea-140.jpg,Psoriasis pictures Lichen Planus and related diseases,Pityriasis_Rosea,Pityriasis_Rosea,RECOVERED
pityriasis-rosea-143.jpg,Psoriasis pictures Lichen Planus and related diseases,Pityriasis_Rosea,Pityriasis_Rosea,RECOVERED
pityriasis-rosea-146.jpg,Psoriasis pictures Lichen Planus and related diseases,Pityriasis_Rosea,Pityriasis_Rosea,RECOVERED
pityriasis-rosea-154.jpg,Psoriasis pictures Lichen Planus and related diseases,Pityriasis_Rosea,Pityriasis_Rosea,RECOVERED
pityriasis-rosea-156.jpg,Psoriasis pictures Lichen Planus and related diseases,Pityriasis_Rosea,Pityriasis_Rosea,RECOVERED
pityriasis-rosea-159.jpg,Psoriasis pictures Lichen Planus and related diseases,Pityriasis_Rosea,Pityriasis_Rosea,RECOVERED
pityriasis-rosea-161.jpg,Psoriasis pictures Lichen Planus and related diseases,Pityriasis_Rosea,Pityriasis_Rosea,RECOVERED
pityriasis-rosea-173.jpg,Psoriasis pictures Lichen Planus and related diseases,Pityriasis_Rosea,Pityriasis_Rosea,RECOVERED
pityriasis-rosea-176.jpg,Psoriasis pictures Lichen Planus and related diseases,Pityriasis_Rosea,Pityriasis_Rosea,RECOVERED
pityriasis-rosea-187.jpg,Psoriasis pictures Lichen Planus and related diseases,Pityriasis_Rosea,Pityriasis_Rosea,RECOVERED
pityriasis-rosea-189.jpg,Psoriasis pictures Lichen Planus and related diseases,Pityriasis_Rosea,Pityriasis_Rosea,RECOVERED
pityriasis-rosea-191.jpg,Psoriasis pictures Lichen Planus and related diseases,Pityriasis_Rosea,Pityriasis_Rosea,RECOVERED
pityriasis-rosea-197.jpg,Psoriasis pictures Lichen Planus and related diseases,Pityriasis_Rosea,Pityriasis_Rosea,RECOVERED
pityriasis-rosea-199.jpg,Psoriasis pictures Lichen Planus and related diseases,Pityriasis_Rosea,Pityriasis_Rosea,RECOVERED
pityriasis-rosea-200.jpg,Psoriasis pictures Lichen Planus and related diseases,Pityriasis_Rosea,Pityriasis_Rosea,RECOVERED
pityriasis-rosea-22.jpg,Psoriasis pictures Lichen Planus and related diseases,Pityriasis_Rosea,Pityriasis_Rosea,RECOVERED
pityriasis-rosea-8.jpg,Psoriasis pictures Lichen Planus and related diseases,Pityriasis_Rosea,Pityriasis_Rosea,RECOVERED
pityriasis-rosea-87.jpg,Psoriasis pictures Lichen Planus and related diseases,Pityriasis_Rosea,Pityriasis_Rosea,RECOVERED
pityriasis-rosea-9.jpg,Psoriasis pictures Lichen Planus and related diseases,Pityriasis_Rosea,Pityriasis_Rosea,RECOVERED
pityriasis-rosea-90.jpg,Psoriasis pictures Lichen Planus and related diseases,Pityriasis_Rosea,Pityriasis_Rosea,RECOVERED
pityriasis-rosea-91.jpg,Psoriasis pictures Lichen Planus and related diseases,Pityriasis_Rosea,Pityriasis_Rosea,RECOVERED
pityriasis-rosea-94.jpg,Psoriasis pictures Lichen Planus and related diseases,Pityriasis_Rosea,Pityriasis_Rosea,RECOVERED
pityriasis-rosea-95.jpg,Psoriasis pictures Lichen Planus and related diseases,Pityriasis_Rosea,Pityriasis_Rosea,RECOVERED
pityriasis-rubra-pilaris-1.jpg,Psoriasis pictures Lichen Planus and related diseases,,Psoriasis pictures Lichen Planus and related diseases,UNMATCHED_RETAINS_FOLDER_LABEL
pityriasis-rubra-pilaris-11.jpg,Psoriasis pictures Lichen Planus and related diseases,,Psoriasis pictures Lichen Planus and related diseases,UNMATCHED_RETAINS_FOLDER_LABEL
pityriasis-rubra-pilaris-13.jpg,Psoriasis pictures Lichen Planus and related diseases,,Psoriasis pictures Lichen Planus and related diseases,UNMATCHED_RETAINS_FOLDER_LABEL
pityriasis-rubra-pilaris-14.jpg,Psoriasis pictures Lichen Planus and related diseases,,Psoriasis pictures Lichen Planus and related diseases,UNMATCHED_RETAINS_FOLDER_LABEL
pityriasis-rubra-pilaris-15.jpg,Psoriasis pictures Lichen Planus and related diseases,,Psoriasis pictures Lichen Planus and related diseases,UNMATCHED_RETAINS_FOLDER_LABEL
pityriasis-rubra-pilaris-18.jpg,Psoriasis pictures Lichen Planus and related diseases,,Psoriasis pictures Lichen Planus and related diseases,UNMATCHED_RETAINS_FOLDER_LABEL
pityriasis-rubra-pilaris-20.jpg,Psoriasis pictures Lichen Planus and related diseases,,Psoriasis pictures Lichen Planus and related diseases,UNMATCHED_RETAINS_FOLDER_LABEL
pityriasis-rubra-pilaris-30.jpg,Psoriasis pictures Lichen Planus and related diseases,,Psoriasis pictures Lichen Planus and related diseases,UNMATCHED_RETAINS_FOLDER_LABEL
pityriasis-rubra-pilaris-45.jpg,Psoriasis pictures Lichen Planus and related diseases,,Psoriasis pictures Lichen Planus and related diseases,UNMATCHED_RETAINS_FOLDER_LABEL
pityriasis-rubra-pilaris-48.jpg,Psoriasis pictures Lichen Planus and related diseases,,Psoriasis pictures Lichen Planus and related diseases,UNMATCHED_RETAINS_FOLDER_LABEL
pityriasis-rubra-pilaris-49.jpg,Psoriasis pictures Lichen Planus and related diseases,,Psoriasis pictures Lichen Planus and related diseases,UNMATCHED_RETAINS_FOLDER_LABEL
pityriasis-rubra-pilaris-58.jpg,Psoriasis pictures Lichen Planus and related diseases,,Psoriasis pictures Lichen Planus and related diseases,UNMATCHED_RETAINS_FOLDER_LABEL
pityriasis-rubra-pilaris-60.jpg,Psoriasis pictures Lichen Planus and related diseases,,Psoriasis pictures Lichen Planus and related diseases,UNMATCHED_RETAINS_FOLDER_LABEL
pityriasis-rubra-pilaris-61.jpg,Psoriasis pictures Lichen Planus and related diseases,,Psoriasis pictures Lichen Planus and related diseases,UNMATCHED_RETAINS_FOLDER_LABEL
pityriasis-rubra-pilaris-70.jpg,Psoriasis pictures Lichen Planus and related diseases,,Psoriasis pictures Lichen Planus and related diseases,UNMATCHED_RETAINS_FOLDER_LABEL
pityriasis-rubra-pilaris-8.jpg,Psoriasis pictures Lichen Planus and related diseases,,Psoriasis pictures Lichen Planus and related diseases,UNMATCHED_RETAINS_FOLDER_LABEL
pityriasis-rubra-pilaris-9.jpg,Psoriasis pictures Lichen Planus and related diseases,,Psoriasis pictures Lichen Planus and related diseases,UNMATCHED_RETAINS_FOLDER_LABEL
Psoriasis-Anus-15.jpg,Psoriasis pictures Lichen Planus and related diseases,Psoriasis,Psoriasis,RECOVERED
Psoriasis-Anus-18.jpg,Psoriasis pictures Lichen Planus and related diseases,Psoriasis,Psoriasis,RECOVERED
Psoriasis-Cellulitis-2.jpg,Psoriasis pictures Lichen Planus and related diseases,Psoriasis,Psoriasis,RECOVERED
psoriasis-Chronic-plaque-00316.jpg,Psoriasis pictures Lichen Planus and related diseases,Psoriasis,Psoriasis,RECOVERED
Psoriasis-Chronic-Plaque-1.jpg,Psoriasis pictures Lichen Planus and related diseases,Psoriasis,Psoriasis,RECOVERED
Psoriasis-Chronic-Plaque-108.jpg,Psoriasis pictures Lichen Planus and related diseases,Psoriasis,Psoriasis,RECOVERED
Psoriasis-Chronic-Plaque-121.jpg,Psoriasis pictures Lichen Planus and related diseases,Psoriasis,Psoriasis,RECOVERED
Psoriasis-Chronic-Plaque-122.jpg,Psoriasis pictures Lichen Planus and related diseases,Psoriasis,Psoriasis,RECOVERED
Psoriasis-Chronic-Plaque-123.jpg,Psoriasis pictures Lichen Planus and related diseases,Psoriasis,Psoriasis,RECOVERED
Psoriasis-Chronic-Plaque-131.jpg,Psoriasis pictures Lichen Planus and related diseases,Psoriasis,Psoriasis,RECOVERED
Psoriasis-Chronic-Plaque-132.jpg,Psoriasis pictures Lichen Planus and related diseases,Psoriasis,Psoriasis,RECOVERED
Psoriasis-Chronic-Plaque-134.jpg,Psoriasis pictures Lichen Planus and related diseases,Psoriasis,Psoriasis,RECOVERED
Psoriasis-Chronic-Plaque-14.jpg,Psoriasis pictures Lichen Planus and related diseases,Psoriasis,Psoriasis,RECOVERED
Psoriasis-Chronic-Plaque-159.jpg,Psoriasis pictures Lichen Planus and related diseases,Psoriasis,Psoriasis,RECOVERED
Psoriasis-Chronic-Plaque-160.jpg,Psoriasis pictures Lichen Planus and related diseases,Psoriasis,Psoriasis,RECOVERED
Psoriasis-Chronic-Plaque-176.jpg,Psoriasis pictures Lichen Planus and related diseases,Psoriasis,Psoriasis,RECOVERED
Psoriasis-Chronic-Plaque-181.jpg,Psoriasis pictures Lichen Planus and related diseases,Psoriasis,Psoriasis,RECOVERED
Psoriasis-Chronic-Plaque-183.jpg,Psoriasis pictures Lichen Planus and related diseases,Psoriasis,Psoriasis,RECOVERED
Psoriasis-Chronic-Plaque-19.jpg,Psoriasis pictures Lichen Planus and related diseases,Psoriasis,Psoriasis,RECOVERED
Psoriasis-Chronic-Plaque-191.jpg,Psoriasis pictures Lichen Planus and related diseases,Psoriasis,Psoriasis,RECOVERED
Psoriasis-Chronic-Plaque-194.jpg,Psoriasis pictures Lichen Planus and related diseases,Psoriasis,Psoriasis,RECOVERED
Psoriasis-Chronic-Plaque-93.jpg,Psoriasis pictures Lichen Planus and related diseases,Psoriasis,Psoriasis,RECOVERED
Psoriasis-Chronic-Plaque-95.jpg,Psoriasis pictures Lichen Planus and related diseases,Psoriasis,Psoriasis,RECOVERED
Psoriasis-Chronic-Plaque-96.jpg,Psoriasis pictures Lichen Planus and related diseases,Psoriasis,Psoriasis,RECOVERED
psoriasis-digits-2.jpg,Psoriasis pictures Lichen Planus and related diseases,Psoriasis,Psoriasis,RECOVERED
psoriasis-erythrodermic-14.jpg,Psoriasis pictures Lichen Planus and related diseases,Psoriasis,Psoriasis,RECOVERED
psoriasis-erythrodermic-15.jpg,Psoriasis pictures Lichen Planus and related diseases,Psoriasis,Psoriasis,RECOVERED
psoriasis-erythrodermic-17.jpg,Psoriasis pictures Lichen Planus and related diseases,Psoriasis,Psoriasis,RECOVERED
psoriasis-erythrodermic-33.jpg,Psoriasis pictures Lichen Planus and related diseases,Psoriasis,Psoriasis,RECOVERED
psoriasis-erythrodermic-6.jpg,Psoriasis pictures Lichen Planus and related diseases,Psoriasis,Psoriasis,RECOVERED
psoriasis-erythrodermic-8.jpg,Psoriasis pictures Lichen Planus and related diseases,Psoriasis,Psoriasis,RECOVERED
Psoriasis-Guttate-1.jpg,Psoriasis pictures Lichen Planus and related diseases,Psoriasis,Psoriasis,RECOVERED
Psoriasis-Guttate-102.jpg,Psoriasis pictures Lichen Planus and related diseases,Psoriasis,Psoriasis,RECOVERED
Psoriasis-Guttate-105.jpg,Psoriasis pictures Lichen Planus and related diseases,Psoriasis,Psoriasis,RECOVERED
Psoriasis-Guttate-109.jpg,Psoriasis pictures Lichen Planus and related diseases,Psoriasis,Psoriasis,RECOVERED
Psoriasis-Guttate-110.jpg,Psoriasis pictures Lichen Planus and related diseases,Psoriasis,Psoriasis,RECOVERED
Psoriasis-Guttate-113.jpg,Psoriasis pictures Lichen Planus and related diseases,Psoriasis,Psoriasis,RECOVERED
Psoriasis-Guttate-117.jpg,Psoriasis pictures Lichen Planus and related diseases,Psoriasis,Psoriasis,RECOVERED
Psoriasis-Guttate-124.jpg,Psoriasis pictures Lichen Planus and related diseases,Psoriasis,Psoriasis,RECOVERED
Psoriasis-Guttate-21.jpg,Psoriasis pictures Lichen Planus and related diseases,Psoriasis,Psoriasis,RECOVERED
Psoriasis-Guttate-47.jpg,Psoriasis pictures Lichen Planus and related diseases,Psoriasis,Psoriasis,RECOVERED
Psoriasis-Guttate-48.jpg,Psoriasis pictures Lichen Planus and related diseases,Psoriasis,Psoriasis,RECOVERED
Psoriasis-Guttate-55.jpg,Psoriasis pictures Lichen Planus and related diseases,Psoriasis,Psoriasis,RECOVERED
Psoriasis-Guttate-59.jpg,Psoriasis pictures Lichen Planus and related diseases,Psoriasis,Psoriasis,RECOVERED
Psoriasis-Guttate-6.jpg,Psoriasis pictures Lichen Planus and related diseases,Psoriasis,Psoriasis,RECOVERED
Psoriasis-Guttate-65.jpg,Psoriasis pictures Lichen Planus and related diseases,Psoriasis,Psoriasis,RECOVERED
Psoriasis-Guttate-74.jpg,Psoriasis pictures Lichen Planus and related diseases,Psoriasis,Psoriasis,RECOVERED
Psoriasis-Guttate-79.jpg,Psoriasis pictures Lichen Planus and related diseases,Psoriasis,Psoriasis,RECOVERED
Psoriasis-Guttate-84.jpg,Psoriasis pictures Lichen Planus and related diseases,Psoriasis,Psoriasis,RECOVERED
Psoriasis-Guttate-88.jpg,Psoriasis pictures Lichen Planus and related diseases,Psoriasis,Psoriasis,RECOVERED
Psoriasis-Guttate-93.jpg,Psoriasis pictures Lichen Planus and related diseases,Psoriasis,Psoriasis,RECOVERED
Psoriasis-Guttate-94.jpg,Psoriasis pictures Lichen Planus and related diseases,Psoriasis,Psoriasis,RECOVERED
Psoriasis-Guttate-96.jpg,Psoriasis pictures Lichen Planus and related diseases,Psoriasis,Psoriasis,RECOVERED
Psoriasis-Hand-34.jpg,Psoriasis pictures Lichen Planus and related diseases,Psoriasis,Psoriasis,RECOVERED
Psoriasis-Hand-35.jpg,Psoriasis pictures Lichen Planus and related diseases,Psoriasis,Psoriasis,RECOVERED
Psoriasis-Hand-4.jpg,Psoriasis pictures Lichen Planus and related diseases,Psoriasis,Psoriasis,RECOVERED
Psoriasis-Hand-40.jpg,Psoriasis pictures Lichen Planus and related diseases,Psoriasis,Psoriasis,RECOVERED
Psoriasis-Hand-43.jpg,Psoriasis pictures Lichen Planus and related diseases,Psoriasis,Psoriasis,RECOVERED
Psoriasis-Hand-44.jpg,Psoriasis pictures Lichen Planus and related diseases,Psoriasis,Psoriasis,RECOVERED
Psoriasis-Hand-48.jpg,Psoriasis pictures Lichen Planus and related diseases,Psoriasis,Psoriasis,RECOVERED
Psoriasis-Hand-5.jpg,Psoriasis pictures Lichen Planus and related diseases,Psoriasis,Psoriasis,RECOVERED
Psoriasis-Hand-55.jpg,Psoriasis pictures Lichen Planus and related diseases,Psoriasis,Psoriasis,RECOVERED
Psoriasis-Hand-7.jpg,Psoriasis pictures Lichen Planus and related diseases,Psoriasis,Psoriasis,RECOVERED
Psoriasis-Histology-11.jpg,Psoriasis pictures Lichen Planus and related diseases,Psoriasis,Psoriasis,RECOVERED
Psoriasis-Histology-2.jpg,Psoriasis pictures Lichen Planus and related diseases,Psoriasis,Psoriasis,RECOVERED
Psoriasis-Histology-4.jpg,Psoriasis pictures Lichen Planus and related diseases,Psoriasis,Psoriasis,RECOVERED
Psoriasis-Histology-8.jpg,Psoriasis pictures Lichen Planus and related diseases,Psoriasis,Psoriasis,RECOVERED
Psoriasis-Histology-9.jpg,Psoriasis pictures Lichen Planus and related diseases,Psoriasis,Psoriasis,RECOVERED
Psoriasis-Interferon-Injection-08230423.jpg,Psoriasis pictures Lichen Planus and related diseases,Psoriasis,Psoriasis,RECOVERED
Psoriasis-inversus-13.jpg,Psoriasis pictures Lichen Planus and related diseases,Psoriasis,Psoriasis,RECOVERED
Psoriasis-inversus-17.jpg,Psoriasis pictures Lichen Planus and related diseases,Psoriasis,Psoriasis,RECOVERED
Psoriasis-inversus-18.jpg,Psoriasis pictures Lichen Planus and related diseases,Psoriasis,Psoriasis,RECOVERED
Psoriasis-inversus-23.jpg,Psoriasis pictures Lichen Planus and related diseases,Psoriasis,Psoriasis,RECOVERED
Psoriasis-inversus-25.jpg,Psoriasis pictures Lichen Planus and related diseases,Psoriasis,Psoriasis,RECOVERED
Psoriasis-inversus-29.jpg,Psoriasis pictures Lichen Planus and related diseases,Psoriasis,Psoriasis,RECOVERED
Psoriasis-inversus-31.jpg,Psoriasis pictures Lichen Planus and related diseases,Psoriasis,Psoriasis,RECOVERED
Psoriasis-inversus-4.jpg,Psoriasis pictures Lichen Planus and related diseases,Psoriasis,Psoriasis,RECOVERED
Psoriasis-nails-10.jpg,Psoriasis pictures Lichen Planus and related diseases,Psoriasis,Psoriasis,RECOVERED
Psoriasis-nails-17.jpg,Psoriasis pictures Lichen Planus and related diseases,Psoriasis,Psoriasis,RECOVERED
Psoriasis-nails-18.jpg,Psoriasis pictures Lichen Planus and related diseases,Psoriasis,Psoriasis,RECOVERED
Psoriasis-nails-2.jpg,Psoriasis pictures Lichen Planus and related diseases,Psoriasis,Psoriasis,RECOVERED
Psoriasis-nails-3.jpg,Psoriasis pictures Lichen Planus and related diseases,Psoriasis,Psoriasis,RECOVERED
Psoriasis-nails-31.jpg,Psoriasis pictures Lichen Planus and related diseases,Psoriasis,Psoriasis,RECOVERED
Psoriasis-nails-9.jpg,Psoriasis pictures Lichen Planus and related diseases,Psoriasis,Psoriasis,RECOVERED
psoriasis-palms-soles-109.jpg,Psoriasis pictures Lichen Planus and related diseases,Psoriasis,Psoriasis,RECOVERED
psoriasis-palms-soles-11.jpg,Psoriasis pictures Lichen Planus and related diseases,Psoriasis,Psoriasis,RECOVERED
psoriasis-palms-soles-111.jpg,Psoriasis pictures Lichen Planus and related diseases,Psoriasis,Psoriasis,RECOVERED
psoriasis-palms-soles-114.jpg,Psoriasis pictures Lichen Planus and related diseases,Psoriasis,Psoriasis,RECOVERED
psoriasis-palms-soles-12.jpg,Psoriasis pictures Lichen Planus and related diseases,Psoriasis,Psoriasis,RECOVERED
psoriasis-palms-soles-123.jpg,Psoriasis pictures Lichen Planus and related diseases,Psoriasis,Psoriasis,RECOVERED
psoriasis-palms-soles-125.jpg,Psoriasis pictures Lichen Planus and related diseases,Psoriasis,Psoriasis,RECOVERED
psoriasis-palms-soles-129.jpg,Psoriasis pictures Lichen Planus and related diseases,Psoriasis,Psoriasis,RECOVERED
psoriasis-palms-soles-132.jpg,Psoriasis pictures Lichen Planus and related diseases,Psoriasis,Psoriasis,RECOVERED
psoriasis-palms-soles-136.jpg,Psoriasis pictures Lichen Planus and related diseases,Psoriasis,Psoriasis,RECOVERED
psoriasis-palms-soles-14.jpg,Psoriasis pictures Lichen Planus and related diseases,Psoriasis,Psoriasis,RECOVERED
psoriasis-palms-soles-140.jpg,Psoriasis pictures Lichen Planus and related diseases,Psoriasis,Psoriasis,RECOVERED
psoriasis-palms-soles-142.jpg,Psoriasis pictures Lichen Planus and related diseases,Psoriasis,Psoriasis,RECOVERED
psoriasis-palms-soles-147.jpg,Psoriasis pictures Lichen Planus and related diseases,Psoriasis,Psoriasis,RECOVERED
psoriasis-palms-soles-153.jpg,Psoriasis pictures Lichen Planus and related diseases,Psoriasis,Psoriasis,RECOVERED
psoriasis-palms-soles-164.jpg,Psoriasis pictures Lichen Planus and related diseases,Psoriasis,Psoriasis,RECOVERED
psoriasis-palms-soles-169.jpg,Psoriasis pictures Lichen Planus and related diseases,Psoriasis,Psoriasis,RECOVERED
psoriasis-palms-soles-177.jpg,Psoriasis pictures Lichen Planus and related diseases,Psoriasis,Psoriasis,RECOVERED
psoriasis-palms-soles-185.jpg,Psoriasis pictures Lichen Planus and related diseases,Psoriasis,Psoriasis,RECOVERED
psoriasis-palms-soles-193.jpg,Psoriasis pictures Lichen Planus and related diseases,Psoriasis,Psoriasis,RECOVERED
psoriasis-palms-soles-81.jpg,Psoriasis pictures Lichen Planus and related diseases,Psoriasis,Psoriasis,RECOVERED
psoriasis-palms-soles-86.jpg,Psoriasis pictures Lichen Planus and related diseases,Psoriasis,Psoriasis,RECOVERED
psoriasis-palms-soles-87.jpg,Psoriasis pictures Lichen Planus and related diseases,Psoriasis,Psoriasis,RECOVERED
psoriasis-palms-soles-88.jpg,Psoriasis pictures Lichen Planus and related diseases,Psoriasis,Psoriasis,RECOVERED
psoriasis-palms-soles-9.jpg,Psoriasis pictures Lichen Planus and related diseases,Psoriasis,Psoriasis,RECOVERED
psoriasis-palms-soles-95.jpg,Psoriasis pictures Lichen Planus and related diseases,Psoriasis,Psoriasis,RECOVERED
Psoriasis-penis-12.jpg,Psoriasis pictures Lichen Planus and related diseases,Psoriasis,Psoriasis,RECOVERED
Psoriasis-penis-13.jpg,Psoriasis pictures Lichen Planus and related diseases,Psoriasis,Psoriasis,RECOVERED
Psoriasis-penis-17.jpg,Psoriasis pictures Lichen Planus and related diseases,Psoriasis,Psoriasis,RECOVERED
Psoriasis-penis-26.jpg,Psoriasis pictures Lichen Planus and related diseases,Psoriasis,Psoriasis,RECOVERED
Psoriasis-penis-4.jpg,Psoriasis pictures Lichen Planus and related diseases,Psoriasis,Psoriasis,RECOVERED
psoriasis-pustular-generalized-1.jpg,Psoriasis pictures Lichen Planus and related diseases,Psoriasis,Psoriasis,RECOVERED
psoriasis-pustular-generalized-12.jpg,Psoriasis pictures Lichen Planus and related diseases,Psoriasis,Psoriasis,RECOVERED
psoriasis-pustular-generalized-18.jpg,Psoriasis pictures Lichen Planus and related diseases,Psoriasis,Psoriasis,RECOVERED
psoriasis-pustular-generalized-2.jpg,Psoriasis pictures Lichen Planus and related diseases,Psoriasis,Psoriasis,RECOVERED
psoriasis-pustular-generalized-20.jpg,Psoriasis pictures Lichen Planus and related diseases,Psoriasis,Psoriasis,RECOVERED
psoriasis-pustular-generalized-21.jpg,Psoriasis pictures Lichen Planus and related diseases,Psoriasis,Psoriasis,RECOVERED
psoriasis-pustular-generalized-23.jpg,Psoriasis pictures Lichen Planus and related diseases,Psoriasis,Psoriasis,RECOVERED
psoriasis-pustular-generalized-26.jpg,Psoriasis pictures Lichen Planus and related diseases,Psoriasis,Psoriasis,RECOVERED
psoriasis-pustular-generalized-28.jpg,Psoriasis pictures Lichen Planus and related diseases,Psoriasis,Psoriasis,RECOVERED
psoriasis-pustular-generalized-31.jpg,Psoriasis pictures Lichen Planus and related diseases,Psoriasis,Psoriasis,RECOVERED
psoriasis-pustular-generalized-44.jpg,Psoriasis pictures Lichen Planus and related diseases,Psoriasis,Psoriasis,RECOVERED
psoriasis-pustular-generalized-45.jpg,Psoriasis pictures Lichen Planus and related diseases,Psoriasis,Psoriasis,RECOVERED
psoriasis-pustular-generalized-5.jpg,Psoriasis pictures Lichen Planus and related diseases,Psoriasis,Psoriasis,RECOVERED
psoriasis-pustular-generalized-54.jpg,Psoriasis pictures Lichen Planus and related diseases,Psoriasis,Psoriasis,RECOVERED
psoriasis-pustular-generalized-57.jpg,Psoriasis pictures Lichen Planus and related diseases,Psoriasis,Psoriasis,RECOVERED
psoriasis-scalp-109.jpg,Psoriasis pictures Lichen Planus and related diseases,Psoriasis,Psoriasis,RECOVERED
psoriasis-scalp-12.jpg,Psoriasis pictures Lichen Planus and related diseases,Psoriasis,Psoriasis,RECOVERED
psoriasis-scalp-16.jpg,Psoriasis pictures Lichen Planus and related diseases,Psoriasis,Psoriasis,RECOVERED
psoriasis-scalp-17.jpg,Psoriasis pictures Lichen Planus and related diseases,Psoriasis,Psoriasis,RECOVERED
psoriasis-scalp-18.jpg,Psoriasis pictures Lichen Planus and related diseases,Psoriasis,Psoriasis,RECOVERED
psoriasis-scalp-38.jpg,Psoriasis pictures Lichen Planus and related diseases,Psoriasis,Psoriasis,RECOVERED
psoriasis-scalp-4.jpg,Psoriasis pictures Lichen Planus and related diseases,Psoriasis,Psoriasis,RECOVERED
psoriasis-scalp-44.jpg,Psoriasis pictures Lichen Planus and related diseases,Psoriasis,Psoriasis,RECOVERED
psoriasis-scalp-45.jpg,Psoriasis pictures Lichen Planus and related diseases,Psoriasis,Psoriasis,RECOVERED
psoriasis-scalp-46.jpg,Psoriasis pictures Lichen Planus and related diseases,Psoriasis,Psoriasis,RECOVERED
psoriasis-scalp-51.jpg,Psoriasis pictures Lichen Planus and related diseases,Psoriasis,Psoriasis,RECOVERED
psoriasis-scalp-56.jpg,Psoriasis pictures Lichen Planus and related diseases,Psoriasis,Psoriasis,RECOVERED
psoriasis-scalp-58.jpg,Psoriasis pictures Lichen Planus and related diseases,Psoriasis,Psoriasis,RECOVERED
psoriasis-scalp-60.jpg,Psoriasis pictures Lichen Planus and related diseases,Psoriasis,Psoriasis,RECOVERED
psoriasis-scalp-64.jpg,Psoriasis pictures Lichen Planus and related diseases,Psoriasis,Psoriasis,RECOVERED
psoriasis-scalp-65.jpg,Psoriasis pictures Lichen Planus and related diseases,Psoriasis,Psoriasis,RECOVERED
psoriasis-scalp-79.jpg,Psoriasis pictures Lichen Planus and related diseases,Psoriasis,Psoriasis,RECOVERED
psoriasis-scalp-82.jpg,Psoriasis pictures Lichen Planus and related diseases,Psoriasis,Psoriasis,RECOVERED
psoriasis-scalp-83.jpg,Psoriasis pictures Lichen Planus and related diseases,Psoriasis,Psoriasis,RECOVERED
psoriasis-scalp-89.jpg,Psoriasis pictures Lichen Planus and related diseases,Psoriasis,Psoriasis,RECOVERED
psoriasis-scalp-98.jpg,Psoriasis pictures Lichen Planus and related diseases,Psoriasis,Psoriasis,RECOVERED
Psoriasis-sunburn-6.jpg,Psoriasis pictures Lichen Planus and related diseases,Psoriasis,Psoriasis,RECOVERED
reiter-syndrome-17.jpg,Psoriasis pictures Lichen Planus and related diseases,,Psoriasis pictures Lichen Planus and related diseases,UNMATCHED_RETAINS_FOLDER_LABEL
reiter-syndrome-19.jpg,Psoriasis pictures Lichen Planus and related diseases,,Psoriasis pictures Lichen Planus and related diseases,UNMATCHED_RETAINS_FOLDER_LABEL
reiter-syndrome-2.jpg,Psoriasis pictures Lichen Planus and related diseases,,Psoriasis pictures Lichen Planus and related diseases,UNMATCHED_RETAINS_FOLDER_LABEL
reiter-syndrome-3.jpg,Psoriasis pictures Lichen Planus and related diseases,,Psoriasis pictures Lichen Planus and related diseases,UNMATCHED_RETAINS_FOLDER_LABEL
reiter-syndrome-5.jpg,Psoriasis pictures Lichen Planus and related diseases,,Psoriasis pictures Lichen Planus and related diseases,UNMATCHED_RETAINS_FOLDER_LABEL
reiter-syndrome-8.jpg,Psoriasis pictures Lichen Planus and related diseases,,Psoriasis pictures Lichen Planus and related diseases,UNMATCHED_RETAINS_FOLDER_LABEL
seborrheic-dermatitis-100.jpg,Psoriasis pictures Lichen Planus and related diseases,Seborrheic_Dermatitis,Seborrheic_Dermatitis,RECOVERED
seborrheic-dermatitis-107.jpg,Psoriasis pictures Lichen Planus and related diseases,Seborrheic_Dermatitis,Seborrheic_Dermatitis,RECOVERED
seborrheic-dermatitis-108.jpg,Psoriasis pictures Lichen Planus and related diseases,Seborrheic_Dermatitis,Seborrheic_Dermatitis,RECOVERED
seborrheic-dermatitis-11.jpg,Psoriasis pictures Lichen Planus and related diseases,Seborrheic_Dermatitis,Seborrheic_Dermatitis,RECOVERED
seborrheic-dermatitis-113.jpg,Psoriasis pictures Lichen Planus and related diseases,Seborrheic_Dermatitis,Seborrheic_Dermatitis,RECOVERED
seborrheic-dermatitis-117.jpg,Psoriasis pictures Lichen Planus and related diseases,Seborrheic_Dermatitis,Seborrheic_Dermatitis,RECOVERED
seborrheic-dermatitis-122.jpg,Psoriasis pictures Lichen Planus and related diseases,Seborrheic_Dermatitis,Seborrheic_Dermatitis,RECOVERED
seborrheic-dermatitis-129.jpg,Psoriasis pictures Lichen Planus and related diseases,Seborrheic_Dermatitis,Seborrheic_Dermatitis,RECOVERED
seborrheic-dermatitis-132.jpg,Psoriasis pictures Lichen Planus and related diseases,Seborrheic_Dermatitis,Seborrheic_Dermatitis,RECOVERED
seborrheic-dermatitis-135.jpg,Psoriasis pictures Lichen Planus and related diseases,Seborrheic_Dermatitis,Seborrheic_Dermatitis,RECOVERED
seborrheic-dermatitis-137.jpg,Psoriasis pictures Lichen Planus and related diseases,Seborrheic_Dermatitis,Seborrheic_Dermatitis,RECOVERED
seborrheic-dermatitis-146.jpg,Psoriasis pictures Lichen Planus and related diseases,Seborrheic_Dermatitis,Seborrheic_Dermatitis,RECOVERED
seborrheic-dermatitis-15.jpg,Psoriasis pictures Lichen Planus and related diseases,Seborrheic_Dermatitis,Seborrheic_Dermatitis,RECOVERED
seborrheic-dermatitis-78.jpg,Psoriasis pictures Lichen Planus and related diseases,Seborrheic_Dermatitis,Seborrheic_Dermatitis,RECOVERED
seborrheic-dermatitis-82.jpg,Psoriasis pictures Lichen Planus and related diseases,Seborrheic_Dermatitis,Seborrheic_Dermatitis,RECOVERED
seborrheic-dermatitis-84.jpg,Psoriasis pictures Lichen Planus and related diseases,Seborrheic_Dermatitis,Seborrheic_Dermatitis,RECOVERED
seborrheic-dermatitis-87.jpg,Psoriasis pictures Lichen Planus and related diseases,Seborrheic_Dermatitis,Seborrheic_Dermatitis,RECOVERED
seborrheic-dermatitis-89.jpg,Psoriasis pictures Lichen Planus and related diseases,Seborrheic_Dermatitis,Seborrheic_Dermatitis,RECOVERED
seborrheic-dermatitis-9.jpg,Psoriasis pictures Lichen Planus and related diseases,Seborrheic_Dermatitis,Seborrheic_Dermatitis,RECOVERED
seborrheic-dermatitis-97.jpg,Psoriasis pictures Lichen Planus and related diseases,Seborrheic_Dermatitis,Seborrheic_Dermatitis,RECOVERED
20EpidermCystRuptured1.jpg,Seborrheic Keratoses and other Benign Tumors,,Seborrheic Keratoses and other Benign Tumors,UNMATCHED_RETAINS_FOLDER_LABEL
20Keratoacanthoma072101.jpg,Seborrheic Keratoses and other Benign Tumors,,Seborrheic Keratoses and other Benign Tumors,UNMATCHED_RETAINS_FOLDER_LABEL
20Keratoacanthoma072102.jpg,Seborrheic Keratoses and other Benign Tumors,,Seborrheic Keratoses and other Benign Tumors,UNMATCHED_RETAINS_FOLDER_LABEL
20seborrheicKeratosisCrop.jpg,Seborrheic Keratoses and other Benign Tumors,,Seborrheic Keratoses and other Benign Tumors,UNMATCHED_RETAINS_FOLDER_LABEL
accessory-nipple-2.jpg,Seborrheic Keratoses and other Benign Tumors,,Seborrheic Keratoses and other Benign Tumors,UNMATCHED_RETAINS_FOLDER_LABEL
accessory-nipple-7.jpg,Seborrheic Keratoses and other Benign Tumors,,Seborrheic Keratoses and other Benign Tumors,UNMATCHED_RETAINS_FOLDER_LABEL
accessory-trachus-6.jpg,Seborrheic Keratoses and other Benign Tumors,,Seborrheic Keratoses and other Benign Tumors,UNMATCHED_RETAINS_FOLDER_LABEL
acquired-digital-fibrokeratoma-1.jpg,Seborrheic Keratoses and other Benign Tumors,,Seborrheic Keratoses and other Benign Tumors,UNMATCHED_RETAINS_FOLDER_LABEL
acquired-digital-fibrokeratoma-3.jpg,Seborrheic Keratoses and other Benign Tumors,,Seborrheic Keratoses and other Benign Tumors,UNMATCHED_RETAINS_FOLDER_LABEL
acquired-digital-fibrokeratoma-4.jpg,Seborrheic Keratoses and other Benign Tumors,,Seborrheic Keratoses and other Benign Tumors,UNMATCHED_RETAINS_FOLDER_LABEL
chondrodermatitis-nodularis-20.jpg,Seborrheic Keratoses and other Benign Tumors,,Seborrheic Keratoses and other Benign Tumors,UNMATCHED_RETAINS_FOLDER_LABEL
chondrodermatitis-nodularis-27.jpg,Seborrheic Keratoses and other Benign Tumors,,Seborrheic Keratoses and other Benign Tumors,UNMATCHED_RETAINS_FOLDER_LABEL
chondrodermatitis-nodularis-28.jpg,Seborrheic Keratoses and other Benign Tumors,,Seborrheic Keratoses and other Benign Tumors,UNMATCHED_RETAINS_FOLDER_LABEL
chondrodermatitis-nodularis-29.jpg,Seborrheic Keratoses and other Benign Tumors,,Seborrheic Keratoses and other Benign Tumors,UNMATCHED_RETAINS_FOLDER_LABEL
chondrodermatitis-nodularis-31.jpg,Seborrheic Keratoses and other Benign Tumors,,Seborrheic Keratoses and other Benign Tumors,UNMATCHED_RETAINS_FOLDER_LABEL
chondrodermatitis-nodularis-38.jpg,Seborrheic Keratoses and other Benign Tumors,,Seborrheic Keratoses and other Benign Tumors,UNMATCHED_RETAINS_FOLDER_LABEL
chondrodermatitis-nodularis-41.jpg,Seborrheic Keratoses and other Benign Tumors,,Seborrheic Keratoses and other Benign Tumors,UNMATCHED_RETAINS_FOLDER_LABEL
chondrodermatitis-nodularis-42.jpg,Seborrheic Keratoses and other Benign Tumors,,Seborrheic Keratoses and other Benign Tumors,UNMATCHED_RETAINS_FOLDER_LABEL
chondrodermatitis-nodularis-48.jpg,Seborrheic Keratoses and other Benign Tumors,,Seborrheic Keratoses and other Benign Tumors,UNMATCHED_RETAINS_FOLDER_LABEL
chondrodermatitis-nodularis-53.jpg,Seborrheic Keratoses and other Benign Tumors,,Seborrheic Keratoses and other Benign Tumors,UNMATCHED_RETAINS_FOLDER_LABEL
chondrodermatitis-nodularis-6.jpg,Seborrheic Keratoses and other Benign Tumors,,Seborrheic Keratoses and other Benign Tumors,UNMATCHED_RETAINS_FOLDER_LABEL
chondrodermatitis-nodularis-65.jpg,Seborrheic Keratoses and other Benign Tumors,,Seborrheic Keratoses and other Benign Tumors,UNMATCHED_RETAINS_FOLDER_LABEL
chondrodermatitis-nodularis-66.jpg,Seborrheic Keratoses and other Benign Tumors,,Seborrheic Keratoses and other Benign Tumors,UNMATCHED_RETAINS_FOLDER_LABEL
chondrodermatitis-nodularis-71.jpg,Seborrheic Keratoses and other Benign Tumors,,Seborrheic Keratoses and other Benign Tumors,UNMATCHED_RETAINS_FOLDER_LABEL
collagenoma-1.jpg,Seborrheic Keratoses and other Benign Tumors,,Seborrheic Keratoses and other Benign Tumors,UNMATCHED_RETAINS_FOLDER_LABEL
cylindroma-10.jpg,Seborrheic Keratoses and other Benign Tumors,,Seborrheic Keratoses and other Benign Tumors,UNMATCHED_RETAINS_FOLDER_LABEL
cylindroma-2.jpg,Seborrheic Keratoses and other Benign Tumors,,Seborrheic Keratoses and other Benign Tumors,UNMATCHED_RETAINS_FOLDER_LABEL
cylindroma-4.jpg,Seborrheic Keratoses and other Benign Tumors,,Seborrheic Keratoses and other Benign Tumors,UNMATCHED_RETAINS_FOLDER_LABEL
dermatofibroma-1.jpg,Seborrheic Keratoses and other Benign Tumors,,Seborrheic Keratoses and other Benign Tumors,UNMATCHED_RETAINS_FOLDER_LABEL
dermatofibroma-105.jpg,Seborrheic Keratoses and other Benign Tumors,,Seborrheic Keratoses and other Benign Tumors,UNMATCHED_RETAINS_FOLDER_LABEL
dermatofibroma-106.jpg,Seborrheic Keratoses and other Benign Tumors,,Seborrheic Keratoses and other Benign Tumors,UNMATCHED_RETAINS_FOLDER_LABEL
dermatofibroma-108.jpg,Seborrheic Keratoses and other Benign Tumors,,Seborrheic Keratoses and other Benign Tumors,UNMATCHED_RETAINS_FOLDER_LABEL
dermatofibroma-109.jpg,Seborrheic Keratoses and other Benign Tumors,,Seborrheic Keratoses and other Benign Tumors,UNMATCHED_RETAINS_FOLDER_LABEL
dermatofibroma-112.jpg,Seborrheic Keratoses and other Benign Tumors,,Seborrheic Keratoses and other Benign Tumors,UNMATCHED_RETAINS_FOLDER_LABEL
dermatofibroma-117.jpg,Seborrheic Keratoses and other Benign Tumors,,Seborrheic Keratoses and other Benign Tumors,UNMATCHED_RETAINS_FOLDER_LABEL
dermatofibroma-122.jpg,Seborrheic Keratoses and other Benign Tumors,,Seborrheic Keratoses and other Benign Tumors,UNMATCHED_RETAINS_FOLDER_LABEL
dermatofibroma-123.jpg,Seborrheic Keratoses and other Benign Tumors,,Seborrheic Keratoses and other Benign Tumors,UNMATCHED_RETAINS_FOLDER_LABEL
dermatofibroma-133.jpg,Seborrheic Keratoses and other Benign Tumors,,Seborrheic Keratoses and other Benign Tumors,UNMATCHED_RETAINS_FOLDER_LABEL
dermatofibroma-135.jpg,Seborrheic Keratoses and other Benign Tumors,,Seborrheic Keratoses and other Benign Tumors,UNMATCHED_RETAINS_FOLDER_LABEL
dermatofibroma-16.jpg,Seborrheic Keratoses and other Benign Tumors,,Seborrheic Keratoses and other Benign Tumors,UNMATCHED_RETAINS_FOLDER_LABEL
dermatofibroma-17.jpg,Seborrheic Keratoses and other Benign Tumors,,Seborrheic Keratoses and other Benign Tumors,UNMATCHED_RETAINS_FOLDER_LABEL
dermatofibroma-18.jpg,Seborrheic Keratoses and other Benign Tumors,,Seborrheic Keratoses and other Benign Tumors,UNMATCHED_RETAINS_FOLDER_LABEL
dermatofibroma-19.jpg,Seborrheic Keratoses and other Benign Tumors,,Seborrheic Keratoses and other Benign Tumors,UNMATCHED_RETAINS_FOLDER_LABEL
dermatofibroma-27.jpg,Seborrheic Keratoses and other Benign Tumors,,Seborrheic Keratoses and other Benign Tumors,UNMATCHED_RETAINS_FOLDER_LABEL
dermatofibroma-39.jpg,Seborrheic Keratoses and other Benign Tumors,,Seborrheic Keratoses and other Benign Tumors,UNMATCHED_RETAINS_FOLDER_LABEL
dermatofibroma-4.jpg,Seborrheic Keratoses and other Benign Tumors,,Seborrheic Keratoses and other Benign Tumors,UNMATCHED_RETAINS_FOLDER_LABEL
dermatofibroma-45.jpg,Seborrheic Keratoses and other Benign Tumors,,Seborrheic Keratoses and other Benign Tumors,UNMATCHED_RETAINS_FOLDER_LABEL
dermatofibroma-47.jpg,Seborrheic Keratoses and other Benign Tumors,,Seborrheic Keratoses and other Benign Tumors,UNMATCHED_RETAINS_FOLDER_LABEL
dermatofibroma-48.jpg,Seborrheic Keratoses and other Benign Tumors,,Seborrheic Keratoses and other Benign Tumors,UNMATCHED_RETAINS_FOLDER_LABEL
dermatofibroma-50.jpg,Seborrheic Keratoses and other Benign Tumors,,Seborrheic Keratoses and other Benign Tumors,UNMATCHED_RETAINS_FOLDER_LABEL
dermatofibroma-52.jpg,Seborrheic Keratoses and other Benign Tumors,,Seborrheic Keratoses and other Benign Tumors,UNMATCHED_RETAINS_FOLDER_LABEL
dermatofibroma-58.jpg,Seborrheic Keratoses and other Benign Tumors,,Seborrheic Keratoses and other Benign Tumors,UNMATCHED_RETAINS_FOLDER_LABEL
dermatofibroma-67.jpg,Seborrheic Keratoses and other Benign Tumors,,Seborrheic Keratoses and other Benign Tumors,UNMATCHED_RETAINS_FOLDER_LABEL
dermatofibroma-74.jpg,Seborrheic Keratoses and other Benign Tumors,,Seborrheic Keratoses and other Benign Tumors,UNMATCHED_RETAINS_FOLDER_LABEL
dermatofibroma-77.jpg,Seborrheic Keratoses and other Benign Tumors,,Seborrheic Keratoses and other Benign Tumors,UNMATCHED_RETAINS_FOLDER_LABEL
dermatofibroma-82.jpg,Seborrheic Keratoses and other Benign Tumors,,Seborrheic Keratoses and other Benign Tumors,UNMATCHED_RETAINS_FOLDER_LABEL
dermatofibroma-86.jpg,Seborrheic Keratoses and other Benign Tumors,,Seborrheic Keratoses and other Benign Tumors,UNMATCHED_RETAINS_FOLDER_LABEL
dermatofibroma-87.jpg,Seborrheic Keratoses and other Benign Tumors,,Seborrheic Keratoses and other Benign Tumors,UNMATCHED_RETAINS_FOLDER_LABEL
dermatofibroma-9.jpg,Seborrheic Keratoses and other Benign Tumors,,Seborrheic Keratoses and other Benign Tumors,UNMATCHED_RETAINS_FOLDER_LABEL
dermatofibroma-93.jpg,Seborrheic Keratoses and other Benign Tumors,,Seborrheic Keratoses and other Benign Tumors,UNMATCHED_RETAINS_FOLDER_LABEL
dermatofibroma-96.jpg,Seborrheic Keratoses and other Benign Tumors,,Seborrheic Keratoses and other Benign Tumors,UNMATCHED_RETAINS_FOLDER_LABEL
dermatofibroma-99.jpg,Seborrheic Keratoses and other Benign Tumors,,Seborrheic Keratoses and other Benign Tumors,UNMATCHED_RETAINS_FOLDER_LABEL
dermatosis-papulosa-nigra-4.jpg,Seborrheic Keratoses and other Benign Tumors,,Seborrheic Keratoses and other Benign Tumors,UNMATCHED_RETAINS_FOLDER_LABEL
epidermal-cyst-106.jpg,Seborrheic Keratoses and other Benign Tumors,,Seborrheic Keratoses and other Benign Tumors,UNMATCHED_RETAINS_FOLDER_LABEL
epidermal-cyst-108.jpg,Seborrheic Keratoses and other Benign Tumors,,Seborrheic Keratoses and other Benign Tumors,UNMATCHED_RETAINS_FOLDER_LABEL
epidermal-cyst-109.jpg,Seborrheic Keratoses and other Benign Tumors,,Seborrheic Keratoses and other Benign Tumors,UNMATCHED_RETAINS_FOLDER_LABEL
epidermal-cyst-12.jpg,Seborrheic Keratoses and other Benign Tumors,,Seborrheic Keratoses and other Benign Tumors,UNMATCHED_RETAINS_FOLDER_LABEL
epidermal-cyst-123.jpg,Seborrheic Keratoses and other Benign Tumors,,Seborrheic Keratoses and other Benign Tumors,UNMATCHED_RETAINS_FOLDER_LABEL
epidermal-cyst-126.jpg,Seborrheic Keratoses and other Benign Tumors,,Seborrheic Keratoses and other Benign Tumors,UNMATCHED_RETAINS_FOLDER_LABEL
epidermal-cyst-131.jpg,Seborrheic Keratoses and other Benign Tumors,,Seborrheic Keratoses and other Benign Tumors,UNMATCHED_RETAINS_FOLDER_LABEL
epidermal-cyst-134.jpg,Seborrheic Keratoses and other Benign Tumors,,Seborrheic Keratoses and other Benign Tumors,UNMATCHED_RETAINS_FOLDER_LABEL
epidermal-cyst-136.jpg,Seborrheic Keratoses and other Benign Tumors,,Seborrheic Keratoses and other Benign Tumors,UNMATCHED_RETAINS_FOLDER_LABEL
epidermal-cyst-14.jpg,Seborrheic Keratoses and other Benign Tumors,,Seborrheic Keratoses and other Benign Tumors,UNMATCHED_RETAINS_FOLDER_LABEL
epidermal-cyst-142.jpg,Seborrheic Keratoses and other Benign Tumors,,Seborrheic Keratoses and other Benign Tumors,UNMATCHED_RETAINS_FOLDER_LABEL
epidermal-cyst-156.jpg,Seborrheic Keratoses and other Benign Tumors,,Seborrheic Keratoses and other Benign Tumors,UNMATCHED_RETAINS_FOLDER_LABEL
epidermal-cyst-173.jpg,Seborrheic Keratoses and other Benign Tumors,,Seborrheic Keratoses and other Benign Tumors,UNMATCHED_RETAINS_FOLDER_LABEL
epidermal-cyst-175.jpg,Seborrheic Keratoses and other Benign Tumors,,Seborrheic Keratoses and other Benign Tumors,UNMATCHED_RETAINS_FOLDER_LABEL
epidermal-cyst-176.jpg,Seborrheic Keratoses and other Benign Tumors,,Seborrheic Keratoses and other Benign Tumors,UNMATCHED_RETAINS_FOLDER_LABEL
epidermal-cyst-177.jpg,Seborrheic Keratoses and other Benign Tumors,,Seborrheic Keratoses and other Benign Tumors,UNMATCHED_RETAINS_FOLDER_LABEL
epidermal-cyst-180.jpg,Seborrheic Keratoses and other Benign Tumors,,Seborrheic Keratoses and other Benign Tumors,UNMATCHED_RETAINS_FOLDER_LABEL
epidermal-cyst-188.jpg,Seborrheic Keratoses and other Benign Tumors,,Seborrheic Keratoses and other Benign Tumors,UNMATCHED_RETAINS_FOLDER_LABEL
epidermal-nevus-11.jpg,Seborrheic Keratoses and other Benign Tumors,,Seborrheic Keratoses and other Benign Tumors,UNMATCHED_RETAINS_FOLDER_LABEL
epidermal-nevus-12.jpg,Seborrheic Keratoses and other Benign Tumors,,Seborrheic Keratoses and other Benign Tumors,UNMATCHED_RETAINS_FOLDER_LABEL
epidermal-nevus-13.jpg,Seborrheic Keratoses and other Benign Tumors,,Seborrheic Keratoses and other Benign Tumors,UNMATCHED_RETAINS_FOLDER_LABEL
epidermal-nevus-14.jpg,Seborrheic Keratoses and other Benign Tumors,,Seborrheic Keratoses and other Benign Tumors,UNMATCHED_RETAINS_FOLDER_LABEL
epidermal-nevus-16.jpg,Seborrheic Keratoses and other Benign Tumors,,Seborrheic Keratoses and other Benign Tumors,UNMATCHED_RETAINS_FOLDER_LABEL
epidermal-nevus-29.jpg,Seborrheic Keratoses and other Benign Tumors,,Seborrheic Keratoses and other Benign Tumors,UNMATCHED_RETAINS_FOLDER_LABEL
epidermal-nevus-3.jpg,Seborrheic Keratoses and other Benign Tumors,,Seborrheic Keratoses and other Benign Tumors,UNMATCHED_RETAINS_FOLDER_LABEL
epidermal-nevus-41.jpg,Seborrheic Keratoses and other Benign Tumors,,Seborrheic Keratoses and other Benign Tumors,UNMATCHED_RETAINS_FOLDER_LABEL
epidermal-nevus-5.jpg,Seborrheic Keratoses and other Benign Tumors,,Seborrheic Keratoses and other Benign Tumors,UNMATCHED_RETAINS_FOLDER_LABEL
epidermal-nevus-57.jpg,Seborrheic Keratoses and other Benign Tumors,,Seborrheic Keratoses and other Benign Tumors,UNMATCHED_RETAINS_FOLDER_LABEL
epidermal-nevus-58.jpg,Seborrheic Keratoses and other Benign Tumors,,Seborrheic Keratoses and other Benign Tumors,UNMATCHED_RETAINS_FOLDER_LABEL
epidermal-nevus-69.jpg,Seborrheic Keratoses and other Benign Tumors,,Seborrheic Keratoses and other Benign Tumors,UNMATCHED_RETAINS_FOLDER_LABEL
epidermal-nevus-74.jpg,Seborrheic Keratoses and other Benign Tumors,,Seborrheic Keratoses and other Benign Tumors,UNMATCHED_RETAINS_FOLDER_LABEL
fibroma-1.jpg,Seborrheic Keratoses and other Benign Tumors,,Seborrheic Keratoses and other Benign Tumors,UNMATCHED_RETAINS_FOLDER_LABEL
fibroma-3.jpg,Seborrheic Keratoses and other Benign Tumors,,Seborrheic Keratoses and other Benign Tumors,UNMATCHED_RETAINS_FOLDER_LABEL
fibroma-4.jpg,Seborrheic Keratoses and other Benign Tumors,,Seborrheic Keratoses and other Benign Tumors,UNMATCHED_RETAINS_FOLDER_LABEL
fibroma-7.jpg,Seborrheic Keratoses and other Benign Tumors,,Seborrheic Keratoses and other Benign Tumors,UNMATCHED_RETAINS_FOLDER_LABEL
fibroma-8.jpg,Seborrheic Keratoses and other Benign Tumors,,Seborrheic Keratoses and other Benign Tumors,UNMATCHED_RETAINS_FOLDER_LABEL
follicular-keratosis-1.jpg,Seborrheic Keratoses and other Benign Tumors,,Seborrheic Keratoses and other Benign Tumors,UNMATCHED_RETAINS_FOLDER_LABEL
follicular-keratosis-2.jpg,Seborrheic Keratoses and other Benign Tumors,,Seborrheic Keratoses and other Benign Tumors,UNMATCHED_RETAINS_FOLDER_LABEL
hydrocystoma-3.jpg,Seborrheic Keratoses and other Benign Tumors,,Seborrheic Keratoses and other Benign Tumors,UNMATCHED_RETAINS_FOLDER_LABEL
hydrocystoma-7.jpg,Seborrheic Keratoses and other Benign Tumors,,Seborrheic Keratoses and other Benign Tumors,UNMATCHED_RETAINS_FOLDER_LABEL
hydrocystoma-8.jpg,Seborrheic Keratoses and other Benign Tumors,,Seborrheic Keratoses and other Benign Tumors,UNMATCHED_RETAINS_FOLDER_LABEL
keloids-11.jpg,Seborrheic Keratoses and other Benign Tumors,,Seborrheic Keratoses and other Benign Tumors,UNMATCHED_RETAINS_FOLDER_LABEL
keloids-13.jpg,Seborrheic Keratoses and other Benign Tumors,,Seborrheic Keratoses and other Benign Tumors,UNMATCHED_RETAINS_FOLDER_LABEL
keloids-15.jpg,Seborrheic Keratoses and other Benign Tumors,,Seborrheic Keratoses and other Benign Tumors,UNMATCHED_RETAINS_FOLDER_LABEL
keloids-20.jpg,Seborrheic Keratoses and other Benign Tumors,,Seborrheic Keratoses and other Benign Tumors,UNMATCHED_RETAINS_FOLDER_LABEL
keloids-21.jpg,Seborrheic Keratoses and other Benign Tumors,,Seborrheic Keratoses and other Benign Tumors,UNMATCHED_RETAINS_FOLDER_LABEL
keloids-23.jpg,Seborrheic Keratoses and other Benign Tumors,,Seborrheic Keratoses and other Benign Tumors,UNMATCHED_RETAINS_FOLDER_LABEL
keloids-25.jpg,Seborrheic Keratoses and other Benign Tumors,,Seborrheic Keratoses and other Benign Tumors,UNMATCHED_RETAINS_FOLDER_LABEL
keloids-27.jpg,Seborrheic Keratoses and other Benign Tumors,,Seborrheic Keratoses and other Benign Tumors,UNMATCHED_RETAINS_FOLDER_LABEL
keloids-3.jpg,Seborrheic Keratoses and other Benign Tumors,,Seborrheic Keratoses and other Benign Tumors,UNMATCHED_RETAINS_FOLDER_LABEL
keloids-32.jpg,Seborrheic Keratoses and other Benign Tumors,,Seborrheic Keratoses and other Benign Tumors,UNMATCHED_RETAINS_FOLDER_LABEL
keloids-38.jpg,Seborrheic Keratoses and other Benign Tumors,,Seborrheic Keratoses and other Benign Tumors,UNMATCHED_RETAINS_FOLDER_LABEL
keloids-41.jpg,Seborrheic Keratoses and other Benign Tumors,,Seborrheic Keratoses and other Benign Tumors,UNMATCHED_RETAINS_FOLDER_LABEL
keloids-42.jpg,Seborrheic Keratoses and other Benign Tumors,,Seborrheic Keratoses and other Benign Tumors,UNMATCHED_RETAINS_FOLDER_LABEL
keloids-47.jpg,Seborrheic Keratoses and other Benign Tumors,,Seborrheic Keratoses and other Benign Tumors,UNMATCHED_RETAINS_FOLDER_LABEL
keloids-50.jpg,Seborrheic Keratoses and other Benign Tumors,,Seborrheic Keratoses and other Benign Tumors,UNMATCHED_RETAINS_FOLDER_LABEL
keloids-51.jpg,Seborrheic Keratoses and other Benign Tumors,,Seborrheic Keratoses and other Benign Tumors,UNMATCHED_RETAINS_FOLDER_LABEL
keloids-59.jpg,Seborrheic Keratoses and other Benign Tumors,,Seborrheic Keratoses and other Benign Tumors,UNMATCHED_RETAINS_FOLDER_LABEL
keloids-62.jpg,Seborrheic Keratoses and other Benign Tumors,,Seborrheic Keratoses and other Benign Tumors,UNMATCHED_RETAINS_FOLDER_LABEL
keloids-7.jpg,Seborrheic Keratoses and other Benign Tumors,,Seborrheic Keratoses and other Benign Tumors,UNMATCHED_RETAINS_FOLDER_LABEL
keloids-71.jpg,Seborrheic Keratoses and other Benign Tumors,,Seborrheic Keratoses and other Benign Tumors,UNMATCHED_RETAINS_FOLDER_LABEL
keloids-75.jpg,Seborrheic Keratoses and other Benign Tumors,,Seborrheic Keratoses and other Benign Tumors,UNMATCHED_RETAINS_FOLDER_LABEL
keratoacanthoma-1.jpg,Seborrheic Keratoses and other Benign Tumors,,Seborrheic Keratoses and other Benign Tumors,UNMATCHED_RETAINS_FOLDER_LABEL
keratoacanthoma-10.jpg,Seborrheic Keratoses and other Benign Tumors,,Seborrheic Keratoses and other Benign Tumors,UNMATCHED_RETAINS_FOLDER_LABEL
keratoacanthoma-11.jpg,Seborrheic Keratoses and other Benign Tumors,,Seborrheic Keratoses and other Benign Tumors,UNMATCHED_RETAINS_FOLDER_LABEL
keratoacanthoma-117.jpg,Seborrheic Keratoses and other Benign Tumors,,Seborrheic Keratoses and other Benign Tumors,UNMATCHED_RETAINS_FOLDER_LABEL
keratoacanthoma-118.jpg,Seborrheic Keratoses and other Benign Tumors,,Seborrheic Keratoses and other Benign Tumors,UNMATCHED_RETAINS_FOLDER_LABEL
keratoacanthoma-131.jpg,Seborrheic Keratoses and other Benign Tumors,,Seborrheic Keratoses and other Benign Tumors,UNMATCHED_RETAINS_FOLDER_LABEL
keratoacanthoma-132.jpg,Seborrheic Keratoses and other Benign Tumors,,Seborrheic Keratoses and other Benign Tumors,UNMATCHED_RETAINS_FOLDER_LABEL
keratoacanthoma-135.jpg,Seborrheic Keratoses and other Benign Tumors,,Seborrheic Keratoses and other Benign Tumors,UNMATCHED_RETAINS_FOLDER_LABEL
keratoacanthoma-136.jpg,Seborrheic Keratoses and other Benign Tumors,,Seborrheic Keratoses and other Benign Tumors,UNMATCHED_RETAINS_FOLDER_LABEL
keratoacanthoma-137.jpg,Seborrheic Keratoses and other Benign Tumors,,Seborrheic Keratoses and other Benign Tumors,UNMATCHED_RETAINS_FOLDER_LABEL
keratoacanthoma-139.jpg,Seborrheic Keratoses and other Benign Tumors,,Seborrheic Keratoses and other Benign Tumors,UNMATCHED_RETAINS_FOLDER_LABEL
keratoacanthoma-14.jpg,Seborrheic Keratoses and other Benign Tumors,,Seborrheic Keratoses and other Benign Tumors,UNMATCHED_RETAINS_FOLDER_LABEL
keratoacanthoma-143.jpg,Seborrheic Keratoses and other Benign Tumors,,Seborrheic Keratoses and other Benign Tumors,UNMATCHED_RETAINS_FOLDER_LABEL
keratoacanthoma-145.jpg,Seborrheic Keratoses and other Benign Tumors,,Seborrheic Keratoses and other Benign Tumors,UNMATCHED_RETAINS_FOLDER_LABEL
keratoacanthoma-151.jpg,Seborrheic Keratoses and other Benign Tumors,,Seborrheic Keratoses and other Benign Tumors,UNMATCHED_RETAINS_FOLDER_LABEL
keratoacanthoma-157.jpg,Seborrheic Keratoses and other Benign Tumors,,Seborrheic Keratoses and other Benign Tumors,UNMATCHED_RETAINS_FOLDER_LABEL
keratoacanthoma-159.jpg,Seborrheic Keratoses and other Benign Tumors,,Seborrheic Keratoses and other Benign Tumors,UNMATCHED_RETAINS_FOLDER_LABEL
keratoacanthoma-164.jpg,Seborrheic Keratoses and other Benign Tumors,,Seborrheic Keratoses and other Benign Tumors,UNMATCHED_RETAINS_FOLDER_LABEL
keratoacanthoma-167.jpg,Seborrheic Keratoses and other Benign Tumors,,Seborrheic Keratoses and other Benign Tumors,UNMATCHED_RETAINS_FOLDER_LABEL
keratoacanthoma-173.jpg,Seborrheic Keratoses and other Benign Tumors,,Seborrheic Keratoses and other Benign Tumors,UNMATCHED_RETAINS_FOLDER_LABEL
keratoacanthoma-181.jpg,Seborrheic Keratoses and other Benign Tumors,,Seborrheic Keratoses and other Benign Tumors,UNMATCHED_RETAINS_FOLDER_LABEL
keratoacanthoma-194.jpg,Seborrheic Keratoses and other Benign Tumors,,Seborrheic Keratoses and other Benign Tumors,UNMATCHED_RETAINS_FOLDER_LABEL
keratoacanthoma-8.jpg,Seborrheic Keratoses and other Benign Tumors,,Seborrheic Keratoses and other Benign Tumors,UNMATCHED_RETAINS_FOLDER_LABEL
keratoacanthoma-82.jpg,Seborrheic Keratoses and other Benign Tumors,,Seborrheic Keratoses and other Benign Tumors,UNMATCHED_RETAINS_FOLDER_LABEL
keratoacanthoma-83.jpg,Seborrheic Keratoses and other Benign Tumors,,Seborrheic Keratoses and other Benign Tumors,UNMATCHED_RETAINS_FOLDER_LABEL
keratoacanthoma-84.jpg,Seborrheic Keratoses and other Benign Tumors,,Seborrheic Keratoses and other Benign Tumors,UNMATCHED_RETAINS_FOLDER_LABEL
keratoacanthoma-9.jpg,Seborrheic Keratoses and other Benign Tumors,,Seborrheic Keratoses and other Benign Tumors,UNMATCHED_RETAINS_FOLDER_LABEL
keratosis-punctata-1.jpg,Seborrheic Keratoses and other Benign Tumors,,Seborrheic Keratoses and other Benign Tumors,UNMATCHED_RETAINS_FOLDER_LABEL
keratosis-punctata-2.jpg,Seborrheic Keratoses and other Benign Tumors,,Seborrheic Keratoses and other Benign Tumors,UNMATCHED_RETAINS_FOLDER_LABEL
kyrle-disease-4.jpg,Seborrheic Keratoses and other Benign Tumors,,Seborrheic Keratoses and other Benign Tumors,UNMATCHED_RETAINS_FOLDER_LABEL
leiomyomata-4.jpg,Seborrheic Keratoses and other Benign Tumors,,Seborrheic Keratoses and other Benign Tumors,UNMATCHED_RETAINS_FOLDER_LABEL
melanoma-mimic-10.jpg,Seborrheic Keratoses and other Benign Tumors,,Seborrheic Keratoses and other Benign Tumors,UNMATCHED_RETAINS_FOLDER_LABEL
melanoma-mimic-15.jpg,Seborrheic Keratoses and other Benign Tumors,,Seborrheic Keratoses and other Benign Tumors,UNMATCHED_RETAINS_FOLDER_LABEL
melanoma-mimic-2.jpg,Seborrheic Keratoses and other Benign Tumors,,Seborrheic Keratoses and other Benign Tumors,UNMATCHED_RETAINS_FOLDER_LABEL
melanoma-mimic-20.jpg,Seborrheic Keratoses and other Benign Tumors,,Seborrheic Keratoses and other Benign Tumors,UNMATCHED_RETAINS_FOLDER_LABEL
melanoma-mimic-23.jpg,Seborrheic Keratoses and other Benign Tumors,,Seborrheic Keratoses and other Benign Tumors,UNMATCHED_RETAINS_FOLDER_LABEL
melanoma-mimic-8.jpg,Seborrheic Keratoses and other Benign Tumors,,Seborrheic Keratoses and other Benign Tumors,UNMATCHED_RETAINS_FOLDER_LABEL
neurofibromas-11.jpg,Seborrheic Keratoses and other Benign Tumors,,Seborrheic Keratoses and other Benign Tumors,UNMATCHED_RETAINS_FOLDER_LABEL
neurofibromas-18.jpg,Seborrheic Keratoses and other Benign Tumors,,Seborrheic Keratoses and other Benign Tumors,UNMATCHED_RETAINS_FOLDER_LABEL
neurofibromas-5.jpg,Seborrheic Keratoses and other Benign Tumors,,Seborrheic Keratoses and other Benign Tumors,UNMATCHED_RETAINS_FOLDER_LABEL
nevus-sebaceous-15.jpg,Seborrheic Keratoses and other Benign Tumors,,Seborrheic Keratoses and other Benign Tumors,UNMATCHED_RETAINS_FOLDER_LABEL
nevus-sebaceous-16.jpg,Seborrheic Keratoses and other Benign Tumors,,Seborrheic Keratoses and other Benign Tumors,UNMATCHED_RETAINS_FOLDER_LABEL
nevus-sebaceous-29.jpg,Seborrheic Keratoses and other Benign Tumors,,Seborrheic Keratoses and other Benign Tumors,UNMATCHED_RETAINS_FOLDER_LABEL
nevus-sebaceous-31.jpg,Seborrheic Keratoses and other Benign Tumors,,Seborrheic Keratoses and other Benign Tumors,UNMATCHED_RETAINS_FOLDER_LABEL
nevus-sebaceous-32.jpg,Seborrheic Keratoses and other Benign Tumors,,Seborrheic Keratoses and other Benign Tumors,UNMATCHED_RETAINS_FOLDER_LABEL
nevus-sebaceous-40.jpg,Seborrheic Keratoses and other Benign Tumors,,Seborrheic Keratoses and other Benign Tumors,UNMATCHED_RETAINS_FOLDER_LABEL
nevus-sebaceous-51.jpg,Seborrheic Keratoses and other Benign Tumors,,Seborrheic Keratoses and other Benign Tumors,UNMATCHED_RETAINS_FOLDER_LABEL
nevus-sebaceous-56.jpg,Seborrheic Keratoses and other Benign Tumors,,Seborrheic Keratoses and other Benign Tumors,UNMATCHED_RETAINS_FOLDER_LABEL
nevus-sebaceous-57.jpg,Seborrheic Keratoses and other Benign Tumors,,Seborrheic Keratoses and other Benign Tumors,UNMATCHED_RETAINS_FOLDER_LABEL
nevus-sebaceous-58.jpg,Seborrheic Keratoses and other Benign Tumors,,Seborrheic Keratoses and other Benign Tumors,UNMATCHED_RETAINS_FOLDER_LABEL
nevus-sebaceous-63.jpg,Seborrheic Keratoses and other Benign Tumors,,Seborrheic Keratoses and other Benign Tumors,UNMATCHED_RETAINS_FOLDER_LABEL
pilar-cyst-11.jpg,Seborrheic Keratoses and other Benign Tumors,,Seborrheic Keratoses and other Benign Tumors,UNMATCHED_RETAINS_FOLDER_LABEL
pilar-cyst-13.jpg,Seborrheic Keratoses and other Benign Tumors,,Seborrheic Keratoses and other Benign Tumors,UNMATCHED_RETAINS_FOLDER_LABEL
pilar-cyst-16.jpg,Seborrheic Keratoses and other Benign Tumors,,Seborrheic Keratoses and other Benign Tumors,UNMATCHED_RETAINS_FOLDER_LABEL
pilar-cyst-18.jpg,Seborrheic Keratoses and other Benign Tumors,,Seborrheic Keratoses and other Benign Tumors,UNMATCHED_RETAINS_FOLDER_LABEL
pilar-cyst-2.jpg,Seborrheic Keratoses and other Benign Tumors,,Seborrheic Keratoses and other Benign Tumors,UNMATCHED_RETAINS_FOLDER_LABEL
pilar-cyst-22.jpg,Seborrheic Keratoses and other Benign Tumors,,Seborrheic Keratoses and other Benign Tumors,UNMATCHED_RETAINS_FOLDER_LABEL
pilar-cyst-25.jpg,Seborrheic Keratoses and other Benign Tumors,,Seborrheic Keratoses and other Benign Tumors,UNMATCHED_RETAINS_FOLDER_LABEL
pilar-cyst-34.jpg,Seborrheic Keratoses and other Benign Tumors,,Seborrheic Keratoses and other Benign Tumors,UNMATCHED_RETAINS_FOLDER_LABEL
pilar-cyst-37.jpg,Seborrheic Keratoses and other Benign Tumors,,Seborrheic Keratoses and other Benign Tumors,UNMATCHED_RETAINS_FOLDER_LABEL
pilar-cyst-4.jpg,Seborrheic Keratoses and other Benign Tumors,,Seborrheic Keratoses and other Benign Tumors,UNMATCHED_RETAINS_FOLDER_LABEL
pilar-cyst-40.jpg,Seborrheic Keratoses and other Benign Tumors,,Seborrheic Keratoses and other Benign Tumors,UNMATCHED_RETAINS_FOLDER_LABEL
pilar-cyst-42.jpg,Seborrheic Keratoses and other Benign Tumors,,Seborrheic Keratoses and other Benign Tumors,UNMATCHED_RETAINS_FOLDER_LABEL
pilar-cyst-48.jpg,Seborrheic Keratoses and other Benign Tumors,,Seborrheic Keratoses and other Benign Tumors,UNMATCHED_RETAINS_FOLDER_LABEL
pinkus-tumor-3.jpg,Seborrheic Keratoses and other Benign Tumors,,Seborrheic Keratoses and other Benign Tumors,UNMATCHED_RETAINS_FOLDER_LABEL
porokeratosis-19.jpg,Seborrheic Keratoses and other Benign Tumors,,Seborrheic Keratoses and other Benign Tumors,UNMATCHED_RETAINS_FOLDER_LABEL
porokeratosis-21.jpg,Seborrheic Keratoses and other Benign Tumors,,Seborrheic Keratoses and other Benign Tumors,UNMATCHED_RETAINS_FOLDER_LABEL
porokeratosis-22.jpg,Seborrheic Keratoses and other Benign Tumors,,Seborrheic Keratoses and other Benign Tumors,UNMATCHED_RETAINS_FOLDER_LABEL
porokeratosis-23.jpg,Seborrheic Keratoses and other Benign Tumors,,Seborrheic Keratoses and other Benign Tumors,UNMATCHED_RETAINS_FOLDER_LABEL
porokeratosis-31.jpg,Seborrheic Keratoses and other Benign Tumors,,Seborrheic Keratoses and other Benign Tumors,UNMATCHED_RETAINS_FOLDER_LABEL
porokeratosis-5.jpg,Seborrheic Keratoses and other Benign Tumors,,Seborrheic Keratoses and other Benign Tumors,UNMATCHED_RETAINS_FOLDER_LABEL
porokeratosis-51.jpg,Seborrheic Keratoses and other Benign Tumors,,Seborrheic Keratoses and other Benign Tumors,UNMATCHED_RETAINS_FOLDER_LABEL
porokeratosis-66.jpg,Seborrheic Keratoses and other Benign Tumors,,Seborrheic Keratoses and other Benign Tumors,UNMATCHED_RETAINS_FOLDER_LABEL
porokeratosis-67.jpg,Seborrheic Keratoses and other Benign Tumors,,Seborrheic Keratoses and other Benign Tumors,UNMATCHED_RETAINS_FOLDER_LABEL
porokeratosis-95.jpg,Seborrheic Keratoses and other Benign Tumors,,Seborrheic Keratoses and other Benign Tumors,UNMATCHED_RETAINS_FOLDER_LABEL
pseudo-cyst-auricle-1.jpg,Seborrheic Keratoses and other Benign Tumors,,Seborrheic Keratoses and other Benign Tumors,UNMATCHED_RETAINS_FOLDER_LABEL
sebaceous-hyperplasia-1.jpg,Seborrheic Keratoses and other Benign Tumors,,Seborrheic Keratoses and other Benign Tumors,UNMATCHED_RETAINS_FOLDER_LABEL
sebaceous-hyperplasia-10.jpg,Seborrheic Keratoses and other Benign Tumors,,Seborrheic Keratoses and other Benign Tumors,UNMATCHED_RETAINS_FOLDER_LABEL
sebaceous-hyperplasia-101.jpg,Seborrheic Keratoses and other Benign Tumors,,Seborrheic Keratoses and other Benign Tumors,UNMATCHED_RETAINS_FOLDER_LABEL
sebaceous-hyperplasia-102.jpg,Seborrheic Keratoses and other Benign Tumors,,Seborrheic Keratoses and other Benign Tumors,UNMATCHED_RETAINS_FOLDER_LABEL
sebaceous-hyperplasia-103.jpg,Seborrheic Keratoses and other Benign Tumors,,Seborrheic Keratoses and other Benign Tumors,UNMATCHED_RETAINS_FOLDER_LABEL
sebaceous-hyperplasia-12.jpg,Seborrheic Keratoses and other Benign Tumors,,Seborrheic Keratoses and other Benign Tumors,UNMATCHED_RETAINS_FOLDER_LABEL
sebaceous-hyperplasia-13.jpg,Seborrheic Keratoses and other Benign Tumors,,Seborrheic Keratoses and other Benign Tumors,UNMATCHED_RETAINS_FOLDER_LABEL
sebaceous-hyperplasia-132.jpg,Seborrheic Keratoses and other Benign Tumors,,Seborrheic Keratoses and other Benign Tumors,UNMATCHED_RETAINS_FOLDER_LABEL
sebaceous-hyperplasia-14.jpg,Seborrheic Keratoses and other Benign Tumors,,Seborrheic Keratoses and other Benign Tumors,UNMATCHED_RETAINS_FOLDER_LABEL
sebaceous-hyperplasia-19.jpg,Seborrheic Keratoses and other Benign Tumors,,Seborrheic Keratoses and other Benign Tumors,UNMATCHED_RETAINS_FOLDER_LABEL
sebaceous-hyperplasia-2.jpg,Seborrheic Keratoses and other Benign Tumors,,Seborrheic Keratoses and other Benign Tumors,UNMATCHED_RETAINS_FOLDER_LABEL
sebaceous-hyperplasia-21.jpg,Seborrheic Keratoses and other Benign Tumors,,Seborrheic Keratoses and other Benign Tumors,UNMATCHED_RETAINS_FOLDER_LABEL
sebaceous-hyperplasia-30.jpg,Seborrheic Keratoses and other Benign Tumors,,Seborrheic Keratoses and other Benign Tumors,UNMATCHED_RETAINS_FOLDER_LABEL
sebaceous-hyperplasia-34.jpg,Seborrheic Keratoses and other Benign Tumors,,Seborrheic Keratoses and other Benign Tumors,UNMATCHED_RETAINS_FOLDER_LABEL
sebaceous-hyperplasia-36.jpg,Seborrheic Keratoses and other Benign Tumors,,Seborrheic Keratoses and other Benign Tumors,UNMATCHED_RETAINS_FOLDER_LABEL
sebaceous-hyperplasia-4.jpg,Seborrheic Keratoses and other Benign Tumors,,Seborrheic Keratoses and other Benign Tumors,UNMATCHED_RETAINS_FOLDER_LABEL
sebaceous-hyperplasia-43.jpg,Seborrheic Keratoses and other Benign Tumors,,Seborrheic Keratoses and other Benign Tumors,UNMATCHED_RETAINS_FOLDER_LABEL
sebaceous-hyperplasia-51.jpg,Seborrheic Keratoses and other Benign Tumors,,Seborrheic Keratoses and other Benign Tumors,UNMATCHED_RETAINS_FOLDER_LABEL
sebaceous-hyperplasia-53.jpg,Seborrheic Keratoses and other Benign Tumors,,Seborrheic Keratoses and other Benign Tumors,UNMATCHED_RETAINS_FOLDER_LABEL
sebaceous-hyperplasia-59.jpg,Seborrheic Keratoses and other Benign Tumors,,Seborrheic Keratoses and other Benign Tumors,UNMATCHED_RETAINS_FOLDER_LABEL
sebaceous-hyperplasia-64.jpg,Seborrheic Keratoses and other Benign Tumors,,Seborrheic Keratoses and other Benign Tumors,UNMATCHED_RETAINS_FOLDER_LABEL
sebaceous-hyperplasia-75.jpg,Seborrheic Keratoses and other Benign Tumors,,Seborrheic Keratoses and other Benign Tumors,UNMATCHED_RETAINS_FOLDER_LABEL
sebaceous-hyperplasia-87.jpg,Seborrheic Keratoses and other Benign Tumors,,Seborrheic Keratoses and other Benign Tumors,UNMATCHED_RETAINS_FOLDER_LABEL
sebaceous-hyperplasia-9.jpg,Seborrheic Keratoses and other Benign Tumors,,Seborrheic Keratoses and other Benign Tumors,UNMATCHED_RETAINS_FOLDER_LABEL
sebaceous-hyperplasia-90.jpg,Seborrheic Keratoses and other Benign Tumors,,Seborrheic Keratoses and other Benign Tumors,UNMATCHED_RETAINS_FOLDER_LABEL
sebaceous-hyperplasia-96.jpg,Seborrheic Keratoses and other Benign Tumors,,Seborrheic Keratoses and other Benign Tumors,UNMATCHED_RETAINS_FOLDER_LABEL
seborrheic-keratoses-ruff-100.jpg,Seborrheic Keratoses and other Benign Tumors,,Seborrheic Keratoses and other Benign Tumors,UNMATCHED_RETAINS_FOLDER_LABEL
seborrheic-keratoses-ruff-101.jpg,Seborrheic Keratoses and other Benign Tumors,,Seborrheic Keratoses and other Benign Tumors,UNMATCHED_RETAINS_FOLDER_LABEL
seborrheic-keratoses-ruff-107.jpg,Seborrheic Keratoses and other Benign Tumors,,Seborrheic Keratoses and other Benign Tumors,UNMATCHED_RETAINS_FOLDER_LABEL
seborrheic-keratoses-ruff-111.jpg,Seborrheic Keratoses and other Benign Tumors,,Seborrheic Keratoses and other Benign Tumors,UNMATCHED_RETAINS_FOLDER_LABEL
seborrheic-keratoses-ruff-114.jpg,Seborrheic Keratoses and other Benign Tumors,,Seborrheic Keratoses and other Benign Tumors,UNMATCHED_RETAINS_FOLDER_LABEL
seborrheic-keratoses-ruff-116.jpg,Seborrheic Keratoses and other Benign Tumors,,Seborrheic Keratoses and other Benign Tumors,UNMATCHED_RETAINS_FOLDER_LABEL
seborrheic-keratoses-ruff-123.jpg,Seborrheic Keratoses and other Benign Tumors,,Seborrheic Keratoses and other Benign Tumors,UNMATCHED_RETAINS_FOLDER_LABEL
seborrheic-keratoses-ruff-125.jpg,Seborrheic Keratoses and other Benign Tumors,,Seborrheic Keratoses and other Benign Tumors,UNMATCHED_RETAINS_FOLDER_LABEL
seborrheic-keratoses-ruff-126.jpg,Seborrheic Keratoses and other Benign Tumors,,Seborrheic Keratoses and other Benign Tumors,UNMATCHED_RETAINS_FOLDER_LABEL
seborrheic-keratoses-ruff-130.jpg,Seborrheic Keratoses and other Benign Tumors,,Seborrheic Keratoses and other Benign Tumors,UNMATCHED_RETAINS_FOLDER_LABEL
seborrheic-keratoses-ruff-139.jpg,Seborrheic Keratoses and other Benign Tumors,,Seborrheic Keratoses and other Benign Tumors,UNMATCHED_RETAINS_FOLDER_LABEL
seborrheic-keratoses-ruff-146.jpg,Seborrheic Keratoses and other Benign Tumors,,Seborrheic Keratoses and other Benign Tumors,UNMATCHED_RETAINS_FOLDER_LABEL
seborrheic-keratoses-ruff-148.jpg,Seborrheic Keratoses and other Benign Tumors,,Seborrheic Keratoses and other Benign Tumors,UNMATCHED_RETAINS_FOLDER_LABEL
seborrheic-keratoses-ruff-149.jpg,Seborrheic Keratoses and other Benign Tumors,,Seborrheic Keratoses and other Benign Tumors,UNMATCHED_RETAINS_FOLDER_LABEL
seborrheic-keratoses-ruff-170.jpg,Seborrheic Keratoses and other Benign Tumors,,Seborrheic Keratoses and other Benign Tumors,UNMATCHED_RETAINS_FOLDER_LABEL
seborrheic-keratoses-ruff-174.jpg,Seborrheic Keratoses and other Benign Tumors,,Seborrheic Keratoses and other Benign Tumors,UNMATCHED_RETAINS_FOLDER_LABEL
seborrheic-keratoses-ruff-182.jpg,Seborrheic Keratoses and other Benign Tumors,,Seborrheic Keratoses and other Benign Tumors,UNMATCHED_RETAINS_FOLDER_LABEL
seborrheic-keratoses-ruff-184.jpg,Seborrheic Keratoses and other Benign Tumors,,Seborrheic Keratoses and other Benign Tumors,UNMATCHED_RETAINS_FOLDER_LABEL
seborrheic-keratoses-ruff-193.jpg,Seborrheic Keratoses and other Benign Tumors,,Seborrheic Keratoses and other Benign Tumors,UNMATCHED_RETAINS_FOLDER_LABEL
seborrheic-keratoses-ruff-195.jpg,Seborrheic Keratoses and other Benign Tumors,,Seborrheic Keratoses and other Benign Tumors,UNMATCHED_RETAINS_FOLDER_LABEL
seborrheic-keratoses-ruff-196.jpg,Seborrheic Keratoses and other Benign Tumors,,Seborrheic Keratoses and other Benign Tumors,UNMATCHED_RETAINS_FOLDER_LABEL
seborrheic-keratoses-ruff-80.jpg,Seborrheic Keratoses and other Benign Tumors,,Seborrheic Keratoses and other Benign Tumors,UNMATCHED_RETAINS_FOLDER_LABEL
seborrheic-keratoses-ruff-82.jpg,Seborrheic Keratoses and other Benign Tumors,,Seborrheic Keratoses and other Benign Tumors,UNMATCHED_RETAINS_FOLDER_LABEL
seborrheic-keratoses-ruff-91.jpg,Seborrheic Keratoses and other Benign Tumors,,Seborrheic Keratoses and other Benign Tumors,UNMATCHED_RETAINS_FOLDER_LABEL
seborrheic-keratoses-ruff-92.jpg,Seborrheic Keratoses and other Benign Tumors,,Seborrheic Keratoses and other Benign Tumors,UNMATCHED_RETAINS_FOLDER_LABEL
seborrheic-keratoses-smooth-107.jpg,Seborrheic Keratoses and other Benign Tumors,,Seborrheic Keratoses and other Benign Tumors,UNMATCHED_RETAINS_FOLDER_LABEL
seborrheic-keratoses-smooth-110.jpg,Seborrheic Keratoses and other Benign Tumors,,Seborrheic Keratoses and other Benign Tumors,UNMATCHED_RETAINS_FOLDER_LABEL
seborrheic-keratoses-smooth-112.jpg,Seborrheic Keratoses and other Benign Tumors,,Seborrheic Keratoses and other Benign Tumors,UNMATCHED_RETAINS_FOLDER_LABEL
seborrheic-keratoses-smooth-113.jpg,Seborrheic Keratoses and other Benign Tumors,,Seborrheic Keratoses and other Benign Tumors,UNMATCHED_RETAINS_FOLDER_LABEL
seborrheic-keratoses-smooth-114.jpg,Seborrheic Keratoses and other Benign Tumors,,Seborrheic Keratoses and other Benign Tumors,UNMATCHED_RETAINS_FOLDER_LABEL
seborrheic-keratoses-smooth-116.jpg,Seborrheic Keratoses and other Benign Tumors,,Seborrheic Keratoses and other Benign Tumors,UNMATCHED_RETAINS_FOLDER_LABEL
seborrheic-keratoses-smooth-121.jpg,Seborrheic Keratoses and other Benign Tumors,,Seborrheic Keratoses and other Benign Tumors,UNMATCHED_RETAINS_FOLDER_LABEL
seborrheic-keratoses-smooth-127.jpg,Seborrheic Keratoses and other Benign Tumors,,Seborrheic Keratoses and other Benign Tumors,UNMATCHED_RETAINS_FOLDER_LABEL
seborrheic-keratoses-smooth-16.jpg,Seborrheic Keratoses and other Benign Tumors,,Seborrheic Keratoses and other Benign Tumors,UNMATCHED_RETAINS_FOLDER_LABEL
seborrheic-keratoses-smooth-20.jpg,Seborrheic Keratoses and other Benign Tumors,,Seborrheic Keratoses and other Benign Tumors,UNMATCHED_RETAINS_FOLDER_LABEL
seborrheic-keratoses-smooth-26.jpg,Seborrheic Keratoses and other Benign Tumors,,Seborrheic Keratoses and other Benign Tumors,UNMATCHED_RETAINS_FOLDER_LABEL
seborrheic-keratoses-smooth-31.jpg,Seborrheic Keratoses and other Benign Tumors,,Seborrheic Keratoses and other Benign Tumors,UNMATCHED_RETAINS_FOLDER_LABEL
seborrheic-keratoses-smooth-32.jpg,Seborrheic Keratoses and other Benign Tumors,,Seborrheic Keratoses and other Benign Tumors,UNMATCHED_RETAINS_FOLDER_LABEL
seborrheic-keratoses-smooth-35.jpg,Seborrheic Keratoses and other Benign Tumors,,Seborrheic Keratoses and other Benign Tumors,UNMATCHED_RETAINS_FOLDER_LABEL
seborrheic-keratoses-smooth-36.jpg,Seborrheic Keratoses and other Benign Tumors,,Seborrheic Keratoses and other Benign Tumors,UNMATCHED_RETAINS_FOLDER_LABEL
seborrheic-keratoses-smooth-42.jpg,Seborrheic Keratoses and other Benign Tumors,,Seborrheic Keratoses and other Benign Tumors,UNMATCHED_RETAINS_FOLDER_LABEL
seborrheic-keratoses-smooth-44.jpg,Seborrheic Keratoses and other Benign Tumors,,Seborrheic Keratoses and other Benign Tumors,UNMATCHED_RETAINS_FOLDER_LABEL
seborrheic-keratoses-smooth-47.jpg,Seborrheic Keratoses and other Benign Tumors,,Seborrheic Keratoses and other Benign Tumors,UNMATCHED_RETAINS_FOLDER_LABEL
seborrheic-keratoses-smooth-57.jpg,Seborrheic Keratoses and other Benign Tumors,,Seborrheic Keratoses and other Benign Tumors,UNMATCHED_RETAINS_FOLDER_LABEL
seborrheic-keratoses-smooth-6.jpg,Seborrheic Keratoses and other Benign Tumors,,Seborrheic Keratoses and other Benign Tumors,UNMATCHED_RETAINS_FOLDER_LABEL
seborrheic-keratoses-smooth-62.jpg,Seborrheic Keratoses and other Benign Tumors,,Seborrheic Keratoses and other Benign Tumors,UNMATCHED_RETAINS_FOLDER_LABEL
seborrheic-keratoses-smooth-66.jpg,Seborrheic Keratoses and other Benign Tumors,,Seborrheic Keratoses and other Benign Tumors,UNMATCHED_RETAINS_FOLDER_LABEL
seborrheic-keratoses-smooth-68.jpg,Seborrheic Keratoses and other Benign Tumors,,Seborrheic Keratoses and other Benign Tumors,UNMATCHED_RETAINS_FOLDER_LABEL
seborrheic-keratoses-smooth-76.jpg,Seborrheic Keratoses and other Benign Tumors,,Seborrheic Keratoses and other Benign Tumors,UNMATCHED_RETAINS_FOLDER_LABEL
seborrheic-keratoses-smooth-78.jpg,Seborrheic Keratoses and other Benign Tumors,,Seborrheic Keratoses and other Benign Tumors,UNMATCHED_RETAINS_FOLDER_LABEL
seborrheic-keratoses-smooth-94.jpg,Seborrheic Keratoses and other Benign Tumors,,Seborrheic Keratoses and other Benign Tumors,UNMATCHED_RETAINS_FOLDER_LABEL
seborrheic-keratoses-smooth-99.jpg,Seborrheic Keratoses and other Benign Tumors,,Seborrheic Keratoses and other Benign Tumors,UNMATCHED_RETAINS_FOLDER_LABEL
seborrheic-keratosis-irritated-101.jpg,Seborrheic Keratoses and other Benign Tumors,,Seborrheic Keratoses and other Benign Tumors,UNMATCHED_RETAINS_FOLDER_LABEL
seborrheic-keratosis-irritated-105.jpg,Seborrheic Keratoses and other Benign Tumors,,Seborrheic Keratoses and other Benign Tumors,UNMATCHED_RETAINS_FOLDER_LABEL
seborrheic-keratosis-irritated-107.jpg,Seborrheic Keratoses and other Benign Tumors,,Seborrheic Keratoses and other Benign Tumors,UNMATCHED_RETAINS_FOLDER_LABEL
seborrheic-keratosis-irritated-109.jpg,Seborrheic Keratoses and other Benign Tumors,,Seborrheic Keratoses and other Benign Tumors,UNMATCHED_RETAINS_FOLDER_LABEL
seborrheic-keratosis-irritated-110.jpg,Seborrheic Keratoses and other Benign Tumors,,Seborrheic Keratoses and other Benign Tumors,UNMATCHED_RETAINS_FOLDER_LABEL
seborrheic-keratosis-irritated-113.jpg,Seborrheic Keratoses and other Benign Tumors,,Seborrheic Keratoses and other Benign Tumors,UNMATCHED_RETAINS_FOLDER_LABEL
seborrheic-keratosis-irritated-114.jpg,Seborrheic Keratoses and other Benign Tumors,,Seborrheic Keratoses and other Benign Tumors,UNMATCHED_RETAINS_FOLDER_LABEL
seborrheic-keratosis-irritated-124.jpg,Seborrheic Keratoses and other Benign Tumors,,Seborrheic Keratoses and other Benign Tumors,UNMATCHED_RETAINS_FOLDER_LABEL
seborrheic-keratosis-irritated-126.jpg,Seborrheic Keratoses and other Benign Tumors,,Seborrheic Keratoses and other Benign Tumors,UNMATCHED_RETAINS_FOLDER_LABEL
seborrheic-keratosis-irritated-130.jpg,Seborrheic Keratoses and other Benign Tumors,,Seborrheic Keratoses and other Benign Tumors,UNMATCHED_RETAINS_FOLDER_LABEL
seborrheic-keratosis-irritated-135.jpg,Seborrheic Keratoses and other Benign Tumors,,Seborrheic Keratoses and other Benign Tumors,UNMATCHED_RETAINS_FOLDER_LABEL
seborrheic-keratosis-irritated-137.jpg,Seborrheic Keratoses and other Benign Tumors,,Seborrheic Keratoses and other Benign Tumors,UNMATCHED_RETAINS_FOLDER_LABEL
seborrheic-keratosis-irritated-145.jpg,Seborrheic Keratoses and other Benign Tumors,,Seborrheic Keratoses and other Benign Tumors,UNMATCHED_RETAINS_FOLDER_LABEL
seborrheic-keratosis-irritated-152.jpg,Seborrheic Keratoses and other Benign Tumors,,Seborrheic Keratoses and other Benign Tumors,UNMATCHED_RETAINS_FOLDER_LABEL
seborrheic-keratosis-irritated-162.jpg,Seborrheic Keratoses and other Benign Tumors,,Seborrheic Keratoses and other Benign Tumors,UNMATCHED_RETAINS_FOLDER_LABEL
seborrheic-keratosis-irritated-168.jpg,Seborrheic Keratoses and other Benign Tumors,,Seborrheic Keratoses and other Benign Tumors,UNMATCHED_RETAINS_FOLDER_LABEL
seborrheic-keratosis-irritated-184.jpg,Seborrheic Keratoses and other Benign Tumors,,Seborrheic Keratoses and other Benign Tumors,UNMATCHED_RETAINS_FOLDER_LABEL
seborrheic-keratosis-irritated-22.jpg,Seborrheic Keratoses and other Benign Tumors,,Seborrheic Keratoses and other Benign Tumors,UNMATCHED_RETAINS_FOLDER_LABEL
seborrheic-keratosis-irritated-23.jpg,Seborrheic Keratoses and other Benign Tumors,,Seborrheic Keratoses and other Benign Tumors,UNMATCHED_RETAINS_FOLDER_LABEL
seborrheic-keratosis-irritated-28.jpg,Seborrheic Keratoses and other Benign Tumors,,Seborrheic Keratoses and other Benign Tumors,UNMATCHED_RETAINS_FOLDER_LABEL
seborrheic-keratosis-irritated-32.jpg,Seborrheic Keratoses and other Benign Tumors,,Seborrheic Keratoses and other Benign Tumors,UNMATCHED_RETAINS_FOLDER_LABEL
seborrheic-keratosis-irritated-80.jpg,Seborrheic Keratoses and other Benign Tumors,,Seborrheic Keratoses and other Benign Tumors,UNMATCHED_RETAINS_FOLDER_LABEL
seborrheic-keratosis-irritated-81.jpg,Seborrheic Keratoses and other Benign Tumors,,Seborrheic Keratoses and other Benign Tumors,UNMATCHED_RETAINS_FOLDER_LABEL
seborrheic-keratosis-irritated-86.jpg,Seborrheic Keratoses and other Benign Tumors,,Seborrheic Keratoses and other Benign Tumors,UNMATCHED_RETAINS_FOLDER_LABEL
seborrheic-keratosis-irritated-89.jpg,Seborrheic Keratoses and other Benign Tumors,,Seborrheic Keratoses and other Benign Tumors,UNMATCHED_RETAINS_FOLDER_LABEL
seborrheic-keratosis-irritated-91.jpg,Seborrheic Keratoses and other Benign Tumors,,Seborrheic Keratoses and other Benign Tumors,UNMATCHED_RETAINS_FOLDER_LABEL
skin-tags-polyps-16.jpg,Seborrheic Keratoses and other Benign Tumors,,Seborrheic Keratoses and other Benign Tumors,UNMATCHED_RETAINS_FOLDER_LABEL
skin-tags-polyps-22.jpg,Seborrheic Keratoses and other Benign Tumors,,Seborrheic Keratoses and other Benign Tumors,UNMATCHED_RETAINS_FOLDER_LABEL
skin-tags-polyps-23.jpg,Seborrheic Keratoses and other Benign Tumors,,Seborrheic Keratoses and other Benign Tumors,UNMATCHED_RETAINS_FOLDER_LABEL
skin-tags-polyps-26.jpg,Seborrheic Keratoses and other Benign Tumors,,Seborrheic Keratoses and other Benign Tumors,UNMATCHED_RETAINS_FOLDER_LABEL
skin-tags-polyps-27.jpg,Seborrheic Keratoses and other Benign Tumors,,Seborrheic Keratoses and other Benign Tumors,UNMATCHED_RETAINS_FOLDER_LABEL
skin-tags-polyps-36.jpg,Seborrheic Keratoses and other Benign Tumors,,Seborrheic Keratoses and other Benign Tumors,UNMATCHED_RETAINS_FOLDER_LABEL
skin-tags-polyps-43.jpg,Seborrheic Keratoses and other Benign Tumors,,Seborrheic Keratoses and other Benign Tumors,UNMATCHED_RETAINS_FOLDER_LABEL
skin-tags-polyps-60.jpg,Seborrheic Keratoses and other Benign Tumors,,Seborrheic Keratoses and other Benign Tumors,UNMATCHED_RETAINS_FOLDER_LABEL
skin-tags-polyps-66.jpg,Seborrheic Keratoses and other Benign Tumors,,Seborrheic Keratoses and other Benign Tumors,UNMATCHED_RETAINS_FOLDER_LABEL
skin-tags-polyps-68.jpg,Seborrheic Keratoses and other Benign Tumors,,Seborrheic Keratoses and other Benign Tumors,UNMATCHED_RETAINS_FOLDER_LABEL
skin-tags-polyps-69.jpg,Seborrheic Keratoses and other Benign Tumors,,Seborrheic Keratoses and other Benign Tumors,UNMATCHED_RETAINS_FOLDER_LABEL
skin-tags-polyps-70.jpg,Seborrheic Keratoses and other Benign Tumors,,Seborrheic Keratoses and other Benign Tumors,UNMATCHED_RETAINS_FOLDER_LABEL
skin-tags-polyps-76.jpg,Seborrheic Keratoses and other Benign Tumors,,Seborrheic Keratoses and other Benign Tumors,UNMATCHED_RETAINS_FOLDER_LABEL
skin-tags-polyps-81.jpg,Seborrheic Keratoses and other Benign Tumors,,Seborrheic Keratoses and other Benign Tumors,UNMATCHED_RETAINS_FOLDER_LABEL
skin-tags-polyps-84.jpg,Seborrheic Keratoses and other Benign Tumors,,Seborrheic Keratoses and other Benign Tumors,UNMATCHED_RETAINS_FOLDER_LABEL
skin-tags-polyps-97.jpg,Seborrheic Keratoses and other Benign Tumors,,Seborrheic Keratoses and other Benign Tumors,UNMATCHED_RETAINS_FOLDER_LABEL
stucco-keratoses-11.jpg,Seborrheic Keratoses and other Benign Tumors,,Seborrheic Keratoses and other Benign Tumors,UNMATCHED_RETAINS_FOLDER_LABEL
stucco-keratoses-13.jpg,Seborrheic Keratoses and other Benign Tumors,,Seborrheic Keratoses and other Benign Tumors,UNMATCHED_RETAINS_FOLDER_LABEL
stucco-keratoses-16.jpg,Seborrheic Keratoses and other Benign Tumors,,Seborrheic Keratoses and other Benign Tumors,UNMATCHED_RETAINS_FOLDER_LABEL
stucco-keratoses-18.jpg,Seborrheic Keratoses and other Benign Tumors,,Seborrheic Keratoses and other Benign Tumors,UNMATCHED_RETAINS_FOLDER_LABEL
stucco-keratoses-20.jpg,Seborrheic Keratoses and other Benign Tumors,,Seborrheic Keratoses and other Benign Tumors,UNMATCHED_RETAINS_FOLDER_LABEL
stucco-keratoses-21.jpg,Seborrheic Keratoses and other Benign Tumors,,Seborrheic Keratoses and other Benign Tumors,UNMATCHED_RETAINS_FOLDER_LABEL
stucco-keratoses-25.jpg,Seborrheic Keratoses and other Benign Tumors,,Seborrheic Keratoses and other Benign Tumors,UNMATCHED_RETAINS_FOLDER_LABEL
stucco-keratoses-37.jpg,Seborrheic Keratoses and other Benign Tumors,,Seborrheic Keratoses and other Benign Tumors,UNMATCHED_RETAINS_FOLDER_LABEL
stucco-keratoses-4.jpg,Seborrheic Keratoses and other Benign Tumors,,Seborrheic Keratoses and other Benign Tumors,UNMATCHED_RETAINS_FOLDER_LABEL
stucco-keratoses-49.jpg,Seborrheic Keratoses and other Benign Tumors,,Seborrheic Keratoses and other Benign Tumors,UNMATCHED_RETAINS_FOLDER_LABEL
stucco-keratoses-53.jpg,Seborrheic Keratoses and other Benign Tumors,,Seborrheic Keratoses and other Benign Tumors,UNMATCHED_RETAINS_FOLDER_LABEL
stucco-keratoses-59.jpg,Seborrheic Keratoses and other Benign Tumors,,Seborrheic Keratoses and other Benign Tumors,UNMATCHED_RETAINS_FOLDER_LABEL
stucco-keratoses-8.jpg,Seborrheic Keratoses and other Benign Tumors,,Seborrheic Keratoses and other Benign Tumors,UNMATCHED_RETAINS_FOLDER_LABEL
syringoma-14.jpg,Seborrheic Keratoses and other Benign Tumors,,Seborrheic Keratoses and other Benign Tumors,UNMATCHED_RETAINS_FOLDER_LABEL
syringoma-26.jpg,Seborrheic Keratoses and other Benign Tumors,,Seborrheic Keratoses and other Benign Tumors,UNMATCHED_RETAINS_FOLDER_LABEL
syringoma-34.jpg,Seborrheic Keratoses and other Benign Tumors,,Seborrheic Keratoses and other Benign Tumors,UNMATCHED_RETAINS_FOLDER_LABEL
syringoma-36.jpg,Seborrheic Keratoses and other Benign Tumors,,Seborrheic Keratoses and other Benign Tumors,UNMATCHED_RETAINS_FOLDER_LABEL
syringoma-42.jpg,Seborrheic Keratoses and other Benign Tumors,,Seborrheic Keratoses and other Benign Tumors,UNMATCHED_RETAINS_FOLDER_LABEL
syringoma-51.jpg,Seborrheic Keratoses and other Benign Tumors,,Seborrheic Keratoses and other Benign Tumors,UNMATCHED_RETAINS_FOLDER_LABEL
syringoma-7.jpg,Seborrheic Keratoses and other Benign Tumors,,Seborrheic Keratoses and other Benign Tumors,UNMATCHED_RETAINS_FOLDER_LABEL
trichofolliculoma-2.jpg,Seborrheic Keratoses and other Benign Tumors,,Seborrheic Keratoses and other Benign Tumors,UNMATCHED_RETAINS_FOLDER_LABEL
trichofolliculoma-5.jpg,Seborrheic Keratoses and other Benign Tumors,,Seborrheic Keratoses and other Benign Tumors,UNMATCHED_RETAINS_FOLDER_LABEL
