psd_id,source_dataset,dataset_version,original_split,source_type,original_class,original_filename,original_path,mapped_class,review_status,duplicate_status,quality_status,final_filename,final_width,final_height
PSD_00000001,DermNet,DermNet,train,original,Psoriasis pictures Lichen Planus and related diseases,07acne06270532.jpg,C:\Users\manis\Desktop\Final_Year_Project\PapuloNet\datasets\dermnet\train\Psoriasis pictures Lichen Planus and related diseases\07acne06270532.jpg,AMBIGUOUS_MERGED,True,PENDING,PENDING,,,
PSD_00000002,DermNet,DermNet,train,original,Psoriasis pictures Lichen Planus and related diseases,08biteLine110105.jpg,C:\Users\manis\Desktop\Final_Year_Project\PapuloNet\datasets\dermnet\train\Psoriasis pictures Lichen Planus and related diseases\08biteLine110105.jpg,AMBIGUOUS_MERGED,True,PENDING,PENDING,,,
PSD_00000003,DermNet,DermNet,train,original,Psoriasis pictures Lichen Planus and related diseases,08biteLine1101051.jpg,C:\Users\manis\Desktop\Final_Year_Project\PapuloNet\datasets\dermnet\train\Psoriasis pictures Lichen Planus and related diseases\08biteLine1101051.jpg,AMBIGUOUS_MERGED,True,PENDING,PENDING,,,
PSD_00000004,DermNet,DermNet,train,original,Psoriasis pictures Lichen Planus and related diseases,08biteLine1101052.jpg,C:\Users\manis\Desktop\Final_Year_Project\PapuloNet\datasets\dermnet\train\Psoriasis pictures Lichen Planus and related diseases\08biteLine1101052.jpg,AMBIGUOUS_MERGED,True,PENDING,PENDING,,,
PSD_00000005,DermNet,DermNet,train,original,Psoriasis pictures Lichen Planus and related diseases,08LichenPlanusTongue.jpg,C:\Users\manis\Desktop\Final_Year_Project\PapuloNet\datasets\dermnet\train\Psoriasis pictures Lichen Planus and related diseases\08LichenPlanusTongue.jpg,AMBIGUOUS_MERGED,True,PENDING,PENDING,,,
PSD_00000006,DermNet,DermNet,train,original,Psoriasis pictures Lichen Planus and related diseases,08lichenPlanusTongue112205.jpg,C:\Users\manis\Desktop\Final_Year_Project\PapuloNet\datasets\dermnet\train\Psoriasis pictures Lichen Planus and related diseases\08lichenPlanusTongue112205.jpg,AMBIGUOUS_MERGED,True,PENDING,PENDING,,,
PSD_00000007,DermNet,DermNet,train,original,Psoriasis pictures Lichen Planus and related diseases,08lichenPlanusTongue1122051.jpg,C:\Users\manis\Desktop\Final_Year_Project\PapuloNet\datasets\dermnet\train\Psoriasis pictures Lichen Planus and related diseases\08lichenPlanusTongue1122051.jpg,AMBIGUOUS_MERGED,True,PENDING,PENDING,,,
PSD_00000008,DermNet,DermNet,train,original,Psoriasis pictures Lichen Planus and related diseases,08lichenPlanusTongue1122052.jpg,C:\Users\manis\Desktop\Final_Year_Project\PapuloNet\datasets\dermnet\train\Psoriasis pictures Lichen Planus and related diseases\08lichenPlanusTongue1122052.jpg,AMBIGUOUS_MERGED,True,PENDING,PENDING,,,
PSD_00000009,DermNet,DermNet,train,original,Psoriasis pictures Lichen Planus and related diseases,08LSAAnal062804.jpg,C:\Users\manis\Desktop\Final_Year_Project\PapuloNet\datasets\dermnet\train\Psoriasis pictures Lichen Planus and related diseases\08LSAAnal062804.jpg,AMBIGUOUS_MERGED,True,PENDING,PENDING,,,
PSD_00000010,DermNet,DermNet,train,original,Psoriasis pictures Lichen Planus and related diseases,08LSASkin.jpg,C:\Users\manis\Desktop\Final_Year_Project\PapuloNet\datasets\dermnet\train\Psoriasis pictures Lichen Planus and related diseases\08LSASkin.jpg,AMBIGUOUS_MERGED,True,PENDING,PENDING,,,
PSD_00000011,DermNet,DermNet,train,original,Psoriasis pictures Lichen Planus and related diseases,08PsoriasisGroin.jpg,C:\Users\manis\Desktop\Final_Year_Project\PapuloNet\datasets\dermnet\train\Psoriasis pictures Lichen Planus and related diseases\08PsoriasisGroin.jpg,AMBIGUOUS_MERGED,True,PENDING,PENDING,,,
PSD_00000012,DermNet,DermNet,train,original,Psoriasis pictures Lichen Planus and related diseases,08PsoriasisGroin1.jpg,C:\Users\manis\Desktop\Final_Year_Project\PapuloNet\datasets\dermnet\train\Psoriasis pictures Lichen Planus and related diseases\08PsoriasisGroin1.jpg,AMBIGUOUS_MERGED,True,PENDING,PENDING,,,
PSD_00000013,DermNet,DermNet,train,original,Psoriasis pictures Lichen Planus and related diseases,08psoriasisIntertrig020606.jpg,C:\Users\manis\Desktop\Final_Year_Project\PapuloNet\datasets\dermnet\train\Psoriasis pictures Lichen Planus and related diseases\08psoriasisIntertrig020606.jpg,AMBIGUOUS_MERGED,True,PENDING,PENDING,,,
PSD_00000014,DermNet,DermNet,train,original,Psoriasis pictures Lichen Planus and related diseases,08psoriasisIntertrig0206061.jpg,C:\Users\manis\Desktop\Final_Year_Project\PapuloNet\datasets\dermnet\train\Psoriasis pictures Lichen Planus and related diseases\08psoriasisIntertrig0206061.jpg,AMBIGUOUS_MERGED,True,PENDING,PENDING,,,
PSD_00000015,DermNet,DermNet,train,original,Psoriasis pictures Lichen Planus and related diseases,08PsoriasisIntertrigo.jpg,C:\Users\manis\Desktop\Final_Year_Project\PapuloNet\datasets\dermnet\train\Psoriasis pictures Lichen Planus and related diseases\08PsoriasisIntertrigo.jpg,AMBIGUOUS_MERGED,True,PENDING,PENDING,,,
PSD_00000016,DermNet,DermNet,train,original,Psoriasis pictures Lichen Planus and related diseases,08PsoriasisIntertrigo1006.jpg,C:\Users\manis\Desktop\Final_Year_Project\PapuloNet\datasets\dermnet\train\Psoriasis pictures Lichen Planus and related diseases\08PsoriasisIntertrigo1006.jpg,AMBIGUOUS_MERGED,True,PENDING,PENDING,,,
PSD_00000017,DermNet,DermNet,train,original,Psoriasis pictures Lichen Planus and related diseases,08PsoriasisNailSkin.jpg,C:\Users\manis\Desktop\Final_Year_Project\PapuloNet\datasets\dermnet\train\Psoriasis pictures Lichen Planus and related diseases\08PsoriasisNailSkin.jpg,AMBIGUOUS_MERGED,True,PENDING,PENDING,,,
PSD_00000018,DermNet,DermNet,train,original,Psoriasis pictures Lichen Planus and related diseases,08PsoriasisOilSpot.jpg,C:\Users\manis\Desktop\Final_Year_Project\PapuloNet\datasets\dermnet\train\Psoriasis pictures Lichen Planus and related diseases\08PsoriasisOilSpot.jpg,AMBIGUOUS_MERGED,True,PENDING,PENDING,,,
PSD_00000019,DermNet,DermNet,train,original,Psoriasis pictures Lichen Planus and related diseases,08PsoriasisOnycholysis.jpg,C:\Users\manis\Desktop\Final_Year_Project\PapuloNet\datasets\dermnet\train\Psoriasis pictures Lichen Planus and related diseases\08PsoriasisOnycholysis.jpg,AMBIGUOUS_MERGED,True,PENDING,PENDING,,,
PSD_00000020,DermNet,DermNet,train,original,Psoriasis pictures Lichen Planus and related diseases,08PsoriasisOnycholysis1.jpg,C:\Users\manis\Desktop\Final_Year_Project\PapuloNet\datasets\dermnet\train\Psoriasis pictures Lichen Planus and related diseases\08PsoriasisOnycholysis1.jpg,AMBIGUOUS_MERGED,True,PENDING,PENDING,,,
PSD_00000021,DermNet,DermNet,train,original,Psoriasis pictures Lichen Planus and related diseases,08PsoriasisOnycholysis2.jpg,C:\Users\manis\Desktop\Final_Year_Project\PapuloNet\datasets\dermnet\train\Psoriasis pictures Lichen Planus and related diseases\08PsoriasisOnycholysis2.jpg,AMBIGUOUS_MERGED,True,PENDING,PENDING,,,
PSD_00000022,DermNet,DermNet,train,original,Psoriasis pictures Lichen Planus and related diseases,08PsoriasisPinking2.jpg,C:\Users\manis\Desktop\Final_Year_Project\PapuloNet\datasets\dermnet\train\Psoriasis pictures Lichen Planus and related diseases\08PsoriasisPinking2.jpg,AMBIGUOUS_MERGED,True,PENDING,PENDING,,,
PSD_00000023,DermNet,DermNet,train,original,Psoriasis pictures Lichen Planus and related diseases,08PsoriasisPitting.jpg,C:\Users\manis\Desktop\Final_Year_Project\PapuloNet\datasets\dermnet\train\Psoriasis pictures Lichen Planus and related diseases\08PsoriasisPitting.jpg,AMBIGUOUS_MERGED,True,PENDING,PENDING,,,
PSD_00000024,DermNet,DermNet,train,original,Psoriasis pictures Lichen Planus and related diseases,08PsoriasisPitting1.jpg,C:\Users\manis\Desktop\Final_Year_Project\PapuloNet\datasets\dermnet\train\Psoriasis pictures Lichen Planus and related diseases\08PsoriasisPitting1.jpg,AMBIGUOUS_MERGED,True,PENDING,PENDING,,,
PSD_00000025,DermNet,DermNet,train,original,Psoriasis pictures Lichen Planus and related diseases,08PsoriasisPustular.jpg,C:\Users\manis\Desktop\Final_Year_Project\PapuloNet\datasets\dermnet\train\Psoriasis pictures Lichen Planus and related diseases\08PsoriasisPustular.jpg,AMBIGUOUS_MERGED,True,PENDING,PENDING,,,
PSD_00000026,DermNet,DermNet,train,original,Psoriasis pictures Lichen Planus and related diseases,08PsoriasisUmbilicus.jpg,C:\Users\manis\Desktop\Final_Year_Project\PapuloNet\datasets\dermnet\train\Psoriasis pictures Lichen Planus and related diseases\08PsoriasisUmbilicus.jpg,AMBIGUOUS_MERGED,True,PENDING,PENDING,,,
PSD_00000027,DermNet,DermNet,train,original,Psoriasis pictures Lichen Planus and related diseases,08SebDermBrow.jpg,C:\Users\manis\Desktop\Final_Year_Project\PapuloNet\datasets\dermnet\train\Psoriasis pictures Lichen Planus and related diseases\08SebDermBrow.jpg,AMBIGUOUS_MERGED,True,PENDING,PENDING,,,
PSD_00000028,DermNet,DermNet,train,original,Psoriasis pictures Lichen Planus and related diseases,08SebDermChest020106.jpg,C:\Users\manis\Desktop\Final_Year_Project\PapuloNet\datasets\dermnet\train\Psoriasis pictures Lichen Planus and related diseases\08SebDermChest020106.jpg,AMBIGUOUS_MERGED,True,PENDING,PENDING,,,
PSD_00000029,DermNet,DermNet,train,original,Psoriasis pictures Lichen Planus and related diseases,08SebDermCradleCap.jpg,C:\Users\manis\Desktop\Final_Year_Project\PapuloNet\datasets\dermnet\train\Psoriasis pictures Lichen Planus and related diseases\08SebDermCradleCap.jpg,AMBIGUOUS_MERGED,True,PENDING,PENDING,,,
PSD_00000030,DermNet,DermNet,train,original,Psoriasis pictures Lichen Planus and related diseases,08SebDermEAr.jpg,C:\Users\manis\Desktop\Final_Year_Project\PapuloNet\datasets\dermnet\train\Psoriasis pictures Lichen Planus and related diseases\08SebDermEAr.jpg,AMBIGUOUS_MERGED,True,PENDING,PENDING,,,
PSD_00000031,DermNet,DermNet,train,original,Psoriasis pictures Lichen Planus and related diseases,08sebDermEar031306.jpg,C:\Users\manis\Desktop\Final_Year_Project\PapuloNet\datasets\dermnet\train\Psoriasis pictures Lichen Planus and related diseases\08sebDermEar031306.jpg,AMBIGUOUS_MERGED,True,PENDING,PENDING,,,
PSD_00000032,DermNet,DermNet,train,original,Psoriasis pictures Lichen Planus and related diseases,08sebDermEar092605.jpg,C:\Users\manis\Desktop\Final_Year_Project\PapuloNet\datasets\dermnet\train\Psoriasis pictures Lichen Planus and related diseases\08sebDermEar092605.jpg,AMBIGUOUS_MERGED,True,PENDING,PENDING,,,
PSD_00000033,DermNet,DermNet,train,original,Psoriasis pictures Lichen Planus and related diseases,08sebDermEar0926051.jpg,C:\Users\manis\Desktop\Final_Year_Project\PapuloNet\datasets\dermnet\train\Psoriasis pictures Lichen Planus and related diseases\08sebDermEar0926051.jpg,AMBIGUOUS_MERGED,True,PENDING,PENDING,,,
PSD_00000034,DermNet,DermNet,train,original,Psoriasis pictures Lichen Planus and related diseases,08SebDermEar1.jpg,C:\Users\manis\Desktop\Final_Year_Project\PapuloNet\datasets\dermnet\train\Psoriasis pictures Lichen Planus and related diseases\08SebDermEar1.jpg,AMBIGUOUS_MERGED,True,PENDING,PENDING,,,
PSD_00000035,DermNet,DermNet,train,original,Psoriasis pictures Lichen Planus and related diseases,08SebDermEArq.jpg,C:\Users\manis\Desktop\Final_Year_Project\PapuloNet\datasets\dermnet\train\Psoriasis pictures Lichen Planus and related diseases\08SebDermEArq.jpg,AMBIGUOUS_MERGED,True,PENDING,PENDING,,,
PSD_00000036,DermNet,DermNet,train,original,Psoriasis pictures Lichen Planus and related diseases,08SebDermEyelashes.jpg,C:\Users\manis\Desktop\Final_Year_Project\PapuloNet\datasets\dermnet\train\Psoriasis pictures Lichen Planus and related diseases\08SebDermEyelashes.jpg,AMBIGUOUS_MERGED,True,PENDING,PENDING,,,
PSD_00000037,DermNet,DermNet,train,original,Psoriasis pictures Lichen Planus and related diseases,08SebDermFace.jpg,C:\Users\manis\Desktop\Final_Year_Project\PapuloNet\datasets\dermnet\train\Psoriasis pictures Lichen Planus and related diseases\08SebDermFace.jpg,AMBIGUOUS_MERGED,True,PENDING,PENDING,,,
PSD_00000038,DermNet,DermNet,train,original,Psoriasis pictures Lichen Planus and related diseases,08sebDermLids012405.jpg,C:\Users\manis\Desktop\Final_Year_Project\PapuloNet\datasets\dermnet\train\Psoriasis pictures Lichen Planus and related diseases\08sebDermLids012405.jpg,AMBIGUOUS_MERGED,True,PENDING,PENDING,,,
PSD_00000039,DermNet,DermNet,train,original,Psoriasis pictures Lichen Planus and related diseases,08SebDermLids0301041.jpg,C:\Users\manis\Desktop\Final_Year_Project\PapuloNet\datasets\dermnet\train\Psoriasis pictures Lichen Planus and related diseases\08SebDermLids0301041.jpg,AMBIGUOUS_MERGED,True,PENDING,PENDING,,,
PSD_00000040,DermNet,DermNet,train,original,Psoriasis pictures Lichen Planus and related diseases,08SebDermNLFold.jpg,C:\Users\manis\Desktop\Final_Year_Project\PapuloNet\datasets\dermnet\train\Psoriasis pictures Lichen Planus and related diseases\08SebDermNLFold.jpg,AMBIGUOUS_MERGED,True,PENDING,PENDING,,,
PSD_00000041,DermNet,DermNet,train,original,Psoriasis pictures Lichen Planus and related diseases,08SebDermOK011021.jpg,C:\Users\manis\Desktop\Final_Year_Project\PapuloNet\datasets\dermnet\train\Psoriasis pictures Lichen Planus and related diseases\08SebDermOK011021.jpg,AMBIGUOUS_MERGED,True,PENDING,PENDING,,,
PSD_00000042,DermNet,DermNet,train,original,Psoriasis pictures Lichen Planus and related diseases,08SebDermOK1021.jpg,C:\Users\manis\Desktop\Final_Year_Project\PapuloNet\datasets\dermnet\train\Psoriasis pictures Lichen Planus and related diseases\08SebDermOK1021.jpg,AMBIGUOUS_MERGED,True,PENDING,PENDING,,,
PSD_00000043,DermNet,DermNet,train,original,Psoriasis pictures Lichen Planus and related diseases,08sebDermPrestern121205.jpg,C:\Users\manis\Desktop\Final_Year_Project\PapuloNet\datasets\dermnet\train\Psoriasis pictures Lichen Planus and related diseases\08sebDermPrestern121205.jpg,AMBIGUOUS_MERGED,True,PENDING,PENDING,,,
PSD_00000044,DermNet,DermNet,train,original,Psoriasis pictures Lichen Planus and related diseases,08SebDErmPresternal.jpg,C:\Users\manis\Desktop\Final_Year_Project\PapuloNet\datasets\dermnet\train\Psoriasis pictures Lichen Planus and related diseases\08SebDErmPresternal.jpg,AMBIGUOUS_MERGED,True,PENDING,PENDING,,,
PSD_00000045,DermNet,DermNet,train,original,Psoriasis pictures Lichen Planus and related diseases,08SebDermPresternal063002.jpg,C:\Users\manis\Desktop\Final_Year_Project\PapuloNet\datasets\dermnet\train\Psoriasis pictures Lichen Planus and related diseases\08SebDermPresternal063002.jpg,AMBIGUOUS_MERGED,True,PENDING,PENDING,,,
PSD_00000046,DermNet,DermNet,train,original,Psoriasis pictures Lichen Planus and related diseases,08SebDermq.jpg,C:\Users\manis\Desktop\Final_Year_Project\PapuloNet\datasets\dermnet\train\Psoriasis pictures Lichen Planus and related diseases\08SebDermq.jpg,AMBIGUOUS_MERGED,True,PENDING,PENDING,,,
PSD_00000047,DermNet,DermNet,train,original,Psoriasis pictures Lichen Planus and related diseases,08SebDermRosacea110104.jpg,C:\Users\manis\Desktop\Final_Year_Project\PapuloNet\datasets\dermnet\train\Psoriasis pictures Lichen Planus and related diseases\08SebDermRosacea110104.jpg,AMBIGUOUS_MERGED,True,PENDING,PENDING,,,
PSD_00000048,DermNet,DermNet,train,original,Psoriasis pictures Lichen Planus and related diseases,08SebDermScalp.jpg,C:\Users\manis\Desktop\Final_Year_Project\PapuloNet\datasets\dermnet\train\Psoriasis pictures Lichen Planus and related diseases\08SebDermScalp.jpg,AMBIGUOUS_MERGED,True,PENDING,PENDING,,,
PSD_00000049,DermNet,DermNet,train,original,Psoriasis pictures Lichen Planus and related diseases,08SebDermScalp0120.jpg,C:\Users\manis\Desktop\Final_Year_Project\PapuloNet\datasets\dermnet\train\Psoriasis pictures Lichen Planus and related diseases\08SebDermScalp0120.jpg,AMBIGUOUS_MERGED,True,PENDING,PENDING,,,
PSD_00000050,DermNet,DermNet,train,original,Psoriasis pictures Lichen Planus and related diseases,08SebDermScalp1.jpg,C:\Users\manis\Desktop\Final_Year_Project\PapuloNet\datasets\dermnet\train\Psoriasis pictures Lichen Planus and related diseases\08SebDermScalp1.jpg,AMBIGUOUS_MERGED,True,PENDING,PENDING,,,
PSD_00000051,DermNet,DermNet,train,original,Psoriasis pictures Lichen Planus and related diseases,08sebDermScalp111308.jpg,C:\Users\manis\Desktop\Final_Year_Project\PapuloNet\datasets\dermnet\train\Psoriasis pictures Lichen Planus and related diseases\08sebDermScalp111308.jpg,AMBIGUOUS_MERGED,True,PENDING,PENDING,,,
PSD_00000052,DermNet,DermNet,train,original,Psoriasis pictures Lichen Planus and related diseases,08SebDermScalp1223.jpg,C:\Users\manis\Desktop\Final_Year_Project\PapuloNet\datasets\dermnet\train\Psoriasis pictures Lichen Planus and related diseases\08SebDermScalp1223.jpg,AMBIGUOUS_MERGED,True,PENDING,PENDING,,,
PSD_00000053,DermNet,DermNet,train,original,Psoriasis pictures Lichen Planus and related diseases,08SebDermScalp3.jpg,C:\Users\manis\Desktop\Final_Year_Project\PapuloNet\datasets\dermnet\train\Psoriasis pictures Lichen Planus and related diseases\08SebDermScalp3.jpg,AMBIGUOUS_MERGED,True,PENDING,PENDING,,,
PSD_00000054,DermNet,DermNet,train,original,Psoriasis pictures Lichen Planus and related diseases,08SebDermScalpq.jpg,C:\Users\manis\Desktop\Final_Year_Project\PapuloNet\datasets\dermnet\train\Psoriasis pictures Lichen Planus and related diseases\08SebDermScalpq.jpg,AMBIGUOUS_MERGED,True,PENDING,PENDING,,,
PSD_00000055,DermNet,DermNet,train,original,Psoriasis pictures Lichen Planus and related diseases,08sebKerm0123064.jpg,C:\Users\manis\Desktop\Final_Year_Project\PapuloNet\datasets\dermnet\train\Psoriasis pictures Lichen Planus and related diseases\08sebKerm0123064.jpg,AMBIGUOUS_MERGED,True,PENDING,PENDING,,,
PSD_00000056,DermNet,DermNet,train,original,Psoriasis pictures Lichen Planus and related diseases,08sebKerm01230641.jpg,C:\Users\manis\Desktop\Final_Year_Project\PapuloNet\datasets\dermnet\train\Psoriasis pictures Lichen Planus and related diseases\08sebKerm01230641.jpg,AMBIGUOUS_MERGED,True,PENDING,PENDING,,,
PSD_00000057,DermNet,DermNet,train,original,Psoriasis pictures Lichen Planus and related diseases,08SebKerm0811.jpg,C:\Users\manis\Desktop\Final_Year_Project\PapuloNet\datasets\dermnet\train\Psoriasis pictures Lichen Planus and related diseases\08SebKerm0811.jpg,AMBIGUOUS_MERGED,True,PENDING,PENDING,,,
PSD_00000058,DermNet,DermNet,train,original,Psoriasis pictures Lichen Planus and related diseases,08sebKerm11220410.jpg,C:\Users\manis\Desktop\Final_Year_Project\PapuloNet\datasets\dermnet\train\Psoriasis pictures Lichen Planus and related diseases\08sebKerm11220410.jpg,AMBIGUOUS_MERGED,True,PENDING,PENDING,,,
PSD_00000059,DermNet,DermNet,train,original,Psoriasis pictures Lichen Planus and related diseases,08sebKerm11220467.jpg,C:\Users\manis\Desktop\Final_Year_Project\PapuloNet\datasets\dermnet\train\Psoriasis pictures Lichen Planus and related diseases\08sebKerm11220467.jpg,AMBIGUOUS_MERGED,True,PENDING,PENDING,,,
PSD_00000060,DermNet,DermNet,train,original,Psoriasis pictures Lichen Planus and related diseases,08sebKerm11220468.jpg,C:\Users\manis\Desktop\Final_Year_Project\PapuloNet\datasets\dermnet\train\Psoriasis pictures Lichen Planus and related diseases\08sebKerm11220468.jpg,AMBIGUOUS_MERGED,True,PENDING,PENDING,,,
PSD_00000061,DermNet,DermNet,train,original,Psoriasis pictures Lichen Planus and related diseases,08sebKerm1122049.jpg,C:\Users\manis\Desktop\Final_Year_Project\PapuloNet\datasets\dermnet\train\Psoriasis pictures Lichen Planus and related diseases\08sebKerm1122049.jpg,AMBIGUOUS_MERGED,True,PENDING,PENDING,,,
PSD_00000062,DermNet,DermNet,train,original,Psoriasis pictures Lichen Planus and related diseases,08TineaAmiantacea.jpg,C:\Users\manis\Desktop\Final_Year_Project\PapuloNet\datasets\dermnet\train\Psoriasis pictures Lichen Planus and related diseases\08TineaAmiantacea.jpg,AMBIGUOUS_MERGED,True,PENDING,PENDING,,,
PSD_00000063,DermNet,DermNet,train,original,Psoriasis pictures Lichen Planus and related diseases,08TineaAmiantacea1.jpg,C:\Users\manis\Desktop\Final_Year_Project\PapuloNet\datasets\dermnet\train\Psoriasis pictures Lichen Planus and related diseases\08TineaAmiantacea1.jpg,AMBIGUOUS_MERGED,True,PENDING,PENDING,,,
PSD_00000064,DermNet,DermNet,train,original,Psoriasis pictures Lichen Planus and related diseases,13tineaAmiantacea0821061.jpg,C:\Users\manis\Desktop\Final_Year_Project\PapuloNet\datasets\dermnet\train\Psoriasis pictures Lichen Planus and related diseases\13tineaAmiantacea0821061.jpg,AMBIGUOUS_MERGED,True,PENDING,PENDING,,,
PSD_00000065,DermNet,DermNet,train,original,Psoriasis pictures Lichen Planus and related diseases,3Eczema3-009.jpg,C:\Users\manis\Desktop\Final_Year_Project\PapuloNet\datasets\dermnet\train\Psoriasis pictures Lichen Planus and related diseases\3Eczema3-009.jpg,AMBIGUOUS_MERGED,True,PENDING,PENDING,,,
PSD_00000066,DermNet,DermNet,train,original,Psoriasis pictures Lichen Planus and related diseases,8Psoriasis1-226.jpg,C:\Users\manis\Desktop\Final_Year_Project\PapuloNet\datasets\dermnet\train\Psoriasis pictures Lichen Planus and related diseases\8Psoriasis1-226.jpg,AMBIGUOUS_MERGED,True,PENDING,PENDING,,,
PSD_00000067,DermNet,DermNet,train,original,Psoriasis pictures Lichen Planus and related diseases,8Psoriasis2-219.jpg,C:\Users\manis\Desktop\Final_Year_Project\PapuloNet\datasets\dermnet\train\Psoriasis pictures Lichen Planus and related diseases\8Psoriasis2-219.jpg,AMBIGUOUS_MERGED,True,PENDING,PENDING,,,
PSD_00000068,DermNet,DermNet,train,original,Psoriasis pictures Lichen Planus and related diseases,Axillary-Granular-Parakeratosis-2.jpg,C:\Users\manis\Desktop\Final_Year_Project\PapuloNet\datasets\dermnet\train\Psoriasis pictures Lichen Planus and related diseases\Axillary-Granular-Parakeratosis-2.jpg,AMBIGUOUS_MERGED,True,PENDING,PENDING,,,
PSD_00000069,DermNet,DermNet,train,original,Psoriasis pictures Lichen Planus and related diseases,Axillary-Granular-Parakeratosis-3.jpg,C:\Users\manis\Desktop\Final_Year_Project\PapuloNet\datasets\dermnet\train\Psoriasis pictures Lichen Planus and related diseases\Axillary-Granular-Parakeratosis-3.jpg,AMBIGUOUS_MERGED,True,PENDING,PENDING,,,
PSD_00000070,DermNet,DermNet,train,original,Psoriasis pictures Lichen Planus and related diseases,Axillary-Granular-Parakeratosis-4.jpg,C:\Users\manis\Desktop\Final_Year_Project\PapuloNet\datasets\dermnet\train\Psoriasis pictures Lichen Planus and related diseases\Axillary-Granular-Parakeratosis-4.jpg,AMBIGUOUS_MERGED,True,PENDING,PENDING,,,
PSD_00000071,DermNet,DermNet,train,original,Psoriasis pictures Lichen Planus and related diseases,Axillary-Granular-Parakeratosis-5.jpg,C:\Users\manis\Desktop\Final_Year_Project\PapuloNet\datasets\dermnet\train\Psoriasis pictures Lichen Planus and related diseases\Axillary-Granular-Parakeratosis-5.jpg,AMBIGUOUS_MERGED,True,PENDING,PENDING,,,
PSD_00000072,DermNet,DermNet,train,original,Psoriasis pictures Lichen Planus and related diseases,Axillary-Granular-Parakeratosis-6.jpg,C:\Users\manis\Desktop\Final_Year_Project\PapuloNet\datasets\dermnet\train\Psoriasis pictures Lichen Planus and related diseases\Axillary-Granular-Parakeratosis-6.jpg,AMBIGUOUS_MERGED,True,PENDING,PENDING,,,
PSD_00000073,DermNet,DermNet,train,original,Psoriasis pictures Lichen Planus and related diseases,Axillary-Granular-Parakeratosis-7.jpg,C:\Users\manis\Desktop\Final_Year_Project\PapuloNet\datasets\dermnet\train\Psoriasis pictures Lichen Planus and related diseases\Axillary-Granular-Parakeratosis-7.jpg,AMBIGUOUS_MERGED,True,PENDING,PENDING,,,
PSD_00000074,DermNet,DermNet,train,original,Psoriasis pictures Lichen Planus and related diseases,Axillary-Granular-Parakeratosis-8.jpg,C:\Users\manis\Desktop\Final_Year_Project\PapuloNet\datasets\dermnet\train\Psoriasis pictures Lichen Planus and related diseases\Axillary-Granular-Parakeratosis-8.jpg,AMBIGUOUS_MERGED,True,PENDING,PENDING,,,
PSD_00000075,DermNet,DermNet,train,original,Psoriasis pictures Lichen Planus and related diseases,erythrokeratodermia-variabilis-1.jpg,C:\Users\manis\Desktop\Final_Year_Project\PapuloNet\datasets\dermnet\train\Psoriasis pictures Lichen Planus and related diseases\erythrokeratodermia-variabilis-1.jpg,AMBIGUOUS_MERGED,True,PENDING,PENDING,,,
PSD_00000076,DermNet,DermNet,train,original,Psoriasis pictures Lichen Planus and related diseases,erythrokeratodermia-variabilis-2.jpg,C:\Users\manis\Desktop\Final_Year_Project\PapuloNet\datasets\dermnet\train\Psoriasis pictures Lichen Planus and related diseases\erythrokeratodermia-variabilis-2.jpg,AMBIGUOUS_MERGED,True,PENDING,PENDING,,,
PSD_00000077,DermNet,DermNet,train,original,Psoriasis pictures Lichen Planus and related diseases,erythrokeratodermia-variabilis-3.jpg,C:\Users\manis\Desktop\Final_Year_Project\PapuloNet\datasets\dermnet\train\Psoriasis pictures Lichen Planus and related diseases\erythrokeratodermia-variabilis-3.jpg,AMBIGUOUS_MERGED,True,PENDING,PENDING,,,
PSD_00000078,DermNet,DermNet,train,original,Psoriasis pictures Lichen Planus and related diseases,erythrokeratodermia-variabilis-4.jpg,C:\Users\manis\Desktop\Final_Year_Project\PapuloNet\datasets\dermnet\train\Psoriasis pictures Lichen Planus and related diseases\erythrokeratodermia-variabilis-4.jpg,AMBIGUOUS_MERGED,True,PENDING,PENDING,,,
PSD_00000079,DermNet,DermNet,train,original,Psoriasis pictures Lichen Planus and related diseases,Lichen-Nitidus-1.jpg,C:\Users\manis\Desktop\Final_Year_Project\PapuloNet\datasets\dermnet\train\Psoriasis pictures Lichen Planus and related diseases\Lichen-Nitidus-1.jpg,AMBIGUOUS_MERGED,True,PENDING,PENDING,,,
PSD_00000080,DermNet,DermNet,train,original,Psoriasis pictures Lichen Planus and related diseases,Lichen-Nitidus-11.jpg,C:\Users\manis\Desktop\Final_Year_Project\PapuloNet\datasets\dermnet\train\Psoriasis pictures Lichen Planus and related diseases\Lichen-Nitidus-11.jpg,AMBIGUOUS_MERGED,True,PENDING,PENDING,,,
PSD_00000081,DermNet,DermNet,train,original,Psoriasis pictures Lichen Planus and related diseases,Lichen-Nitidus-12.jpg,C:\Users\manis\Desktop\Final_Year_Project\PapuloNet\datasets\dermnet\train\Psoriasis pictures Lichen Planus and related diseases\Lichen-Nitidus-12.jpg,AMBIGUOUS_MERGED,True,PENDING,PENDING,,,
PSD_00000082,DermNet,DermNet,train,original,Psoriasis pictures Lichen Planus and related diseases,Lichen-Nitidus-13.jpg,C:\Users\manis\Desktop\Final_Year_Project\PapuloNet\datasets\dermnet\train\Psoriasis pictures Lichen Planus and related diseases\Lichen-Nitidus-13.jpg,AMBIGUOUS_MERGED,True,PENDING,PENDING,,,
PSD_00000083,DermNet,DermNet,train,original,Psoriasis pictures Lichen Planus and related diseases,Lichen-Nitidus-14.jpg,C:\Users\manis\Desktop\Final_Year_Project\PapuloNet\datasets\dermnet\train\Psoriasis pictures Lichen Planus and related diseases\Lichen-Nitidus-14.jpg,AMBIGUOUS_MERGED,True,PENDING,PENDING,,,
PSD_00000084,DermNet,DermNet,train,original,Psoriasis pictures Lichen Planus and related diseases,Lichen-Nitidus-15.jpg,C:\Users\manis\Desktop\Final_Year_Project\PapuloNet\datasets\dermnet\train\Psoriasis pictures Lichen Planus and related diseases\Lichen-Nitidus-15.jpg,AMBIGUOUS_MERGED,True,PENDING,PENDING,,,
PSD_00000085,DermNet,DermNet,train,original,Psoriasis pictures Lichen Planus and related diseases,Lichen-Nitidus-16.jpg,C:\Users\manis\Desktop\Final_Year_Project\PapuloNet\datasets\dermnet\train\Psoriasis pictures Lichen Planus and related diseases\Lichen-Nitidus-16.jpg,AMBIGUOUS_MERGED,True,PENDING,PENDING,,,
PSD_00000086,DermNet,DermNet,train,original,Psoriasis pictures Lichen Planus and related diseases,Lichen-Nitidus-17.jpg,C:\Users\manis\Desktop\Final_Year_Project\PapuloNet\datasets\dermnet\train\Psoriasis pictures Lichen Planus and related diseases\Lichen-Nitidus-17.jpg,AMBIGUOUS_MERGED,True,PENDING,PENDING,,,
PSD_00000087,DermNet,DermNet,train,original,Psoriasis pictures Lichen Planus and related diseases,Lichen-Nitidus-18.jpg,C:\Users\manis\Desktop\Final_Year_Project\PapuloNet\datasets\dermnet\train\Psoriasis pictures Lichen Planus and related diseases\Lichen-Nitidus-18.jpg,AMBIGUOUS_MERGED,True,PENDING,PENDING,,,
PSD_00000088,DermNet,DermNet,train,original,Psoriasis pictures Lichen Planus and related diseases,Lichen-Nitidus-19.jpg,C:\Users\manis\Desktop\Final_Year_Project\PapuloNet\datasets\dermnet\train\Psoriasis pictures Lichen Planus and related diseases\Lichen-Nitidus-19.jpg,AMBIGUOUS_MERGED,True,PENDING,PENDING,,,
PSD_00000089,DermNet,DermNet,train,original,Psoriasis pictures Lichen Planus and related diseases,Lichen-Nitidus-20.jpg,C:\Users\manis\Desktop\Final_Year_Project\PapuloNet\datasets\dermnet\train\Psoriasis pictures Lichen Planus and related diseases\Lichen-Nitidus-20.jpg,AMBIGUOUS_MERGED,True,PENDING,PENDING,,,
PSD_00000090,DermNet,DermNet,train,original,Psoriasis pictures Lichen Planus and related diseases,Lichen-Nitidus-21.jpg,C:\Users\manis\Desktop\Final_Year_Project\PapuloNet\datasets\dermnet\train\Psoriasis pictures Lichen Planus and related diseases\Lichen-Nitidus-21.jpg,AMBIGUOUS_MERGED,True,PENDING,PENDING,,,
PSD_00000091,DermNet,DermNet,train,original,Psoriasis pictures Lichen Planus and related diseases,Lichen-Nitidus-23.jpg,C:\Users\manis\Desktop\Final_Year_Project\PapuloNet\datasets\dermnet\train\Psoriasis pictures Lichen Planus and related diseases\Lichen-Nitidus-23.jpg,AMBIGUOUS_MERGED,True,PENDING,PENDING,,,
PSD_00000092,DermNet,DermNet,train,original,Psoriasis pictures Lichen Planus and related diseases,Lichen-Sclerosis-Vulva-1.jpg,C:\Users\manis\Desktop\Final_Year_Project\PapuloNet\datasets\dermnet\train\Psoriasis pictures Lichen Planus and related diseases\Lichen-Sclerosis-Vulva-1.jpg,AMBIGUOUS_MERGED,True,PENDING,PENDING,,,
PSD_00000093,DermNet,DermNet,train,original,Psoriasis pictures Lichen Planus and related diseases,Lichen-Sclerosis-Vulva-10.jpg,C:\Users\manis\Desktop\Final_Year_Project\PapuloNet\datasets\dermnet\train\Psoriasis pictures Lichen Planus and related diseases\Lichen-Sclerosis-Vulva-10.jpg,AMBIGUOUS_MERGED,True,PENDING,PENDING,,,
PSD_00000094,DermNet,DermNet,train,original,Psoriasis pictures Lichen Planus and related diseases,Lichen-Sclerosis-Vulva-12.jpg,C:\Users\manis\Desktop\Final_Year_Project\PapuloNet\datasets\dermnet\train\Psoriasis pictures Lichen Planus and related diseases\Lichen-Sclerosis-Vulva-12.jpg,AMBIGUOUS_MERGED,True,PENDING,PENDING,,,
PSD_00000095,DermNet,DermNet,train,original,Psoriasis pictures Lichen Planus and related diseases,Lichen-Sclerosis-Vulva-14.jpg,C:\Users\manis\Desktop\Final_Year_Project\PapuloNet\datasets\dermnet\train\Psoriasis pictures Lichen Planus and related diseases\Lichen-Sclerosis-Vulva-14.jpg,AMBIGUOUS_MERGED,True,PENDING,PENDING,,,
PSD_00000096,DermNet,DermNet,train,original,Psoriasis pictures Lichen Planus and related diseases,Lichen-Sclerosis-Vulva-18.jpg,C:\Users\manis\Desktop\Final_Year_Project\PapuloNet\datasets\dermnet\train\Psoriasis pictures Lichen Planus and related diseases\Lichen-Sclerosis-Vulva-18.jpg,AMBIGUOUS_MERGED,True,PENDING,PENDING,,,
PSD_00000097,DermNet,DermNet,train,original,Psoriasis pictures Lichen Planus and related diseases,Lichen-Sclerosis-Vulva-19.jpg,C:\Users\manis\Desktop\Final_Year_Project\PapuloNet\datasets\dermnet\train\Psoriasis pictures Lichen Planus and related diseases\Lichen-Sclerosis-Vulva-19.jpg,AMBIGUOUS_MERGED,True,PENDING,PENDING,,,
PSD_00000098,DermNet,DermNet,train,original,Psoriasis pictures Lichen Planus and related diseases,Lichen-Sclerosis-Vulva-2.jpg,C:\Users\manis\Desktop\Final_Year_Project\PapuloNet\datasets\dermnet\train\Psoriasis pictures Lichen Planus and related diseases\Lichen-Sclerosis-Vulva-2.jpg,AMBIGUOUS_MERGED,True,PENDING,PENDING,,,
PSD_00000099,DermNet,DermNet,train,original,Psoriasis pictures Lichen Planus and related diseases,Lichen-Sclerosis-Vulva-20.jpg,C:\Users\manis\Desktop\Final_Year_Project\PapuloNet\datasets\dermnet\train\Psoriasis pictures Lichen Planus and related diseases\Lichen-Sclerosis-Vulva-20.jpg,AMBIGUOUS_MERGED,True,PENDING,PENDING,,,
PSD_00000100,DermNet,DermNet,train,original,Psoriasis pictures Lichen Planus and related diseases,Lichen-Sclerosis-Vulva-21.jpg,C:\Users\manis\Desktop\Final_Year_Project\PapuloNet\datasets\dermnet\train\Psoriasis pictures Lichen Planus and related diseases\Lichen-Sclerosis-Vulva-21.jpg,AMBIGUOUS_MERGED,True,PENDING,PENDING,,,
PSD_00000101,DermNet,DermNet,train,original,Psoriasis pictures Lichen Planus and related diseases,Lichen-Sclerosis-Vulva-22.jpg,C:\Users\manis\Desktop\Final_Year_Project\PapuloNet\datasets\dermnet\train\Psoriasis pictures Lichen Planus and related diseases\Lichen-Sclerosis-Vulva-22.jpg,AMBIGUOUS_MERGED,True,PENDING,PENDING,,,
PSD_00000102,DermNet,DermNet,train,original,Psoriasis pictures Lichen Planus and related diseases,Lichen-Sclerosis-Vulva-24.jpg,C:\Users\manis\Desktop\Final_Year_Project\PapuloNet\datasets\dermnet\train\Psoriasis pictures Lichen Planus and related diseases\Lichen-Sclerosis-Vulva-24.jpg,AMBIGUOUS_MERGED,True,PENDING,PENDING,,,
PSD_00000103,DermNet,DermNet,train,original,Psoriasis pictures Lichen Planus and related diseases,Lichen-Sclerosis-Vulva-25.jpg,C:\Users\manis\Desktop\Final_Year_Project\PapuloNet\datasets\dermnet\train\Psoriasis pictures Lichen Planus and related diseases\Lichen-Sclerosis-Vulva-25.jpg,AMBIGUOUS_MERGED,True,PENDING,PENDING,,,
PSD_00000104,DermNet,DermNet,train,original,Psoriasis pictures Lichen Planus and related diseases,Lichen-Sclerosis-Vulva-26.jpg,C:\Users\manis\Desktop\Final_Year_Project\PapuloNet\datasets\dermnet\train\Psoriasis pictures Lichen Planus and related diseases\Lichen-Sclerosis-Vulva-26.jpg,AMBIGUOUS_MERGED,True,PENDING,PENDING,,,
PSD_00000105,DermNet,DermNet,train,original,Psoriasis pictures Lichen Planus and related diseases,Lichen-Sclerosis-Vulva-27.jpg,C:\Users\manis\Desktop\Final_Year_Project\PapuloNet\datasets\dermnet\train\Psoriasis pictures Lichen Planus and related diseases\Lichen-Sclerosis-Vulva-27.jpg,AMBIGUOUS_MERGED,True,PENDING,PENDING,,,
PSD_00000106,DermNet,DermNet,train,original,Psoriasis pictures Lichen Planus and related diseases,Lichen-Sclerosis-Vulva-28.jpg,C:\Users\manis\Desktop\Final_Year_Project\PapuloNet\datasets\dermnet\train\Psoriasis pictures Lichen Planus and related diseases\Lichen-Sclerosis-Vulva-28.jpg,AMBIGUOUS_MERGED,True,PENDING,PENDING,,,
PSD_00000107,DermNet,DermNet,train,original,Psoriasis pictures Lichen Planus and related diseases,Lichen-Sclerosis-Vulva-29.jpg,C:\Users\manis\Desktop\Final_Year_Project\PapuloNet\datasets\dermnet\train\Psoriasis pictures Lichen Planus and related diseases\Lichen-Sclerosis-Vulva-29.jpg,AMBIGUOUS_MERGED,True,PENDING,PENDING,,,
PSD_00000108,DermNet,DermNet,train,original,Psoriasis pictures Lichen Planus and related diseases,Lichen-Sclerosis-Vulva-30.jpg,C:\Users\manis\Desktop\Final_Year_Project\PapuloNet\datasets\dermnet\train\Psoriasis pictures Lichen Planus and related diseases\Lichen-Sclerosis-Vulva-30.jpg,AMBIGUOUS_MERGED,True,PENDING,PENDING,,,
PSD_00000109,DermNet,DermNet,train,original,Psoriasis pictures Lichen Planus and related diseases,Lichen-Sclerosis-Vulva-34.jpg,C:\Users\manis\Desktop\Final_Year_Project\PapuloNet\datasets\dermnet\train\Psoriasis pictures Lichen Planus and related diseases\Lichen-Sclerosis-Vulva-34.jpg,AMBIGUOUS_MERGED,True,PENDING,PENDING,,,
PSD_00000110,DermNet,DermNet,train,original,Psoriasis pictures Lichen Planus and related diseases,Lichen-Sclerosis-Vulva-36.jpg,C:\Users\manis\Desktop\Final_Year_Project\PapuloNet\datasets\dermnet\train\Psoriasis pictures Lichen Planus and related diseases\Lichen-Sclerosis-Vulva-36.jpg,AMBIGUOUS_MERGED,True,PENDING,PENDING,,,
PSD_00000111,DermNet,DermNet,train,original,Psoriasis pictures Lichen Planus and related diseases,Lichen-Sclerosis-Vulva-37.jpg,C:\Users\manis\Desktop\Final_Year_Project\PapuloNet\datasets\dermnet\train\Psoriasis pictures Lichen Planus and related diseases\Lichen-Sclerosis-Vulva-37.jpg,AMBIGUOUS_MERGED,True,PENDING,PENDING,,,
PSD_00000112,DermNet,DermNet,train,original,Psoriasis pictures Lichen Planus and related diseases,Lichen-Sclerosis-Vulva-38.jpg,C:\Users\manis\Desktop\Final_Year_Project\PapuloNet\datasets\dermnet\train\Psoriasis pictures Lichen Planus and related diseases\Lichen-Sclerosis-Vulva-38.jpg,AMBIGUOUS_MERGED,True,PENDING,PENDING,,,
PSD_00000113,DermNet,DermNet,train,original,Psoriasis pictures Lichen Planus and related diseases,Lichen-Sclerosis-Vulva-39.jpg,C:\Users\manis\Desktop\Final_Year_Project\PapuloNet\datasets\dermnet\train\Psoriasis pictures Lichen Planus and related diseases\Lichen-Sclerosis-Vulva-39.jpg,AMBIGUOUS_MERGED,True,PENDING,PENDING,,,
PSD_00000114,DermNet,DermNet,train,original,Psoriasis pictures Lichen Planus and related diseases,Lichen-Sclerosis-Vulva-4.jpg,C:\Users\manis\Desktop\Final_Year_Project\PapuloNet\datasets\dermnet\train\Psoriasis pictures Lichen Planus and related diseases\Lichen-Sclerosis-Vulva-4.jpg,AMBIGUOUS_MERGED,True,PENDING,PENDING,,,
PSD_00000115,DermNet,DermNet,train,original,Psoriasis pictures Lichen Planus and related diseases,Lichen-Sclerosis-Vulva-40.jpg,C:\Users\manis\Desktop\Final_Year_Project\PapuloNet\datasets\dermnet\train\Psoriasis pictures Lichen Planus and related diseases\Lichen-Sclerosis-Vulva-40.jpg,AMBIGUOUS_MERGED,True,PENDING,PENDING,,,
PSD_00000116,DermNet,DermNet,train,original,Psoriasis pictures Lichen Planus and related diseases,Lichen-Sclerosis-Vulva-41.jpg,C:\Users\manis\Desktop\Final_Year_Project\PapuloNet\datasets\dermnet\train\Psoriasis pictures Lichen Planus and related diseases\Lichen-Sclerosis-Vulva-41.jpg,AMBIGUOUS_MERGED,True,PENDING,PENDING,,,
PSD_00000117,DermNet,DermNet,train,original,Psoriasis pictures Lichen Planus and related diseases,Lichen-Sclerosis-Vulva-42.jpg,C:\Users\manis\Desktop\Final_Year_Project\PapuloNet\datasets\dermnet\train\Psoriasis pictures Lichen Planus and related diseases\Lichen-Sclerosis-Vulva-42.jpg,AMBIGUOUS_MERGED,True,PENDING,PENDING,,,
PSD_00000118,DermNet,DermNet,train,original,Psoriasis pictures Lichen Planus and related diseases,Lichen-Sclerosis-Vulva-43.jpg,C:\Users\manis\Desktop\Final_Year_Project\PapuloNet\datasets\dermnet\train\Psoriasis pictures Lichen Planus and related diseases\Lichen-Sclerosis-Vulva-43.jpg,AMBIGUOUS_MERGED,True,PENDING,PENDING,,,
PSD_00000119,DermNet,DermNet,train,original,Psoriasis pictures Lichen Planus and related diseases,Lichen-Sclerosis-Vulva-7.jpg,C:\Users\manis\Desktop\Final_Year_Project\PapuloNet\datasets\dermnet\train\Psoriasis pictures Lichen Planus and related diseases\Lichen-Sclerosis-Vulva-7.jpg,AMBIGUOUS_MERGED,True,PENDING,PENDING,,,
PSD_00000120,DermNet,DermNet,train,original,Psoriasis pictures Lichen Planus and related diseases,Lichen-Sclerosis-Vulva-8.jpg,C:\Users\manis\Desktop\Final_Year_Project\PapuloNet\datasets\dermnet\train\Psoriasis pictures Lichen Planus and related diseases\Lichen-Sclerosis-Vulva-8.jpg,AMBIGUOUS_MERGED,True,PENDING,PENDING,,,
PSD_00000121,DermNet,DermNet,train,original,Psoriasis pictures Lichen Planus and related diseases,Lichen-Sclerosis-Vulva-9.jpg,C:\Users\manis\Desktop\Final_Year_Project\PapuloNet\datasets\dermnet\train\Psoriasis pictures Lichen Planus and related diseases\Lichen-Sclerosis-Vulva-9.jpg,AMBIGUOUS_MERGED,True,PENDING,PENDING,,,
PSD_00000122,DermNet,DermNet,train,original,Psoriasis pictures Lichen Planus and related diseases,Lichen-Sclerosus-Penis-1.jpg,C:\Users\manis\Desktop\Final_Year_Project\PapuloNet\datasets\dermnet\train\Psoriasis pictures Lichen Planus and related diseases\Lichen-Sclerosus-Penis-1.jpg,AMBIGUOUS_MERGED,True,PENDING,PENDING,,,
PSD_00000123,DermNet,DermNet,train,original,Psoriasis pictures Lichen Planus and related diseases,Lichen-Sclerosus-Penis-15.jpg,C:\Users\manis\Desktop\Final_Year_Project\PapuloNet\datasets\dermnet\train\Psoriasis pictures Lichen Planus and related diseases\Lichen-Sclerosus-Penis-15.jpg,AMBIGUOUS_MERGED,True,PENDING,PENDING,,,
PSD_00000124,DermNet,DermNet,train,original,Psoriasis pictures Lichen Planus and related diseases,Lichen-Sclerosus-Penis-16.jpg,C:\Users\manis\Desktop\Final_Year_Project\PapuloNet\datasets\dermnet\train\Psoriasis pictures Lichen Planus and related diseases\Lichen-Sclerosus-Penis-16.jpg,AMBIGUOUS_MERGED,True,PENDING,PENDING,,,
PSD_00000125,DermNet,DermNet,train,original,Psoriasis pictures Lichen Planus and related diseases,Lichen-Sclerosus-Penis-18.jpg,C:\Users\manis\Desktop\Final_Year_Project\PapuloNet\datasets\dermnet\train\Psoriasis pictures Lichen Planus and related diseases\Lichen-Sclerosus-Penis-18.jpg,AMBIGUOUS_MERGED,True,PENDING,PENDING,,,
PSD_00000126,DermNet,DermNet,train,original,Psoriasis pictures Lichen Planus and related diseases,Lichen-Sclerosus-Penis-2.jpg,C:\Users\manis\Desktop\Final_Year_Project\PapuloNet\datasets\dermnet\train\Psoriasis pictures Lichen Planus and related diseases\Lichen-Sclerosus-Penis-2.jpg,AMBIGUOUS_MERGED,True,PENDING,PENDING,,,
PSD_00000127,DermNet,DermNet,train,original,Psoriasis pictures Lichen Planus and related diseases,Lichen-Sclerosus-Penis-20.jpg,C:\Users\manis\Desktop\Final_Year_Project\PapuloNet\datasets\dermnet\train\Psoriasis pictures Lichen Planus and related diseases\Lichen-Sclerosus-Penis-20.jpg,AMBIGUOUS_MERGED,True,PENDING,PENDING,,,
PSD_00000128,DermNet,DermNet,train,original,Psoriasis pictures Lichen Planus and related diseases,Lichen-Sclerosus-Penis-21.jpg,C:\Users\manis\Desktop\Final_Year_Project\PapuloNet\datasets\dermnet\train\Psoriasis pictures Lichen Planus and related diseases\Lichen-Sclerosus-Penis-21.jpg,AMBIGUOUS_MERGED,True,PENDING,PENDING,,,
PSD_00000129,DermNet,DermNet,train,original,Psoriasis pictures Lichen Planus and related diseases,Lichen-Sclerosus-Penis-22.jpg,C:\Users\manis\Desktop\Final_Year_Project\PapuloNet\datasets\dermnet\train\Psoriasis pictures Lichen Planus and related diseases\Lichen-Sclerosus-Penis-22.jpg,AMBIGUOUS_MERGED,True,PENDING,PENDING,,,
PSD_00000130,DermNet,DermNet,train,original,Psoriasis pictures Lichen Planus and related diseases,Lichen-Sclerosus-Penis-23.jpg,C:\Users\manis\Desktop\Final_Year_Project\PapuloNet\datasets\dermnet\train\Psoriasis pictures Lichen Planus and related diseases\Lichen-Sclerosus-Penis-23.jpg,AMBIGUOUS_MERGED,True,PENDING,PENDING,,,
PSD_00000131,DermNet,DermNet,train,original,Psoriasis pictures Lichen Planus and related diseases,Lichen-Sclerosus-Penis-25.jpg,C:\Users\manis\Desktop\Final_Year_Project\PapuloNet\datasets\dermnet\train\Psoriasis pictures Lichen Planus and related diseases\Lichen-Sclerosus-Penis-25.jpg,AMBIGUOUS_MERGED,True,PENDING,PENDING,,,
PSD_00000132,DermNet,DermNet,train,original,Psoriasis pictures Lichen Planus and related diseases,Lichen-Sclerosus-Penis-26.jpg,C:\Users\manis\Desktop\Final_Year_Project\PapuloNet\datasets\dermnet\train\Psoriasis pictures Lichen Planus and related diseases\Lichen-Sclerosus-Penis-26.jpg,AMBIGUOUS_MERGED,True,PENDING,PENDING,,,
PSD_00000133,DermNet,DermNet,train,original,Psoriasis pictures Lichen Planus and related diseases,Lichen-Sclerosus-Penis-28.jpg,C:\Users\manis\Desktop\Final_Year_Project\PapuloNet\datasets\dermnet\train\Psoriasis pictures Lichen Planus and related diseases\Lichen-Sclerosus-Penis-28.jpg,AMBIGUOUS_MERGED,True,PENDING,PENDING,,,
PSD_00000134,DermNet,DermNet,train,original,Psoriasis pictures Lichen Planus and related diseases,Lichen-Sclerosus-Penis-29.jpg,C:\Users\manis\Desktop\Final_Year_Project\PapuloNet\datasets\dermnet\train\Psoriasis pictures Lichen Planus and related diseases\Lichen-Sclerosus-Penis-29.jpg,AMBIGUOUS_MERGED,True,PENDING,PENDING,,,
PSD_00000135,DermNet,DermNet,train,original,Psoriasis pictures Lichen Planus and related diseases,Lichen-Sclerosus-Penis-3.jpg,C:\Users\manis\Desktop\Final_Year_Project\PapuloNet\datasets\dermnet\train\Psoriasis pictures Lichen Planus and related diseases\Lichen-Sclerosus-Penis-3.jpg,AMBIGUOUS_MERGED,True,PENDING,PENDING,,,
PSD_00000136,DermNet,DermNet,train,original,Psoriasis pictures Lichen Planus and related diseases,Lichen-Sclerosus-Penis-31.jpg,C:\Users\manis\Desktop\Final_Year_Project\PapuloNet\datasets\dermnet\train\Psoriasis pictures Lichen Planus and related diseases\Lichen-Sclerosus-Penis-31.jpg,AMBIGUOUS_MERGED,True,PENDING,PENDING,,,
PSD_00000137,DermNet,DermNet,train,original,Psoriasis pictures Lichen Planus and related diseases,Lichen-Sclerosus-Penis-32.jpg,C:\Users\manis\Desktop\Final_Year_Project\PapuloNet\datasets\dermnet\train\Psoriasis pictures Lichen Planus and related diseases\Lichen-Sclerosus-Penis-32.jpg,AMBIGUOUS_MERGED,True,PENDING,PENDING,,,
PSD_00000138,DermNet,DermNet,train,original,Psoriasis pictures Lichen Planus and related diseases,Lichen-Sclerosus-Penis-34.jpg,C:\Users\manis\Desktop\Final_Year_Project\PapuloNet\datasets\dermnet\train\Psoriasis pictures Lichen Planus and related diseases\Lichen-Sclerosus-Penis-34.jpg,AMBIGUOUS_MERGED,True,PENDING,PENDING,,,
PSD_00000139,DermNet,DermNet,train,original,Psoriasis pictures Lichen Planus and related diseases,Lichen-Sclerosus-Penis-37.jpg,C:\Users\manis\Desktop\Final_Year_Project\PapuloNet\datasets\dermnet\train\Psoriasis pictures Lichen Planus and related diseases\Lichen-Sclerosus-Penis-37.jpg,AMBIGUOUS_MERGED,True,PENDING,PENDING,,,
PSD_00000140,DermNet,DermNet,train,original,Psoriasis pictures Lichen Planus and related diseases,Lichen-Sclerosus-Penis-4.jpg,C:\Users\manis\Desktop\Final_Year_Project\PapuloNet\datasets\dermnet\train\Psoriasis pictures Lichen Planus and related diseases\Lichen-Sclerosus-Penis-4.jpg,AMBIGUOUS_MERGED,True,PENDING,PENDING,,,
PSD_00000141,DermNet,DermNet,train,original,Psoriasis pictures Lichen Planus and related diseases,Lichen-Sclerosus-Penis-40.jpg,C:\Users\manis\Desktop\Final_Year_Project\PapuloNet\datasets\dermnet\train\Psoriasis pictures Lichen Planus and related diseases\Lichen-Sclerosus-Penis-40.jpg,AMBIGUOUS_MERGED,True,PENDING,PENDING,,,
PSD_00000142,DermNet,DermNet,train,original,Psoriasis pictures Lichen Planus and related diseases,Lichen-Sclerosus-Penis-42.jpg,C:\Users\manis\Desktop\Final_Year_Project\PapuloNet\datasets\dermnet\train\Psoriasis pictures Lichen Planus and related diseases\Lichen-Sclerosus-Penis-42.jpg,AMBIGUOUS_MERGED,True,PENDING,PENDING,,,
PSD_00000143,DermNet,DermNet,train,original,Psoriasis pictures Lichen Planus and related diseases,Lichen-Sclerosus-Penis-44.jpg,C:\Users\manis\Desktop\Final_Year_Project\PapuloNet\datasets\dermnet\train\Psoriasis pictures Lichen Planus and related diseases\Lichen-Sclerosus-Penis-44.jpg,AMBIGUOUS_MERGED,True,PENDING,PENDING,,,
PSD_00000144,DermNet,DermNet,train,original,Psoriasis pictures Lichen Planus and related diseases,Lichen-Sclerosus-Penis-6.jpg,C:\Users\manis\Desktop\Final_Year_Project\PapuloNet\datasets\dermnet\train\Psoriasis pictures Lichen Planus and related diseases\Lichen-Sclerosus-Penis-6.jpg,AMBIGUOUS_MERGED,True,PENDING,PENDING,,,
PSD_00000145,DermNet,DermNet,train,original,Psoriasis pictures Lichen Planus and related diseases,Lichen-Sclerosus-Penis-7.jpg,C:\Users\manis\Desktop\Final_Year_Project\PapuloNet\datasets\dermnet\train\Psoriasis pictures Lichen Planus and related diseases\Lichen-Sclerosus-Penis-7.jpg,AMBIGUOUS_MERGED,True,PENDING,PENDING,,,
PSD_00000146,DermNet,DermNet,train,original,Psoriasis pictures Lichen Planus and related diseases,Lichen-Sclerosus-Penis-9.jpg,C:\Users\manis\Desktop\Final_Year_Project\PapuloNet\datasets\dermnet\train\Psoriasis pictures Lichen Planus and related diseases\Lichen-Sclerosus-Penis-9.jpg,AMBIGUOUS_MERGED,True,PENDING,PENDING,,,
PSD_00000147,DermNet,DermNet,train,original,Psoriasis pictures Lichen Planus and related diseases,Lichen-Sclerosus-Skin-10.jpg,C:\Users\manis\Desktop\Final_Year_Project\PapuloNet\datasets\dermnet\train\Psoriasis pictures Lichen Planus and related diseases\Lichen-Sclerosus-Skin-10.jpg,AMBIGUOUS_MERGED,True,PENDING,PENDING,,,
PSD_00000148,DermNet,DermNet,train,original,Psoriasis pictures Lichen Planus and related diseases,Lichen-Sclerosus-Skin-100.jpg,C:\Users\manis\Desktop\Final_Year_Project\PapuloNet\datasets\dermnet\train\Psoriasis pictures Lichen Planus and related diseases\Lichen-Sclerosus-Skin-100.jpg,AMBIGUOUS_MERGED,True,PENDING,PENDING,,,
PSD_00000149,DermNet,DermNet,train,original,Psoriasis pictures Lichen Planus and related diseases,Lichen-Sclerosus-Skin-101.jpg,C:\Users\manis\Desktop\Final_Year_Project\PapuloNet\datasets\dermnet\train\Psoriasis pictures Lichen Planus and related diseases\Lichen-Sclerosus-Skin-101.jpg,AMBIGUOUS_MERGED,True,PENDING,PENDING,,,
PSD_00000150,DermNet,DermNet,train,original,Psoriasis pictures Lichen Planus and related diseases,Lichen-Sclerosus-Skin-102.jpg,C:\Users\manis\Desktop\Final_Year_Project\PapuloNet\datasets\dermnet\train\Psoriasis pictures Lichen Planus and related diseases\Lichen-Sclerosus-Skin-102.jpg,AMBIGUOUS_MERGED,True,PENDING,PENDING,,,
PSD_00000151,DermNet,DermNet,train,original,Psoriasis pictures Lichen Planus and related diseases,Lichen-Sclerosus-Skin-103.jpg,C:\Users\manis\Desktop\Final_Year_Project\PapuloNet\datasets\dermnet\train\Psoriasis pictures Lichen Planus and related diseases\Lichen-Sclerosus-Skin-103.jpg,AMBIGUOUS_MERGED,True,PENDING,PENDING,,,
PSD_00000152,DermNet,DermNet,train,original,Psoriasis pictures Lichen Planus and related diseases,Lichen-Sclerosus-Skin-104.jpg,C:\Users\manis\Desktop\Final_Year_Project\PapuloNet\datasets\dermnet\train\Psoriasis pictures Lichen Planus and related diseases\Lichen-Sclerosus-Skin-104.jpg,AMBIGUOUS_MERGED,True,PENDING,PENDING,,,
PSD_00000153,DermNet,DermNet,train,original,Psoriasis pictures Lichen Planus and related diseases,Lichen-Sclerosus-Skin-105.jpg,C:\Users\manis\Desktop\Final_Year_Project\PapuloNet\datasets\dermnet\train\Psoriasis pictures Lichen Planus and related diseases\Lichen-Sclerosus-Skin-105.jpg,AMBIGUOUS_MERGED,True,PENDING,PENDING,,,
PSD_00000154,DermNet,DermNet,train,original,Psoriasis pictures Lichen Planus and related diseases,Lichen-Sclerosus-Skin-106.jpg,C:\Users\manis\Desktop\Final_Year_Project\PapuloNet\datasets\dermnet\train\Psoriasis pictures Lichen Planus and related diseases\Lichen-Sclerosus-Skin-106.jpg,AMBIGUOUS_MERGED,True,PENDING,PENDING,,,
PSD_00000155,DermNet,DermNet,train,original,Psoriasis pictures Lichen Planus and related diseases,Lichen-Sclerosus-Skin-107.jpg,C:\Users\manis\Desktop\Final_Year_Project\PapuloNet\datasets\dermnet\train\Psoriasis pictures Lichen Planus and related diseases\Lichen-Sclerosus-Skin-107.jpg,AMBIGUOUS_MERGED,True,PENDING,PENDING,,,
PSD_00000156,DermNet,DermNet,train,original,Psoriasis pictures Lichen Planus and related diseases,Lichen-Sclerosus-Skin-108.jpg,C:\Users\manis\Desktop\Final_Year_Project\PapuloNet\datasets\dermnet\train\Psoriasis pictures Lichen Planus and related diseases\Lichen-Sclerosus-Skin-108.jpg,AMBIGUOUS_MERGED,True,PENDING,PENDING,,,
PSD_00000157,DermNet,DermNet,train,original,Psoriasis pictures Lichen Planus and related diseases,Lichen-Sclerosus-Skin-11.jpg,C:\Users\manis\Desktop\Final_Year_Project\PapuloNet\datasets\dermnet\train\Psoriasis pictures Lichen Planus and related diseases\Lichen-Sclerosus-Skin-11.jpg,AMBIGUOUS_MERGED,True,PENDING,PENDING,,,
PSD_00000158,DermNet,DermNet,train,original,Psoriasis pictures Lichen Planus and related diseases,Lichen-Sclerosus-Skin-110.jpg,C:\Users\manis\Desktop\Final_Year_Project\PapuloNet\datasets\dermnet\train\Psoriasis pictures Lichen Planus and related diseases\Lichen-Sclerosus-Skin-110.jpg,AMBIGUOUS_MERGED,True,PENDING,PENDING,,,
PSD_00000159,DermNet,DermNet,train,original,Psoriasis pictures Lichen Planus and related diseases,Lichen-Sclerosus-Skin-111.jpg,C:\Users\manis\Desktop\Final_Year_Project\PapuloNet\datasets\dermnet\train\Psoriasis pictures Lichen Planus and related diseases\Lichen-Sclerosus-Skin-111.jpg,AMBIGUOUS_MERGED,True,PENDING,PENDING,,,
PSD_00000160,DermNet,DermNet,train,original,Psoriasis pictures Lichen Planus and related diseases,Lichen-Sclerosus-Skin-114.jpg,C:\Users\manis\Desktop\Final_Year_Project\PapuloNet\datasets\dermnet\train\Psoriasis pictures Lichen Planus and related diseases\Lichen-Sclerosus-Skin-114.jpg,AMBIGUOUS_MERGED,True,PENDING,PENDING,,,
PSD_00000161,DermNet,DermNet,train,original,Psoriasis pictures Lichen Planus and related diseases,Lichen-Sclerosus-Skin-115.jpg,C:\Users\manis\Desktop\Final_Year_Project\PapuloNet\datasets\dermnet\train\Psoriasis pictures Lichen Planus and related diseases\Lichen-Sclerosus-Skin-115.jpg,AMBIGUOUS_MERGED,True,PENDING,PENDING,,,
PSD_00000162,DermNet,DermNet,train,original,Psoriasis pictures Lichen Planus and related diseases,Lichen-Sclerosus-Skin-116.jpg,C:\Users\manis\Desktop\Final_Year_Project\PapuloNet\datasets\dermnet\train\Psoriasis pictures Lichen Planus and related diseases\Lichen-Sclerosus-Skin-116.jpg,AMBIGUOUS_MERGED,True,PENDING,PENDING,,,
PSD_00000163,DermNet,DermNet,train,original,Psoriasis pictures Lichen Planus and related diseases,Lichen-Sclerosus-Skin-117.jpg,C:\Users\manis\Desktop\Final_Year_Project\PapuloNet\datasets\dermnet\train\Psoriasis pictures Lichen Planus and related diseases\Lichen-Sclerosus-Skin-117.jpg,AMBIGUOUS_MERGED,True,PENDING,PENDING,,,
PSD_00000164,DermNet,DermNet,train,original,Psoriasis pictures Lichen Planus and related diseases,Lichen-Sclerosus-Skin-118.jpg,C:\Users\manis\Desktop\Final_Year_Project\PapuloNet\datasets\dermnet\train\Psoriasis pictures Lichen Planus and related diseases\Lichen-Sclerosus-Skin-118.jpg,AMBIGUOUS_MERGED,True,PENDING,PENDING,,,
PSD_00000165,DermNet,DermNet,train,original,Psoriasis pictures Lichen Planus and related diseases,Lichen-Sclerosus-Skin-119.jpg,C:\Users\manis\Desktop\Final_Year_Project\PapuloNet\datasets\dermnet\train\Psoriasis pictures Lichen Planus and related diseases\Lichen-Sclerosus-Skin-119.jpg,AMBIGUOUS_MERGED,True,PENDING,PENDING,,,
PSD_00000166,DermNet,DermNet,train,original,Psoriasis pictures Lichen Planus and related diseases,Lichen-Sclerosus-Skin-12.jpg,C:\Users\manis\Desktop\Final_Year_Project\PapuloNet\datasets\dermnet\train\Psoriasis pictures Lichen Planus and related diseases\Lichen-Sclerosus-Skin-12.jpg,AMBIGUOUS_MERGED,True,PENDING,PENDING,,,
PSD_00000167,DermNet,DermNet,train,original,Psoriasis pictures Lichen Planus and related diseases,Lichen-Sclerosus-Skin-120.jpg,C:\Users\manis\Desktop\Final_Year_Project\PapuloNet\datasets\dermnet\train\Psoriasis pictures Lichen Planus and related diseases\Lichen-Sclerosus-Skin-120.jpg,AMBIGUOUS_MERGED,True,PENDING,PENDING,,,
PSD_00000168,DermNet,DermNet,train,original,Psoriasis pictures Lichen Planus and related diseases,Lichen-Sclerosus-Skin-121.jpg,C:\Users\manis\Desktop\Final_Year_Project\PapuloNet\datasets\dermnet\train\Psoriasis pictures Lichen Planus and related diseases\Lichen-Sclerosus-Skin-121.jpg,AMBIGUOUS_MERGED,True,PENDING,PENDING,,,
PSD_00000169,DermNet,DermNet,train,original,Psoriasis pictures Lichen Planus and related diseases,Lichen-Sclerosus-Skin-122.jpg,C:\Users\manis\Desktop\Final_Year_Project\PapuloNet\datasets\dermnet\train\Psoriasis pictures Lichen Planus and related diseases\Lichen-Sclerosus-Skin-122.jpg,AMBIGUOUS_MERGED,True,PENDING,PENDING,,,
PSD_00000170,DermNet,DermNet,train,original,Psoriasis pictures Lichen Planus and related diseases,Lichen-Sclerosus-Skin-126.jpg,C:\Users\manis\Desktop\Final_Year_Project\PapuloNet\datasets\dermnet\train\Psoriasis pictures Lichen Planus and related diseases\Lichen-Sclerosus-Skin-126.jpg,AMBIGUOUS_MERGED,True,PENDING,PENDING,,,
PSD_00000171,DermNet,DermNet,train,original,Psoriasis pictures Lichen Planus and related diseases,Lichen-Sclerosus-Skin-128.jpg,C:\Users\manis\Desktop\Final_Year_Project\PapuloNet\datasets\dermnet\train\Psoriasis pictures Lichen Planus and related diseases\Lichen-Sclerosus-Skin-128.jpg,AMBIGUOUS_MERGED,True,PENDING,PENDING,,,
PSD_00000172,DermNet,DermNet,train,original,Psoriasis pictures Lichen Planus and related diseases,Lichen-Sclerosus-Skin-129.jpg,C:\Users\manis\Desktop\Final_Year_Project\PapuloNet\datasets\dermnet\train\Psoriasis pictures Lichen Planus and related diseases\Lichen-Sclerosus-Skin-129.jpg,AMBIGUOUS_MERGED,True,PENDING,PENDING,,,
PSD_00000173,DermNet,DermNet,train,original,Psoriasis pictures Lichen Planus and related diseases,Lichen-Sclerosus-Skin-13.jpg,C:\Users\manis\Desktop\Final_Year_Project\PapuloNet\datasets\dermnet\train\Psoriasis pictures Lichen Planus and related diseases\Lichen-Sclerosus-Skin-13.jpg,AMBIGUOUS_MERGED,True,PENDING,PENDING,,,
PSD_00000174,DermNet,DermNet,train,original,Psoriasis pictures Lichen Planus and related diseases,Lichen-Sclerosus-Skin-131.jpg,C:\Users\manis\Desktop\Final_Year_Project\PapuloNet\datasets\dermnet\train\Psoriasis pictures Lichen Planus and related diseases\Lichen-Sclerosus-Skin-131.jpg,AMBIGUOUS_MERGED,True,PENDING,PENDING,,,
PSD_00000175,DermNet,DermNet,train,original,Psoriasis pictures Lichen Planus and related diseases,Lichen-Sclerosus-Skin-132.jpg,C:\Users\manis\Desktop\Final_Year_Project\PapuloNet\datasets\dermnet\train\Psoriasis pictures Lichen Planus and related diseases\Lichen-Sclerosus-Skin-132.jpg,AMBIGUOUS_MERGED,True,PENDING,PENDING,,,
PSD_00000176,DermNet,DermNet,train,original,Psoriasis pictures Lichen Planus and related diseases,Lichen-Sclerosus-Skin-133.jpg,C:\Users\manis\Desktop\Final_Year_Project\PapuloNet\datasets\dermnet\train\Psoriasis pictures Lichen Planus and related diseases\Lichen-Sclerosus-Skin-133.jpg,AMBIGUOUS_MERGED,True,PENDING,PENDING,,,
PSD_00000177,DermNet,DermNet,train,original,Psoriasis pictures Lichen Planus and related diseases,Lichen-Sclerosus-Skin-17.jpg,C:\Users\manis\Desktop\Final_Year_Project\PapuloNet\datasets\dermnet\train\Psoriasis pictures Lichen Planus and related diseases\Lichen-Sclerosus-Skin-17.jpg,AMBIGUOUS_MERGED,True,PENDING,PENDING,,,
PSD_00000178,DermNet,DermNet,train,original,Psoriasis pictures Lichen Planus and related diseases,Lichen-Sclerosus-Skin-21.jpg,C:\Users\manis\Desktop\Final_Year_Project\PapuloNet\datasets\dermnet\train\Psoriasis pictures Lichen Planus and related diseases\Lichen-Sclerosus-Skin-21.jpg,AMBIGUOUS_MERGED,True,PENDING,PENDING,,,
PSD_00000179,DermNet,DermNet,train,original,Psoriasis pictures Lichen Planus and related diseases,Lichen-Sclerosus-Skin-22.jpg,C:\Users\manis\Desktop\Final_Year_Project\PapuloNet\datasets\dermnet\train\Psoriasis pictures Lichen Planus and related diseases\Lichen-Sclerosus-Skin-22.jpg,AMBIGUOUS_MERGED,True,PENDING,PENDING,,,
PSD_00000180,DermNet,DermNet,train,original,Psoriasis pictures Lichen Planus and related diseases,Lichen-Sclerosus-Skin-24.jpg,C:\Users\manis\Desktop\Final_Year_Project\PapuloNet\datasets\dermnet\train\Psoriasis pictures Lichen Planus and related diseases\Lichen-Sclerosus-Skin-24.jpg,AMBIGUOUS_MERGED,True,PENDING,PENDING,,,
PSD_00000181,DermNet,DermNet,train,original,Psoriasis pictures Lichen Planus and related diseases,Lichen-Sclerosus-Skin-27.jpg,C:\Users\manis\Desktop\Final_Year_Project\PapuloNet\datasets\dermnet\train\Psoriasis pictures Lichen Planus and related diseases\Lichen-Sclerosus-Skin-27.jpg,AMBIGUOUS_MERGED,True,PENDING,PENDING,,,
PSD_00000182,DermNet,DermNet,train,original,Psoriasis pictures Lichen Planus and related diseases,Lichen-Sclerosus-Skin-29.jpg,C:\Users\manis\Desktop\Final_Year_Project\PapuloNet\datasets\dermnet\train\Psoriasis pictures Lichen Planus and related diseases\Lichen-Sclerosus-Skin-29.jpg,AMBIGUOUS_MERGED,True,PENDING,PENDING,,,
PSD_00000183,DermNet,DermNet,train,original,Psoriasis pictures Lichen Planus and related diseases,Lichen-Sclerosus-Skin-30.jpg,C:\Users\manis\Desktop\Final_Year_Project\PapuloNet\datasets\dermnet\train\Psoriasis pictures Lichen Planus and related diseases\Lichen-Sclerosus-Skin-30.jpg,AMBIGUOUS_MERGED,True,PENDING,PENDING,,,
PSD_00000184,DermNet,DermNet,train,original,Psoriasis pictures Lichen Planus and related diseases,Lichen-Sclerosus-Skin-31.jpg,C:\Users\manis\Desktop\Final_Year_Project\PapuloNet\datasets\dermnet\train\Psoriasis pictures Lichen Planus and related diseases\Lichen-Sclerosus-Skin-31.jpg,AMBIGUOUS_MERGED,True,PENDING,PENDING,,,
PSD_00000185,DermNet,DermNet,train,original,Psoriasis pictures Lichen Planus and related diseases,Lichen-Sclerosus-Skin-32.jpg,C:\Users\manis\Desktop\Final_Year_Project\PapuloNet\datasets\dermnet\train\Psoriasis pictures Lichen Planus and related diseases\Lichen-Sclerosus-Skin-32.jpg,AMBIGUOUS_MERGED,True,PENDING,PENDING,,,
PSD_00000186,DermNet,DermNet,train,original,Psoriasis pictures Lichen Planus and related diseases,Lichen-Sclerosus-Skin-33.jpg,C:\Users\manis\Desktop\Final_Year_Project\PapuloNet\datasets\dermnet\train\Psoriasis pictures Lichen Planus and related diseases\Lichen-Sclerosus-Skin-33.jpg,AMBIGUOUS_MERGED,True,PENDING,PENDING,,,
PSD_00000187,DermNet,DermNet,train,original,Psoriasis pictures Lichen Planus and related diseases,Lichen-Sclerosus-Skin-35.jpg,C:\Users\manis\Desktop\Final_Year_Project\PapuloNet\datasets\dermnet\train\Psoriasis pictures Lichen Planus and related diseases\Lichen-Sclerosus-Skin-35.jpg,AMBIGUOUS_MERGED,True,PENDING,PENDING,,,
PSD_00000188,DermNet,DermNet,train,original,Psoriasis pictures Lichen Planus and related diseases,Lichen-Sclerosus-Skin-36.jpg,C:\Users\manis\Desktop\Final_Year_Project\PapuloNet\datasets\dermnet\train\Psoriasis pictures Lichen Planus and related diseases\Lichen-Sclerosus-Skin-36.jpg,AMBIGUOUS_MERGED,True,PENDING,PENDING,,,
PSD_00000189,DermNet,DermNet,train,original,Psoriasis pictures Lichen Planus and related diseases,Lichen-Sclerosus-Skin-37.jpg,C:\Users\manis\Desktop\Final_Year_Project\PapuloNet\datasets\dermnet\train\Psoriasis pictures Lichen Planus and related diseases\Lichen-Sclerosus-Skin-37.jpg,AMBIGUOUS_MERGED,True,PENDING,PENDING,,,
PSD_00000190,DermNet,DermNet,train,original,Psoriasis pictures Lichen Planus and related diseases,Lichen-Sclerosus-Skin-38.jpg,C:\Users\manis\Desktop\Final_Year_Project\PapuloNet\datasets\dermnet\train\Psoriasis pictures Lichen Planus and related diseases\Lichen-Sclerosus-Skin-38.jpg,AMBIGUOUS_MERGED,True,PENDING,PENDING,,,
PSD_00000191,DermNet,DermNet,train,original,Psoriasis pictures Lichen Planus and related diseases,Lichen-Sclerosus-Skin-4.jpg,C:\Users\manis\Desktop\Final_Year_Project\PapuloNet\datasets\dermnet\train\Psoriasis pictures Lichen Planus and related diseases\Lichen-Sclerosus-Skin-4.jpg,AMBIGUOUS_MERGED,True,PENDING,PENDING,,,
PSD_00000192,DermNet,DermNet,train,original,Psoriasis pictures Lichen Planus and related diseases,Lichen-Sclerosus-Skin-41.jpg,C:\Users\manis\Desktop\Final_Year_Project\PapuloNet\datasets\dermnet\train\Psoriasis pictures Lichen Planus and related diseases\Lichen-Sclerosus-Skin-41.jpg,AMBIGUOUS_MERGED,True,PENDING,PENDING,,,
PSD_00000193,DermNet,DermNet,train,original,Psoriasis pictures Lichen Planus and related diseases,Lichen-Sclerosus-Skin-42.jpg,C:\Users\manis\Desktop\Final_Year_Project\PapuloNet\datasets\dermnet\train\Psoriasis pictures Lichen Planus and related diseases\Lichen-Sclerosus-Skin-42.jpg,AMBIGUOUS_MERGED,True,PENDING,PENDING,,,
PSD_00000194,DermNet,DermNet,train,original,Psoriasis pictures Lichen Planus and related diseases,Lichen-Sclerosus-Skin-44.jpg,C:\Users\manis\Desktop\Final_Year_Project\PapuloNet\datasets\dermnet\train\Psoriasis pictures Lichen Planus and related diseases\Lichen-Sclerosus-Skin-44.jpg,AMBIGUOUS_MERGED,True,PENDING,PENDING,,,
PSD_00000195,DermNet,DermNet,train,original,Psoriasis pictures Lichen Planus and related diseases,Lichen-Sclerosus-Skin-45.jpg,C:\Users\manis\Desktop\Final_Year_Project\PapuloNet\datasets\dermnet\train\Psoriasis pictures Lichen Planus and related diseases\Lichen-Sclerosus-Skin-45.jpg,AMBIGUOUS_MERGED,True,PENDING,PENDING,,,
PSD_00000196,DermNet,DermNet,train,original,Psoriasis pictures Lichen Planus and related diseases,Lichen-Sclerosus-Skin-46.jpg,C:\Users\manis\Desktop\Final_Year_Project\PapuloNet\datasets\dermnet\train\Psoriasis pictures Lichen Planus and related diseases\Lichen-Sclerosus-Skin-46.jpg,AMBIGUOUS_MERGED,True,PENDING,PENDING,,,
PSD_00000197,DermNet,DermNet,train,original,Psoriasis pictures Lichen Planus and related diseases,Lichen-Sclerosus-Skin-47.jpg,C:\Users\manis\Desktop\Final_Year_Project\PapuloNet\datasets\dermnet\train\Psoriasis pictures Lichen Planus and related diseases\Lichen-Sclerosus-Skin-47.jpg,AMBIGUOUS_MERGED,True,PENDING,PENDING,,,
PSD_00000198,DermNet,DermNet,train,original,Psoriasis pictures Lichen Planus and related diseases,Lichen-Sclerosus-Skin-49.jpg,C:\Users\manis\Desktop\Final_Year_Project\PapuloNet\datasets\dermnet\train\Psoriasis pictures Lichen Planus and related diseases\Lichen-Sclerosus-Skin-49.jpg,AMBIGUOUS_MERGED,True,PENDING,PENDING,,,
PSD_00000199,DermNet,DermNet,train,original,Psoriasis pictures Lichen Planus and related diseases,Lichen-Sclerosus-Skin-5.jpg,C:\Users\manis\Desktop\Final_Year_Project\PapuloNet\datasets\dermnet\train\Psoriasis pictures Lichen Planus and related diseases\Lichen-Sclerosus-Skin-5.jpg,AMBIGUOUS_MERGED,True,PENDING,PENDING,,,
PSD_00000200,DermNet,DermNet,train,original,Psoriasis pictures Lichen Planus and related diseases,Lichen-Sclerosus-Skin-50.jpg,C:\Users\manis\Desktop\Final_Year_Project\PapuloNet\datasets\dermnet\train\Psoriasis pictures Lichen Planus and related diseases\Lichen-Sclerosus-Skin-50.jpg,AMBIGUOUS_MERGED,True,PENDING,PENDING,,,
PSD_00000201,DermNet,DermNet,train,original,Psoriasis pictures Lichen Planus and related diseases,Lichen-Sclerosus-Skin-52.jpg,C:\Users\manis\Desktop\Final_Year_Project\PapuloNet\datasets\dermnet\train\Psoriasis pictures Lichen Planus and related diseases\Lichen-Sclerosus-Skin-52.jpg,AMBIGUOUS_MERGED,True,PENDING,PENDING,,,
PSD_00000202,DermNet,DermNet,train,original,Psoriasis pictures Lichen Planus and related diseases,Lichen-Sclerosus-Skin-54.jpg,C:\Users\manis\Desktop\Final_Year_Project\PapuloNet\datasets\dermnet\train\Psoriasis pictures Lichen Planus and related diseases\Lichen-Sclerosus-Skin-54.jpg,AMBIGUOUS_MERGED,True,PENDING,PENDING,,,
PSD_00000203,DermNet,DermNet,train,original,Psoriasis pictures Lichen Planus and related diseases,Lichen-Sclerosus-Skin-55.jpg,C:\Users\manis\Desktop\Final_Year_Project\PapuloNet\datasets\dermnet\train\Psoriasis pictures Lichen Planus and related diseases\Lichen-Sclerosus-Skin-55.jpg,AMBIGUOUS_MERGED,True,PENDING,PENDING,,,
PSD_00000204,DermNet,DermNet,train,original,Psoriasis pictures Lichen Planus and related diseases,Lichen-Sclerosus-Skin-56.jpg,C:\Users\manis\Desktop\Final_Year_Project\PapuloNet\datasets\dermnet\train\Psoriasis pictures Lichen Planus and related diseases\Lichen-Sclerosus-Skin-56.jpg,AMBIGUOUS_MERGED,True,PENDING,PENDING,,,
PSD_00000205,DermNet,DermNet,train,original,Psoriasis pictures Lichen Planus and related diseases,Lichen-Sclerosus-Skin-57.jpg,C:\Users\manis\Desktop\Final_Year_Project\PapuloNet\datasets\dermnet\train\Psoriasis pictures Lichen Planus and related diseases\Lichen-Sclerosus-Skin-57.jpg,AMBIGUOUS_MERGED,True,PENDING,PENDING,,,
PSD_00000206,DermNet,DermNet,train,original,Psoriasis pictures Lichen Planus and related diseases,Lichen-Sclerosus-Skin-59.jpg,C:\Users\manis\Desktop\Final_Year_Project\PapuloNet\datasets\dermnet\train\Psoriasis pictures Lichen Planus and related diseases\Lichen-Sclerosus-Skin-59.jpg,AMBIGUOUS_MERGED,True,PENDING,PENDING,,,
PSD_00000207,DermNet,DermNet,train,original,Psoriasis pictures Lichen Planus and related diseases,Lichen-Sclerosus-Skin-6.jpg,C:\Users\manis\Desktop\Final_Year_Project\PapuloNet\datasets\dermnet\train\Psoriasis pictures Lichen Planus and related diseases\Lichen-Sclerosus-Skin-6.jpg,AMBIGUOUS_MERGED,True,PENDING,PENDING,,,
PSD_00000208,DermNet,DermNet,train,original,Psoriasis pictures Lichen Planus and related diseases,Lichen-Sclerosus-Skin-60.jpg,C:\Users\manis\Desktop\Final_Year_Project\PapuloNet\datasets\dermnet\train\Psoriasis pictures Lichen Planus and related diseases\Lichen-Sclerosus-Skin-60.jpg,AMBIGUOUS_MERGED,True,PENDING,PENDING,,,
PSD_00000209,DermNet,DermNet,train,original,Psoriasis pictures Lichen Planus and related diseases,Lichen-Sclerosus-Skin-61.jpg,C:\Users\manis\Desktop\Final_Year_Project\PapuloNet\datasets\dermnet\train\Psoriasis pictures Lichen Planus and related diseases\Lichen-Sclerosus-Skin-61.jpg,AMBIGUOUS_MERGED,True,PENDING,PENDING,,,
PSD_00000210,DermNet,DermNet,train,original,Psoriasis pictures Lichen Planus and related diseases,Lichen-Sclerosus-Skin-62.jpg,C:\Users\manis\Desktop\Final_Year_Project\PapuloNet\datasets\dermnet\train\Psoriasis pictures Lichen Planus and related diseases\Lichen-Sclerosus-Skin-62.jpg,AMBIGUOUS_MERGED,True,PENDING,PENDING,,,
PSD_00000211,DermNet,DermNet,train,original,Psoriasis pictures Lichen Planus and related diseases,Lichen-Sclerosus-Skin-63.jpg,C:\Users\manis\Desktop\Final_Year_Project\PapuloNet\datasets\dermnet\train\Psoriasis pictures Lichen Planus and related diseases\Lichen-Sclerosus-Skin-63.jpg,AMBIGUOUS_MERGED,True,PENDING,PENDING,,,
PSD_00000212,DermNet,DermNet,train,original,Psoriasis pictures Lichen Planus and related diseases,Lichen-Sclerosus-Skin-64.jpg,C:\Users\manis\Desktop\Final_Year_Project\PapuloNet\datasets\dermnet\train\Psoriasis pictures Lichen Planus and related diseases\Lichen-Sclerosus-Skin-64.jpg,AMBIGUOUS_MERGED,True,PENDING,PENDING,,,
PSD_00000213,DermNet,DermNet,train,original,Psoriasis pictures Lichen Planus and related diseases,Lichen-Sclerosus-Skin-65.jpg,C:\Users\manis\Desktop\Final_Year_Project\PapuloNet\datasets\dermnet\train\Psoriasis pictures Lichen Planus and related diseases\Lichen-Sclerosus-Skin-65.jpg,AMBIGUOUS_MERGED,True,PENDING,PENDING,,,
PSD_00000214,DermNet,DermNet,train,original,Psoriasis pictures Lichen Planus and related diseases,Lichen-Sclerosus-Skin-66.jpg,C:\Users\manis\Desktop\Final_Year_Project\PapuloNet\datasets\dermnet\train\Psoriasis pictures Lichen Planus and related diseases\Lichen-Sclerosus-Skin-66.jpg,AMBIGUOUS_MERGED,True,PENDING,PENDING,,,
PSD_00000215,DermNet,DermNet,train,original,Psoriasis pictures Lichen Planus and related diseases,Lichen-Sclerosus-Skin-67.jpg,C:\Users\manis\Desktop\Final_Year_Project\PapuloNet\datasets\dermnet\train\Psoriasis pictures Lichen Planus and related diseases\Lichen-Sclerosus-Skin-67.jpg,AMBIGUOUS_MERGED,True,PENDING,PENDING,,,
PSD_00000216,DermNet,DermNet,train,original,Psoriasis pictures Lichen Planus and related diseases,Lichen-Sclerosus-Skin-69.jpg,C:\Users\manis\Desktop\Final_Year_Project\PapuloNet\datasets\dermnet\train\Psoriasis pictures Lichen Planus and related diseases\Lichen-Sclerosus-Skin-69.jpg,AMBIGUOUS_MERGED,True,PENDING,PENDING,,,
PSD_00000217,DermNet,DermNet,train,original,Psoriasis pictures Lichen Planus and related diseases,Lichen-Sclerosus-Skin-7.jpg,C:\Users\manis\Desktop\Final_Year_Project\PapuloNet\datasets\dermnet\train\Psoriasis pictures Lichen Planus and related diseases\Lichen-Sclerosus-Skin-7.jpg,AMBIGUOUS_MERGED,True,PENDING,PENDING,,,
PSD_00000218,DermNet,DermNet,train,original,Psoriasis pictures Lichen Planus and related diseases,Lichen-Sclerosus-Skin-70.jpg,C:\Users\manis\Desktop\Final_Year_Project\PapuloNet\datasets\dermnet\train\Psoriasis pictures Lichen Planus and related diseases\Lichen-Sclerosus-Skin-70.jpg,AMBIGUOUS_MERGED,True,PENDING,PENDING,,,
PSD_00000219,DermNet,DermNet,train,original,Psoriasis pictures Lichen Planus and related diseases,Lichen-Sclerosus-Skin-71.jpg,C:\Users\manis\Desktop\Final_Year_Project\PapuloNet\datasets\dermnet\train\Psoriasis pictures Lichen Planus and related diseases\Lichen-Sclerosus-Skin-71.jpg,AMBIGUOUS_MERGED,True,PENDING,PENDING,,,
PSD_00000220,DermNet,DermNet,train,original,Psoriasis pictures Lichen Planus and related diseases,Lichen-Sclerosus-Skin-73.jpg,C:\Users\manis\Desktop\Final_Year_Project\PapuloNet\datasets\dermnet\train\Psoriasis pictures Lichen Planus and related diseases\Lichen-Sclerosus-Skin-73.jpg,AMBIGUOUS_MERGED,True,PENDING,PENDING,,,
PSD_00000221,DermNet,DermNet,train,original,Psoriasis pictures Lichen Planus and related diseases,Lichen-Sclerosus-Skin-76.jpg,C:\Users\manis\Desktop\Final_Year_Project\PapuloNet\datasets\dermnet\train\Psoriasis pictures Lichen Planus and related diseases\Lichen-Sclerosus-Skin-76.jpg,AMBIGUOUS_MERGED,True,PENDING,PENDING,,,
PSD_00000222,DermNet,DermNet,train,original,Psoriasis pictures Lichen Planus and related diseases,Lichen-Sclerosus-Skin-77.jpg,C:\Users\manis\Desktop\Final_Year_Project\PapuloNet\datasets\dermnet\train\Psoriasis pictures Lichen Planus and related diseases\Lichen-Sclerosus-Skin-77.jpg,AMBIGUOUS_MERGED,True,PENDING,PENDING,,,
PSD_00000223,DermNet,DermNet,train,original,Psoriasis pictures Lichen Planus and related diseases,Lichen-Sclerosus-Skin-79.jpg,C:\Users\manis\Desktop\Final_Year_Project\PapuloNet\datasets\dermnet\train\Psoriasis pictures Lichen Planus and related diseases\Lichen-Sclerosus-Skin-79.jpg,AMBIGUOUS_MERGED,True,PENDING,PENDING,,,
PSD_00000224,DermNet,DermNet,train,original,Psoriasis pictures Lichen Planus and related diseases,Lichen-Sclerosus-Skin-8.jpg,C:\Users\manis\Desktop\Final_Year_Project\PapuloNet\datasets\dermnet\train\Psoriasis pictures Lichen Planus and related diseases\Lichen-Sclerosus-Skin-8.jpg,AMBIGUOUS_MERGED,True,PENDING,PENDING,,,
PSD_00000225,DermNet,DermNet,train,original,Psoriasis pictures Lichen Planus and related diseases,Lichen-Sclerosus-Skin-80.jpg,C:\Users\manis\Desktop\Final_Year_Project\PapuloNet\datasets\dermnet\train\Psoriasis pictures Lichen Planus and related diseases\Lichen-Sclerosus-Skin-80.jpg,AMBIGUOUS_MERGED,True,PENDING,PENDING,,,
PSD_00000226,DermNet,DermNet,train,original,Psoriasis pictures Lichen Planus and related diseases,Lichen-Sclerosus-Skin-81.jpg,C:\Users\manis\Desktop\Final_Year_Project\PapuloNet\datasets\dermnet\train\Psoriasis pictures Lichen Planus and related diseases\Lichen-Sclerosus-Skin-81.jpg,AMBIGUOUS_MERGED,True,PENDING,PENDING,,,
PSD_00000227,DermNet,DermNet,train,original,Psoriasis pictures Lichen Planus and related diseases,Lichen-Sclerosus-Skin-82.jpg,C:\Users\manis\Desktop\Final_Year_Project\PapuloNet\datasets\dermnet\train\Psoriasis pictures Lichen Planus and related diseases\Lichen-Sclerosus-Skin-82.jpg,AMBIGUOUS_MERGED,True,PENDING,PENDING,,,
PSD_00000228,DermNet,DermNet,train,original,Psoriasis pictures Lichen Planus and related diseases,Lichen-Sclerosus-Skin-83.jpg,C:\Users\manis\Desktop\Final_Year_Project\PapuloNet\datasets\dermnet\train\Psoriasis pictures Lichen Planus and related diseases\Lichen-Sclerosus-Skin-83.jpg,AMBIGUOUS_MERGED,True,PENDING,PENDING,,,
PSD_00000229,DermNet,DermNet,train,original,Psoriasis pictures Lichen Planus and related diseases,Lichen-Sclerosus-Skin-85.jpg,C:\Users\manis\Desktop\Final_Year_Project\PapuloNet\datasets\dermnet\train\Psoriasis pictures Lichen Planus and related diseases\Lichen-Sclerosus-Skin-85.jpg,AMBIGUOUS_MERGED,True,PENDING,PENDING,,,
PSD_00000230,DermNet,DermNet,train,original,Psoriasis pictures Lichen Planus and related diseases,Lichen-Sclerosus-Skin-86.jpg,C:\Users\manis\Desktop\Final_Year_Project\PapuloNet\datasets\dermnet\train\Psoriasis pictures Lichen Planus and related diseases\Lichen-Sclerosus-Skin-86.jpg,AMBIGUOUS_MERGED,True,PENDING,PENDING,,,
PSD_00000231,DermNet,DermNet,train,original,Psoriasis pictures Lichen Planus and related diseases,Lichen-Sclerosus-Skin-87.jpg,C:\Users\manis\Desktop\Final_Year_Project\PapuloNet\datasets\dermnet\train\Psoriasis pictures Lichen Planus and related diseases\Lichen-Sclerosus-Skin-87.jpg,AMBIGUOUS_MERGED,True,PENDING,PENDING,,,
PSD_00000232,DermNet,DermNet,train,original,Psoriasis pictures Lichen Planus and related diseases,Lichen-Sclerosus-Skin-88.jpg,C:\Users\manis\Desktop\Final_Year_Project\PapuloNet\datasets\dermnet\train\Psoriasis pictures Lichen Planus and related diseases\Lichen-Sclerosus-Skin-88.jpg,AMBIGUOUS_MERGED,True,PENDING,PENDING,,,
PSD_00000233,DermNet,DermNet,train,original,Psoriasis pictures Lichen Planus and related diseases,Lichen-Sclerosus-Skin-89.jpg,C:\Users\manis\Desktop\Final_Year_Project\PapuloNet\datasets\dermnet\train\Psoriasis pictures Lichen Planus and related diseases\Lichen-Sclerosus-Skin-89.jpg,AMBIGUOUS_MERGED,True,PENDING,PENDING,,,
PSD_00000234,DermNet,DermNet,train,original,Psoriasis pictures Lichen Planus and related diseases,Lichen-Sclerosus-Skin-93.jpg,C:\Users\manis\Desktop\Final_Year_Project\PapuloNet\datasets\dermnet\train\Psoriasis pictures Lichen Planus and related diseases\Lichen-Sclerosus-Skin-93.jpg,AMBIGUOUS_MERGED,True,PENDING,PENDING,,,
PSD_00000235,DermNet,DermNet,train,original,Psoriasis pictures Lichen Planus and related diseases,Lichen-Sclerosus-Skin-94.jpg,C:\Users\manis\Desktop\Final_Year_Project\PapuloNet\datasets\dermnet\train\Psoriasis pictures Lichen Planus and related diseases\Lichen-Sclerosus-Skin-94.jpg,AMBIGUOUS_MERGED,True,PENDING,PENDING,,,
PSD_00000236,DermNet,DermNet,train,original,Psoriasis pictures Lichen Planus and related diseases,Lichen-Sclerosus-Skin-95.jpg,C:\Users\manis\Desktop\Final_Year_Project\PapuloNet\datasets\dermnet\train\Psoriasis pictures Lichen Planus and related diseases\Lichen-Sclerosus-Skin-95.jpg,AMBIGUOUS_MERGED,True,PENDING,PENDING,,,
PSD_00000237,DermNet,DermNet,train,original,Psoriasis pictures Lichen Planus and related diseases,Lichen-Sclerosus-Skin-97.jpg,C:\Users\manis\Desktop\Final_Year_Project\PapuloNet\datasets\dermnet\train\Psoriasis pictures Lichen Planus and related diseases\Lichen-Sclerosus-Skin-97.jpg,AMBIGUOUS_MERGED,True,PENDING,PENDING,,,
PSD_00000238,DermNet,DermNet,train,original,Psoriasis pictures Lichen Planus and related diseases,Lichen-Sclerosus-Skin-98.jpg,C:\Users\manis\Desktop\Final_Year_Project\PapuloNet\datasets\dermnet\train\Psoriasis pictures Lichen Planus and related diseases\Lichen-Sclerosus-Skin-98.jpg,AMBIGUOUS_MERGED,True,PENDING,PENDING,,,
PSD_00000239,DermNet,DermNet,train,original,Psoriasis pictures Lichen Planus and related diseases,Lichen-Sclerosus-Skin-99.jpg,C:\Users\manis\Desktop\Final_Year_Project\PapuloNet\datasets\dermnet\train\Psoriasis pictures Lichen Planus and related diseases\Lichen-Sclerosus-Skin-99.jpg,AMBIGUOUS_MERGED,True,PENDING,PENDING,,,
PSD_00000240,DermNet,DermNet,train,original,Psoriasis pictures Lichen Planus and related diseases,Lichen-Spinulosa-1.jpg,C:\Users\manis\Desktop\Final_Year_Project\PapuloNet\datasets\dermnet\train\Psoriasis pictures Lichen Planus and related diseases\Lichen-Spinulosa-1.jpg,AMBIGUOUS_MERGED,True,PENDING,PENDING,,,
PSD_00000241,DermNet,DermNet,train,original,Psoriasis pictures Lichen Planus and related diseases,Lichen-Spinulosa-2.jpg,C:\Users\manis\Desktop\Final_Year_Project\PapuloNet\datasets\dermnet\train\Psoriasis pictures Lichen Planus and related diseases\Lichen-Spinulosa-2.jpg,AMBIGUOUS_MERGED,True,PENDING,PENDING,,,
PSD_00000242,DermNet,DermNet,train,original,Psoriasis pictures Lichen Planus and related diseases,lichen-striatus-1.jpg,C:\Users\manis\Desktop\Final_Year_Project\PapuloNet\datasets\dermnet\train\Psoriasis pictures Lichen Planus and related diseases\lichen-striatus-1.jpg,AMBIGUOUS_MERGED,True,PENDING,PENDING,,,
PSD_00000243,DermNet,DermNet,train,original,Psoriasis pictures Lichen Planus and related diseases,lichen-striatus-2.jpg,C:\Users\manis\Desktop\Final_Year_Project\PapuloNet\datasets\dermnet\train\Psoriasis pictures Lichen Planus and related diseases\lichen-striatus-2.jpg,AMBIGUOUS_MERGED,True,PENDING,PENDING,,,
PSD_00000244,DermNet,DermNet,train,original,Psoriasis pictures Lichen Planus and related diseases,Palmoplantar-Keratoderma-1.jpg,C:\Users\manis\Desktop\Final_Year_Project\PapuloNet\datasets\dermnet\train\Psoriasis pictures Lichen Planus and related diseases\Palmoplantar-Keratoderma-1.jpg,AMBIGUOUS_MERGED,True,PENDING,PENDING,,,
PSD_00000245,DermNet,DermNet,train,original,Psoriasis pictures Lichen Planus and related diseases,Palmoplantar-Keratoderma-2.jpg,C:\Users\manis\Desktop\Final_Year_Project\PapuloNet\datasets\dermnet\train\Psoriasis pictures Lichen Planus and related diseases\Palmoplantar-Keratoderma-2.jpg,AMBIGUOUS_MERGED,True,PENDING,PENDING,,,
PSD_00000246,DermNet,DermNet,train,original,Psoriasis pictures Lichen Planus and related diseases,Palmoplantar-Keratoderma-3.jpg,C:\Users\manis\Desktop\Final_Year_Project\PapuloNet\datasets\dermnet\train\Psoriasis pictures Lichen Planus and related diseases\Palmoplantar-Keratoderma-3.jpg,AMBIGUOUS_MERGED,True,PENDING,PENDING,,,
PSD_00000247,DermNet,DermNet,train,original,Psoriasis pictures Lichen Planus and related diseases,Palmoplantar-Keratoderma-4.jpg,C:\Users\manis\Desktop\Final_Year_Project\PapuloNet\datasets\dermnet\train\Psoriasis pictures Lichen Planus and related diseases\Palmoplantar-Keratoderma-4.jpg,AMBIGUOUS_MERGED,True,PENDING,PENDING,,,
PSD_00000248,DermNet,DermNet,train,original,Psoriasis pictures Lichen Planus and related diseases,Palmoplantar-Keratoderma-5.jpg,C:\Users\manis\Desktop\Final_Year_Project\PapuloNet\datasets\dermnet\train\Psoriasis pictures Lichen Planus and related diseases\Palmoplantar-Keratoderma-5.jpg,AMBIGUOUS_MERGED,True,PENDING,PENDING,,,
PSD_00000249,DermNet,DermNet,train,original,Psoriasis pictures Lichen Planus and related diseases,Palmoplantar-Keratoderma-6.jpg,C:\Users\manis\Desktop\Final_Year_Project\PapuloNet\datasets\dermnet\train\Psoriasis pictures Lichen Planus and related diseases\Palmoplantar-Keratoderma-6.jpg,AMBIGUOUS_MERGED,True,PENDING,PENDING,,,
PSD_00000250,DermNet,DermNet,train,original,Psoriasis pictures Lichen Planus and related diseases,Pityriasis-Lichenoides-1.jpg,C:\Users\manis\Desktop\Final_Year_Project\PapuloNet\datasets\dermnet\train\Psoriasis pictures Lichen Planus and related diseases\Pityriasis-Lichenoides-1.jpg,AMBIGUOUS_MERGED,True,PENDING,PENDING,,,
PSD_00000251,DermNet,DermNet,train,original,Psoriasis pictures Lichen Planus and related diseases,Pityriasis-Lichenoides-10.jpg,C:\Users\manis\Desktop\Final_Year_Project\PapuloNet\datasets\dermnet\train\Psoriasis pictures Lichen Planus and related diseases\Pityriasis-Lichenoides-10.jpg,AMBIGUOUS_MERGED,True,PENDING,PENDING,,,
PSD_00000252,DermNet,DermNet,train,original,Psoriasis pictures Lichen Planus and related diseases,Pityriasis-Lichenoides-11.jpg,C:\Users\manis\Desktop\Final_Year_Project\PapuloNet\datasets\dermnet\train\Psoriasis pictures Lichen Planus and related diseases\Pityriasis-Lichenoides-11.jpg,AMBIGUOUS_MERGED,True,PENDING,PENDING,,,
PSD_00000253,DermNet,DermNet,train,original,Psoriasis pictures Lichen Planus and related diseases,Pityriasis-Lichenoides-13.jpg,C:\Users\manis\Desktop\Final_Year_Project\PapuloNet\datasets\dermnet\train\Psoriasis pictures Lichen Planus and related diseases\Pityriasis-Lichenoides-13.jpg,AMBIGUOUS_MERGED,True,PENDING,PENDING,,,
PSD_00000254,DermNet,DermNet,train,original,Psoriasis pictures Lichen Planus and related diseases,Pityriasis-Lichenoides-15.jpg,C:\Users\manis\Desktop\Final_Year_Project\PapuloNet\datasets\dermnet\train\Psoriasis pictures Lichen Planus and related diseases\Pityriasis-Lichenoides-15.jpg,AMBIGUOUS_MERGED,True,PENDING,PENDING,,,
PSD_00000255,DermNet,DermNet,train,original,Psoriasis pictures Lichen Planus and related diseases,Pityriasis-Lichenoides-16.jpg,C:\Users\manis\Desktop\Final_Year_Project\PapuloNet\datasets\dermnet\train\Psoriasis pictures Lichen Planus and related diseases\Pityriasis-Lichenoides-16.jpg,AMBIGUOUS_MERGED,True,PENDING,PENDING,,,
PSD_00000256,DermNet,DermNet,train,original,Psoriasis pictures Lichen Planus and related diseases,Pityriasis-Lichenoides-17.jpg,C:\Users\manis\Desktop\Final_Year_Project\PapuloNet\datasets\dermnet\train\Psoriasis pictures Lichen Planus and related diseases\Pityriasis-Lichenoides-17.jpg,AMBIGUOUS_MERGED,True,PENDING,PENDING,,,
PSD_00000257,DermNet,DermNet,train,original,Psoriasis pictures Lichen Planus and related diseases,Pityriasis-Lichenoides-18.jpg,C:\Users\manis\Desktop\Final_Year_Project\PapuloNet\datasets\dermnet\train\Psoriasis pictures Lichen Planus and related diseases\Pityriasis-Lichenoides-18.jpg,AMBIGUOUS_MERGED,True,PENDING,PENDING,,,
PSD_00000258,DermNet,DermNet,train,original,Psoriasis pictures Lichen Planus and related diseases,Pityriasis-Lichenoides-19.jpg,C:\Users\manis\Desktop\Final_Year_Project\PapuloNet\datasets\dermnet\train\Psoriasis pictures Lichen Planus and related diseases\Pityriasis-Lichenoides-19.jpg,AMBIGUOUS_MERGED,True,PENDING,PENDING,,,
PSD_00000259,DermNet,DermNet,train,original,Psoriasis pictures Lichen Planus and related diseases,Pityriasis-Lichenoides-2.jpg,C:\Users\manis\Desktop\Final_Year_Project\PapuloNet\datasets\dermnet\train\Psoriasis pictures Lichen Planus and related diseases\Pityriasis-Lichenoides-2.jpg,AMBIGUOUS_MERGED,True,PENDING,PENDING,,,
PSD_00000260,DermNet,DermNet,train,original,Psoriasis pictures Lichen Planus and related diseases,Pityriasis-Lichenoides-20.jpg,C:\Users\manis\Desktop\Final_Year_Project\PapuloNet\datasets\dermnet\train\Psoriasis pictures Lichen Planus and related diseases\Pityriasis-Lichenoides-20.jpg,AMBIGUOUS_MERGED,True,PENDING,PENDING,,,
PSD_00000261,DermNet,DermNet,train,original,Psoriasis pictures Lichen Planus and related diseases,Pityriasis-Lichenoides-21.jpg,C:\Users\manis\Desktop\Final_Year_Project\PapuloNet\datasets\dermnet\train\Psoriasis pictures Lichen Planus and related diseases\Pityriasis-Lichenoides-21.jpg,AMBIGUOUS_MERGED,True,PENDING,PENDING,,,
PSD_00000262,DermNet,DermNet,train,original,Psoriasis pictures Lichen Planus and related diseases,Pityriasis-Lichenoides-22.jpg,C:\Users\manis\Desktop\Final_Year_Project\PapuloNet\datasets\dermnet\train\Psoriasis pictures Lichen Planus and related diseases\Pityriasis-Lichenoides-22.jpg,AMBIGUOUS_MERGED,True,PENDING,PENDING,,,
PSD_00000263,DermNet,DermNet,train,original,Psoriasis pictures Lichen Planus and related diseases,Pityriasis-Lichenoides-23.jpg,C:\Users\manis\Desktop\Final_Year_Project\PapuloNet\datasets\dermnet\train\Psoriasis pictures Lichen Planus and related diseases\Pityriasis-Lichenoides-23.jpg,AMBIGUOUS_MERGED,True,PENDING,PENDING,,,
PSD_00000264,DermNet,DermNet,train,original,Psoriasis pictures Lichen Planus and related diseases,Pityriasis-Lichenoides-25.jpg,C:\Users\manis\Desktop\Final_Year_Project\PapuloNet\datasets\dermnet\train\Psoriasis pictures Lichen Planus and related diseases\Pityriasis-Lichenoides-25.jpg,AMBIGUOUS_MERGED,True,PENDING,PENDING,,,
PSD_00000265,DermNet,DermNet,train,original,Psoriasis pictures Lichen Planus and related diseases,Pityriasis-Lichenoides-27.jpg,C:\Users\manis\Desktop\Final_Year_Project\PapuloNet\datasets\dermnet\train\Psoriasis pictures Lichen Planus and related diseases\Pityriasis-Lichenoides-27.jpg,AMBIGUOUS_MERGED,True,PENDING,PENDING,,,
PSD_00000266,DermNet,DermNet,train,original,Psoriasis pictures Lichen Planus and related diseases,Pityriasis-Lichenoides-28.jpg,C:\Users\manis\Desktop\Final_Year_Project\PapuloNet\datasets\dermnet\train\Psoriasis pictures Lichen Planus and related diseases\Pityriasis-Lichenoides-28.jpg,AMBIGUOUS_MERGED,True,PENDING,PENDING,,,
PSD_00000267,DermNet,DermNet,train,original,Psoriasis pictures Lichen Planus and related diseases,Pityriasis-Lichenoides-29.jpg,C:\Users\manis\Desktop\Final_Year_Project\PapuloNet\datasets\dermnet\train\Psoriasis pictures Lichen Planus and related diseases\Pityriasis-Lichenoides-29.jpg,AMBIGUOUS_MERGED,True,PENDING,PENDING,,,
PSD_00000268,DermNet,DermNet,train,original,Psoriasis pictures Lichen Planus and related diseases,Pityriasis-Lichenoides-3.jpg,C:\Users\manis\Desktop\Final_Year_Project\PapuloNet\datasets\dermnet\train\Psoriasis pictures Lichen Planus and related diseases\Pityriasis-Lichenoides-3.jpg,AMBIGUOUS_MERGED,True,PENDING,PENDING,,,
PSD_00000269,DermNet,DermNet,train,original,Psoriasis pictures Lichen Planus and related diseases,Pityriasis-Lichenoides-30.jpg,C:\Users\manis\Desktop\Final_Year_Project\PapuloNet\datasets\dermnet\train\Psoriasis pictures Lichen Planus and related diseases\Pityriasis-Lichenoides-30.jpg,AMBIGUOUS_MERGED,True,PENDING,PENDING,,,
PSD_00000270,DermNet,DermNet,train,original,Psoriasis pictures Lichen Planus and related diseases,Pityriasis-Lichenoides-31.jpg,C:\Users\manis\Desktop\Final_Year_Project\PapuloNet\datasets\dermnet\train\Psoriasis pictures Lichen Planus and related diseases\Pityriasis-Lichenoides-31.jpg,AMBIGUOUS_MERGED,True,PENDING,PENDING,,,
PSD_00000271,DermNet,DermNet,train,original,Psoriasis pictures Lichen Planus and related diseases,Pityriasis-Lichenoides-33.jpg,C:\Users\manis\Desktop\Final_Year_Project\PapuloNet\datasets\dermnet\train\Psoriasis pictures Lichen Planus and related diseases\Pityriasis-Lichenoides-33.jpg,AMBIGUOUS_MERGED,True,PENDING,PENDING,,,
PSD_00000272,DermNet,DermNet,train,original,Psoriasis pictures Lichen Planus and related diseases,Pityriasis-Lichenoides-34.jpg,C:\Users\manis\Desktop\Final_Year_Project\PapuloNet\datasets\dermnet\train\Psoriasis pictures Lichen Planus and related diseases\Pityriasis-Lichenoides-34.jpg,AMBIGUOUS_MERGED,True,PENDING,PENDING,,,
PSD_00000273,DermNet,DermNet,train,original,Psoriasis pictures Lichen Planus and related diseases,Pityriasis-Lichenoides-35.jpg,C:\Users\manis\Desktop\Final_Year_Project\PapuloNet\datasets\dermnet\train\Psoriasis pictures Lichen Planus and related diseases\Pityriasis-Lichenoides-35.jpg,AMBIGUOUS_MERGED,True,PENDING,PENDING,,,
PSD_00000274,DermNet,DermNet,train,original,Psoriasis pictures Lichen Planus and related diseases,Pityriasis-Lichenoides-36.jpg,C:\Users\manis\Desktop\Final_Year_Project\PapuloNet\datasets\dermnet\train\Psoriasis pictures Lichen Planus and related diseases\Pityriasis-Lichenoides-36.jpg,AMBIGUOUS_MERGED,True,PENDING,PENDING,,,
PSD_00000275,DermNet,DermNet,train,original,Psoriasis pictures Lichen Planus and related diseases,Pityriasis-Lichenoides-37.jpg,C:\Users\manis\Desktop\Final_Year_Project\PapuloNet\datasets\dermnet\train\Psoriasis pictures Lichen Planus and related diseases\Pityriasis-Lichenoides-37.jpg,AMBIGUOUS_MERGED,True,PENDING,PENDING,,,
PSD_00000276,DermNet,DermNet,train,original,Psoriasis pictures Lichen Planus and related diseases,Pityriasis-Lichenoides-38.jpg,C:\Users\manis\Desktop\Final_Year_Project\PapuloNet\datasets\dermnet\train\Psoriasis pictures Lichen Planus and related diseases\Pityriasis-Lichenoides-38.jpg,AMBIGUOUS_MERGED,True,PENDING,PENDING,,,
PSD_00000277,DermNet,DermNet,train,original,Psoriasis pictures Lichen Planus and related diseases,Pityriasis-Lichenoides-39.jpg,C:\Users\manis\Desktop\Final_Year_Project\PapuloNet\datasets\dermnet\train\Psoriasis pictures Lichen Planus and related diseases\Pityriasis-Lichenoides-39.jpg,AMBIGUOUS_MERGED,True,PENDING,PENDING,,,
PSD_00000278,DermNet,DermNet,train,original,Psoriasis pictures Lichen Planus and related diseases,Pityriasis-Lichenoides-4.jpg,C:\Users\manis\Desktop\Final_Year_Project\PapuloNet\datasets\dermnet\train\Psoriasis pictures Lichen Planus and related diseases\Pityriasis-Lichenoides-4.jpg,AMBIGUOUS_MERGED,True,PENDING,PENDING,,,
PSD_00000279,DermNet,DermNet,train,original,Psoriasis pictures Lichen Planus and related diseases,Pityriasis-Lichenoides-40.jpg,C:\Users\manis\Desktop\Final_Year_Project\PapuloNet\datasets\dermnet\train\Psoriasis pictures Lichen Planus and related diseases\Pityriasis-Lichenoides-40.jpg,AMBIGUOUS_MERGED,True,PENDING,PENDING,,,
PSD_00000280,DermNet,DermNet,train,original,Psoriasis pictures Lichen Planus and related diseases,Pityriasis-Lichenoides-41.jpg,C:\Users\manis\Desktop\Final_Year_Project\PapuloNet\datasets\dermnet\train\Psoriasis pictures Lichen Planus and related diseases\Pityriasis-Lichenoides-41.jpg,AMBIGUOUS_MERGED,True,PENDING,PENDING,,,
PSD_00000281,DermNet,DermNet,train,original,Psoriasis pictures Lichen Planus and related diseases,Pityriasis-Lichenoides-42.jpg,C:\Users\manis\Desktop\Final_Year_Project\PapuloNet\datasets\dermnet\train\Psoriasis pictures Lichen Planus and related diseases\Pityriasis-Lichenoides-42.jpg,AMBIGUOUS_MERGED,True,PENDING,PENDING,,,
PSD_00000282,DermNet,DermNet,train,original,Psoriasis pictures Lichen Planus and related diseases,Pityriasis-Lichenoides-43.jpg,C:\Users\manis\Desktop\Final_Year_Project\PapuloNet\datasets\dermnet\train\Psoriasis pictures Lichen Planus and related diseases\Pityriasis-Lichenoides-43.jpg,AMBIGUOUS_MERGED,True,PENDING,PENDING,,,
PSD_00000283,DermNet,DermNet,train,original,Psoriasis pictures Lichen Planus and related diseases,Pityriasis-Lichenoides-44.jpg,C:\Users\manis\Desktop\Final_Year_Project\PapuloNet\datasets\dermnet\train\Psoriasis pictures Lichen Planus and related diseases\Pityriasis-Lichenoides-44.jpg,AMBIGUOUS_MERGED,True,PENDING,PENDING,,,
PSD_00000284,DermNet,DermNet,train,original,Psoriasis pictures Lichen Planus and related diseases,Pityriasis-Lichenoides-45.jpg,C:\Users\manis\Desktop\Final_Year_Project\PapuloNet\datasets\dermnet\train\Psoriasis pictures Lichen Planus and related diseases\Pityriasis-Lichenoides-45.jpg,AMBIGUOUS_MERGED,True,PENDING,PENDING,,,
PSD_00000285,DermNet,DermNet,train,original,Psoriasis pictures Lichen Planus and related diseases,Pityriasis-Lichenoides-46.jpg,C:\Users\manis\Desktop\Final_Year_Project\PapuloNet\datasets\dermnet\train\Psoriasis pictures Lichen Planus and related diseases\Pityriasis-Lichenoides-46.jpg,AMBIGUOUS_MERGED,True,PENDING,PENDING,,,
PSD_00000286,DermNet,DermNet,train,original,Psoriasis pictures Lichen Planus and related diseases,Pityriasis-Lichenoides-47.jpg,C:\Users\manis\Desktop\Final_Year_Project\PapuloNet\datasets\dermnet\train\Psoriasis pictures Lichen Planus and related diseases\Pityriasis-Lichenoides-47.jpg,AMBIGUOUS_MERGED,True,PENDING,PENDING,,,
PSD_00000287,DermNet,DermNet,train,original,Psoriasis pictures Lichen Planus and related diseases,Pityriasis-Lichenoides-49.jpg,C:\Users\manis\Desktop\Final_Year_Project\PapuloNet\datasets\dermnet\train\Psoriasis pictures Lichen Planus and related diseases\Pityriasis-Lichenoides-49.jpg,AMBIGUOUS_MERGED,True,PENDING,PENDING,,,
PSD_00000288,DermNet,DermNet,train,original,Psoriasis pictures Lichen Planus and related diseases,Pityriasis-Lichenoides-5.jpg,C:\Users\manis\Desktop\Final_Year_Project\PapuloNet\datasets\dermnet\train\Psoriasis pictures Lichen Planus and related diseases\Pityriasis-Lichenoides-5.jpg,AMBIGUOUS_MERGED,True,PENDING,PENDING,,,
PSD_00000289,DermNet,DermNet,train,original,Psoriasis pictures Lichen Planus and related diseases,Pityriasis-Lichenoides-50.jpg,C:\Users\manis\Desktop\Final_Year_Project\PapuloNet\datasets\dermnet\train\Psoriasis pictures Lichen Planus and related diseases\Pityriasis-Lichenoides-50.jpg,AMBIGUOUS_MERGED,True,PENDING,PENDING,,,
PSD_00000290,DermNet,DermNet,train,original,Psoriasis pictures Lichen Planus and related diseases,Pityriasis-Lichenoides-51.jpg,C:\Users\manis\Desktop\Final_Year_Project\PapuloNet\datasets\dermnet\train\Psoriasis pictures Lichen Planus and related diseases\Pityriasis-Lichenoides-51.jpg,AMBIGUOUS_MERGED,True,PENDING,PENDING,,,
PSD_00000291,DermNet,DermNet,train,original,Psoriasis pictures Lichen Planus and related diseases,Pityriasis-Lichenoides-52.jpg,C:\Users\manis\Desktop\Final_Year_Project\PapuloNet\datasets\dermnet\train\Psoriasis pictures Lichen Planus and related diseases\Pityriasis-Lichenoides-52.jpg,AMBIGUOUS_MERGED,True,PENDING,PENDING,,,
PSD_00000292,DermNet,DermNet,train,original,Psoriasis pictures Lichen Planus and related diseases,Pityriasis-Lichenoides-53.jpg,C:\Users\manis\Desktop\Final_Year_Project\PapuloNet\datasets\dermnet\train\Psoriasis pictures Lichen Planus and related diseases\Pityriasis-Lichenoides-53.jpg,AMBIGUOUS_MERGED,True,PENDING,PENDING,,,
PSD_00000293,DermNet,DermNet,train,original,Psoriasis pictures Lichen Planus and related diseases,Pityriasis-Lichenoides-54.jpg,C:\Users\manis\Desktop\Final_Year_Project\PapuloNet\datasets\dermnet\train\Psoriasis pictures Lichen Planus and related diseases\Pityriasis-Lichenoides-54.jpg,AMBIGUOUS_MERGED,True,PENDING,PENDING,,,
PSD_00000294,DermNet,DermNet,train,original,Psoriasis pictures Lichen Planus and related diseases,Pityriasis-Lichenoides-55.jpg,C:\Users\manis\Desktop\Final_Year_Project\PapuloNet\datasets\dermnet\train\Psoriasis pictures Lichen Planus and related diseases\Pityriasis-Lichenoides-55.jpg,AMBIGUOUS_MERGED,True,PENDING,PENDING,,,
PSD_00000295,DermNet,DermNet,train,original,Psoriasis pictures Lichen Planus and related diseases,Pityriasis-Lichenoides-6.jpg,C:\Users\manis\Desktop\Final_Year_Project\PapuloNet\datasets\dermnet\train\Psoriasis pictures Lichen Planus and related diseases\Pityriasis-Lichenoides-6.jpg,AMBIGUOUS_MERGED,True,PENDING,PENDING,,,
PSD_00000296,DermNet,DermNet,train,original,Psoriasis pictures Lichen Planus and related diseases,Pityriasis-Lichenoides-7.jpg,C:\Users\manis\Desktop\Final_Year_Project\PapuloNet\datasets\dermnet\train\Psoriasis pictures Lichen Planus and related diseases\Pityriasis-Lichenoides-7.jpg,AMBIGUOUS_MERGED,True,PENDING,PENDING,,,
PSD_00000297,DermNet,DermNet,train,original,Psoriasis pictures Lichen Planus and related diseases,Pityriasis-Lichenoides-8.jpg,C:\Users\manis\Desktop\Final_Year_Project\PapuloNet\datasets\dermnet\train\Psoriasis pictures Lichen Planus and related diseases\Pityriasis-Lichenoides-8.jpg,AMBIGUOUS_MERGED,True,PENDING,PENDING,,,
PSD_00000298,DermNet,DermNet,train,original,Psoriasis pictures Lichen Planus and related diseases,pityriasis-rubra-pilaris-10.jpg,C:\Users\manis\Desktop\Final_Year_Project\PapuloNet\datasets\dermnet\train\Psoriasis pictures Lichen Planus and related diseases\pityriasis-rubra-pilaris-10.jpg,AMBIGUOUS_MERGED,True,PENDING,PENDING,,,
PSD_00000299,DermNet,DermNet,train,original,Psoriasis pictures Lichen Planus and related diseases,pityriasis-rubra-pilaris-12.jpg,C:\Users\manis\Desktop\Final_Year_Project\PapuloNet\datasets\dermnet\train\Psoriasis pictures Lichen Planus and related diseases\pityriasis-rubra-pilaris-12.jpg,AMBIGUOUS_MERGED,True,PENDING,PENDING,,,
PSD_00000300,DermNet,DermNet,train,original,Psoriasis pictures Lichen Planus and related diseases,pityriasis-rubra-pilaris-16.jpg,C:\Users\manis\Desktop\Final_Year_Project\PapuloNet\datasets\dermnet\train\Psoriasis pictures Lichen Planus and related diseases\pityriasis-rubra-pilaris-16.jpg,AMBIGUOUS_MERGED,True,PENDING,PENDING,,,
PSD_00000301,DermNet,DermNet,train,original,Psoriasis pictures Lichen Planus and related diseases,pityriasis-rubra-pilaris-17.jpg,C:\Users\manis\Desktop\Final_Year_Project\PapuloNet\datasets\dermnet\train\Psoriasis pictures Lichen Planus and related diseases\pityriasis-rubra-pilaris-17.jpg,AMBIGUOUS_MERGED,True,PENDING,PENDING,,,
PSD_00000302,DermNet,DermNet,train,original,Psoriasis pictures Lichen Planus and related diseases,pityriasis-rubra-pilaris-19.jpg,C:\Users\manis\Desktop\Final_Year_Project\PapuloNet\datasets\dermnet\train\Psoriasis pictures Lichen Planus and related diseases\pityriasis-rubra-pilaris-19.jpg,AMBIGUOUS_MERGED,True,PENDING,PENDING,,,
PSD_00000303,DermNet,DermNet,train,original,Psoriasis pictures Lichen Planus and related diseases,pityriasis-rubra-pilaris-2.jpg,C:\Users\manis\Desktop\Final_Year_Project\PapuloNet\datasets\dermnet\train\Psoriasis pictures Lichen Planus and related diseases\pityriasis-rubra-pilaris-2.jpg,AMBIGUOUS_MERGED,True,PENDING,PENDING,,,
PSD_00000304,DermNet,DermNet,train,original,Psoriasis pictures Lichen Planus and related diseases,pityriasis-rubra-pilaris-21.jpg,C:\Users\manis\Desktop\Final_Year_Project\PapuloNet\datasets\dermnet\train\Psoriasis pictures Lichen Planus and related diseases\pityriasis-rubra-pilaris-21.jpg,AMBIGUOUS_MERGED,True,PENDING,PENDING,,,
PSD_00000305,DermNet,DermNet,train,original,Psoriasis pictures Lichen Planus and related diseases,pityriasis-rubra-pilaris-22.jpg,C:\Users\manis\Desktop\Final_Year_Project\PapuloNet\datasets\dermnet\train\Psoriasis pictures Lichen Planus and related diseases\pityriasis-rubra-pilaris-22.jpg,AMBIGUOUS_MERGED,True,PENDING,PENDING,,,
PSD_00000306,DermNet,DermNet,train,original,Psoriasis pictures Lichen Planus and related diseases,pityriasis-rubra-pilaris-23.jpg,C:\Users\manis\Desktop\Final_Year_Project\PapuloNet\datasets\dermnet\train\Psoriasis pictures Lichen Planus and related diseases\pityriasis-rubra-pilaris-23.jpg,AMBIGUOUS_MERGED,True,PENDING,PENDING,,,
PSD_00000307,DermNet,DermNet,train,original,Psoriasis pictures Lichen Planus and related diseases,pityriasis-rubra-pilaris-24.jpg,C:\Users\manis\Desktop\Final_Year_Project\PapuloNet\datasets\dermnet\train\Psoriasis pictures Lichen Planus and related diseases\pityriasis-rubra-pilaris-24.jpg,AMBIGUOUS_MERGED,True,PENDING,PENDING,,,
PSD_00000308,DermNet,DermNet,train,original,Psoriasis pictures Lichen Planus and related diseases,pityriasis-rubra-pilaris-25.jpg,C:\Users\manis\Desktop\Final_Year_Project\PapuloNet\datasets\dermnet\train\Psoriasis pictures Lichen Planus and related diseases\pityriasis-rubra-pilaris-25.jpg,AMBIGUOUS_MERGED,True,PENDING,PENDING,,,
PSD_00000309,DermNet,DermNet,train,original,Psoriasis pictures Lichen Planus and related diseases,pityriasis-rubra-pilaris-26.jpg,C:\Users\manis\Desktop\Final_Year_Project\PapuloNet\datasets\dermnet\train\Psoriasis pictures Lichen Planus and related diseases\pityriasis-rubra-pilaris-26.jpg,AMBIGUOUS_MERGED,True,PENDING,PENDING,,,
PSD_00000310,DermNet,DermNet,train,original,Psoriasis pictures Lichen Planus and related diseases,pityriasis-rubra-pilaris-27.jpg,C:\Users\manis\Desktop\Final_Year_Project\PapuloNet\datasets\dermnet\train\Psoriasis pictures Lichen Planus and related diseases\pityriasis-rubra-pilaris-27.jpg,AMBIGUOUS_MERGED,True,PENDING,PENDING,,,
PSD_00000311,DermNet,DermNet,train,original,Psoriasis pictures Lichen Planus and related diseases,pityriasis-rubra-pilaris-28.jpg,C:\Users\manis\Desktop\Final_Year_Project\PapuloNet\datasets\dermnet\train\Psoriasis pictures Lichen Planus and related diseases\pityriasis-rubra-pilaris-28.jpg,AMBIGUOUS_MERGED,True,PENDING,PENDING,,,
PSD_00000312,DermNet,DermNet,train,original,Psoriasis pictures Lichen Planus and related diseases,pityriasis-rubra-pilaris-29.jpg,C:\Users\manis\Desktop\Final_Year_Project\PapuloNet\datasets\dermnet\train\Psoriasis pictures Lichen Planus and related diseases\pityriasis-rubra-pilaris-29.jpg,AMBIGUOUS_MERGED,True,PENDING,PENDING,,,
PSD_00000313,DermNet,DermNet,train,original,Psoriasis pictures Lichen Planus and related diseases,pityriasis-rubra-pilaris-3.jpg,C:\Users\manis\Desktop\Final_Year_Project\PapuloNet\datasets\dermnet\train\Psoriasis pictures Lichen Planus and related diseases\pityriasis-rubra-pilaris-3.jpg,AMBIGUOUS_MERGED,True,PENDING,PENDING,,,
PSD_00000314,DermNet,DermNet,train,original,Psoriasis pictures Lichen Planus and related diseases,pityriasis-rubra-pilaris-31.jpg,C:\Users\manis\Desktop\Final_Year_Project\PapuloNet\datasets\dermnet\train\Psoriasis pictures Lichen Planus and related diseases\pityriasis-rubra-pilaris-31.jpg,AMBIGUOUS_MERGED,True,PENDING,PENDING,,,
PSD_00000315,DermNet,DermNet,train,original,Psoriasis pictures Lichen Planus and related diseases,pityriasis-rubra-pilaris-32.jpg,C:\Users\manis\Desktop\Final_Year_Project\PapuloNet\datasets\dermnet\train\Psoriasis pictures Lichen Planus and related diseases\pityriasis-rubra-pilaris-32.jpg,AMBIGUOUS_MERGED,True,PENDING,PENDING,,,
PSD_00000316,DermNet,DermNet,train,original,Psoriasis pictures Lichen Planus and related diseases,pityriasis-rubra-pilaris-33.jpg,C:\Users\manis\Desktop\Final_Year_Project\PapuloNet\datasets\dermnet\train\Psoriasis pictures Lichen Planus and related diseases\pityriasis-rubra-pilaris-33.jpg,AMBIGUOUS_MERGED,True,PENDING,PENDING,,,
PSD_00000317,DermNet,DermNet,train,original,Psoriasis pictures Lichen Planus and related diseases,pityriasis-rubra-pilaris-34.jpg,C:\Users\manis\Desktop\Final_Year_Project\PapuloNet\datasets\dermnet\train\Psoriasis pictures Lichen Planus and related diseases\pityriasis-rubra-pilaris-34.jpg,AMBIGUOUS_MERGED,True,PENDING,PENDING,,,
PSD_00000318,DermNet,DermNet,train,original,Psoriasis pictures Lichen Planus and related diseases,pityriasis-rubra-pilaris-35.jpg,C:\Users\manis\Desktop\Final_Year_Project\PapuloNet\datasets\dermnet\train\Psoriasis pictures Lichen Planus and related diseases\pityriasis-rubra-pilaris-35.jpg,AMBIGUOUS_MERGED,True,PENDING,PENDING,,,
PSD_00000319,DermNet,DermNet,train,original,Psoriasis pictures Lichen Planus and related diseases,pityriasis-rubra-pilaris-36.jpg,C:\Users\manis\Desktop\Final_Year_Project\PapuloNet\datasets\dermnet\train\Psoriasis pictures Lichen Planus and related diseases\pityriasis-rubra-pilaris-36.jpg,AMBIGUOUS_MERGED,True,PENDING,PENDING,,,
PSD_00000320,DermNet,DermNet,train,original,Psoriasis pictures Lichen Planus and related diseases,pityriasis-rubra-pilaris-37.jpg,C:\Users\manis\Desktop\Final_Year_Project\PapuloNet\datasets\dermnet\train\Psoriasis pictures Lichen Planus and related diseases\pityriasis-rubra-pilaris-37.jpg,AMBIGUOUS_MERGED,True,PENDING,PENDING,,,
PSD_00000321,DermNet,DermNet,train,original,Psoriasis pictures Lichen Planus and related diseases,pityriasis-rubra-pilaris-38.jpg,C:\Users\manis\Desktop\Final_Year_Project\PapuloNet\datasets\dermnet\train\Psoriasis pictures Lichen Planus and related diseases\pityriasis-rubra-pilaris-38.jpg,AMBIGUOUS_MERGED,True,PENDING,PENDING,,,
PSD_00000322,DermNet,DermNet,train,original,Psoriasis pictures Lichen Planus and related diseases,pityriasis-rubra-pilaris-39.jpg,C:\Users\manis\Desktop\Final_Year_Project\PapuloNet\datasets\dermnet\train\Psoriasis pictures Lichen Planus and related diseases\pityriasis-rubra-pilaris-39.jpg,AMBIGUOUS_MERGED,True,PENDING,PENDING,,,
PSD_00000323,DermNet,DermNet,train,original,Psoriasis pictures Lichen Planus and related diseases,pityriasis-rubra-pilaris-40.jpg,C:\Users\manis\Desktop\Final_Year_Project\PapuloNet\datasets\dermnet\train\Psoriasis pictures Lichen Planus and related diseases\pityriasis-rubra-pilaris-40.jpg,AMBIGUOUS_MERGED,True,PENDING,PENDING,,,
PSD_00000324,DermNet,DermNet,train,original,Psoriasis pictures Lichen Planus and related diseases,pityriasis-rubra-pilaris-41.jpg,C:\Users\manis\Desktop\Final_Year_Project\PapuloNet\datasets\dermnet\train\Psoriasis pictures Lichen Planus and related diseases\pityriasis-rubra-pilaris-41.jpg,AMBIGUOUS_MERGED,True,PENDING,PENDING,,,
PSD_00000325,DermNet,DermNet,train,original,Psoriasis pictures Lichen Planus and related diseases,pityriasis-rubra-pilaris-42.jpg,C:\Users\manis\Desktop\Final_Year_Project\PapuloNet\datasets\dermnet\train\Psoriasis pictures Lichen Planus and related diseases\pityriasis-rubra-pilaris-42.jpg,AMBIGUOUS_MERGED,True,PENDING,PENDING,,,
PSD_00000326,DermNet,DermNet,train,original,Psoriasis pictures Lichen Planus and related diseases,pityriasis-rubra-pilaris-43.jpg,C:\Users\manis\Desktop\Final_Year_Project\PapuloNet\datasets\dermnet\train\Psoriasis pictures Lichen Planus and related diseases\pityriasis-rubra-pilaris-43.jpg,AMBIGUOUS_MERGED,True,PENDING,PENDING,,,
PSD_00000327,DermNet,DermNet,train,original,Psoriasis pictures Lichen Planus and related diseases,pityriasis-rubra-pilaris-44.jpg,C:\Users\manis\Desktop\Final_Year_Project\PapuloNet\datasets\dermnet\train\Psoriasis pictures Lichen Planus and related diseases\pityriasis-rubra-pilaris-44.jpg,AMBIGUOUS_MERGED,True,PENDING,PENDING,,,
PSD_00000328,DermNet,DermNet,train,original,Psoriasis pictures Lichen Planus and related diseases,pityriasis-rubra-pilaris-46.jpg,C:\Users\manis\Desktop\Final_Year_Project\PapuloNet\datasets\dermnet\train\Psoriasis pictures Lichen Planus and related diseases\pityriasis-rubra-pilaris-46.jpg,AMBIGUOUS_MERGED,True,PENDING,PENDING,,,
PSD_00000329,DermNet,DermNet,train,original,Psoriasis pictures Lichen Planus and related diseases,pityriasis-rubra-pilaris-47.jpg,C:\Users\manis\Desktop\Final_Year_Project\PapuloNet\datasets\dermnet\train\Psoriasis pictures Lichen Planus and related diseases\pityriasis-rubra-pilaris-47.jpg,AMBIGUOUS_MERGED,True,PENDING,PENDING,,,
PSD_00000330,DermNet,DermNet,train,original,Psoriasis pictures Lichen Planus and related diseases,pityriasis-rubra-pilaris-5.jpg,C:\Users\manis\Desktop\Final_Year_Project\PapuloNet\datasets\dermnet\train\Psoriasis pictures Lichen Planus and related diseases\pityriasis-rubra-pilaris-5.jpg,AMBIGUOUS_MERGED,True,PENDING,PENDING,,,
PSD_00000331,DermNet,DermNet,train,original,Psoriasis pictures Lichen Planus and related diseases,pityriasis-rubra-pilaris-50.jpg,C:\Users\manis\Desktop\Final_Year_Project\PapuloNet\datasets\dermnet\train\Psoriasis pictures Lichen Planus and related diseases\pityriasis-rubra-pilaris-50.jpg,AMBIGUOUS_MERGED,True,PENDING,PENDING,,,
PSD_00000332,DermNet,DermNet,train,original,Psoriasis pictures Lichen Planus and related diseases,pityriasis-rubra-pilaris-51.jpg,C:\Users\manis\Desktop\Final_Year_Project\PapuloNet\datasets\dermnet\train\Psoriasis pictures Lichen Planus and related diseases\pityriasis-rubra-pilaris-51.jpg,AMBIGUOUS_MERGED,True,PENDING,PENDING,,,
PSD_00000333,DermNet,DermNet,train,original,Psoriasis pictures Lichen Planus and related diseases,pityriasis-rubra-pilaris-52.jpg,C:\Users\manis\Desktop\Final_Year_Project\PapuloNet\datasets\dermnet\train\Psoriasis pictures Lichen Planus and related diseases\pityriasis-rubra-pilaris-52.jpg,AMBIGUOUS_MERGED,True,PENDING,PENDING,,,
PSD_00000334,DermNet,DermNet,train,original,Psoriasis pictures Lichen Planus and related diseases,pityriasis-rubra-pilaris-53.jpg,C:\Users\manis\Desktop\Final_Year_Project\PapuloNet\datasets\dermnet\train\Psoriasis pictures Lichen Planus and related diseases\pityriasis-rubra-pilaris-53.jpg,AMBIGUOUS_MERGED,True,PENDING,PENDING,,,
PSD_00000335,DermNet,DermNet,train,original,Psoriasis pictures Lichen Planus and related diseases,pityriasis-rubra-pilaris-54.jpg,C:\Users\manis\Desktop\Final_Year_Project\PapuloNet\datasets\dermnet\train\Psoriasis pictures Lichen Planus and related diseases\pityriasis-rubra-pilaris-54.jpg,AMBIGUOUS_MERGED,True,PENDING,PENDING,,,
PSD_00000336,DermNet,DermNet,train,original,Psoriasis pictures Lichen Planus and related diseases,pityriasis-rubra-pilaris-55.jpg,C:\Users\manis\Desktop\Final_Year_Project\PapuloNet\datasets\dermnet\train\Psoriasis pictures Lichen Planus and related diseases\pityriasis-rubra-pilaris-55.jpg,AMBIGUOUS_MERGED,True,PENDING,PENDING,,,
PSD_00000337,DermNet,DermNet,train,original,Psoriasis pictures Lichen Planus and related diseases,pityriasis-rubra-pilaris-56.jpg,C:\Users\manis\Desktop\Final_Year_Project\PapuloNet\datasets\dermnet\train\Psoriasis pictures Lichen Planus and related diseases\pityriasis-rubra-pilaris-56.jpg,AMBIGUOUS_MERGED,True,PENDING,PENDING,,,
PSD_00000338,DermNet,DermNet,train,original,Psoriasis pictures Lichen Planus and related diseases,pityriasis-rubra-pilaris-57.jpg,C:\Users\manis\Desktop\Final_Year_Project\PapuloNet\datasets\dermnet\train\Psoriasis pictures Lichen Planus and related diseases\pityriasis-rubra-pilaris-57.jpg,AMBIGUOUS_MERGED,True,PENDING,PENDING,,,
PSD_00000339,DermNet,DermNet,train,original,Psoriasis pictures Lichen Planus and related diseases,pityriasis-rubra-pilaris-59.jpg,C:\Users\manis\Desktop\Final_Year_Project\PapuloNet\datasets\dermnet\train\Psoriasis pictures Lichen Planus and related diseases\pityriasis-rubra-pilaris-59.jpg,AMBIGUOUS_MERGED,True,PENDING,PENDING,,,
PSD_00000340,DermNet,DermNet,train,original,Psoriasis pictures Lichen Planus and related diseases,pityriasis-rubra-pilaris-6.jpg,C:\Users\manis\Desktop\Final_Year_Project\PapuloNet\datasets\dermnet\train\Psoriasis pictures Lichen Planus and related diseases\pityriasis-rubra-pilaris-6.jpg,AMBIGUOUS_MERGED,True,PENDING,PENDING,,,
PSD_00000341,DermNet,DermNet,train,original,Psoriasis pictures Lichen Planus and related diseases,pityriasis-rubra-pilaris-62.jpg,C:\Users\manis\Desktop\Final_Year_Project\PapuloNet\datasets\dermnet\train\Psoriasis pictures Lichen Planus and related diseases\pityriasis-rubra-pilaris-62.jpg,AMBIGUOUS_MERGED,True,PENDING,PENDING,,,
PSD_00000342,DermNet,DermNet,train,original,Psoriasis pictures Lichen Planus and related diseases,pityriasis-rubra-pilaris-63.jpg,C:\Users\manis\Desktop\Final_Year_Project\PapuloNet\datasets\dermnet\train\Psoriasis pictures Lichen Planus and related diseases\pityriasis-rubra-pilaris-63.jpg,AMBIGUOUS_MERGED,True,PENDING,PENDING,,,
PSD_00000343,DermNet,DermNet,train,original,Psoriasis pictures Lichen Planus and related diseases,pityriasis-rubra-pilaris-64.jpg,C:\Users\manis\Desktop\Final_Year_Project\PapuloNet\datasets\dermnet\train\Psoriasis pictures Lichen Planus and related diseases\pityriasis-rubra-pilaris-64.jpg,AMBIGUOUS_MERGED,True,PENDING,PENDING,,,
PSD_00000344,DermNet,DermNet,train,original,Psoriasis pictures Lichen Planus and related diseases,pityriasis-rubra-pilaris-66.jpg,C:\Users\manis\Desktop\Final_Year_Project\PapuloNet\datasets\dermnet\train\Psoriasis pictures Lichen Planus and related diseases\pityriasis-rubra-pilaris-66.jpg,AMBIGUOUS_MERGED,True,PENDING,PENDING,,,
PSD_00000345,DermNet,DermNet,train,original,Psoriasis pictures Lichen Planus and related diseases,pityriasis-rubra-pilaris-69.jpg,C:\Users\manis\Desktop\Final_Year_Project\PapuloNet\datasets\dermnet\train\Psoriasis pictures Lichen Planus and related diseases\pityriasis-rubra-pilaris-69.jpg,AMBIGUOUS_MERGED,True,PENDING,PENDING,,,
PSD_00000346,DermNet,DermNet,train,original,Psoriasis pictures Lichen Planus and related diseases,pityriasis-rubra-pilaris-7.jpg,C:\Users\manis\Desktop\Final_Year_Project\PapuloNet\datasets\dermnet\train\Psoriasis pictures Lichen Planus and related diseases\pityriasis-rubra-pilaris-7.jpg,AMBIGUOUS_MERGED,True,PENDING,PENDING,,,
PSD_00000347,DermNet,DermNet,train,original,Psoriasis pictures Lichen Planus and related diseases,pityriasis-rubra-pilaris-71.jpg,C:\Users\manis\Desktop\Final_Year_Project\PapuloNet\datasets\dermnet\train\Psoriasis pictures Lichen Planus and related diseases\pityriasis-rubra-pilaris-71.jpg,AMBIGUOUS_MERGED,True,PENDING,PENDING,,,
PSD_00000348,DermNet,DermNet,train,original,Psoriasis pictures Lichen Planus and related diseases,reiter-syndrome-1.jpg,C:\Users\manis\Desktop\Final_Year_Project\PapuloNet\datasets\dermnet\train\Psoriasis pictures Lichen Planus and related diseases\reiter-syndrome-1.jpg,AMBIGUOUS_MERGED,True,PENDING,PENDING,,,
PSD_00000349,DermNet,DermNet,train,original,Psoriasis pictures Lichen Planus and related diseases,reiter-syndrome-10.jpg,C:\Users\manis\Desktop\Final_Year_Project\PapuloNet\datasets\dermnet\train\Psoriasis pictures Lichen Planus and related diseases\reiter-syndrome-10.jpg,AMBIGUOUS_MERGED,True,PENDING,PENDING,,,
PSD_00000350,DermNet,DermNet,train,original,Psoriasis pictures Lichen Planus and related diseases,reiter-syndrome-12.jpg,C:\Users\manis\Desktop\Final_Year_Project\PapuloNet\datasets\dermnet\train\Psoriasis pictures Lichen Planus and related diseases\reiter-syndrome-12.jpg,AMBIGUOUS_MERGED,True,PENDING,PENDING,,,
PSD_00000351,DermNet,DermNet,train,original,Psoriasis pictures Lichen Planus and related diseases,reiter-syndrome-13.jpg,C:\Users\manis\Desktop\Final_Year_Project\PapuloNet\datasets\dermnet\train\Psoriasis pictures Lichen Planus and related diseases\reiter-syndrome-13.jpg,AMBIGUOUS_MERGED,True,PENDING,PENDING,,,
PSD_00000352,DermNet,DermNet,train,original,Psoriasis pictures Lichen Planus and related diseases,reiter-syndrome-14.jpg,C:\Users\manis\Desktop\Final_Year_Project\PapuloNet\datasets\dermnet\train\Psoriasis pictures Lichen Planus and related diseases\reiter-syndrome-14.jpg,AMBIGUOUS_MERGED,True,PENDING,PENDING,,,
PSD_00000353,DermNet,DermNet,train,original,Psoriasis pictures Lichen Planus and related diseases,reiter-syndrome-15.jpg,C:\Users\manis\Desktop\Final_Year_Project\PapuloNet\datasets\dermnet\train\Psoriasis pictures Lichen Planus and related diseases\reiter-syndrome-15.jpg,AMBIGUOUS_MERGED,True,PENDING,PENDING,,,
PSD_00000354,DermNet,DermNet,train,original,Psoriasis pictures Lichen Planus and related diseases,reiter-syndrome-16.jpg,C:\Users\manis\Desktop\Final_Year_Project\PapuloNet\datasets\dermnet\train\Psoriasis pictures Lichen Planus and related diseases\reiter-syndrome-16.jpg,AMBIGUOUS_MERGED,True,PENDING,PENDING,,,
PSD_00000355,DermNet,DermNet,train,original,Psoriasis pictures Lichen Planus and related diseases,reiter-syndrome-18.jpg,C:\Users\manis\Desktop\Final_Year_Project\PapuloNet\datasets\dermnet\train\Psoriasis pictures Lichen Planus and related diseases\reiter-syndrome-18.jpg,AMBIGUOUS_MERGED,True,PENDING,PENDING,,,
PSD_00000356,DermNet,DermNet,train,original,Psoriasis pictures Lichen Planus and related diseases,reiter-syndrome-20.jpg,C:\Users\manis\Desktop\Final_Year_Project\PapuloNet\datasets\dermnet\train\Psoriasis pictures Lichen Planus and related diseases\reiter-syndrome-20.jpg,AMBIGUOUS_MERGED,True,PENDING,PENDING,,,
PSD_00000357,DermNet,DermNet,train,original,Psoriasis pictures Lichen Planus and related diseases,reiter-syndrome-21.jpg,C:\Users\manis\Desktop\Final_Year_Project\PapuloNet\datasets\dermnet\train\Psoriasis pictures Lichen Planus and related diseases\reiter-syndrome-21.jpg,AMBIGUOUS_MERGED,True,PENDING,PENDING,,,
PSD_00000358,DermNet,DermNet,train,original,Psoriasis pictures Lichen Planus and related diseases,reiter-syndrome-4.jpg,C:\Users\manis\Desktop\Final_Year_Project\PapuloNet\datasets\dermnet\train\Psoriasis pictures Lichen Planus and related diseases\reiter-syndrome-4.jpg,AMBIGUOUS_MERGED,True,PENDING,PENDING,,,
PSD_00000359,DermNet,DermNet,train,original,Psoriasis pictures Lichen Planus and related diseases,reiter-syndrome-6.jpg,C:\Users\manis\Desktop\Final_Year_Project\PapuloNet\datasets\dermnet\train\Psoriasis pictures Lichen Planus and related diseases\reiter-syndrome-6.jpg,AMBIGUOUS_MERGED,True,PENDING,PENDING,,,
PSD_00000360,DermNet,DermNet,train,original,Psoriasis pictures Lichen Planus and related diseases,reiter-syndrome-7.jpg,C:\Users\manis\Desktop\Final_Year_Project\PapuloNet\datasets\dermnet\train\Psoriasis pictures Lichen Planus and related diseases\reiter-syndrome-7.jpg,AMBIGUOUS_MERGED,True,PENDING,PENDING,,,
PSD_00000361,DermNet,DermNet,train,original,Psoriasis pictures Lichen Planus and related diseases,reiter-syndrome-9.jpg,C:\Users\manis\Desktop\Final_Year_Project\PapuloNet\datasets\dermnet\train\Psoriasis pictures Lichen Planus and related diseases\reiter-syndrome-9.jpg,AMBIGUOUS_MERGED,True,PENDING,PENDING,,,
PSD_00000362,DermNet,DermNet,test,original,Psoriasis pictures Lichen Planus and related diseases,08glutealPinking061906.jpg,C:\Users\manis\Desktop\Final_Year_Project\PapuloNet\datasets\dermnet\test\Psoriasis pictures Lichen Planus and related diseases\08glutealPinking061906.jpg,AMBIGUOUS_MERGED,True,PENDING,PENDING,,,
PSD_00000363,DermNet,DermNet,test,original,Psoriasis pictures Lichen Planus and related diseases,08OilSpotPsoriasis1027.jpg,C:\Users\manis\Desktop\Final_Year_Project\PapuloNet\datasets\dermnet\test\Psoriasis pictures Lichen Planus and related diseases\08OilSpotPsoriasis1027.jpg,AMBIGUOUS_MERGED,True,PENDING,PENDING,,,
PSD_00000364,DermNet,DermNet,test,original,Psoriasis pictures Lichen Planus and related diseases,08PsoriasisAnalPink1216.jpg,C:\Users\manis\Desktop\Final_Year_Project\PapuloNet\datasets\dermnet\test\Psoriasis pictures Lichen Planus and related diseases\08PsoriasisAnalPink1216.jpg,AMBIGUOUS_MERGED,True,PENDING,PENDING,,,
PSD_00000365,DermNet,DermNet,test,original,Psoriasis pictures Lichen Planus and related diseases,08psoriasisAnus.jpg,C:\Users\manis\Desktop\Final_Year_Project\PapuloNet\datasets\dermnet\test\Psoriasis pictures Lichen Planus and related diseases\08psoriasisAnus.jpg,AMBIGUOUS_MERGED,True,PENDING,PENDING,,,
PSD_00000366,DermNet,DermNet,test,original,Psoriasis pictures Lichen Planus and related diseases,08PsoriasisPinking1.jpg,C:\Users\manis\Desktop\Final_Year_Project\PapuloNet\datasets\dermnet\test\Psoriasis pictures Lichen Planus and related diseases\08PsoriasisPinking1.jpg,AMBIGUOUS_MERGED,True,PENDING,PENDING,,,
PSD_00000367,DermNet,DermNet,test,original,Psoriasis pictures Lichen Planus and related diseases,08SebDermChest010106.jpg,C:\Users\manis\Desktop\Final_Year_Project\PapuloNet\datasets\dermnet\test\Psoriasis pictures Lichen Planus and related diseases\08SebDermChest010106.jpg,AMBIGUOUS_MERGED,True,PENDING,PENDING,,,
PSD_00000368,DermNet,DermNet,test,original,Psoriasis pictures Lichen Planus and related diseases,08sebdermFace1222069.jpg,C:\Users\manis\Desktop\Final_Year_Project\PapuloNet\datasets\dermnet\test\Psoriasis pictures Lichen Planus and related diseases\08sebdermFace1222069.jpg,AMBIGUOUS_MERGED,True,PENDING,PENDING,,,
PSD_00000369,DermNet,DermNet,test,original,Psoriasis pictures Lichen Planus and related diseases,08SebDermLids030104.jpg,C:\Users\manis\Desktop\Final_Year_Project\PapuloNet\datasets\dermnet\test\Psoriasis pictures Lichen Planus and related diseases\08SebDermLids030104.jpg,AMBIGUOUS_MERGED,True,PENDING,PENDING,,,
PSD_00000370,DermNet,DermNet,test,original,Psoriasis pictures Lichen Planus and related diseases,08SebDermPrestern.jpg,C:\Users\manis\Desktop\Final_Year_Project\PapuloNet\datasets\dermnet\test\Psoriasis pictures Lichen Planus and related diseases\08SebDermPrestern.jpg,AMBIGUOUS_MERGED,True,PENDING,PENDING,,,
PSD_00000371,DermNet,DermNet,test,original,Psoriasis pictures Lichen Planus and related diseases,08SebDermPresternal063001.jpg,C:\Users\manis\Desktop\Final_Year_Project\PapuloNet\datasets\dermnet\test\Psoriasis pictures Lichen Planus and related diseases\08SebDermPresternal063001.jpg,AMBIGUOUS_MERGED,True,PENDING,PENDING,,,
PSD_00000372,DermNet,DermNet,test,original,Psoriasis pictures Lichen Planus and related diseases,08sebKerm01230642.jpg,C:\Users\manis\Desktop\Final_Year_Project\PapuloNet\datasets\dermnet\test\Psoriasis pictures Lichen Planus and related diseases\08sebKerm01230642.jpg,AMBIGUOUS_MERGED,True,PENDING,PENDING,,,
PSD_00000373,DermNet,DermNet,test,original,Psoriasis pictures Lichen Planus and related diseases,08sebKerm1122046.jpg,C:\Users\manis\Desktop\Final_Year_Project\PapuloNet\datasets\dermnet\test\Psoriasis pictures Lichen Planus and related diseases\08sebKerm1122046.jpg,AMBIGUOUS_MERGED,True,PENDING,PENDING,,,
PSD_00000374,DermNet,DermNet,test,original,Psoriasis pictures Lichen Planus and related diseases,13tineaAmiantacea082106.jpg,C:\Users\manis\Desktop\Final_Year_Project\PapuloNet\datasets\dermnet\test\Psoriasis pictures Lichen Planus and related diseases\13tineaAmiantacea082106.jpg,AMBIGUOUS_MERGED,True,PENDING,PENDING,,,
PSD_00000375,DermNet,DermNet,test,original,Psoriasis pictures Lichen Planus and related diseases,8Psoriasis2-127.jpg,C:\Users\manis\Desktop\Final_Year_Project\PapuloNet\datasets\dermnet\test\Psoriasis pictures Lichen Planus and related diseases\8Psoriasis2-127.jpg,AMBIGUOUS_MERGED,True,PENDING,PENDING,,,
PSD_00000376,DermNet,DermNet,test,original,Psoriasis pictures Lichen Planus and related diseases,8Psoriasis2-130.jpg,C:\Users\manis\Desktop\Final_Year_Project\PapuloNet\datasets\dermnet\test\Psoriasis pictures Lichen Planus and related diseases\8Psoriasis2-130.jpg,AMBIGUOUS_MERGED,True,PENDING,PENDING,,,
PSD_00000377,DermNet,DermNet,test,original,Psoriasis pictures Lichen Planus and related diseases,Axillary-Granular-Parakeratosis-1.jpg,C:\Users\manis\Desktop\Final_Year_Project\PapuloNet\datasets\dermnet\test\Psoriasis pictures Lichen Planus and related diseases\Axillary-Granular-Parakeratosis-1.jpg,AMBIGUOUS_MERGED,True,PENDING,PENDING,,,
PSD_00000378,DermNet,DermNet,test,original,Psoriasis pictures Lichen Planus and related diseases,Axillary-Granular-Parakeratosis-9.jpg,C:\Users\manis\Desktop\Final_Year_Project\PapuloNet\datasets\dermnet\test\Psoriasis pictures Lichen Planus and related diseases\Axillary-Granular-Parakeratosis-9.jpg,AMBIGUOUS_MERGED,True,PENDING,PENDING,,,
PSD_00000379,DermNet,DermNet,test,original,Psoriasis pictures Lichen Planus and related diseases,Lichen-Nitidus-2.jpg,C:\Users\manis\Desktop\Final_Year_Project\PapuloNet\datasets\dermnet\test\Psoriasis pictures Lichen Planus and related diseases\Lichen-Nitidus-2.jpg,AMBIGUOUS_MERGED,True,PENDING,PENDING,,,
PSD_00000380,DermNet,DermNet,test,original,Psoriasis pictures Lichen Planus and related diseases,Lichen-Nitidus-22.jpg,C:\Users\manis\Desktop\Final_Year_Project\PapuloNet\datasets\dermnet\test\Psoriasis pictures Lichen Planus and related diseases\Lichen-Nitidus-22.jpg,AMBIGUOUS_MERGED,True,PENDING,PENDING,,,
PSD_00000381,DermNet,DermNet,test,original,Psoriasis pictures Lichen Planus and related diseases,Lichen-Nitidus-3.jpg,C:\Users\manis\Desktop\Final_Year_Project\PapuloNet\datasets\dermnet\test\Psoriasis pictures Lichen Planus and related diseases\Lichen-Nitidus-3.jpg,AMBIGUOUS_MERGED,True,PENDING,PENDING,,,
PSD_00000382,DermNet,DermNet,test,original,Psoriasis pictures Lichen Planus and related diseases,Lichen-Sclerosis-Vulva-13.jpg,C:\Users\manis\Desktop\Final_Year_Project\PapuloNet\datasets\dermnet\test\Psoriasis pictures Lichen Planus and related diseases\Lichen-Sclerosis-Vulva-13.jpg,AMBIGUOUS_MERGED,True,PENDING,PENDING,,,
PSD_00000383,DermNet,DermNet,test,original,Psoriasis pictures Lichen Planus and related diseases,Lichen-Sclerosis-Vulva-15.jpg,C:\Users\manis\Desktop\Final_Year_Project\PapuloNet\datasets\dermnet\test\Psoriasis pictures Lichen Planus and related diseases\Lichen-Sclerosis-Vulva-15.jpg,AMBIGUOUS_MERGED,True,PENDING,PENDING,,,
PSD_00000384,DermNet,DermNet,test,original,Psoriasis pictures Lichen Planus and related diseases,Lichen-Sclerosis-Vulva-17.jpg,C:\Users\manis\Desktop\Final_Year_Project\PapuloNet\datasets\dermnet\test\Psoriasis pictures Lichen Planus and related diseases\Lichen-Sclerosis-Vulva-17.jpg,AMBIGUOUS_MERGED,True,PENDING,PENDING,,,
PSD_00000385,DermNet,DermNet,test,original,Psoriasis pictures Lichen Planus and related diseases,Lichen-Sclerosis-Vulva-3.jpg,C:\Users\manis\Desktop\Final_Year_Project\PapuloNet\datasets\dermnet\test\Psoriasis pictures Lichen Planus and related diseases\Lichen-Sclerosis-Vulva-3.jpg,AMBIGUOUS_MERGED,True,PENDING,PENDING,,,
PSD_00000386,DermNet,DermNet,test,original,Psoriasis pictures Lichen Planus and related diseases,Lichen-Sclerosis-Vulva-31.jpg,C:\Users\manis\Desktop\Final_Year_Project\PapuloNet\datasets\dermnet\test\Psoriasis pictures Lichen Planus and related diseases\Lichen-Sclerosis-Vulva-31.jpg,AMBIGUOUS_MERGED,True,PENDING,PENDING,,,
PSD_00000387,DermNet,DermNet,test,original,Psoriasis pictures Lichen Planus and related diseases,Lichen-Sclerosis-Vulva-33.jpg,C:\Users\manis\Desktop\Final_Year_Project\PapuloNet\datasets\dermnet\test\Psoriasis pictures Lichen Planus and related diseases\Lichen-Sclerosis-Vulva-33.jpg,AMBIGUOUS_MERGED,True,PENDING,PENDING,,,
PSD_00000388,DermNet,DermNet,test,original,Psoriasis pictures Lichen Planus and related diseases,Lichen-Sclerosis-Vulva-5.jpg,C:\Users\manis\Desktop\Final_Year_Project\PapuloNet\datasets\dermnet\test\Psoriasis pictures Lichen Planus and related diseases\Lichen-Sclerosis-Vulva-5.jpg,AMBIGUOUS_MERGED,True,PENDING,PENDING,,,
PSD_00000389,DermNet,DermNet,test,original,Psoriasis pictures Lichen Planus and related diseases,Lichen-Sclerosis-Vulva-6.jpg,C:\Users\manis\Desktop\Final_Year_Project\PapuloNet\datasets\dermnet\test\Psoriasis pictures Lichen Planus and related diseases\Lichen-Sclerosis-Vulva-6.jpg,AMBIGUOUS_MERGED,True,PENDING,PENDING,,,
PSD_00000390,DermNet,DermNet,test,original,Psoriasis pictures Lichen Planus and related diseases,Lichen-Sclerosus-Penis-10.jpg,C:\Users\manis\Desktop\Final_Year_Project\PapuloNet\datasets\dermnet\test\Psoriasis pictures Lichen Planus and related diseases\Lichen-Sclerosus-Penis-10.jpg,AMBIGUOUS_MERGED,True,PENDING,PENDING,,,
PSD_00000391,DermNet,DermNet,test,original,Psoriasis pictures Lichen Planus and related diseases,Lichen-Sclerosus-Penis-11.jpg,C:\Users\manis\Desktop\Final_Year_Project\PapuloNet\datasets\dermnet\test\Psoriasis pictures Lichen Planus and related diseases\Lichen-Sclerosus-Penis-11.jpg,AMBIGUOUS_MERGED,True,PENDING,PENDING,,,
PSD_00000392,DermNet,DermNet,test,original,Psoriasis pictures Lichen Planus and related diseases,Lichen-Sclerosus-Penis-19.jpg,C:\Users\manis\Desktop\Final_Year_Project\PapuloNet\datasets\dermnet\test\Psoriasis pictures Lichen Planus and related diseases\Lichen-Sclerosus-Penis-19.jpg,AMBIGUOUS_MERGED,True,PENDING,PENDING,,,
PSD_00000393,DermNet,DermNet,test,original,Psoriasis pictures Lichen Planus and related diseases,Lichen-Sclerosus-Penis-24.jpg,C:\Users\manis\Desktop\Final_Year_Project\PapuloNet\datasets\dermnet\test\Psoriasis pictures Lichen Planus and related diseases\Lichen-Sclerosus-Penis-24.jpg,AMBIGUOUS_MERGED,True,PENDING,PENDING,,,
PSD_00000394,DermNet,DermNet,test,original,Psoriasis pictures Lichen Planus and related diseases,Lichen-Sclerosus-Penis-27.jpg,C:\Users\manis\Desktop\Final_Year_Project\PapuloNet\datasets\dermnet\test\Psoriasis pictures Lichen Planus and related diseases\Lichen-Sclerosus-Penis-27.jpg,AMBIGUOUS_MERGED,True,PENDING,PENDING,,,
PSD_00000395,DermNet,DermNet,test,original,Psoriasis pictures Lichen Planus and related diseases,Lichen-Sclerosus-Penis-33.jpg,C:\Users\manis\Desktop\Final_Year_Project\PapuloNet\datasets\dermnet\test\Psoriasis pictures Lichen Planus and related diseases\Lichen-Sclerosus-Penis-33.jpg,AMBIGUOUS_MERGED,True,PENDING,PENDING,,,
PSD_00000396,DermNet,DermNet,test,original,Psoriasis pictures Lichen Planus and related diseases,Lichen-Sclerosus-Penis-35.jpg,C:\Users\manis\Desktop\Final_Year_Project\PapuloNet\datasets\dermnet\test\Psoriasis pictures Lichen Planus and related diseases\Lichen-Sclerosus-Penis-35.jpg,AMBIGUOUS_MERGED,True,PENDING,PENDING,,,
PSD_00000397,DermNet,DermNet,test,original,Psoriasis pictures Lichen Planus and related diseases,Lichen-Sclerosus-Penis-36.jpg,C:\Users\manis\Desktop\Final_Year_Project\PapuloNet\datasets\dermnet\test\Psoriasis pictures Lichen Planus and related diseases\Lichen-Sclerosus-Penis-36.jpg,AMBIGUOUS_MERGED,True,PENDING,PENDING,,,
PSD_00000398,DermNet,DermNet,test,original,Psoriasis pictures Lichen Planus and related diseases,Lichen-Sclerosus-Penis-38.jpg,C:\Users\manis\Desktop\Final_Year_Project\PapuloNet\datasets\dermnet\test\Psoriasis pictures Lichen Planus and related diseases\Lichen-Sclerosus-Penis-38.jpg,AMBIGUOUS_MERGED,True,PENDING,PENDING,,,
PSD_00000399,DermNet,DermNet,test,original,Psoriasis pictures Lichen Planus and related diseases,Lichen-Sclerosus-Penis-39.jpg,C:\Users\manis\Desktop\Final_Year_Project\PapuloNet\datasets\dermnet\test\Psoriasis pictures Lichen Planus and related diseases\Lichen-Sclerosus-Penis-39.jpg,AMBIGUOUS_MERGED,True,PENDING,PENDING,,,
PSD_00000400,DermNet,DermNet,test,original,Psoriasis pictures Lichen Planus and related diseases,Lichen-Sclerosus-Penis-41.jpg,C:\Users\manis\Desktop\Final_Year_Project\PapuloNet\datasets\dermnet\test\Psoriasis pictures Lichen Planus and related diseases\Lichen-Sclerosus-Penis-41.jpg,AMBIGUOUS_MERGED,True,PENDING,PENDING,,,
PSD_00000401,DermNet,DermNet,test,original,Psoriasis pictures Lichen Planus and related diseases,Lichen-Sclerosus-Penis-43.jpg,C:\Users\manis\Desktop\Final_Year_Project\PapuloNet\datasets\dermnet\test\Psoriasis pictures Lichen Planus and related diseases\Lichen-Sclerosus-Penis-43.jpg,AMBIGUOUS_MERGED,True,PENDING,PENDING,,,
PSD_00000402,DermNet,DermNet,test,original,Psoriasis pictures Lichen Planus and related diseases,Lichen-Sclerosus-Penis-5.jpg,C:\Users\manis\Desktop\Final_Year_Project\PapuloNet\datasets\dermnet\test\Psoriasis pictures Lichen Planus and related diseases\Lichen-Sclerosus-Penis-5.jpg,AMBIGUOUS_MERGED,True,PENDING,PENDING,,,
PSD_00000403,DermNet,DermNet,test,original,Psoriasis pictures Lichen Planus and related diseases,Lichen-Sclerosus-Skin-1.jpg,C:\Users\manis\Desktop\Final_Year_Project\PapuloNet\datasets\dermnet\test\Psoriasis pictures Lichen Planus and related diseases\Lichen-Sclerosus-Skin-1.jpg,AMBIGUOUS_MERGED,True,PENDING,PENDING,,,
PSD_00000404,DermNet,DermNet,test,original,Psoriasis pictures Lichen Planus and related diseases,Lichen-Sclerosus-Skin-109.jpg,C:\Users\manis\Desktop\Final_Year_Project\PapuloNet\datasets\dermnet\test\Psoriasis pictures Lichen Planus and related diseases\Lichen-Sclerosus-Skin-109.jpg,AMBIGUOUS_MERGED,True,PENDING,PENDING,,,
PSD_00000405,DermNet,DermNet,test,original,Psoriasis pictures Lichen Planus and related diseases,Lichen-Sclerosus-Skin-112.jpg,C:\Users\manis\Desktop\Final_Year_Project\PapuloNet\datasets\dermnet\test\Psoriasis pictures Lichen Planus and related diseases\Lichen-Sclerosus-Skin-112.jpg,AMBIGUOUS_MERGED,True,PENDING,PENDING,,,
PSD_00000406,DermNet,DermNet,test,original,Psoriasis pictures Lichen Planus and related diseases,Lichen-Sclerosus-Skin-113.jpg,C:\Users\manis\Desktop\Final_Year_Project\PapuloNet\datasets\dermnet\test\Psoriasis pictures Lichen Planus and related diseases\Lichen-Sclerosus-Skin-113.jpg,AMBIGUOUS_MERGED,True,PENDING,PENDING,,,
PSD_00000407,DermNet,DermNet,test,original,Psoriasis pictures Lichen Planus and related diseases,Lichen-Sclerosus-Skin-123.jpg,C:\Users\manis\Desktop\Final_Year_Project\PapuloNet\datasets\dermnet\test\Psoriasis pictures Lichen Planus and related diseases\Lichen-Sclerosus-Skin-123.jpg,AMBIGUOUS_MERGED,True,PENDING,PENDING,,,
PSD_00000408,DermNet,DermNet,test,original,Psoriasis pictures Lichen Planus and related diseases,Lichen-Sclerosus-Skin-127.jpg,C:\Users\manis\Desktop\Final_Year_Project\PapuloNet\datasets\dermnet\test\Psoriasis pictures Lichen Planus and related diseases\Lichen-Sclerosus-Skin-127.jpg,AMBIGUOUS_MERGED,True,PENDING,PENDING,,,
PSD_00000409,DermNet,DermNet,test,original,Psoriasis pictures Lichen Planus and related diseases,Lichen-Sclerosus-Skin-130.jpg,C:\Users\manis\Desktop\Final_Year_Project\PapuloNet\datasets\dermnet\test\Psoriasis pictures Lichen Planus and related diseases\Lichen-Sclerosus-Skin-130.jpg,AMBIGUOUS_MERGED,True,PENDING,PENDING,,,
PSD_00000410,DermNet,DermNet,test,original,Psoriasis pictures Lichen Planus and related diseases,Lichen-Sclerosus-Skin-14.jpg,C:\Users\manis\Desktop\Final_Year_Project\PapuloNet\datasets\dermnet\test\Psoriasis pictures Lichen Planus and related diseases\Lichen-Sclerosus-Skin-14.jpg,AMBIGUOUS_MERGED,True,PENDING,PENDING,,,
PSD_00000411,DermNet,DermNet,test,original,Psoriasis pictures Lichen Planus and related diseases,Lichen-Sclerosus-Skin-16.jpg,C:\Users\manis\Desktop\Final_Year_Project\PapuloNet\datasets\dermnet\test\Psoriasis pictures Lichen Planus and related diseases\Lichen-Sclerosus-Skin-16.jpg,AMBIGUOUS_MERGED,True,PENDING,PENDING,,,
PSD_00000412,DermNet,DermNet,test,original,Psoriasis pictures Lichen Planus and related diseases,Lichen-Sclerosus-Skin-19.jpg,C:\Users\manis\Desktop\Final_Year_Project\PapuloNet\datasets\dermnet\test\Psoriasis pictures Lichen Planus and related diseases\Lichen-Sclerosus-Skin-19.jpg,AMBIGUOUS_MERGED,True,PENDING,PENDING,,,
PSD_00000413,DermNet,DermNet,test,original,Psoriasis pictures Lichen Planus and related diseases,Lichen-Sclerosus-Skin-2.jpg,C:\Users\manis\Desktop\Final_Year_Project\PapuloNet\datasets\dermnet\test\Psoriasis pictures Lichen Planus and related diseases\Lichen-Sclerosus-Skin-2.jpg,AMBIGUOUS_MERGED,True,PENDING,PENDING,,,
PSD_00000414,DermNet,DermNet,test,original,Psoriasis pictures Lichen Planus and related diseases,Lichen-Sclerosus-Skin-23.jpg,C:\Users\manis\Desktop\Final_Year_Project\PapuloNet\datasets\dermnet\test\Psoriasis pictures Lichen Planus and related diseases\Lichen-Sclerosus-Skin-23.jpg,AMBIGUOUS_MERGED,True,PENDING,PENDING,,,
PSD_00000415,DermNet,DermNet,test,original,Psoriasis pictures Lichen Planus and related diseases,Lichen-Sclerosus-Skin-25.jpg,C:\Users\manis\Desktop\Final_Year_Project\PapuloNet\datasets\dermnet\test\Psoriasis pictures Lichen Planus and related diseases\Lichen-Sclerosus-Skin-25.jpg,AMBIGUOUS_MERGED,True,PENDING,PENDING,,,
PSD_00000416,DermNet,DermNet,test,original,Psoriasis pictures Lichen Planus and related diseases,Lichen-Sclerosus-Skin-26.jpg,C:\Users\manis\Desktop\Final_Year_Project\PapuloNet\datasets\dermnet\test\Psoriasis pictures Lichen Planus and related diseases\Lichen-Sclerosus-Skin-26.jpg,AMBIGUOUS_MERGED,True,PENDING,PENDING,,,
PSD_00000417,DermNet,DermNet,test,original,Psoriasis pictures Lichen Planus and related diseases,Lichen-Sclerosus-Skin-3.jpg,C:\Users\manis\Desktop\Final_Year_Project\PapuloNet\datasets\dermnet\test\Psoriasis pictures Lichen Planus and related diseases\Lichen-Sclerosus-Skin-3.jpg,AMBIGUOUS_MERGED,True,PENDING,PENDING,,,
PSD_00000418,DermNet,DermNet,test,original,Psoriasis pictures Lichen Planus and related diseases,Lichen-Sclerosus-Skin-34.jpg,C:\Users\manis\Desktop\Final_Year_Project\PapuloNet\datasets\dermnet\test\Psoriasis pictures Lichen Planus and related diseases\Lichen-Sclerosus-Skin-34.jpg,AMBIGUOUS_MERGED,True,PENDING,PENDING,,,
PSD_00000419,DermNet,DermNet,test,original,Psoriasis pictures Lichen Planus and related diseases,Lichen-Sclerosus-Skin-39.jpg,C:\Users\manis\Desktop\Final_Year_Project\PapuloNet\datasets\dermnet\test\Psoriasis pictures Lichen Planus and related diseases\Lichen-Sclerosus-Skin-39.jpg,AMBIGUOUS_MERGED,True,PENDING,PENDING,,,
PSD_00000420,DermNet,DermNet,test,original,Psoriasis pictures Lichen Planus and related diseases,Lichen-Sclerosus-Skin-40.jpg,C:\Users\manis\Desktop\Final_Year_Project\PapuloNet\datasets\dermnet\test\Psoriasis pictures Lichen Planus and related diseases\Lichen-Sclerosus-Skin-40.jpg,AMBIGUOUS_MERGED,True,PENDING,PENDING,,,
PSD_00000421,DermNet,DermNet,test,original,Psoriasis pictures Lichen Planus and related diseases,Lichen-Sclerosus-Skin-43.jpg,C:\Users\manis\Desktop\Final_Year_Project\PapuloNet\datasets\dermnet\test\Psoriasis pictures Lichen Planus and related diseases\Lichen-Sclerosus-Skin-43.jpg,AMBIGUOUS_MERGED,True,PENDING,PENDING,,,
PSD_00000422,DermNet,DermNet,test,original,Psoriasis pictures Lichen Planus and related diseases,Lichen-Sclerosus-Skin-48.jpg,C:\Users\manis\Desktop\Final_Year_Project\PapuloNet\datasets\dermnet\test\Psoriasis pictures Lichen Planus and related diseases\Lichen-Sclerosus-Skin-48.jpg,AMBIGUOUS_MERGED,True,PENDING,PENDING,,,
PSD_00000423,DermNet,DermNet,test,original,Psoriasis pictures Lichen Planus and related diseases,Lichen-Sclerosus-Skin-51.jpg,C:\Users\manis\Desktop\Final_Year_Project\PapuloNet\datasets\dermnet\test\Psoriasis pictures Lichen Planus and related diseases\Lichen-Sclerosus-Skin-51.jpg,AMBIGUOUS_MERGED,True,PENDING,PENDING,,,
PSD_00000424,DermNet,DermNet,test,original,Psoriasis pictures Lichen Planus and related diseases,Lichen-Sclerosus-Skin-53.jpg,C:\Users\manis\Desktop\Final_Year_Project\PapuloNet\datasets\dermnet\test\Psoriasis pictures Lichen Planus and related diseases\Lichen-Sclerosus-Skin-53.jpg,AMBIGUOUS_MERGED,True,PENDING,PENDING,,,
PSD_00000425,DermNet,DermNet,test,original,Psoriasis pictures Lichen Planus and related diseases,Lichen-Sclerosus-Skin-58.jpg,C:\Users\manis\Desktop\Final_Year_Project\PapuloNet\datasets\dermnet\test\Psoriasis pictures Lichen Planus and related diseases\Lichen-Sclerosus-Skin-58.jpg,AMBIGUOUS_MERGED,True,PENDING,PENDING,,,
PSD_00000426,DermNet,DermNet,test,original,Psoriasis pictures Lichen Planus and related diseases,Lichen-Sclerosus-Skin-68.jpg,C:\Users\manis\Desktop\Final_Year_Project\PapuloNet\datasets\dermnet\test\Psoriasis pictures Lichen Planus and related diseases\Lichen-Sclerosus-Skin-68.jpg,AMBIGUOUS_MERGED,True,PENDING,PENDING,,,
PSD_00000427,DermNet,DermNet,test,original,Psoriasis pictures Lichen Planus and related diseases,Lichen-Sclerosus-Skin-75.jpg,C:\Users\manis\Desktop\Final_Year_Project\PapuloNet\datasets\dermnet\test\Psoriasis pictures Lichen Planus and related diseases\Lichen-Sclerosus-Skin-75.jpg,AMBIGUOUS_MERGED,True,PENDING,PENDING,,,
PSD_00000428,DermNet,DermNet,test,original,Psoriasis pictures Lichen Planus and related diseases,Lichen-Sclerosus-Skin-84.jpg,C:\Users\manis\Desktop\Final_Year_Project\PapuloNet\datasets\dermnet\test\Psoriasis pictures Lichen Planus and related diseases\Lichen-Sclerosus-Skin-84.jpg,AMBIGUOUS_MERGED,True,PENDING,PENDING,,,
PSD_00000429,DermNet,DermNet,test,original,Psoriasis pictures Lichen Planus and related diseases,Lichen-Sclerosus-Skin-9.jpg,C:\Users\manis\Desktop\Final_Year_Project\PapuloNet\datasets\dermnet\test\Psoriasis pictures Lichen Planus and related diseases\Lichen-Sclerosus-Skin-9.jpg,AMBIGUOUS_MERGED,True,PENDING,PENDING,,,
PSD_00000430,DermNet,DermNet,test,original,Psoriasis pictures Lichen Planus and related diseases,Lichen-Sclerosus-Skin-90.jpg,C:\Users\manis\Desktop\Final_Year_Project\PapuloNet\datasets\dermnet\test\Psoriasis pictures Lichen Planus and related diseases\Lichen-Sclerosus-Skin-90.jpg,AMBIGUOUS_MERGED,True,PENDING,PENDING,,,
PSD_00000431,DermNet,DermNet,test,original,Psoriasis pictures Lichen Planus and related diseases,Lichen-Sclerosus-Skin-91.jpg,C:\Users\manis\Desktop\Final_Year_Project\PapuloNet\datasets\dermnet\test\Psoriasis pictures Lichen Planus and related diseases\Lichen-Sclerosus-Skin-91.jpg,AMBIGUOUS_MERGED,True,PENDING,PENDING,,,
PSD_00000432,DermNet,DermNet,test,original,Psoriasis pictures Lichen Planus and related diseases,Lichen-Sclerosus-Skin-92.jpg,C:\Users\manis\Desktop\Final_Year_Project\PapuloNet\datasets\dermnet\test\Psoriasis pictures Lichen Planus and related diseases\Lichen-Sclerosus-Skin-92.jpg,AMBIGUOUS_MERGED,True,PENDING,PENDING,,,
PSD_00000433,DermNet,DermNet,test,original,Psoriasis pictures Lichen Planus and related diseases,Lichen-Sclerosus-Skin-96.jpg,C:\Users\manis\Desktop\Final_Year_Project\PapuloNet\datasets\dermnet\test\Psoriasis pictures Lichen Planus and related diseases\Lichen-Sclerosus-Skin-96.jpg,AMBIGUOUS_MERGED,True,PENDING,PENDING,,,
PSD_00000434,DermNet,DermNet,test,original,Psoriasis pictures Lichen Planus and related diseases,Pityriasis-Lichenoides-12.jpg,C:\Users\manis\Desktop\Final_Year_Project\PapuloNet\datasets\dermnet\test\Psoriasis pictures Lichen Planus and related diseases\Pityriasis-Lichenoides-12.jpg,AMBIGUOUS_MERGED,True,PENDING,PENDING,,,
PSD_00000435,DermNet,DermNet,test,original,Psoriasis pictures Lichen Planus and related diseases,Pityriasis-Lichenoides-14.jpg,C:\Users\manis\Desktop\Final_Year_Project\PapuloNet\datasets\dermnet\test\Psoriasis pictures Lichen Planus and related diseases\Pityriasis-Lichenoides-14.jpg,AMBIGUOUS_MERGED,True,PENDING,PENDING,,,
PSD_00000436,DermNet,DermNet,test,original,Psoriasis pictures Lichen Planus and related diseases,Pityriasis-Lichenoides-24.jpg,C:\Users\manis\Desktop\Final_Year_Project\PapuloNet\datasets\dermnet\test\Psoriasis pictures Lichen Planus and related diseases\Pityriasis-Lichenoides-24.jpg,AMBIGUOUS_MERGED,True,PENDING,PENDING,,,
PSD_00000437,DermNet,DermNet,test,original,Psoriasis pictures Lichen Planus and related diseases,Pityriasis-Lichenoides-26.jpg,C:\Users\manis\Desktop\Final_Year_Project\PapuloNet\datasets\dermnet\test\Psoriasis pictures Lichen Planus and related diseases\Pityriasis-Lichenoides-26.jpg,AMBIGUOUS_MERGED,True,PENDING,PENDING,,,
PSD_00000438,DermNet,DermNet,test,original,Psoriasis pictures Lichen Planus and related diseases,Pityriasis-Lichenoides-32.jpg,C:\Users\manis\Desktop\Final_Year_Project\PapuloNet\datasets\dermnet\test\Psoriasis pictures Lichen Planus and related diseases\Pityriasis-Lichenoides-32.jpg,AMBIGUOUS_MERGED,True,PENDING,PENDING,,,
PSD_00000439,DermNet,DermNet,test,original,Psoriasis pictures Lichen Planus and related diseases,Pityriasis-Lichenoides-48.jpg,C:\Users\manis\Desktop\Final_Year_Project\PapuloNet\datasets\dermnet\test\Psoriasis pictures Lichen Planus and related diseases\Pityriasis-Lichenoides-48.jpg,AMBIGUOUS_MERGED,True,PENDING,PENDING,,,
PSD_00000440,DermNet,DermNet,test,original,Psoriasis pictures Lichen Planus and related diseases,Pityriasis-Lichenoides-9.jpg,C:\Users\manis\Desktop\Final_Year_Project\PapuloNet\datasets\dermnet\test\Psoriasis pictures Lichen Planus and related diseases\Pityriasis-Lichenoides-9.jpg,AMBIGUOUS_MERGED,True,PENDING,PENDING,,,
PSD_00000441,DermNet,DermNet,test,original,Psoriasis pictures Lichen Planus and related diseases,pityriasis-rubra-pilaris-1.jpg,C:\Users\manis\Desktop\Final_Year_Project\PapuloNet\datasets\dermnet\test\Psoriasis pictures Lichen Planus and related diseases\pityriasis-rubra-pilaris-1.jpg,AMBIGUOUS_MERGED,True,PENDING,PENDING,,,
PSD_00000442,DermNet,DermNet,test,original,Psoriasis pictures Lichen Planus and related diseases,pityriasis-rubra-pilaris-11.jpg,C:\Users\manis\Desktop\Final_Year_Project\PapuloNet\datasets\dermnet\test\Psoriasis pictures Lichen Planus and related diseases\pityriasis-rubra-pilaris-11.jpg,AMBIGUOUS_MERGED,True,PENDING,PENDING,,,
PSD_00000443,DermNet,DermNet,test,original,Psoriasis pictures Lichen Planus and related diseases,pityriasis-rubra-pilaris-13.jpg,C:\Users\manis\Desktop\Final_Year_Project\PapuloNet\datasets\dermnet\test\Psoriasis pictures Lichen Planus and related diseases\pityriasis-rubra-pilaris-13.jpg,AMBIGUOUS_MERGED,True,PENDING,PENDING,,,
PSD_00000444,DermNet,DermNet,test,original,Psoriasis pictures Lichen Planus and related diseases,pityriasis-rubra-pilaris-14.jpg,C:\Users\manis\Desktop\Final_Year_Project\PapuloNet\datasets\dermnet\test\Psoriasis pictures Lichen Planus and related diseases\pityriasis-rubra-pilaris-14.jpg,AMBIGUOUS_MERGED,True,PENDING,PENDING,,,
PSD_00000445,DermNet,DermNet,test,original,Psoriasis pictures Lichen Planus and related diseases,pityriasis-rubra-pilaris-15.jpg,C:\Users\manis\Desktop\Final_Year_Project\PapuloNet\datasets\dermnet\test\Psoriasis pictures Lichen Planus and related diseases\pityriasis-rubra-pilaris-15.jpg,AMBIGUOUS_MERGED,True,PENDING,PENDING,,,
PSD_00000446,DermNet,DermNet,test,original,Psoriasis pictures Lichen Planus and related diseases,pityriasis-rubra-pilaris-18.jpg,C:\Users\manis\Desktop\Final_Year_Project\PapuloNet\datasets\dermnet\test\Psoriasis pictures Lichen Planus and related diseases\pityriasis-rubra-pilaris-18.jpg,AMBIGUOUS_MERGED,True,PENDING,PENDING,,,
PSD_00000447,DermNet,DermNet,test,original,Psoriasis pictures Lichen Planus and related diseases,pityriasis-rubra-pilaris-20.jpg,C:\Users\manis\Desktop\Final_Year_Project\PapuloNet\datasets\dermnet\test\Psoriasis pictures Lichen Planus and related diseases\pityriasis-rubra-pilaris-20.jpg,AMBIGUOUS_MERGED,True,PENDING,PENDING,,,
PSD_00000448,DermNet,DermNet,test,original,Psoriasis pictures Lichen Planus and related diseases,pityriasis-rubra-pilaris-30.jpg,C:\Users\manis\Desktop\Final_Year_Project\PapuloNet\datasets\dermnet\test\Psoriasis pictures Lichen Planus and related diseases\pityriasis-rubra-pilaris-30.jpg,AMBIGUOUS_MERGED,True,PENDING,PENDING,,,
PSD_00000449,DermNet,DermNet,test,original,Psoriasis pictures Lichen Planus and related diseases,pityriasis-rubra-pilaris-45.jpg,C:\Users\manis\Desktop\Final_Year_Project\PapuloNet\datasets\dermnet\test\Psoriasis pictures Lichen Planus and related diseases\pityriasis-rubra-pilaris-45.jpg,AMBIGUOUS_MERGED,True,PENDING,PENDING,,,
PSD_00000450,DermNet,DermNet,test,original,Psoriasis pictures Lichen Planus and related diseases,pityriasis-rubra-pilaris-48.jpg,C:\Users\manis\Desktop\Final_Year_Project\PapuloNet\datasets\dermnet\test\Psoriasis pictures Lichen Planus and related diseases\pityriasis-rubra-pilaris-48.jpg,AMBIGUOUS_MERGED,True,PENDING,PENDING,,,
PSD_00000451,DermNet,DermNet,test,original,Psoriasis pictures Lichen Planus and related diseases,pityriasis-rubra-pilaris-49.jpg,C:\Users\manis\Desktop\Final_Year_Project\PapuloNet\datasets\dermnet\test\Psoriasis pictures Lichen Planus and related diseases\pityriasis-rubra-pilaris-49.jpg,AMBIGUOUS_MERGED,True,PENDING,PENDING,,,
PSD_00000452,DermNet,DermNet,test,original,Psoriasis pictures Lichen Planus and related diseases,pityriasis-rubra-pilaris-58.jpg,C:\Users\manis\Desktop\Final_Year_Project\PapuloNet\datasets\dermnet\test\Psoriasis pictures Lichen Planus and related diseases\pityriasis-rubra-pilaris-58.jpg,AMBIGUOUS_MERGED,True,PENDING,PENDING,,,
PSD_00000453,DermNet,DermNet,test,original,Psoriasis pictures Lichen Planus and related diseases,pityriasis-rubra-pilaris-60.jpg,C:\Users\manis\Desktop\Final_Year_Project\PapuloNet\datasets\dermnet\test\Psoriasis pictures Lichen Planus and related diseases\pityriasis-rubra-pilaris-60.jpg,AMBIGUOUS_MERGED,True,PENDING,PENDING,,,
PSD_00000454,DermNet,DermNet,test,original,Psoriasis pictures Lichen Planus and related diseases,pityriasis-rubra-pilaris-61.jpg,C:\Users\manis\Desktop\Final_Year_Project\PapuloNet\datasets\dermnet\test\Psoriasis pictures Lichen Planus and related diseases\pityriasis-rubra-pilaris-61.jpg,AMBIGUOUS_MERGED,True,PENDING,PENDING,,,
PSD_00000455,DermNet,DermNet,test,original,Psoriasis pictures Lichen Planus and related diseases,pityriasis-rubra-pilaris-70.jpg,C:\Users\manis\Desktop\Final_Year_Project\PapuloNet\datasets\dermnet\test\Psoriasis pictures Lichen Planus and related diseases\pityriasis-rubra-pilaris-70.jpg,AMBIGUOUS_MERGED,True,PENDING,PENDING,,,
PSD_00000456,DermNet,DermNet,test,original,Psoriasis pictures Lichen Planus and related diseases,pityriasis-rubra-pilaris-8.jpg,C:\Users\manis\Desktop\Final_Year_Project\PapuloNet\datasets\dermnet\test\Psoriasis pictures Lichen Planus and related diseases\pityriasis-rubra-pilaris-8.jpg,AMBIGUOUS_MERGED,True,PENDING,PENDING,,,
PSD_00000457,DermNet,DermNet,test,original,Psoriasis pictures Lichen Planus and related diseases,pityriasis-rubra-pilaris-9.jpg,C:\Users\manis\Desktop\Final_Year_Project\PapuloNet\datasets\dermnet\test\Psoriasis pictures Lichen Planus and related diseases\pityriasis-rubra-pilaris-9.jpg,AMBIGUOUS_MERGED,True,PENDING,PENDING,,,
PSD_00000458,DermNet,DermNet,test,original,Psoriasis pictures Lichen Planus and related diseases,reiter-syndrome-17.jpg,C:\Users\manis\Desktop\Final_Year_Project\PapuloNet\datasets\dermnet\test\Psoriasis pictures Lichen Planus and related diseases\reiter-syndrome-17.jpg,AMBIGUOUS_MERGED,True,PENDING,PENDING,,,
PSD_00000459,DermNet,DermNet,test,original,Psoriasis pictures Lichen Planus and related diseases,reiter-syndrome-19.jpg,C:\Users\manis\Desktop\Final_Year_Project\PapuloNet\datasets\dermnet\test\Psoriasis pictures Lichen Planus and related diseases\reiter-syndrome-19.jpg,AMBIGUOUS_MERGED,True,PENDING,PENDING,,,
PSD_00000460,DermNet,DermNet,test,original,Psoriasis pictures Lichen Planus and related diseases,reiter-syndrome-2.jpg,C:\Users\manis\Desktop\Final_Year_Project\PapuloNet\datasets\dermnet\test\Psoriasis pictures Lichen Planus and related diseases\reiter-syndrome-2.jpg,AMBIGUOUS_MERGED,True,PENDING,PENDING,,,
PSD_00000461,DermNet,DermNet,test,original,Psoriasis pictures Lichen Planus and related diseases,reiter-syndrome-3.jpg,C:\Users\manis\Desktop\Final_Year_Project\PapuloNet\datasets\dermnet\test\Psoriasis pictures Lichen Planus and related diseases\reiter-syndrome-3.jpg,AMBIGUOUS_MERGED,True,PENDING,PENDING,,,
PSD_00000462,DermNet,DermNet,test,original,Psoriasis pictures Lichen Planus and related diseases,reiter-syndrome-5.jpg,C:\Users\manis\Desktop\Final_Year_Project\PapuloNet\datasets\dermnet\test\Psoriasis pictures Lichen Planus and related diseases\reiter-syndrome-5.jpg,AMBIGUOUS_MERGED,True,PENDING,PENDING,,,
PSD_00000463,DermNet,DermNet,test,original,Psoriasis pictures Lichen Planus and related diseases,reiter-syndrome-8.jpg,C:\Users\manis\Desktop\Final_Year_Project\PapuloNet\datasets\dermnet\test\Psoriasis pictures Lichen Planus and related diseases\reiter-syndrome-8.jpg,AMBIGUOUS_MERGED,True,PENDING,PENDING,,,
PSD_00000464,DermNet,DermNet,train,original,Lichen_Planus,lichen-planus-1.jpg,C:\Users\manis\Desktop\Final_Year_Project\PapuloNet\datasets\dermnet\train\Psoriasis pictures Lichen Planus and related diseases\lichen-planus-1.jpg,Lichen_Planus,False,UNIQUE,PASS,PSD_00000464.jpg,224,224
PSD_00000465,DermNet,DermNet,train,original,Lichen_Planus,lichen-planus-100.jpg,C:\Users\manis\Desktop\Final_Year_Project\PapuloNet\datasets\dermnet\train\Psoriasis pictures Lichen Planus and related diseases\lichen-planus-100.jpg,Lichen_Planus,False,UNIQUE,PASS,PSD_00000465.jpg,224,224
PSD_00000466,DermNet,DermNet,train,original,Lichen_Planus,lichen-planus-101.jpg,C:\Users\manis\Desktop\Final_Year_Project\PapuloNet\datasets\dermnet\train\Psoriasis pictures Lichen Planus and related diseases\lichen-planus-101.jpg,Lichen_Planus,False,UNIQUE,PASS,PSD_00000466.jpg,224,224
PSD_00000467,DermNet,DermNet,train,original,Lichen_Planus,lichen-planus-102.jpg,C:\Users\manis\Desktop\Final_Year_Project\PapuloNet\datasets\dermnet\train\Psoriasis pictures Lichen Planus and related diseases\lichen-planus-102.jpg,Lichen_Planus,False,UNIQUE,PASS,PSD_00000467.jpg,224,224
PSD_00000468,DermNet,DermNet,train,original,Lichen_Planus,lichen-planus-103.jpg,C:\Users\manis\Desktop\Final_Year_Project\PapuloNet\datasets\dermnet\train\Psoriasis pictures Lichen Planus and related diseases\lichen-planus-103.jpg,Lichen_Planus,False,UNIQUE,PASS,PSD_00000468.jpg,224,224
PSD_00000469,DermNet,DermNet,train,original,Lichen_Planus,lichen-planus-104.jpg,C:\Users\manis\Desktop\Final_Year_Project\PapuloNet\datasets\dermnet\train\Psoriasis pictures Lichen Planus and related diseases\lichen-planus-104.jpg,Lichen_Planus,False,UNIQUE,PASS,PSD_00000469.jpg,224,224
PSD_00000470,DermNet,DermNet,train,original,Lichen_Planus,lichen-planus-105.jpg,C:\Users\manis\Desktop\Final_Year_Project\PapuloNet\datasets\dermnet\train\Psoriasis pictures Lichen Planus and related diseases\lichen-planus-105.jpg,Lichen_Planus,False,UNIQUE,PASS,PSD_00000470.jpg,224,224
PSD_00000471,DermNet,DermNet,train,original,Lichen_Planus,lichen-planus-106.jpg,C:\Users\manis\Desktop\Final_Year_Project\PapuloNet\datasets\dermnet\train\Psoriasis pictures Lichen Planus and related diseases\lichen-planus-106.jpg,Lichen_Planus,False,UNIQUE,PASS,PSD_00000471.jpg,224,224
PSD_00000472,DermNet,DermNet,train,original,Lichen_Planus,lichen-planus-107.jpg,C:\Users\manis\Desktop\Final_Year_Project\PapuloNet\datasets\dermnet\train\Psoriasis pictures Lichen Planus and related diseases\lichen-planus-107.jpg,Lichen_Planus,False,UNIQUE,PASS,PSD_00000472.jpg,224,224
PSD_00000473,DermNet,DermNet,train,original,Lichen_Planus,lichen-planus-108.jpg,C:\Users\manis\Desktop\Final_Year_Project\PapuloNet\datasets\dermnet\train\Psoriasis pictures Lichen Planus and related diseases\lichen-planus-108.jpg,Lichen_Planus,False,UNIQUE,PASS,PSD_00000473.jpg,224,224
PSD_00000474,DermNet,DermNet,train,original,Lichen_Planus,lichen-planus-109.jpg,C:\Users\manis\Desktop\Final_Year_Project\PapuloNet\datasets\dermnet\train\Psoriasis pictures Lichen Planus and related diseases\lichen-planus-109.jpg,Lichen_Planus,False,UNIQUE,PASS,PSD_00000474.jpg,224,224
PSD_00000475,DermNet,DermNet,train,original,Lichen_Planus,lichen-planus-11.jpg,C:\Users\manis\Desktop\Final_Year_Project\PapuloNet\datasets\dermnet\train\Psoriasis pictures Lichen Planus and related diseases\lichen-planus-11.jpg,Lichen_Planus,False,UNIQUE,PASS,PSD_00000475.jpg,224,224
PSD_00000476,DermNet,DermNet,train,original,Lichen_Planus,lichen-planus-110.jpg,C:\Users\manis\Desktop\Final_Year_Project\PapuloNet\datasets\dermnet\train\Psoriasis pictures Lichen Planus and related diseases\lichen-planus-110.jpg,Lichen_Planus,False,UNIQUE,FAIL: blur variance 88.0 below threshold 100.0,,,
PSD_00000477,DermNet,DermNet,train,original,Lichen_Planus,lichen-planus-111.jpg,C:\Users\manis\Desktop\Final_Year_Project\PapuloNet\datasets\dermnet\train\Psoriasis pictures Lichen Planus and related diseases\lichen-planus-111.jpg,Lichen_Planus,False,UNIQUE,PASS,PSD_00000477.jpg,224,224
PSD_00000478,DermNet,DermNet,train,original,Lichen_Planus,lichen-planus-114.jpg,C:\Users\manis\Desktop\Final_Year_Project\PapuloNet\datasets\dermnet\train\Psoriasis pictures Lichen Planus and related diseases\lichen-planus-114.jpg,Lichen_Planus,False,UNIQUE,PASS,PSD_00000478.jpg,224,224
PSD_00000479,DermNet,DermNet,train,original,Lichen_Planus,lichen-planus-116.jpg,C:\Users\manis\Desktop\Final_Year_Project\PapuloNet\datasets\dermnet\train\Psoriasis pictures Lichen Planus and related diseases\lichen-planus-116.jpg,Lichen_Planus,False,UNIQUE,PASS,PSD_00000479.jpg,224,224
PSD_00000480,DermNet,DermNet,train,original,Lichen_Planus,lichen-planus-118.jpg,C:\Users\manis\Desktop\Final_Year_Project\PapuloNet\datasets\dermnet\train\Psoriasis pictures Lichen Planus and related diseases\lichen-planus-118.jpg,Lichen_Planus,False,UNIQUE,PASS,PSD_00000480.jpg,224,224
PSD_00000481,DermNet,DermNet,train,original,Lichen_Planus,lichen-planus-119.jpg,C:\Users\manis\Desktop\Final_Year_Project\PapuloNet\datasets\dermnet\train\Psoriasis pictures Lichen Planus and related diseases\lichen-planus-119.jpg,Lichen_Planus,False,UNIQUE,PASS,PSD_00000481.jpg,224,224
PSD_00000482,DermNet,DermNet,train,original,Lichen_Planus,lichen-planus-12.jpg,C:\Users\manis\Desktop\Final_Year_Project\PapuloNet\datasets\dermnet\train\Psoriasis pictures Lichen Planus and related diseases\lichen-planus-12.jpg,Lichen_Planus,False,UNIQUE,PASS,PSD_00000482.jpg,224,224
PSD_00000483,DermNet,DermNet,train,original,Lichen_Planus,lichen-planus-120.jpg,C:\Users\manis\Desktop\Final_Year_Project\PapuloNet\datasets\dermnet\train\Psoriasis pictures Lichen Planus and related diseases\lichen-planus-120.jpg,Lichen_Planus,False,UNIQUE,PASS,PSD_00000483.jpg,224,224
PSD_00000484,DermNet,DermNet,train,original,Lichen_Planus,lichen-planus-123.jpg,C:\Users\manis\Desktop\Final_Year_Project\PapuloNet\datasets\dermnet\train\Psoriasis pictures Lichen Planus and related diseases\lichen-planus-123.jpg,Lichen_Planus,False,UNIQUE,PASS,PSD_00000484.jpg,224,224
PSD_00000485,DermNet,DermNet,train,original,Lichen_Planus,lichen-planus-124.jpg,C:\Users\manis\Desktop\Final_Year_Project\PapuloNet\datasets\dermnet\train\Psoriasis pictures Lichen Planus and related diseases\lichen-planus-124.jpg,Lichen_Planus,False,UNIQUE,PASS,PSD_00000485.jpg,224,224
PSD_00000486,DermNet,DermNet,train,original,Lichen_Planus,lichen-planus-126.jpg,C:\Users\manis\Desktop\Final_Year_Project\PapuloNet\datasets\dermnet\train\Psoriasis pictures Lichen Planus and related diseases\lichen-planus-126.jpg,Lichen_Planus,False,UNIQUE,PASS,PSD_00000486.jpg,224,224
PSD_00000487,DermNet,DermNet,train,original,Lichen_Planus,lichen-planus-127.jpg,C:\Users\manis\Desktop\Final_Year_Project\PapuloNet\datasets\dermnet\train\Psoriasis pictures Lichen Planus and related diseases\lichen-planus-127.jpg,Lichen_Planus,False,UNIQUE,PASS,PSD_00000487.jpg,224,224
PSD_00000488,DermNet,DermNet,train,original,Lichen_Planus,lichen-planus-128.jpg,C:\Users\manis\Desktop\Final_Year_Project\PapuloNet\datasets\dermnet\train\Psoriasis pictures Lichen Planus and related diseases\lichen-planus-128.jpg,Lichen_Planus,False,UNIQUE,PASS,PSD_00000488.jpg,224,224
PSD_00000489,DermNet,DermNet,train,original,Lichen_Planus,lichen-planus-13.jpg,C:\Users\manis\Desktop\Final_Year_Project\PapuloNet\datasets\dermnet\train\Psoriasis pictures Lichen Planus and related diseases\lichen-planus-13.jpg,Lichen_Planus,False,UNIQUE,PASS,PSD_00000489.jpg,224,224
PSD_00000490,DermNet,DermNet,train,original,Lichen_Planus,lichen-planus-130.jpg,C:\Users\manis\Desktop\Final_Year_Project\PapuloNet\datasets\dermnet\train\Psoriasis pictures Lichen Planus and related diseases\lichen-planus-130.jpg,Lichen_Planus,False,UNIQUE,PASS,PSD_00000490.jpg,224,224
PSD_00000491,DermNet,DermNet,train,original,Lichen_Planus,lichen-planus-131.jpg,C:\Users\manis\Desktop\Final_Year_Project\PapuloNet\datasets\dermnet\train\Psoriasis pictures Lichen Planus and related diseases\lichen-planus-131.jpg,Lichen_Planus,False,UNIQUE,PASS,PSD_00000491.jpg,224,224
PSD_00000492,DermNet,DermNet,train,original,Lichen_Planus,lichen-planus-132.jpg,C:\Users\manis\Desktop\Final_Year_Project\PapuloNet\datasets\dermnet\train\Psoriasis pictures Lichen Planus and related diseases\lichen-planus-132.jpg,Lichen_Planus,False,UNIQUE,PASS,PSD_00000492.jpg,224,224
PSD_00000493,DermNet,DermNet,train,original,Lichen_Planus,lichen-planus-134.jpg,C:\Users\manis\Desktop\Final_Year_Project\PapuloNet\datasets\dermnet\train\Psoriasis pictures Lichen Planus and related diseases\lichen-planus-134.jpg,Lichen_Planus,False,UNIQUE,PASS,PSD_00000493.jpg,224,224
PSD_00000494,DermNet,DermNet,train,original,Lichen_Planus,lichen-planus-135.jpg,C:\Users\manis\Desktop\Final_Year_Project\PapuloNet\datasets\dermnet\train\Psoriasis pictures Lichen Planus and related diseases\lichen-planus-135.jpg,Lichen_Planus,False,UNIQUE,PASS,PSD_00000494.jpg,224,224
PSD_00000495,DermNet,DermNet,train,original,Lichen_Planus,lichen-planus-137.jpg,C:\Users\manis\Desktop\Final_Year_Project\PapuloNet\datasets\dermnet\train\Psoriasis pictures Lichen Planus and related diseases\lichen-planus-137.jpg,Lichen_Planus,False,UNIQUE,PASS,PSD_00000495.jpg,224,224
PSD_00000496,DermNet,DermNet,train,original,Lichen_Planus,lichen-planus-138.jpg,C:\Users\manis\Desktop\Final_Year_Project\PapuloNet\datasets\dermnet\train\Psoriasis pictures Lichen Planus and related diseases\lichen-planus-138.jpg,Lichen_Planus,False,UNIQUE,PASS,PSD_00000496.jpg,224,224
PSD_00000497,DermNet,DermNet,train,original,Lichen_Planus,lichen-planus-139.jpg,C:\Users\manis\Desktop\Final_Year_Project\PapuloNet\datasets\dermnet\train\Psoriasis pictures Lichen Planus and related diseases\lichen-planus-139.jpg,Lichen_Planus,False,UNIQUE,PASS,PSD_00000497.jpg,224,224
PSD_00000498,DermNet,DermNet,train,original,Lichen_Planus,lichen-planus-14.jpg,C:\Users\manis\Desktop\Final_Year_Project\PapuloNet\datasets\dermnet\train\Psoriasis pictures Lichen Planus and related diseases\lichen-planus-14.jpg,Lichen_Planus,False,UNIQUE,PASS,PSD_00000498.jpg,224,224
PSD_00000499,DermNet,DermNet,train,original,Lichen_Planus,lichen-planus-142.jpg,C:\Users\manis\Desktop\Final_Year_Project\PapuloNet\datasets\dermnet\train\Psoriasis pictures Lichen Planus and related diseases\lichen-planus-142.jpg,Lichen_Planus,False,UNIQUE,PASS,PSD_00000499.jpg,224,224
PSD_00000500,DermNet,DermNet,train,original,Lichen_Planus,lichen-planus-143.jpg,C:\Users\manis\Desktop\Final_Year_Project\PapuloNet\datasets\dermnet\train\Psoriasis pictures Lichen Planus and related diseases\lichen-planus-143.jpg,Lichen_Planus,False,UNIQUE,PASS,PSD_00000500.jpg,224,224
PSD_00000501,DermNet,DermNet,train,original,Lichen_Planus,lichen-planus-146.jpg,C:\Users\manis\Desktop\Final_Year_Project\PapuloNet\datasets\dermnet\train\Psoriasis pictures Lichen Planus and related diseases\lichen-planus-146.jpg,Lichen_Planus,False,UNIQUE,PASS,PSD_00000501.jpg,224,224
PSD_00000502,DermNet,DermNet,train,original,Lichen_Planus,lichen-planus-148.jpg,C:\Users\manis\Desktop\Final_Year_Project\PapuloNet\datasets\dermnet\train\Psoriasis pictures Lichen Planus and related diseases\lichen-planus-148.jpg,Lichen_Planus,False,UNIQUE,PASS,PSD_00000502.jpg,224,224
PSD_00000503,DermNet,DermNet,train,original,Lichen_Planus,lichen-planus-15.jpg,C:\Users\manis\Desktop\Final_Year_Project\PapuloNet\datasets\dermnet\train\Psoriasis pictures Lichen Planus and related diseases\lichen-planus-15.jpg,Lichen_Planus,False,UNIQUE,PASS,PSD_00000503.jpg,224,224
PSD_00000504,DermNet,DermNet,train,original,Lichen_Planus,lichen-planus-151.jpg,C:\Users\manis\Desktop\Final_Year_Project\PapuloNet\datasets\dermnet\train\Psoriasis pictures Lichen Planus and related diseases\lichen-planus-151.jpg,Lichen_Planus,False,UNIQUE,PASS,PSD_00000504.jpg,224,224
PSD_00000505,DermNet,DermNet,train,original,Lichen_Planus,lichen-planus-152.jpg,C:\Users\manis\Desktop\Final_Year_Project\PapuloNet\datasets\dermnet\train\Psoriasis pictures Lichen Planus and related diseases\lichen-planus-152.jpg,Lichen_Planus,False,UNIQUE,PASS,PSD_00000505.jpg,224,224
PSD_00000506,DermNet,DermNet,train,original,Lichen_Planus,lichen-planus-155.jpg,C:\Users\manis\Desktop\Final_Year_Project\PapuloNet\datasets\dermnet\train\Psoriasis pictures Lichen Planus and related diseases\lichen-planus-155.jpg,Lichen_Planus,False,UNIQUE,PASS,PSD_00000506.jpg,224,224
PSD_00000507,DermNet,DermNet,train,original,Lichen_Planus,lichen-planus-156.jpg,C:\Users\manis\Desktop\Final_Year_Project\PapuloNet\datasets\dermnet\train\Psoriasis pictures Lichen Planus and related diseases\lichen-planus-156.jpg,Lichen_Planus,False,UNIQUE,PASS,PSD_00000507.jpg,224,224
PSD_00000508,DermNet,DermNet,train,original,Lichen_Planus,lichen-planus-158.jpg,C:\Users\manis\Desktop\Final_Year_Project\PapuloNet\datasets\dermnet\train\Psoriasis pictures Lichen Planus and related diseases\lichen-planus-158.jpg,Lichen_Planus,False,UNIQUE,PASS,PSD_00000508.jpg,224,224
PSD_00000509,DermNet,DermNet,train,original,Lichen_Planus,lichen-planus-161.jpg,C:\Users\manis\Desktop\Final_Year_Project\PapuloNet\datasets\dermnet\train\Psoriasis pictures Lichen Planus and related diseases\lichen-planus-161.jpg,Lichen_Planus,False,UNIQUE,PASS,PSD_00000509.jpg,224,224
PSD_00000510,DermNet,DermNet,train,original,Lichen_Planus,lichen-planus-162.jpg,C:\Users\manis\Desktop\Final_Year_Project\PapuloNet\datasets\dermnet\train\Psoriasis pictures Lichen Planus and related diseases\lichen-planus-162.jpg,Lichen_Planus,False,UNIQUE,PASS,PSD_00000510.jpg,224,224
PSD_00000511,DermNet,DermNet,train,original,Lichen_Planus,lichen-planus-164.jpg,C:\Users\manis\Desktop\Final_Year_Project\PapuloNet\datasets\dermnet\train\Psoriasis pictures Lichen Planus and related diseases\lichen-planus-164.jpg,Lichen_Planus,False,UNIQUE,PASS,PSD_00000511.jpg,224,224
PSD_00000512,DermNet,DermNet,train,original,Lichen_Planus,lichen-planus-165.jpg,C:\Users\manis\Desktop\Final_Year_Project\PapuloNet\datasets\dermnet\train\Psoriasis pictures Lichen Planus and related diseases\lichen-planus-165.jpg,Lichen_Planus,False,UNIQUE,PASS,PSD_00000512.jpg,224,224
PSD_00000513,DermNet,DermNet,train,original,Lichen_Planus,lichen-planus-166.jpg,C:\Users\manis\Desktop\Final_Year_Project\PapuloNet\datasets\dermnet\train\Psoriasis pictures Lichen Planus and related diseases\lichen-planus-166.jpg,Lichen_Planus,False,UNIQUE,PASS,PSD_00000513.jpg,224,224
PSD_00000514,DermNet,DermNet,train,original,Lichen_Planus,lichen-planus-167.jpg,C:\Users\manis\Desktop\Final_Year_Project\PapuloNet\datasets\dermnet\train\Psoriasis pictures Lichen Planus and related diseases\lichen-planus-167.jpg,Lichen_Planus,False,UNIQUE,PASS,PSD_00000514.jpg,224,224
PSD_00000515,DermNet,DermNet,train,original,Lichen_Planus,lichen-planus-169.jpg,C:\Users\manis\Desktop\Final_Year_Project\PapuloNet\datasets\dermnet\train\Psoriasis pictures Lichen Planus and related diseases\lichen-planus-169.jpg,Lichen_Planus,False,UNIQUE,PASS,PSD_00000515.jpg,224,224
PSD_00000516,DermNet,DermNet,train,original,Lichen_Planus,lichen-planus-17.jpg,C:\Users\manis\Desktop\Final_Year_Project\PapuloNet\datasets\dermnet\train\Psoriasis pictures Lichen Planus and related diseases\lichen-planus-17.jpg,Lichen_Planus,False,UNIQUE,PASS,PSD_00000516.jpg,224,224
PSD_00000517,DermNet,DermNet,train,original,Lichen_Planus,lichen-planus-170.jpg,C:\Users\manis\Desktop\Final_Year_Project\PapuloNet\datasets\dermnet\train\Psoriasis pictures Lichen Planus and related diseases\lichen-planus-170.jpg,Lichen_Planus,False,UNIQUE,PASS,PSD_00000517.jpg,224,224
PSD_00000518,DermNet,DermNet,train,original,Lichen_Planus,lichen-planus-171.jpg,C:\Users\manis\Desktop\Final_Year_Project\PapuloNet\datasets\dermnet\train\Psoriasis pictures Lichen Planus and related diseases\lichen-planus-171.jpg,Lichen_Planus,False,UNIQUE,PASS,PSD_00000518.jpg,224,224
PSD_00000519,DermNet,DermNet,train,original,Lichen_Planus,lichen-planus-172.jpg,C:\Users\manis\Desktop\Final_Year_Project\PapuloNet\datasets\dermnet\train\Psoriasis pictures Lichen Planus and related diseases\lichen-planus-172.jpg,Lichen_Planus,False,UNIQUE,PASS,PSD_00000519.jpg,224,224
PSD_00000520,DermNet,DermNet,train,original,Lichen_Planus,lichen-planus-174.jpg,C:\Users\manis\Desktop\Final_Year_Project\PapuloNet\datasets\dermnet\train\Psoriasis pictures Lichen Planus and related diseases\lichen-planus-174.jpg,Lichen_Planus,False,UNIQUE,PASS,PSD_00000520.jpg,224,224
PSD_00000521,DermNet,DermNet,train,original,Lichen_Planus,lichen-planus-175.jpg,C:\Users\manis\Desktop\Final_Year_Project\PapuloNet\datasets\dermnet\train\Psoriasis pictures Lichen Planus and related diseases\lichen-planus-175.jpg,Lichen_Planus,False,UNIQUE,FAIL: blur variance 58.2 below threshold 100.0,,,
PSD_00000522,DermNet,DermNet,train,original,Lichen_Planus,lichen-planus-176.jpg,C:\Users\manis\Desktop\Final_Year_Project\PapuloNet\datasets\dermnet\train\Psoriasis pictures Lichen Planus and related diseases\lichen-planus-176.jpg,Lichen_Planus,False,UNIQUE,PASS,PSD_00000522.jpg,224,224
PSD_00000523,DermNet,DermNet,train,original,Lichen_Planus,lichen-planus-178.jpg,C:\Users\manis\Desktop\Final_Year_Project\PapuloNet\datasets\dermnet\train\Psoriasis pictures Lichen Planus and related diseases\lichen-planus-178.jpg,Lichen_Planus,False,UNIQUE,PASS,PSD_00000523.jpg,224,224
PSD_00000524,DermNet,DermNet,train,original,Lichen_Planus,lichen-planus-18.jpg,C:\Users\manis\Desktop\Final_Year_Project\PapuloNet\datasets\dermnet\train\Psoriasis pictures Lichen Planus and related diseases\lichen-planus-18.jpg,Lichen_Planus,False,UNIQUE,PASS,PSD_00000524.jpg,224,224
PSD_00000525,DermNet,DermNet,train,original,Lichen_Planus,lichen-planus-182.jpg,C:\Users\manis\Desktop\Final_Year_Project\PapuloNet\datasets\dermnet\train\Psoriasis pictures Lichen Planus and related diseases\lichen-planus-182.jpg,Lichen_Planus,False,UNIQUE,FAIL: blur variance 81.1 below threshold 100.0,,,
PSD_00000526,DermNet,DermNet,train,original,Lichen_Planus,lichen-planus-183.jpg,C:\Users\manis\Desktop\Final_Year_Project\PapuloNet\datasets\dermnet\train\Psoriasis pictures Lichen Planus and related diseases\lichen-planus-183.jpg,Lichen_Planus,False,UNIQUE,FAIL: blur variance 82.1 below threshold 100.0,,,
PSD_00000527,DermNet,DermNet,train,original,Lichen_Planus,lichen-planus-184.jpg,C:\Users\manis\Desktop\Final_Year_Project\PapuloNet\datasets\dermnet\train\Psoriasis pictures Lichen Planus and related diseases\lichen-planus-184.jpg,Lichen_Planus,False,UNIQUE,PASS,PSD_00000527.jpg,224,224
PSD_00000528,DermNet,DermNet,train,original,Lichen_Planus,lichen-planus-185.jpg,C:\Users\manis\Desktop\Final_Year_Project\PapuloNet\datasets\dermnet\train\Psoriasis pictures Lichen Planus and related diseases\lichen-planus-185.jpg,Lichen_Planus,False,UNIQUE,FAIL: blur variance 59.4 below threshold 100.0,,,
PSD_00000529,DermNet,DermNet,train,original,Lichen_Planus,lichen-planus-189.jpg,C:\Users\manis\Desktop\Final_Year_Project\PapuloNet\datasets\dermnet\train\Psoriasis pictures Lichen Planus and related diseases\lichen-planus-189.jpg,Lichen_Planus,False,UNIQUE,PASS,PSD_00000529.jpg,224,224
PSD_00000530,DermNet,DermNet,train,original,Lichen_Planus,lichen-planus-19.jpg,C:\Users\manis\Desktop\Final_Year_Project\PapuloNet\datasets\dermnet\train\Psoriasis pictures Lichen Planus and related diseases\lichen-planus-19.jpg,Lichen_Planus,False,UNIQUE,PASS,PSD_00000530.jpg,224,224
PSD_00000531,DermNet,DermNet,train,original,Lichen_Planus,lichen-planus-193.jpg,C:\Users\manis\Desktop\Final_Year_Project\PapuloNet\datasets\dermnet\train\Psoriasis pictures Lichen Planus and related diseases\lichen-planus-193.jpg,Lichen_Planus,False,UNIQUE,PASS,PSD_00000531.jpg,224,224
PSD_00000532,DermNet,DermNet,train,original,Lichen_Planus,lichen-planus-195.jpg,C:\Users\manis\Desktop\Final_Year_Project\PapuloNet\datasets\dermnet\train\Psoriasis pictures Lichen Planus and related diseases\lichen-planus-195.jpg,Lichen_Planus,False,UNIQUE,PASS,PSD_00000532.jpg,224,224
PSD_00000533,DermNet,DermNet,train,original,Lichen_Planus,lichen-planus-196.jpg,C:\Users\manis\Desktop\Final_Year_Project\PapuloNet\datasets\dermnet\train\Psoriasis pictures Lichen Planus and related diseases\lichen-planus-196.jpg,Lichen_Planus,False,UNIQUE,PASS,PSD_00000533.jpg,224,224
PSD_00000534,DermNet,DermNet,train,original,Lichen_Planus,lichen-planus-197.jpg,C:\Users\manis\Desktop\Final_Year_Project\PapuloNet\datasets\dermnet\train\Psoriasis pictures Lichen Planus and related diseases\lichen-planus-197.jpg,Lichen_Planus,False,UNIQUE,PASS,PSD_00000534.jpg,224,224
PSD_00000535,DermNet,DermNet,train,original,Lichen_Planus,lichen-planus-198.jpg,C:\Users\manis\Desktop\Final_Year_Project\PapuloNet\datasets\dermnet\train\Psoriasis pictures Lichen Planus and related diseases\lichen-planus-198.jpg,Lichen_Planus,False,UNIQUE,PASS,PSD_00000535.jpg,224,224
PSD_00000536,DermNet,DermNet,train,original,Lichen_Planus,lichen-planus-2.jpg,C:\Users\manis\Desktop\Final_Year_Project\PapuloNet\datasets\dermnet\train\Psoriasis pictures Lichen Planus and related diseases\lichen-planus-2.jpg,Lichen_Planus,False,UNIQUE,PASS,PSD_00000536.jpg,224,224
PSD_00000537,DermNet,DermNet,train,original,Lichen_Planus,lichen-planus-20.jpg,C:\Users\manis\Desktop\Final_Year_Project\PapuloNet\datasets\dermnet\train\Psoriasis pictures Lichen Planus and related diseases\lichen-planus-20.jpg,Lichen_Planus,False,UNIQUE,PASS,PSD_00000537.jpg,224,224
PSD_00000538,DermNet,DermNet,train,original,Lichen_Planus,lichen-planus-200.jpg,C:\Users\manis\Desktop\Final_Year_Project\PapuloNet\datasets\dermnet\train\Psoriasis pictures Lichen Planus and related diseases\lichen-planus-200.jpg,Lichen_Planus,False,UNIQUE,PASS,PSD_00000538.jpg,224,224
PSD_00000539,DermNet,DermNet,train,original,Lichen_Planus,lichen-planus-201.jpg,C:\Users\manis\Desktop\Final_Year_Project\PapuloNet\datasets\dermnet\train\Psoriasis pictures Lichen Planus and related diseases\lichen-planus-201.jpg,Lichen_Planus,False,UNIQUE,PASS,PSD_00000539.jpg,224,224
PSD_00000540,DermNet,DermNet,train,original,Lichen_Planus,lichen-planus-202.jpg,C:\Users\manis\Desktop\Final_Year_Project\PapuloNet\datasets\dermnet\train\Psoriasis pictures Lichen Planus and related diseases\lichen-planus-202.jpg,Lichen_Planus,False,UNIQUE,PASS,PSD_00000540.jpg,224,224
PSD_00000541,DermNet,DermNet,train,original,Lichen_Planus,lichen-planus-203.jpg,C:\Users\manis\Desktop\Final_Year_Project\PapuloNet\datasets\dermnet\train\Psoriasis pictures Lichen Planus and related diseases\lichen-planus-203.jpg,Lichen_Planus,False,UNIQUE,PASS,PSD_00000541.jpg,224,224
PSD_00000542,DermNet,DermNet,train,original,Lichen_Planus,lichen-planus-204.jpg,C:\Users\manis\Desktop\Final_Year_Project\PapuloNet\datasets\dermnet\train\Psoriasis pictures Lichen Planus and related diseases\lichen-planus-204.jpg,Lichen_Planus,False,UNIQUE,PASS,PSD_00000542.jpg,224,224
PSD_00000543,DermNet,DermNet,train,original,Lichen_Planus,lichen-planus-206.jpg,C:\Users\manis\Desktop\Final_Year_Project\PapuloNet\datasets\dermnet\train\Psoriasis pictures Lichen Planus and related diseases\lichen-planus-206.jpg,Lichen_Planus,False,UNIQUE,PASS,PSD_00000543.jpg,224,224
PSD_00000544,DermNet,DermNet,train,original,Lichen_Planus,lichen-planus-207.jpg,C:\Users\manis\Desktop\Final_Year_Project\PapuloNet\datasets\dermnet\train\Psoriasis pictures Lichen Planus and related diseases\lichen-planus-207.jpg,Lichen_Planus,False,UNIQUE,FAIL: blur variance 47.3 below threshold 100.0,,,
PSD_00000545,DermNet,DermNet,train,original,Lichen_Planus,lichen-planus-21.jpg,C:\Users\manis\Desktop\Final_Year_Project\PapuloNet\datasets\dermnet\train\Psoriasis pictures Lichen Planus and related diseases\lichen-planus-21.jpg,Lichen_Planus,False,UNIQUE,PASS,PSD_00000545.jpg,224,224
PSD_00000546,DermNet,DermNet,train,original,Lichen_Planus,lichen-planus-210.jpg,C:\Users\manis\Desktop\Final_Year_Project\PapuloNet\datasets\dermnet\train\Psoriasis pictures Lichen Planus and related diseases\lichen-planus-210.jpg,Lichen_Planus,False,UNIQUE,PASS,PSD_00000546.jpg,224,224
PSD_00000547,DermNet,DermNet,train,original,Lichen_Planus,lichen-planus-211.jpg,C:\Users\manis\Desktop\Final_Year_Project\PapuloNet\datasets\dermnet\train\Psoriasis pictures Lichen Planus and related diseases\lichen-planus-211.jpg,Lichen_Planus,False,UNIQUE,PASS,PSD_00000547.jpg,224,224
PSD_00000548,DermNet,DermNet,train,original,Lichen_Planus,lichen-planus-82.jpg,C:\Users\manis\Desktop\Final_Year_Project\PapuloNet\datasets\dermnet\train\Psoriasis pictures Lichen Planus and related diseases\lichen-planus-82.jpg,Lichen_Planus,False,UNIQUE,PASS,PSD_00000548.jpg,224,224
PSD_00000549,DermNet,DermNet,train,original,Lichen_Planus,lichen-planus-85.jpg,C:\Users\manis\Desktop\Final_Year_Project\PapuloNet\datasets\dermnet\train\Psoriasis pictures Lichen Planus and related diseases\lichen-planus-85.jpg,Lichen_Planus,False,UNIQUE,FAIL: blur variance 82.4 below threshold 100.0,,,
PSD_00000550,DermNet,DermNet,train,original,Lichen_Planus,lichen-planus-86.jpg,C:\Users\manis\Desktop\Final_Year_Project\PapuloNet\datasets\dermnet\train\Psoriasis pictures Lichen Planus and related diseases\lichen-planus-86.jpg,Lichen_Planus,False,UNIQUE,PASS,PSD_00000550.jpg,224,224
PSD_00000551,DermNet,DermNet,train,original,Lichen_Planus,lichen-planus-9.jpg,C:\Users\manis\Desktop\Final_Year_Project\PapuloNet\datasets\dermnet\train\Psoriasis pictures Lichen Planus and related diseases\lichen-planus-9.jpg,Lichen_Planus,False,UNIQUE,PASS,PSD_00000551.jpg,224,224
PSD_00000552,DermNet,DermNet,train,original,Lichen_Planus,lichen-planus-91.jpg,C:\Users\manis\Desktop\Final_Year_Project\PapuloNet\datasets\dermnet\train\Psoriasis pictures Lichen Planus and related diseases\lichen-planus-91.jpg,Lichen_Planus,False,UNIQUE,PASS,PSD_00000552.jpg,224,224
PSD_00000553,DermNet,DermNet,train,original,Lichen_Planus,lichen-planus-93.jpg,C:\Users\manis\Desktop\Final_Year_Project\PapuloNet\datasets\dermnet\train\Psoriasis pictures Lichen Planus and related diseases\lichen-planus-93.jpg,Lichen_Planus,False,UNIQUE,PASS,PSD_00000553.jpg,224,224
PSD_00000554,DermNet,DermNet,train,original,Lichen_Planus,lichen-planus-95.jpg,C:\Users\manis\Desktop\Final_Year_Project\PapuloNet\datasets\dermnet\train\Psoriasis pictures Lichen Planus and related diseases\lichen-planus-95.jpg,Lichen_Planus,False,UNIQUE,PASS,PSD_00000554.jpg,224,224
PSD_00000555,DermNet,DermNet,train,original,Lichen_Planus,lichen-planus-96.jpg,C:\Users\manis\Desktop\Final_Year_Project\PapuloNet\datasets\dermnet\train\Psoriasis pictures Lichen Planus and related diseases\lichen-planus-96.jpg,Lichen_Planus,False,UNIQUE,PASS,PSD_00000555.jpg,224,224
PSD_00000556,DermNet,DermNet,train,original,Lichen_Planus,lichen-planus-98.jpg,C:\Users\manis\Desktop\Final_Year_Project\PapuloNet\datasets\dermnet\train\Psoriasis pictures Lichen Planus and related diseases\lichen-planus-98.jpg,Lichen_Planus,False,UNIQUE,PASS,PSD_00000556.jpg,224,224
PSD_00000557,DermNet,DermNet,train,original,Lichen_Planus,lichen-planus-99.jpg,C:\Users\manis\Desktop\Final_Year_Project\PapuloNet\datasets\dermnet\train\Psoriasis pictures Lichen Planus and related diseases\lichen-planus-99.jpg,Lichen_Planus,False,UNIQUE,PASS,PSD_00000557.jpg,224,224
PSD_00000558,DermNet,DermNet,train,original,Lichen_Planus,Lichen-Planus-Drug-1.jpg,C:\Users\manis\Desktop\Final_Year_Project\PapuloNet\datasets\dermnet\train\Psoriasis pictures Lichen Planus and related diseases\Lichen-Planus-Drug-1.jpg,Lichen_Planus,False,UNIQUE,PASS,PSD_00000558.jpg,224,224
PSD_00000559,DermNet,DermNet,train,original,Lichen_Planus,Lichen-Planus-Drug-10.jpg,C:\Users\manis\Desktop\Final_Year_Project\PapuloNet\datasets\dermnet\train\Psoriasis pictures Lichen Planus and related diseases\Lichen-Planus-Drug-10.jpg,Lichen_Planus,False,UNIQUE,PASS,PSD_00000559.jpg,224,224
PSD_00000560,DermNet,DermNet,train,original,Lichen_Planus,Lichen-Planus-Drug-11.jpg,C:\Users\manis\Desktop\Final_Year_Project\PapuloNet\datasets\dermnet\train\Psoriasis pictures Lichen Planus and related diseases\Lichen-Planus-Drug-11.jpg,Lichen_Planus,False,UNIQUE,PASS,PSD_00000560.jpg,224,224
PSD_00000561,DermNet,DermNet,train,original,Lichen_Planus,Lichen-Planus-Drug-12.jpg,C:\Users\manis\Desktop\Final_Year_Project\PapuloNet\datasets\dermnet\train\Psoriasis pictures Lichen Planus and related diseases\Lichen-Planus-Drug-12.jpg,Lichen_Planus,False,UNIQUE,PASS,PSD_00000561.jpg,224,224
PSD_00000562,DermNet,DermNet,train,original,Lichen_Planus,Lichen-Planus-Drug-14.jpg,C:\Users\manis\Desktop\Final_Year_Project\PapuloNet\datasets\dermnet\train\Psoriasis pictures Lichen Planus and related diseases\Lichen-Planus-Drug-14.jpg,Lichen_Planus,False,UNIQUE,PASS,PSD_00000562.jpg,224,224
PSD_00000563,DermNet,DermNet,train,original,Lichen_Planus,Lichen-Planus-Drug-15.jpg,C:\Users\manis\Desktop\Final_Year_Project\PapuloNet\datasets\dermnet\train\Psoriasis pictures Lichen Planus and related diseases\Lichen-Planus-Drug-15.jpg,Lichen_Planus,False,UNIQUE,PASS,PSD_00000563.jpg,224,224
PSD_00000564,DermNet,DermNet,train,original,Lichen_Planus,Lichen-Planus-Drug-16.jpg,C:\Users\manis\Desktop\Final_Year_Project\PapuloNet\datasets\dermnet\train\Psoriasis pictures Lichen Planus and related diseases\Lichen-Planus-Drug-16.jpg,Lichen_Planus,False,UNIQUE,PASS,PSD_00000564.jpg,224,224
PSD_00000565,DermNet,DermNet,train,original,Lichen_Planus,Lichen-Planus-Drug-17.jpg,C:\Users\manis\Desktop\Final_Year_Project\PapuloNet\datasets\dermnet\train\Psoriasis pictures Lichen Planus and related diseases\Lichen-Planus-Drug-17.jpg,Lichen_Planus,False,UNIQUE,PASS,PSD_00000565.jpg,224,224
PSD_00000566,DermNet,DermNet,train,original,Lichen_Planus,Lichen-Planus-Drug-18.jpg,C:\Users\manis\Desktop\Final_Year_Project\PapuloNet\datasets\dermnet\train\Psoriasis pictures Lichen Planus and related diseases\Lichen-Planus-Drug-18.jpg,Lichen_Planus,False,UNIQUE,PASS,PSD_00000566.jpg,224,224
PSD_00000567,DermNet,DermNet,train,original,Lichen_Planus,Lichen-Planus-Drug-2.jpg,C:\Users\manis\Desktop\Final_Year_Project\PapuloNet\datasets\dermnet\train\Psoriasis pictures Lichen Planus and related diseases\Lichen-Planus-Drug-2.jpg,Lichen_Planus,False,UNIQUE,PASS,PSD_00000567.jpg,224,224
PSD_00000568,DermNet,DermNet,train,original,Lichen_Planus,Lichen-Planus-Drug-21.jpg,C:\Users\manis\Desktop\Final_Year_Project\PapuloNet\datasets\dermnet\train\Psoriasis pictures Lichen Planus and related diseases\Lichen-Planus-Drug-21.jpg,Lichen_Planus,False,UNIQUE,PASS,PSD_00000568.jpg,224,224
PSD_00000569,DermNet,DermNet,train,original,Lichen_Planus,Lichen-Planus-Drug-22.jpg,C:\Users\manis\Desktop\Final_Year_Project\PapuloNet\datasets\dermnet\train\Psoriasis pictures Lichen Planus and related diseases\Lichen-Planus-Drug-22.jpg,Lichen_Planus,False,UNIQUE,PASS,PSD_00000569.jpg,224,224
PSD_00000570,DermNet,DermNet,train,original,Lichen_Planus,Lichen-Planus-Drug-23.jpg,C:\Users\manis\Desktop\Final_Year_Project\PapuloNet\datasets\dermnet\train\Psoriasis pictures Lichen Planus and related diseases\Lichen-Planus-Drug-23.jpg,Lichen_Planus,False,UNIQUE,PASS,PSD_00000570.jpg,224,224
PSD_00000571,DermNet,DermNet,train,original,Lichen_Planus,Lichen-Planus-Drug-24.jpg,C:\Users\manis\Desktop\Final_Year_Project\PapuloNet\datasets\dermnet\train\Psoriasis pictures Lichen Planus and related diseases\Lichen-Planus-Drug-24.jpg,Lichen_Planus,False,UNIQUE,PASS,PSD_00000571.jpg,224,224
PSD_00000572,DermNet,DermNet,train,original,Lichen_Planus,Lichen-Planus-Drug-25.jpg,C:\Users\manis\Desktop\Final_Year_Project\PapuloNet\datasets\dermnet\train\Psoriasis pictures Lichen Planus and related diseases\Lichen-Planus-Drug-25.jpg,Lichen_Planus,False,UNIQUE,PASS,PSD_00000572.jpg,224,224
PSD_00000573,DermNet,DermNet,train,original,Lichen_Planus,Lichen-Planus-Drug-27.jpg,C:\Users\manis\Desktop\Final_Year_Project\PapuloNet\datasets\dermnet\train\Psoriasis pictures Lichen Planus and related diseases\Lichen-Planus-Drug-27.jpg,Lichen_Planus,False,UNIQUE,PASS,PSD_00000573.jpg,224,224
PSD_00000574,DermNet,DermNet,train,original,Lichen_Planus,Lichen-Planus-Drug-3.jpg,C:\Users\manis\Desktop\Final_Year_Project\PapuloNet\datasets\dermnet\train\Psoriasis pictures Lichen Planus and related diseases\Lichen-Planus-Drug-3.jpg,Lichen_Planus,False,UNIQUE,PASS,PSD_00000574.jpg,224,224
PSD_00000575,DermNet,DermNet,train,original,Lichen_Planus,Lichen-Planus-Drug-4.jpg,C:\Users\manis\Desktop\Final_Year_Project\PapuloNet\datasets\dermnet\train\Psoriasis pictures Lichen Planus and related diseases\Lichen-Planus-Drug-4.jpg,Lichen_Planus,False,UNIQUE,PASS,PSD_00000575.jpg,224,224
PSD_00000576,DermNet,DermNet,train,original,Lichen_Planus,Lichen-Planus-Drug-5.jpg,C:\Users\manis\Desktop\Final_Year_Project\PapuloNet\datasets\dermnet\train\Psoriasis pictures Lichen Planus and related diseases\Lichen-Planus-Drug-5.jpg,Lichen_Planus,False,UNIQUE,PASS,PSD_00000576.jpg,224,224
PSD_00000577,DermNet,DermNet,train,original,Lichen_Planus,Lichen-Planus-Drug-6.jpg,C:\Users\manis\Desktop\Final_Year_Project\PapuloNet\datasets\dermnet\train\Psoriasis pictures Lichen Planus and related diseases\Lichen-Planus-Drug-6.jpg,Lichen_Planus,False,UNIQUE,PASS,PSD_00000577.jpg,224,224
PSD_00000578,DermNet,DermNet,train,original,Lichen_Planus,Lichen-Planus-Drug-7.jpg,C:\Users\manis\Desktop\Final_Year_Project\PapuloNet\datasets\dermnet\train\Psoriasis pictures Lichen Planus and related diseases\Lichen-Planus-Drug-7.jpg,Lichen_Planus,False,UNIQUE,PASS,PSD_00000578.jpg,224,224
PSD_00000579,DermNet,DermNet,train,original,Lichen_Planus,Lichen-Planus-Drug-8.jpg,C:\Users\manis\Desktop\Final_Year_Project\PapuloNet\datasets\dermnet\train\Psoriasis pictures Lichen Planus and related diseases\Lichen-Planus-Drug-8.jpg,Lichen_Planus,False,UNIQUE,PASS,PSD_00000579.jpg,224,224
PSD_00000580,DermNet,DermNet,train,original,Lichen_Planus,Lichen-Planus-Drug-9.jpg,C:\Users\manis\Desktop\Final_Year_Project\PapuloNet\datasets\dermnet\train\Psoriasis pictures Lichen Planus and related diseases\Lichen-Planus-Drug-9.jpg,Lichen_Planus,False,UNIQUE,PASS,PSD_00000580.jpg,224,224
PSD_00000581,DermNet,DermNet,train,original,Lichen_Planus,Lichen-Planus-Hypertrophic-1.jpg,C:\Users\manis\Desktop\Final_Year_Project\PapuloNet\datasets\dermnet\train\Psoriasis pictures Lichen Planus and related diseases\Lichen-Planus-Hypertrophic-1.jpg,Lichen_Planus,False,UNIQUE,PASS,PSD_00000581.jpg,224,224
PSD_00000582,DermNet,DermNet,train,original,Lichen_Planus,Lichen-Planus-Hypertrophic-10.jpg,C:\Users\manis\Desktop\Final_Year_Project\PapuloNet\datasets\dermnet\train\Psoriasis pictures Lichen Planus and related diseases\Lichen-Planus-Hypertrophic-10.jpg,Lichen_Planus,False,UNIQUE,PASS,PSD_00000582.jpg,224,224
PSD_00000583,DermNet,DermNet,train,original,Lichen_Planus,Lichen-Planus-Hypertrophic-12.jpg,C:\Users\manis\Desktop\Final_Year_Project\PapuloNet\datasets\dermnet\train\Psoriasis pictures Lichen Planus and related diseases\Lichen-Planus-Hypertrophic-12.jpg,Lichen_Planus,False,UNIQUE,PASS,PSD_00000583.jpg,224,224
PSD_00000584,DermNet,DermNet,train,original,Lichen_Planus,Lichen-Planus-Hypertrophic-13.jpg,C:\Users\manis\Desktop\Final_Year_Project\PapuloNet\datasets\dermnet\train\Psoriasis pictures Lichen Planus and related diseases\Lichen-Planus-Hypertrophic-13.jpg,Lichen_Planus,False,UNIQUE,PASS,PSD_00000584.jpg,224,224
PSD_00000585,DermNet,DermNet,train,original,Lichen_Planus,Lichen-Planus-Hypertrophic-14.jpg,C:\Users\manis\Desktop\Final_Year_Project\PapuloNet\datasets\dermnet\train\Psoriasis pictures Lichen Planus and related diseases\Lichen-Planus-Hypertrophic-14.jpg,Lichen_Planus,False,DUPLICATE_OF:PSD_00000581,PENDING,,,
PSD_00000586,DermNet,DermNet,train,original,Lichen_Planus,Lichen-Planus-Hypertrophic-19.jpg,C:\Users\manis\Desktop\Final_Year_Project\PapuloNet\datasets\dermnet\train\Psoriasis pictures Lichen Planus and related diseases\Lichen-Planus-Hypertrophic-19.jpg,Lichen_Planus,False,UNIQUE,PASS,PSD_00000586.jpg,224,224
PSD_00000587,DermNet,DermNet,train,original,Lichen_Planus,Lichen-Planus-Hypertrophic-2.jpg,C:\Users\manis\Desktop\Final_Year_Project\PapuloNet\datasets\dermnet\train\Psoriasis pictures Lichen Planus and related diseases\Lichen-Planus-Hypertrophic-2.jpg,Lichen_Planus,False,UNIQUE,PASS,PSD_00000587.jpg,224,224
PSD_00000588,DermNet,DermNet,train,original,Lichen_Planus,Lichen-Planus-Hypertrophic-20.jpg,C:\Users\manis\Desktop\Final_Year_Project\PapuloNet\datasets\dermnet\train\Psoriasis pictures Lichen Planus and related diseases\Lichen-Planus-Hypertrophic-20.jpg,Lichen_Planus,False,UNIQUE,PASS,PSD_00000588.jpg,224,224
PSD_00000589,DermNet,DermNet,train,original,Lichen_Planus,Lichen-Planus-Hypertrophic-21.jpg,C:\Users\manis\Desktop\Final_Year_Project\PapuloNet\datasets\dermnet\train\Psoriasis pictures Lichen Planus and related diseases\Lichen-Planus-Hypertrophic-21.jpg,Lichen_Planus,False,UNIQUE,PASS,PSD_00000589.jpg,224,224
PSD_00000590,DermNet,DermNet,train,original,Lichen_Planus,Lichen-Planus-Hypertrophic-3.jpg,C:\Users\manis\Desktop\Final_Year_Project\PapuloNet\datasets\dermnet\train\Psoriasis pictures Lichen Planus and related diseases\Lichen-Planus-Hypertrophic-3.jpg,Lichen_Planus,False,UNIQUE,PASS,PSD_00000590.jpg,224,224
PSD_00000591,DermNet,DermNet,train,original,Lichen_Planus,Lichen-Planus-Hypertrophic-4.jpg,C:\Users\manis\Desktop\Final_Year_Project\PapuloNet\datasets\dermnet\train\Psoriasis pictures Lichen Planus and related diseases\Lichen-Planus-Hypertrophic-4.jpg,Lichen_Planus,False,UNIQUE,PASS,PSD_00000591.jpg,224,224
PSD_00000592,DermNet,DermNet,train,original,Lichen_Planus,Lichen-Planus-Hypertrophic-7.jpg,C:\Users\manis\Desktop\Final_Year_Project\PapuloNet\datasets\dermnet\train\Psoriasis pictures Lichen Planus and related diseases\Lichen-Planus-Hypertrophic-7.jpg,Lichen_Planus,False,UNIQUE,PASS,PSD_00000592.jpg,224,224
PSD_00000593,DermNet,DermNet,train,original,Lichen_Planus,Lichen-Planus-Hypertrophic-9.jpg,C:\Users\manis\Desktop\Final_Year_Project\PapuloNet\datasets\dermnet\train\Psoriasis pictures Lichen Planus and related diseases\Lichen-Planus-Hypertrophic-9.jpg,Lichen_Planus,False,UNIQUE,PASS,PSD_00000593.jpg,224,224
PSD_00000594,DermNet,DermNet,train,original,Lichen_Planus,Lichen-Planus-Oral-1.jpg,C:\Users\manis\Desktop\Final_Year_Project\PapuloNet\datasets\dermnet\train\Psoriasis pictures Lichen Planus and related diseases\Lichen-Planus-Oral-1.jpg,Lichen_Planus,False,UNIQUE,PASS,PSD_00000594.jpg,224,224
PSD_00000595,DermNet,DermNet,train,original,Lichen_Planus,Lichen-Planus-Oral-10.jpg,C:\Users\manis\Desktop\Final_Year_Project\PapuloNet\datasets\dermnet\train\Psoriasis pictures Lichen Planus and related diseases\Lichen-Planus-Oral-10.jpg,Lichen_Planus,False,UNIQUE,PASS,PSD_00000595.jpg,224,224
PSD_00000596,DermNet,DermNet,train,original,Lichen_Planus,Lichen-Planus-Oral-11.jpg,C:\Users\manis\Desktop\Final_Year_Project\PapuloNet\datasets\dermnet\train\Psoriasis pictures Lichen Planus and related diseases\Lichen-Planus-Oral-11.jpg,Lichen_Planus,False,UNIQUE,PASS,PSD_00000596.jpg,224,224
PSD_00000597,DermNet,DermNet,train,original,Lichen_Planus,Lichen-Planus-Oral-12.jpg,C:\Users\manis\Desktop\Final_Year_Project\PapuloNet\datasets\dermnet\train\Psoriasis pictures Lichen Planus and related diseases\Lichen-Planus-Oral-12.jpg,Lichen_Planus,False,UNIQUE,PASS,PSD_00000597.jpg,224,224
PSD_00000598,DermNet,DermNet,train,original,Lichen_Planus,Lichen-Planus-Oral-15.jpg,C:\Users\manis\Desktop\Final_Year_Project\PapuloNet\datasets\dermnet\train\Psoriasis pictures Lichen Planus and related diseases\Lichen-Planus-Oral-15.jpg,Lichen_Planus,False,UNIQUE,PASS,PSD_00000598.jpg,224,224
PSD_00000599,DermNet,DermNet,train,original,Lichen_Planus,Lichen-Planus-Oral-16.jpg,C:\Users\manis\Desktop\Final_Year_Project\PapuloNet\datasets\dermnet\train\Psoriasis pictures Lichen Planus and related diseases\Lichen-Planus-Oral-16.jpg,Lichen_Planus,False,UNIQUE,PASS,PSD_00000599.jpg,224,224
PSD_00000600,DermNet,DermNet,train,original,Lichen_Planus,Lichen-Planus-Oral-17.jpg,C:\Users\manis\Desktop\Final_Year_Project\PapuloNet\datasets\dermnet\train\Psoriasis pictures Lichen Planus and related diseases\Lichen-Planus-Oral-17.jpg,Lichen_Planus,False,UNIQUE,PASS,PSD_00000600.jpg,224,224
PSD_00000601,DermNet,DermNet,train,original,Lichen_Planus,Lichen-Planus-Oral-19.jpg,C:\Users\manis\Desktop\Final_Year_Project\PapuloNet\datasets\dermnet\train\Psoriasis pictures Lichen Planus and related diseases\Lichen-Planus-Oral-19.jpg,Lichen_Planus,False,UNIQUE,PASS,PSD_00000601.jpg,224,224
PSD_00000602,DermNet,DermNet,train,original,Lichen_Planus,Lichen-Planus-Oral-2.jpg,C:\Users\manis\Desktop\Final_Year_Project\PapuloNet\datasets\dermnet\train\Psoriasis pictures Lichen Planus and related diseases\Lichen-Planus-Oral-2.jpg,Lichen_Planus,False,UNIQUE,PASS,PSD_00000602.jpg,224,224
PSD_00000603,DermNet,DermNet,train,original,Lichen_Planus,Lichen-Planus-Oral-20.jpg,C:\Users\manis\Desktop\Final_Year_Project\PapuloNet\datasets\dermnet\train\Psoriasis pictures Lichen Planus and related diseases\Lichen-Planus-Oral-20.jpg,Lichen_Planus,False,UNIQUE,PASS,PSD_00000603.jpg,224,224
PSD_00000604,DermNet,DermNet,train,original,Lichen_Planus,Lichen-Planus-Oral-21.jpg,C:\Users\manis\Desktop\Final_Year_Project\PapuloNet\datasets\dermnet\train\Psoriasis pictures Lichen Planus and related diseases\Lichen-Planus-Oral-21.jpg,Lichen_Planus,False,UNIQUE,PASS,PSD_00000604.jpg,224,224
PSD_00000605,DermNet,DermNet,train,original,Lichen_Planus,Lichen-Planus-Oral-22.jpg,C:\Users\manis\Desktop\Final_Year_Project\PapuloNet\datasets\dermnet\train\Psoriasis pictures Lichen Planus and related diseases\Lichen-Planus-Oral-22.jpg,Lichen_Planus,False,UNIQUE,PASS,PSD_00000605.jpg,224,224
PSD_00000606,DermNet,DermNet,train,original,Lichen_Planus,Lichen-Planus-Oral-24.jpg,C:\Users\manis\Desktop\Final_Year_Project\PapuloNet\datasets\dermnet\train\Psoriasis pictures Lichen Planus and related diseases\Lichen-Planus-Oral-24.jpg,Lichen_Planus,False,UNIQUE,FAIL: blur variance 95.7 below threshold 100.0,,,
PSD_00000607,DermNet,DermNet,train,original,Lichen_Planus,Lichen-Planus-Oral-25.jpg,C:\Users\manis\Desktop\Final_Year_Project\PapuloNet\datasets\dermnet\train\Psoriasis pictures Lichen Planus and related diseases\Lichen-Planus-Oral-25.jpg,Lichen_Planus,False,UNIQUE,PASS,PSD_00000607.jpg,224,224
PSD_00000608,DermNet,DermNet,train,original,Lichen_Planus,Lichen-Planus-Oral-26.jpg,C:\Users\manis\Desktop\Final_Year_Project\PapuloNet\datasets\dermnet\train\Psoriasis pictures Lichen Planus and related diseases\Lichen-Planus-Oral-26.jpg,Lichen_Planus,False,UNIQUE,PASS,PSD_00000608.jpg,224,224
PSD_00000609,DermNet,DermNet,train,original,Lichen_Planus,Lichen-Planus-Oral-27.jpg,C:\Users\manis\Desktop\Final_Year_Project\PapuloNet\datasets\dermnet\train\Psoriasis pictures Lichen Planus and related diseases\Lichen-Planus-Oral-27.jpg,Lichen_Planus,False,UNIQUE,PASS,PSD_00000609.jpg,224,224
PSD_00000610,DermNet,DermNet,train,original,Lichen_Planus,Lichen-Planus-Oral-28.jpg,C:\Users\manis\Desktop\Final_Year_Project\PapuloNet\datasets\dermnet\train\Psoriasis pictures Lichen Planus and related diseases\Lichen-Planus-Oral-28.jpg,Lichen_Planus,False,UNIQUE,PASS,PSD_00000610.jpg,224,224
PSD_00000611,DermNet,DermNet,train,original,Lichen_Planus,Lichen-Planus-Oral-29.jpg,C:\Users\manis\Desktop\Final_Year_Project\PapuloNet\datasets\dermnet\train\Psoriasis pictures Lichen Planus and related diseases\Lichen-Planus-Oral-29.jpg,Lichen_Planus,False,UNIQUE,PASS,PSD_00000611.jpg,224,224
PSD_00000612,DermNet,DermNet,train,original,Lichen_Planus,Lichen-Planus-Oral-3.jpg,C:\Users\manis\Desktop\Final_Year_Project\PapuloNet\datasets\dermnet\train\Psoriasis pictures Lichen Planus and related diseases\Lichen-Planus-Oral-3.jpg,Lichen_Planus,False,UNIQUE,PASS,PSD_00000612.jpg,224,224
PSD_00000613,DermNet,DermNet,train,original,Lichen_Planus,Lichen-Planus-Oral-30.jpg,C:\Users\manis\Desktop\Final_Year_Project\PapuloNet\datasets\dermnet\train\Psoriasis pictures Lichen Planus and related diseases\Lichen-Planus-Oral-30.jpg,Lichen_Planus,False,UNIQUE,PASS,PSD_00000613.jpg,224,224
PSD_00000614,DermNet,DermNet,train,original,Lichen_Planus,Lichen-Planus-Oral-31.jpg,C:\Users\manis\Desktop\Final_Year_Project\PapuloNet\datasets\dermnet\train\Psoriasis pictures Lichen Planus and related diseases\Lichen-Planus-Oral-31.jpg,Lichen_Planus,False,UNIQUE,PASS,PSD_00000614.jpg,224,224
PSD_00000615,DermNet,DermNet,train,original,Lichen_Planus,Lichen-Planus-Oral-33.jpg,C:\Users\manis\Desktop\Final_Year_Project\PapuloNet\datasets\dermnet\train\Psoriasis pictures Lichen Planus and related diseases\Lichen-Planus-Oral-33.jpg,Lichen_Planus,False,UNIQUE,PASS,PSD_00000615.jpg,224,224
PSD_00000616,DermNet,DermNet,train,original,Lichen_Planus,Lichen-Planus-Oral-34.jpg,C:\Users\manis\Desktop\Final_Year_Project\PapuloNet\datasets\dermnet\train\Psoriasis pictures Lichen Planus and related diseases\Lichen-Planus-Oral-34.jpg,Lichen_Planus,False,UNIQUE,PASS,PSD_00000616.jpg,224,224
PSD_00000617,DermNet,DermNet,train,original,Lichen_Planus,Lichen-Planus-Oral-35.jpg,C:\Users\manis\Desktop\Final_Year_Project\PapuloNet\datasets\dermnet\train\Psoriasis pictures Lichen Planus and related diseases\Lichen-Planus-Oral-35.jpg,Lichen_Planus,False,UNIQUE,PASS,PSD_00000617.jpg,224,224
PSD_00000618,DermNet,DermNet,train,original,Lichen_Planus,Lichen-Planus-Oral-36.jpg,C:\Users\manis\Desktop\Final_Year_Project\PapuloNet\datasets\dermnet\train\Psoriasis pictures Lichen Planus and related diseases\Lichen-Planus-Oral-36.jpg,Lichen_Planus,False,UNIQUE,PASS,PSD_00000618.jpg,224,224
PSD_00000619,DermNet,DermNet,train,original,Lichen_Planus,Lichen-Planus-Oral-37.jpg,C:\Users\manis\Desktop\Final_Year_Project\PapuloNet\datasets\dermnet\train\Psoriasis pictures Lichen Planus and related diseases\Lichen-Planus-Oral-37.jpg,Lichen_Planus,False,UNIQUE,PASS,PSD_00000619.jpg,224,224
PSD_00000620,DermNet,DermNet,train,original,Lichen_Planus,Lichen-Planus-Oral-38.jpg,C:\Users\manis\Desktop\Final_Year_Project\PapuloNet\datasets\dermnet\train\Psoriasis pictures Lichen Planus and related diseases\Lichen-Planus-Oral-38.jpg,Lichen_Planus,False,UNIQUE,PASS,PSD_00000620.jpg,224,224
PSD_00000621,DermNet,DermNet,train,original,Lichen_Planus,Lichen-Planus-Oral-39.jpg,C:\Users\manis\Desktop\Final_Year_Project\PapuloNet\datasets\dermnet\train\Psoriasis pictures Lichen Planus and related diseases\Lichen-Planus-Oral-39.jpg,Lichen_Planus,False,UNIQUE,PASS,PSD_00000621.jpg,224,224
PSD_00000622,DermNet,DermNet,train,original,Lichen_Planus,Lichen-Planus-Oral-4.jpg,C:\Users\manis\Desktop\Final_Year_Project\PapuloNet\datasets\dermnet\train\Psoriasis pictures Lichen Planus and related diseases\Lichen-Planus-Oral-4.jpg,Lichen_Planus,False,UNIQUE,PASS,PSD_00000622.jpg,224,224
PSD_00000623,DermNet,DermNet,train,original,Lichen_Planus,Lichen-Planus-Oral-40.jpg,C:\Users\manis\Desktop\Final_Year_Project\PapuloNet\datasets\dermnet\train\Psoriasis pictures Lichen Planus and related diseases\Lichen-Planus-Oral-40.jpg,Lichen_Planus,False,UNIQUE,PASS,PSD_00000623.jpg,224,224
PSD_00000624,DermNet,DermNet,train,original,Lichen_Planus,Lichen-Planus-Oral-42.jpg,C:\Users\manis\Desktop\Final_Year_Project\PapuloNet\datasets\dermnet\train\Psoriasis pictures Lichen Planus and related diseases\Lichen-Planus-Oral-42.jpg,Lichen_Planus,False,UNIQUE,PASS,PSD_00000624.jpg,224,224
PSD_00000625,DermNet,DermNet,train,original,Lichen_Planus,Lichen-Planus-Oral-43.jpg,C:\Users\manis\Desktop\Final_Year_Project\PapuloNet\datasets\dermnet\train\Psoriasis pictures Lichen Planus and related diseases\Lichen-Planus-Oral-43.jpg,Lichen_Planus,False,UNIQUE,PASS,PSD_00000625.jpg,224,224
PSD_00000626,DermNet,DermNet,train,original,Lichen_Planus,Lichen-Planus-Oral-44.jpg,C:\Users\manis\Desktop\Final_Year_Project\PapuloNet\datasets\dermnet\train\Psoriasis pictures Lichen Planus and related diseases\Lichen-Planus-Oral-44.jpg,Lichen_Planus,False,UNIQUE,PASS,PSD_00000626.jpg,224,224
PSD_00000627,DermNet,DermNet,train,original,Lichen_Planus,Lichen-Planus-Oral-46.jpg,C:\Users\manis\Desktop\Final_Year_Project\PapuloNet\datasets\dermnet\train\Psoriasis pictures Lichen Planus and related diseases\Lichen-Planus-Oral-46.jpg,Lichen_Planus,False,UNIQUE,PASS,PSD_00000627.jpg,224,224
PSD_00000628,DermNet,DermNet,train,original,Lichen_Planus,Lichen-Planus-Oral-47.jpg,C:\Users\manis\Desktop\Final_Year_Project\PapuloNet\datasets\dermnet\train\Psoriasis pictures Lichen Planus and related diseases\Lichen-Planus-Oral-47.jpg,Lichen_Planus,False,UNIQUE,PASS,PSD_00000628.jpg,224,224
PSD_00000629,DermNet,DermNet,train,original,Lichen_Planus,Lichen-Planus-Oral-48.jpg,C:\Users\manis\Desktop\Final_Year_Project\PapuloNet\datasets\dermnet\train\Psoriasis pictures Lichen Planus and related diseases\Lichen-Planus-Oral-48.jpg,Lichen_Planus,False,UNIQUE,PASS,PSD_00000629.jpg,224,224
PSD_00000630,DermNet,DermNet,train,original,Lichen_Planus,Lichen-Planus-Oral-5.jpg,C:\Users\manis\Desktop\Final_Year_Project\PapuloNet\datasets\dermnet\train\Psoriasis pictures Lichen Planus and related diseases\Lichen-Planus-Oral-5.jpg,Lichen_Planus,False,UNIQUE,PASS,PSD_00000630.jpg,224,224
PSD_00000631,DermNet,DermNet,train,original,Lichen_Planus,Lichen-Planus-Oral-6.jpg,C:\Users\manis\Desktop\Final_Year_Project\PapuloNet\datasets\dermnet\train\Psoriasis pictures Lichen Planus and related diseases\Lichen-Planus-Oral-6.jpg,Lichen_Planus,False,UNIQUE,PASS,PSD_00000631.jpg,224,224
PSD_00000632,DermNet,DermNet,train,original,Lichen_Planus,Lichen-Planus-Oral-7.jpg,C:\Users\manis\Desktop\Final_Year_Project\PapuloNet\datasets\dermnet\train\Psoriasis pictures Lichen Planus and related diseases\Lichen-Planus-Oral-7.jpg,Lichen_Planus,False,UNIQUE,PASS,PSD_00000632.jpg,224,224
PSD_00000633,DermNet,DermNet,train,original,Lichen_Planus,Lichen-Planus-Oral-8.jpg,C:\Users\manis\Desktop\Final_Year_Project\PapuloNet\datasets\dermnet\train\Psoriasis pictures Lichen Planus and related diseases\Lichen-Planus-Oral-8.jpg,Lichen_Planus,False,UNIQUE,PASS,PSD_00000633.jpg,224,224
PSD_00000634,DermNet,DermNet,train,original,Lichen_Planus,Lichen-Planus-Oral-9.jpg,C:\Users\manis\Desktop\Final_Year_Project\PapuloNet\datasets\dermnet\train\Psoriasis pictures Lichen Planus and related diseases\Lichen-Planus-Oral-9.jpg,Lichen_Planus,False,UNIQUE,PASS,PSD_00000634.jpg,224,224
PSD_00000635,DermNet,DermNet,train,original,Lichen_Planus,Lichen-Planus-Palm-Soles-1.jpg,C:\Users\manis\Desktop\Final_Year_Project\PapuloNet\datasets\dermnet\train\Psoriasis pictures Lichen Planus and related diseases\Lichen-Planus-Palm-Soles-1.jpg,Lichen_Planus,False,UNIQUE,PASS,PSD_00000635.jpg,224,224
PSD_00000636,DermNet,DermNet,train,original,Lichen_Planus,Lichen-Planus-Palm-Soles-10.jpg,C:\Users\manis\Desktop\Final_Year_Project\PapuloNet\datasets\dermnet\train\Psoriasis pictures Lichen Planus and related diseases\Lichen-Planus-Palm-Soles-10.jpg,Lichen_Planus,False,UNIQUE,PASS,PSD_00000636.jpg,224,224
PSD_00000637,DermNet,DermNet,train,original,Lichen_Planus,Lichen-Planus-Palm-Soles-2.jpg,C:\Users\manis\Desktop\Final_Year_Project\PapuloNet\datasets\dermnet\train\Psoriasis pictures Lichen Planus and related diseases\Lichen-Planus-Palm-Soles-2.jpg,Lichen_Planus,False,UNIQUE,PASS,PSD_00000637.jpg,224,224
PSD_00000638,DermNet,DermNet,train,original,Lichen_Planus,Lichen-Planus-Palm-Soles-3.jpg,C:\Users\manis\Desktop\Final_Year_Project\PapuloNet\datasets\dermnet\train\Psoriasis pictures Lichen Planus and related diseases\Lichen-Planus-Palm-Soles-3.jpg,Lichen_Planus,False,UNIQUE,PASS,PSD_00000638.jpg,224,224
PSD_00000639,DermNet,DermNet,train,original,Lichen_Planus,Lichen-Planus-Palm-Soles-4.jpg,C:\Users\manis\Desktop\Final_Year_Project\PapuloNet\datasets\dermnet\train\Psoriasis pictures Lichen Planus and related diseases\Lichen-Planus-Palm-Soles-4.jpg,Lichen_Planus,False,UNIQUE,PASS,PSD_00000639.jpg,224,224
PSD_00000640,DermNet,DermNet,train,original,Lichen_Planus,Lichen-Planus-Palm-Soles-5.jpg,C:\Users\manis\Desktop\Final_Year_Project\PapuloNet\datasets\dermnet\train\Psoriasis pictures Lichen Planus and related diseases\Lichen-Planus-Palm-Soles-5.jpg,Lichen_Planus,False,UNIQUE,PASS,PSD_00000640.jpg,224,224
PSD_00000641,DermNet,DermNet,train,original,Lichen_Planus,Lichen-Planus-Palm-Soles-6.jpg,C:\Users\manis\Desktop\Final_Year_Project\PapuloNet\datasets\dermnet\train\Psoriasis pictures Lichen Planus and related diseases\Lichen-Planus-Palm-Soles-6.jpg,Lichen_Planus,False,UNIQUE,PASS,PSD_00000641.jpg,224,224
PSD_00000642,DermNet,DermNet,train,original,Lichen_Planus,Lichen-Planus-Palm-Soles-7.jpg,C:\Users\manis\Desktop\Final_Year_Project\PapuloNet\datasets\dermnet\train\Psoriasis pictures Lichen Planus and related diseases\Lichen-Planus-Palm-Soles-7.jpg,Lichen_Planus,False,UNIQUE,PASS,PSD_00000642.jpg,224,224
PSD_00000643,DermNet,DermNet,train,original,Lichen_Planus,Lichen-Planus-Palm-Soles-8.jpg,C:\Users\manis\Desktop\Final_Year_Project\PapuloNet\datasets\dermnet\train\Psoriasis pictures Lichen Planus and related diseases\Lichen-Planus-Palm-Soles-8.jpg,Lichen_Planus,False,UNIQUE,PASS,PSD_00000643.jpg,224,224
PSD_00000644,DermNet,DermNet,train,original,Lichen_Planus,Lichen-Planus-Palm-Soles-9.jpg,C:\Users\manis\Desktop\Final_Year_Project\PapuloNet\datasets\dermnet\train\Psoriasis pictures Lichen Planus and related diseases\Lichen-Planus-Palm-Soles-9.jpg,Lichen_Planus,False,UNIQUE,PASS,PSD_00000644.jpg,224,224
PSD_00000645,DermNet,DermNet,train,original,Lichen_Planus,Lichen-Planus-Penis-1.jpg,C:\Users\manis\Desktop\Final_Year_Project\PapuloNet\datasets\dermnet\train\Psoriasis pictures Lichen Planus and related diseases\Lichen-Planus-Penis-1.jpg,Lichen_Planus,False,UNIQUE,PASS,PSD_00000645.jpg,224,224
PSD_00000646,DermNet,DermNet,train,original,Lichen_Planus,Lichen-Planus-Penis-11.jpg,C:\Users\manis\Desktop\Final_Year_Project\PapuloNet\datasets\dermnet\train\Psoriasis pictures Lichen Planus and related diseases\Lichen-Planus-Penis-11.jpg,Lichen_Planus,False,UNIQUE,PASS,PSD_00000646.jpg,224,224
PSD_00000647,DermNet,DermNet,train,original,Lichen_Planus,Lichen-Planus-Penis-12.jpg,C:\Users\manis\Desktop\Final_Year_Project\PapuloNet\datasets\dermnet\train\Psoriasis pictures Lichen Planus and related diseases\Lichen-Planus-Penis-12.jpg,Lichen_Planus,False,UNIQUE,PASS,PSD_00000647.jpg,224,224
PSD_00000648,DermNet,DermNet,train,original,Lichen_Planus,Lichen-Planus-Penis-13.jpg,C:\Users\manis\Desktop\Final_Year_Project\PapuloNet\datasets\dermnet\train\Psoriasis pictures Lichen Planus and related diseases\Lichen-Planus-Penis-13.jpg,Lichen_Planus,False,UNIQUE,PASS,PSD_00000648.jpg,224,224
PSD_00000649,DermNet,DermNet,train,original,Lichen_Planus,Lichen-Planus-Penis-2.jpg,C:\Users\manis\Desktop\Final_Year_Project\PapuloNet\datasets\dermnet\train\Psoriasis pictures Lichen Planus and related diseases\Lichen-Planus-Penis-2.jpg,Lichen_Planus,False,UNIQUE,PASS,PSD_00000649.jpg,224,224
PSD_00000650,DermNet,DermNet,train,original,Lichen_Planus,Lichen-Planus-Penis-3.jpg,C:\Users\manis\Desktop\Final_Year_Project\PapuloNet\datasets\dermnet\train\Psoriasis pictures Lichen Planus and related diseases\Lichen-Planus-Penis-3.jpg,Lichen_Planus,False,UNIQUE,PASS,PSD_00000650.jpg,224,224
PSD_00000651,DermNet,DermNet,train,original,Lichen_Planus,Lichen-Planus-Penis-4.jpg,C:\Users\manis\Desktop\Final_Year_Project\PapuloNet\datasets\dermnet\train\Psoriasis pictures Lichen Planus and related diseases\Lichen-Planus-Penis-4.jpg,Lichen_Planus,False,UNIQUE,PASS,PSD_00000651.jpg,224,224
PSD_00000652,DermNet,DermNet,train,original,Lichen_Planus,Lichen-Planus-Penis-6.jpg,C:\Users\manis\Desktop\Final_Year_Project\PapuloNet\datasets\dermnet\train\Psoriasis pictures Lichen Planus and related diseases\Lichen-Planus-Penis-6.jpg,Lichen_Planus,False,UNIQUE,PASS,PSD_00000652.jpg,224,224
PSD_00000653,DermNet,DermNet,train,original,Lichen_Planus,Lichen-Planus-Penis-7.jpg,C:\Users\manis\Desktop\Final_Year_Project\PapuloNet\datasets\dermnet\train\Psoriasis pictures Lichen Planus and related diseases\Lichen-Planus-Penis-7.jpg,Lichen_Planus,False,UNIQUE,PASS,PSD_00000653.jpg,224,224
PSD_00000654,DermNet,DermNet,train,original,Lichen_Planus,Lichen-Planus-Penis-8.jpg,C:\Users\manis\Desktop\Final_Year_Project\PapuloNet\datasets\dermnet\train\Psoriasis pictures Lichen Planus and related diseases\Lichen-Planus-Penis-8.jpg,Lichen_Planus,False,UNIQUE,PASS,PSD_00000654.jpg,224,224
PSD_00000655,DermNet,DermNet,train,original,Lichen_Planus,Lichen-Planus-Penis-9.jpg,C:\Users\manis\Desktop\Final_Year_Project\PapuloNet\datasets\dermnet\train\Psoriasis pictures Lichen Planus and related diseases\Lichen-Planus-Penis-9.jpg,Lichen_Planus,False,UNIQUE,PASS,PSD_00000655.jpg,224,224
PSD_00000656,DermNet,DermNet,train,original,Lichen_Planus,lichen-planus-vaginal-1.jpg,C:\Users\manis\Desktop\Final_Year_Project\PapuloNet\datasets\dermnet\train\Psoriasis pictures Lichen Planus and related diseases\lichen-planus-vaginal-1.jpg,Lichen_Planus,False,UNIQUE,PASS,PSD_00000656.jpg,224,224
PSD_00000657,DermNet,DermNet,train,original,Lichen_Planus,lichen-planus-vaginal-10.jpg,C:\Users\manis\Desktop\Final_Year_Project\PapuloNet\datasets\dermnet\train\Psoriasis pictures Lichen Planus and related diseases\lichen-planus-vaginal-10.jpg,Lichen_Planus,False,UNIQUE,PASS,PSD_00000657.jpg,224,224
PSD_00000658,DermNet,DermNet,train,original,Lichen_Planus,lichen-planus-vaginal-11.jpg,C:\Users\manis\Desktop\Final_Year_Project\PapuloNet\datasets\dermnet\train\Psoriasis pictures Lichen Planus and related diseases\lichen-planus-vaginal-11.jpg,Lichen_Planus,False,UNIQUE,PASS,PSD_00000658.jpg,224,224
PSD_00000659,DermNet,DermNet,train,original,Lichen_Planus,lichen-planus-vaginal-12.jpg,C:\Users\manis\Desktop\Final_Year_Project\PapuloNet\datasets\dermnet\train\Psoriasis pictures Lichen Planus and related diseases\lichen-planus-vaginal-12.jpg,Lichen_Planus,False,UNIQUE,PASS,PSD_00000659.jpg,224,224
PSD_00000660,DermNet,DermNet,train,original,Lichen_Planus,lichen-planus-vaginal-14.jpg,C:\Users\manis\Desktop\Final_Year_Project\PapuloNet\datasets\dermnet\train\Psoriasis pictures Lichen Planus and related diseases\lichen-planus-vaginal-14.jpg,Lichen_Planus,False,UNIQUE,PASS,PSD_00000660.jpg,224,224
PSD_00000661,DermNet,DermNet,train,original,Lichen_Planus,lichen-planus-vaginal-2.jpg,C:\Users\manis\Desktop\Final_Year_Project\PapuloNet\datasets\dermnet\train\Psoriasis pictures Lichen Planus and related diseases\lichen-planus-vaginal-2.jpg,Lichen_Planus,False,UNIQUE,PASS,PSD_00000661.jpg,224,224
PSD_00000662,DermNet,DermNet,train,original,Lichen_Planus,lichen-planus-vaginal-3.jpg,C:\Users\manis\Desktop\Final_Year_Project\PapuloNet\datasets\dermnet\train\Psoriasis pictures Lichen Planus and related diseases\lichen-planus-vaginal-3.jpg,Lichen_Planus,False,UNIQUE,PASS,PSD_00000662.jpg,224,224
PSD_00000663,DermNet,DermNet,train,original,Lichen_Planus,lichen-planus-vaginal-4.jpg,C:\Users\manis\Desktop\Final_Year_Project\PapuloNet\datasets\dermnet\train\Psoriasis pictures Lichen Planus and related diseases\lichen-planus-vaginal-4.jpg,Lichen_Planus,False,UNIQUE,PASS,PSD_00000663.jpg,224,224
PSD_00000664,DermNet,DermNet,train,original,Lichen_Planus,lichen-planus-vaginal-5.jpg,C:\Users\manis\Desktop\Final_Year_Project\PapuloNet\datasets\dermnet\train\Psoriasis pictures Lichen Planus and related diseases\lichen-planus-vaginal-5.jpg,Lichen_Planus,False,UNIQUE,PASS,PSD_00000664.jpg,224,224
PSD_00000665,DermNet,DermNet,train,original,Lichen_Planus,lichen-planus-vaginal-6.jpg,C:\Users\manis\Desktop\Final_Year_Project\PapuloNet\datasets\dermnet\train\Psoriasis pictures Lichen Planus and related diseases\lichen-planus-vaginal-6.jpg,Lichen_Planus,False,UNIQUE,PASS,PSD_00000665.jpg,224,224
PSD_00000666,DermNet,DermNet,train,original,Lichen_Planus,lichen-planus-vaginal-7.jpg,C:\Users\manis\Desktop\Final_Year_Project\PapuloNet\datasets\dermnet\train\Psoriasis pictures Lichen Planus and related diseases\lichen-planus-vaginal-7.jpg,Lichen_Planus,False,UNIQUE,PASS,PSD_00000666.jpg,224,224
PSD_00000667,DermNet,DermNet,train,original,Lichen_Planus,lichen-planus-vaginal-8.jpg,C:\Users\manis\Desktop\Final_Year_Project\PapuloNet\datasets\dermnet\train\Psoriasis pictures Lichen Planus and related diseases\lichen-planus-vaginal-8.jpg,Lichen_Planus,False,UNIQUE,PASS,PSD_00000667.jpg,224,224
PSD_00000668,DermNet,DermNet,test,original,Lichen_Planus,lichen-planus-10.jpg,C:\Users\manis\Desktop\Final_Year_Project\PapuloNet\datasets\dermnet\test\Psoriasis pictures Lichen Planus and related diseases\lichen-planus-10.jpg,Lichen_Planus,False,UNIQUE,PASS,PSD_00000668.jpg,224,224
PSD_00000669,DermNet,DermNet,test,original,Lichen_Planus,lichen-planus-113.jpg,C:\Users\manis\Desktop\Final_Year_Project\PapuloNet\datasets\dermnet\test\Psoriasis pictures Lichen Planus and related diseases\lichen-planus-113.jpg,Lichen_Planus,False,UNIQUE,PASS,PSD_00000669.jpg,224,224
PSD_00000670,DermNet,DermNet,test,original,Lichen_Planus,lichen-planus-115.jpg,C:\Users\manis\Desktop\Final_Year_Project\PapuloNet\datasets\dermnet\test\Psoriasis pictures Lichen Planus and related diseases\lichen-planus-115.jpg,Lichen_Planus,False,UNIQUE,PASS,PSD_00000670.jpg,224,224
PSD_00000671,DermNet,DermNet,test,original,Lichen_Planus,lichen-planus-117.jpg,C:\Users\manis\Desktop\Final_Year_Project\PapuloNet\datasets\dermnet\test\Psoriasis pictures Lichen Planus and related diseases\lichen-planus-117.jpg,Lichen_Planus,False,UNIQUE,PASS,PSD_00000671.jpg,224,224
PSD_00000672,DermNet,DermNet,test,original,Lichen_Planus,lichen-planus-121.jpg,C:\Users\manis\Desktop\Final_Year_Project\PapuloNet\datasets\dermnet\test\Psoriasis pictures Lichen Planus and related diseases\lichen-planus-121.jpg,Lichen_Planus,False,UNIQUE,PASS,PSD_00000672.jpg,224,224
PSD_00000673,DermNet,DermNet,test,original,Lichen_Planus,lichen-planus-125.jpg,C:\Users\manis\Desktop\Final_Year_Project\PapuloNet\datasets\dermnet\test\Psoriasis pictures Lichen Planus and related diseases\lichen-planus-125.jpg,Lichen_Planus,False,UNIQUE,PASS,PSD_00000673.jpg,224,224
PSD_00000674,DermNet,DermNet,test,original,Lichen_Planus,lichen-planus-129.jpg,C:\Users\manis\Desktop\Final_Year_Project\PapuloNet\datasets\dermnet\test\Psoriasis pictures Lichen Planus and related diseases\lichen-planus-129.jpg,Lichen_Planus,False,UNIQUE,PASS,PSD_00000674.jpg,224,224
PSD_00000675,DermNet,DermNet,test,original,Lichen_Planus,lichen-planus-133.jpg,C:\Users\manis\Desktop\Final_Year_Project\PapuloNet\datasets\dermnet\test\Psoriasis pictures Lichen Planus and related diseases\lichen-planus-133.jpg,Lichen_Planus,False,UNIQUE,PASS,PSD_00000675.jpg,224,224
PSD_00000676,DermNet,DermNet,test,original,Lichen_Planus,lichen-planus-144.jpg,C:\Users\manis\Desktop\Final_Year_Project\PapuloNet\datasets\dermnet\test\Psoriasis pictures Lichen Planus and related diseases\lichen-planus-144.jpg,Lichen_Planus,False,UNIQUE,PASS,PSD_00000676.jpg,224,224
PSD_00000677,DermNet,DermNet,test,original,Lichen_Planus,lichen-planus-149.jpg,C:\Users\manis\Desktop\Final_Year_Project\PapuloNet\datasets\dermnet\test\Psoriasis pictures Lichen Planus and related diseases\lichen-planus-149.jpg,Lichen_Planus,False,UNIQUE,PASS,PSD_00000677.jpg,224,224
PSD_00000678,DermNet,DermNet,test,original,Lichen_Planus,lichen-planus-153.jpg,C:\Users\manis\Desktop\Final_Year_Project\PapuloNet\datasets\dermnet\test\Psoriasis pictures Lichen Planus and related diseases\lichen-planus-153.jpg,Lichen_Planus,False,UNIQUE,PASS,PSD_00000678.jpg,224,224
PSD_00000679,DermNet,DermNet,test,original,Lichen_Planus,lichen-planus-157.jpg,C:\Users\manis\Desktop\Final_Year_Project\PapuloNet\datasets\dermnet\test\Psoriasis pictures Lichen Planus and related diseases\lichen-planus-157.jpg,Lichen_Planus,False,DUPLICATE_OF:PSD_00000505,PENDING,,,
PSD_00000680,DermNet,DermNet,test,original,Lichen_Planus,lichen-planus-159.jpg,C:\Users\manis\Desktop\Final_Year_Project\PapuloNet\datasets\dermnet\test\Psoriasis pictures Lichen Planus and related diseases\lichen-planus-159.jpg,Lichen_Planus,False,UNIQUE,PASS,PSD_00000680.jpg,224,224
PSD_00000681,DermNet,DermNet,test,original,Lichen_Planus,lichen-planus-16.jpg,C:\Users\manis\Desktop\Final_Year_Project\PapuloNet\datasets\dermnet\test\Psoriasis pictures Lichen Planus and related diseases\lichen-planus-16.jpg,Lichen_Planus,False,UNIQUE,PASS,PSD_00000681.jpg,224,224
PSD_00000682,DermNet,DermNet,test,original,Lichen_Planus,lichen-planus-160.jpg,C:\Users\manis\Desktop\Final_Year_Project\PapuloNet\datasets\dermnet\test\Psoriasis pictures Lichen Planus and related diseases\lichen-planus-160.jpg,Lichen_Planus,False,DUPLICATE_OF:PSD_00000680,PENDING,,,
PSD_00000683,DermNet,DermNet,test,original,Lichen_Planus,lichen-planus-168.jpg,C:\Users\manis\Desktop\Final_Year_Project\PapuloNet\datasets\dermnet\test\Psoriasis pictures Lichen Planus and related diseases\lichen-planus-168.jpg,Lichen_Planus,False,UNIQUE,PASS,PSD_00000683.jpg,224,224
PSD_00000684,DermNet,DermNet,test,original,Lichen_Planus,lichen-planus-180.jpg,C:\Users\manis\Desktop\Final_Year_Project\PapuloNet\datasets\dermnet\test\Psoriasis pictures Lichen Planus and related diseases\lichen-planus-180.jpg,Lichen_Planus,False,UNIQUE,PASS,PSD_00000684.jpg,224,224
PSD_00000685,DermNet,DermNet,test,original,Lichen_Planus,lichen-planus-186.jpg,C:\Users\manis\Desktop\Final_Year_Project\PapuloNet\datasets\dermnet\test\Psoriasis pictures Lichen Planus and related diseases\lichen-planus-186.jpg,Lichen_Planus,False,UNIQUE,FAIL: blur variance 54.1 below threshold 100.0,,,
PSD_00000686,DermNet,DermNet,test,original,Lichen_Planus,lichen-planus-187.jpg,C:\Users\manis\Desktop\Final_Year_Project\PapuloNet\datasets\dermnet\test\Psoriasis pictures Lichen Planus and related diseases\lichen-planus-187.jpg,Lichen_Planus,False,UNIQUE,PASS,PSD_00000686.jpg,224,224
PSD_00000687,DermNet,DermNet,test,original,Lichen_Planus,lichen-planus-188.jpg,C:\Users\manis\Desktop\Final_Year_Project\PapuloNet\datasets\dermnet\test\Psoriasis pictures Lichen Planus and related diseases\lichen-planus-188.jpg,Lichen_Planus,False,UNIQUE,PASS,PSD_00000687.jpg,224,224
PSD_00000688,DermNet,DermNet,test,original,Lichen_Planus,lichen-planus-190.jpg,C:\Users\manis\Desktop\Final_Year_Project\PapuloNet\datasets\dermnet\test\Psoriasis pictures Lichen Planus and related diseases\lichen-planus-190.jpg,Lichen_Planus,False,UNIQUE,PASS,PSD_00000688.jpg,224,224
PSD_00000689,DermNet,DermNet,test,original,Lichen_Planus,lichen-planus-199.jpg,C:\Users\manis\Desktop\Final_Year_Project\PapuloNet\datasets\dermnet\test\Psoriasis pictures Lichen Planus and related diseases\lichen-planus-199.jpg,Lichen_Planus,False,UNIQUE,PASS,PSD_00000689.jpg,224,224
PSD_00000690,DermNet,DermNet,test,original,Lichen_Planus,lichen-planus-205.jpg,C:\Users\manis\Desktop\Final_Year_Project\PapuloNet\datasets\dermnet\test\Psoriasis pictures Lichen Planus and related diseases\lichen-planus-205.jpg,Lichen_Planus,False,UNIQUE,FAIL: blur variance 60.9 below threshold 100.0,,,
PSD_00000691,DermNet,DermNet,test,original,Lichen_Planus,lichen-planus-212.jpg,C:\Users\manis\Desktop\Final_Year_Project\PapuloNet\datasets\dermnet\test\Psoriasis pictures Lichen Planus and related diseases\lichen-planus-212.jpg,Lichen_Planus,False,UNIQUE,PASS,PSD_00000691.jpg,224,224
PSD_00000692,DermNet,DermNet,test,original,Lichen_Planus,lichen-planus-83.jpg,C:\Users\manis\Desktop\Final_Year_Project\PapuloNet\datasets\dermnet\test\Psoriasis pictures Lichen Planus and related diseases\lichen-planus-83.jpg,Lichen_Planus,False,UNIQUE,PASS,PSD_00000692.jpg,224,224
PSD_00000693,DermNet,DermNet,test,original,Lichen_Planus,lichen-planus-84.jpg,C:\Users\manis\Desktop\Final_Year_Project\PapuloNet\datasets\dermnet\test\Psoriasis pictures Lichen Planus and related diseases\lichen-planus-84.jpg,Lichen_Planus,False,UNIQUE,PASS,PSD_00000693.jpg,224,224
PSD_00000694,DermNet,DermNet,test,original,Lichen_Planus,lichen-planus-87.jpg,C:\Users\manis\Desktop\Final_Year_Project\PapuloNet\datasets\dermnet\test\Psoriasis pictures Lichen Planus and related diseases\lichen-planus-87.jpg,Lichen_Planus,False,DUPLICATE_OF:PSD_00000550,PENDING,,,
PSD_00000695,DermNet,DermNet,test,original,Lichen_Planus,lichen-planus-89.jpg,C:\Users\manis\Desktop\Final_Year_Project\PapuloNet\datasets\dermnet\test\Psoriasis pictures Lichen Planus and related diseases\lichen-planus-89.jpg,Lichen_Planus,False,UNIQUE,PASS,PSD_00000695.jpg,224,224
PSD_00000696,DermNet,DermNet,test,original,Lichen_Planus,lichen-planus-97.jpg,C:\Users\manis\Desktop\Final_Year_Project\PapuloNet\datasets\dermnet\test\Psoriasis pictures Lichen Planus and related diseases\lichen-planus-97.jpg,Lichen_Planus,False,UNIQUE,PASS,PSD_00000696.jpg,224,224
PSD_00000697,DermNet,DermNet,test,original,Lichen_Planus,Lichen-Planus-Drug-19.jpg,C:\Users\manis\Desktop\Final_Year_Project\PapuloNet\datasets\dermnet\test\Psoriasis pictures Lichen Planus and related diseases\Lichen-Planus-Drug-19.jpg,Lichen_Planus,False,UNIQUE,PASS,PSD_00000697.jpg,224,224
PSD_00000698,DermNet,DermNet,test,original,Lichen_Planus,Lichen-Planus-Drug-20.jpg,C:\Users\manis\Desktop\Final_Year_Project\PapuloNet\datasets\dermnet\test\Psoriasis pictures Lichen Planus and related diseases\Lichen-Planus-Drug-20.jpg,Lichen_Planus,False,UNIQUE,PASS,PSD_00000698.jpg,224,224
PSD_00000699,DermNet,DermNet,test,original,Lichen_Planus,Lichen-Planus-Drug-28.jpg,C:\Users\manis\Desktop\Final_Year_Project\PapuloNet\datasets\dermnet\test\Psoriasis pictures Lichen Planus and related diseases\Lichen-Planus-Drug-28.jpg,Lichen_Planus,False,UNIQUE,PASS,PSD_00000699.jpg,224,224
PSD_00000700,DermNet,DermNet,test,original,Lichen_Planus,Lichen-Planus-Hypertrophic-16.jpg,C:\Users\manis\Desktop\Final_Year_Project\PapuloNet\datasets\dermnet\test\Psoriasis pictures Lichen Planus and related diseases\Lichen-Planus-Hypertrophic-16.jpg,Lichen_Planus,False,DUPLICATE_OF:PSD_00000465,PENDING,,,
PSD_00000701,DermNet,DermNet,test,original,Lichen_Planus,Lichen-Planus-Hypertrophic-17.jpg,C:\Users\manis\Desktop\Final_Year_Project\PapuloNet\datasets\dermnet\test\Psoriasis pictures Lichen Planus and related diseases\Lichen-Planus-Hypertrophic-17.jpg,Lichen_Planus,False,UNIQUE,PASS,PSD_00000701.jpg,224,224
PSD_00000702,DermNet,DermNet,test,original,Lichen_Planus,Lichen-Planus-Hypertrophic-18.jpg,C:\Users\manis\Desktop\Final_Year_Project\PapuloNet\datasets\dermnet\test\Psoriasis pictures Lichen Planus and related diseases\Lichen-Planus-Hypertrophic-18.jpg,Lichen_Planus,False,UNIQUE,PASS,PSD_00000702.jpg,224,224
PSD_00000703,DermNet,DermNet,test,original,Lichen_Planus,Lichen-Planus-Hypertrophic-22.jpg,C:\Users\manis\Desktop\Final_Year_Project\PapuloNet\datasets\dermnet\test\Psoriasis pictures Lichen Planus and related diseases\Lichen-Planus-Hypertrophic-22.jpg,Lichen_Planus,False,UNIQUE,PASS,PSD_00000703.jpg,224,224
PSD_00000704,DermNet,DermNet,test,original,Lichen_Planus,Lichen-Planus-Hypertrophic-8.jpg,C:\Users\manis\Desktop\Final_Year_Project\PapuloNet\datasets\dermnet\test\Psoriasis pictures Lichen Planus and related diseases\Lichen-Planus-Hypertrophic-8.jpg,Lichen_Planus,False,UNIQUE,PASS,PSD_00000704.jpg,224,224
PSD_00000705,DermNet,DermNet,test,original,Lichen_Planus,Lichen-Planus-Oral-13.jpg,C:\Users\manis\Desktop\Final_Year_Project\PapuloNet\datasets\dermnet\test\Psoriasis pictures Lichen Planus and related diseases\Lichen-Planus-Oral-13.jpg,Lichen_Planus,False,UNIQUE,PASS,PSD_00000705.jpg,224,224
PSD_00000706,DermNet,DermNet,test,original,Lichen_Planus,Lichen-Planus-Oral-14.jpg,C:\Users\manis\Desktop\Final_Year_Project\PapuloNet\datasets\dermnet\test\Psoriasis pictures Lichen Planus and related diseases\Lichen-Planus-Oral-14.jpg,Lichen_Planus,False,UNIQUE,PASS,PSD_00000706.jpg,224,224
PSD_00000707,DermNet,DermNet,test,original,Lichen_Planus,Lichen-Planus-Oral-23.jpg,C:\Users\manis\Desktop\Final_Year_Project\PapuloNet\datasets\dermnet\test\Psoriasis pictures Lichen Planus and related diseases\Lichen-Planus-Oral-23.jpg,Lichen_Planus,False,UNIQUE,PASS,PSD_00000707.jpg,224,224
PSD_00000708,DermNet,DermNet,test,original,Lichen_Planus,Lichen-Planus-Oral-32.jpg,C:\Users\manis\Desktop\Final_Year_Project\PapuloNet\datasets\dermnet\test\Psoriasis pictures Lichen Planus and related diseases\Lichen-Planus-Oral-32.jpg,Lichen_Planus,False,UNIQUE,PASS,PSD_00000708.jpg,224,224
PSD_00000709,DermNet,DermNet,test,original,Lichen_Planus,Lichen-Planus-Oral-41.jpg,C:\Users\manis\Desktop\Final_Year_Project\PapuloNet\datasets\dermnet\test\Psoriasis pictures Lichen Planus and related diseases\Lichen-Planus-Oral-41.jpg,Lichen_Planus,False,UNIQUE,PASS,PSD_00000709.jpg,224,224
PSD_00000710,DermNet,DermNet,test,original,Lichen_Planus,Lichen-Planus-Oral-45.jpg,C:\Users\manis\Desktop\Final_Year_Project\PapuloNet\datasets\dermnet\test\Psoriasis pictures Lichen Planus and related diseases\Lichen-Planus-Oral-45.jpg,Lichen_Planus,False,UNIQUE,PASS,PSD_00000710.jpg,224,224
PSD_00000711,DermNet,DermNet,test,original,Lichen_Planus,Lichen-Planus-Palm-Soles-11.jpg,C:\Users\manis\Desktop\Final_Year_Project\PapuloNet\datasets\dermnet\test\Psoriasis pictures Lichen Planus and related diseases\Lichen-Planus-Palm-Soles-11.jpg,Lichen_Planus,False,UNIQUE,PASS,PSD_00000711.jpg,224,224
PSD_00000712,DermNet,DermNet,test,original,Lichen_Planus,Lichen-Planus-Penis-10.jpg,C:\Users\manis\Desktop\Final_Year_Project\PapuloNet\datasets\dermnet\test\Psoriasis pictures Lichen Planus and related diseases\Lichen-Planus-Penis-10.jpg,Lichen_Planus,False,UNIQUE,PASS,PSD_00000712.jpg,224,224
PSD_00000713,DermNet,DermNet,test,original,Lichen_Planus,Lichen-Planus-Penis-5.jpg,C:\Users\manis\Desktop\Final_Year_Project\PapuloNet\datasets\dermnet\test\Psoriasis pictures Lichen Planus and related diseases\Lichen-Planus-Penis-5.jpg,Lichen_Planus,False,UNIQUE,PASS,PSD_00000713.jpg,224,224
PSD_00000714,DermNet,DermNet,test,original,Lichen_Planus,lichen-planus-vaginal-9.jpg,C:\Users\manis\Desktop\Final_Year_Project\PapuloNet\datasets\dermnet\test\Psoriasis pictures Lichen Planus and related diseases\lichen-planus-vaginal-9.jpg,Lichen_Planus,False,UNIQUE,PASS,PSD_00000714.jpg,224,224
PSD_00000715,DermNet,DermNet,train,original,Pityriasis_Rosea,pityriasis-rosea-1.jpg,C:\Users\manis\Desktop\Final_Year_Project\PapuloNet\datasets\dermnet\train\Psoriasis pictures Lichen Planus and related diseases\pityriasis-rosea-1.jpg,Pityriasis_Rosea,False,UNIQUE,PASS,PSD_00000715.jpg,224,224
PSD_00000716,DermNet,DermNet,train,original,Pityriasis_Rosea,pityriasis-rosea-10.jpg,C:\Users\manis\Desktop\Final_Year_Project\PapuloNet\datasets\dermnet\train\Psoriasis pictures Lichen Planus and related diseases\pityriasis-rosea-10.jpg,Pityriasis_Rosea,False,UNIQUE,PASS,PSD_00000716.jpg,224,224
PSD_00000717,DermNet,DermNet,train,original,Pityriasis_Rosea,pityriasis-rosea-100.jpg,C:\Users\manis\Desktop\Final_Year_Project\PapuloNet\datasets\dermnet\train\Psoriasis pictures Lichen Planus and related diseases\pityriasis-rosea-100.jpg,Pityriasis_Rosea,False,UNIQUE,PASS,PSD_00000717.jpg,224,224
PSD_00000718,DermNet,DermNet,train,original,Pityriasis_Rosea,pityriasis-rosea-102.jpg,C:\Users\manis\Desktop\Final_Year_Project\PapuloNet\datasets\dermnet\train\Psoriasis pictures Lichen Planus and related diseases\pityriasis-rosea-102.jpg,Pityriasis_Rosea,False,UNIQUE,PASS,PSD_00000718.jpg,224,224
PSD_00000719,DermNet,DermNet,train,original,Pityriasis_Rosea,pityriasis-rosea-104.jpg,C:\Users\manis\Desktop\Final_Year_Project\PapuloNet\datasets\dermnet\train\Psoriasis pictures Lichen Planus and related diseases\pityriasis-rosea-104.jpg,Pityriasis_Rosea,False,UNIQUE,PASS,PSD_00000719.jpg,224,224
PSD_00000720,DermNet,DermNet,train,original,Pityriasis_Rosea,pityriasis-rosea-105.jpg,C:\Users\manis\Desktop\Final_Year_Project\PapuloNet\datasets\dermnet\train\Psoriasis pictures Lichen Planus and related diseases\pityriasis-rosea-105.jpg,Pityriasis_Rosea,False,UNIQUE,PASS,PSD_00000720.jpg,224,224
PSD_00000721,DermNet,DermNet,train,original,Pityriasis_Rosea,pityriasis-rosea-107.jpg,C:\Users\manis\Desktop\Final_Year_Project\PapuloNet\datasets\dermnet\train\Psoriasis pictures Lichen Planus and related diseases\pityriasis-rosea-107.jpg,Pityriasis_Rosea,False,UNIQUE,PASS,PSD_00000721.jpg,224,224
PSD_00000722,DermNet,DermNet,train,original,Pityriasis_Rosea,pityriasis-rosea-108.jpg,C:\Users\manis\Desktop\Final_Year_Project\PapuloNet\datasets\dermnet\train\Psoriasis pictures Lichen Planus and related diseases\pityriasis-rosea-108.jpg,Pityriasis_Rosea,False,UNIQUE,PASS,PSD_00000722.jpg,224,224
PSD_00000723,DermNet,DermNet,train,original,Pityriasis_Rosea,pityriasis-rosea-109.jpg,C:\Users\manis\Desktop\Final_Year_Project\PapuloNet\datasets\dermnet\train\Psoriasis pictures Lichen Planus and related diseases\pityriasis-rosea-109.jpg,Pityriasis_Rosea,False,UNIQUE,PASS,PSD_00000723.jpg,224,224
PSD_00000724,DermNet,DermNet,train,original,Pityriasis_Rosea,pityriasis-rosea-110.jpg,C:\Users\manis\Desktop\Final_Year_Project\PapuloNet\datasets\dermnet\train\Psoriasis pictures Lichen Planus and related diseases\pityriasis-rosea-110.jpg,Pityriasis_Rosea,False,UNIQUE,PASS,PSD_00000724.jpg,224,224
PSD_00000725,DermNet,DermNet,train,original,Pityriasis_Rosea,pityriasis-rosea-112.jpg,C:\Users\manis\Desktop\Final_Year_Project\PapuloNet\datasets\dermnet\train\Psoriasis pictures Lichen Planus and related diseases\pityriasis-rosea-112.jpg,Pityriasis_Rosea,False,UNIQUE,FAIL: blur variance 72.5 below threshold 100.0,,,
PSD_00000726,DermNet,DermNet,train,original,Pityriasis_Rosea,pityriasis-rosea-114.jpg,C:\Users\manis\Desktop\Final_Year_Project\PapuloNet\datasets\dermnet\train\Psoriasis pictures Lichen Planus and related diseases\pityriasis-rosea-114.jpg,Pityriasis_Rosea,False,UNIQUE,PASS,PSD_00000726.jpg,224,224
PSD_00000727,DermNet,DermNet,train,original,Pityriasis_Rosea,pityriasis-rosea-117.jpg,C:\Users\manis\Desktop\Final_Year_Project\PapuloNet\datasets\dermnet\train\Psoriasis pictures Lichen Planus and related diseases\pityriasis-rosea-117.jpg,Pityriasis_Rosea,False,UNIQUE,PASS,PSD_00000727.jpg,224,224
PSD_00000728,DermNet,DermNet,train,original,Pityriasis_Rosea,pityriasis-rosea-118.jpg,C:\Users\manis\Desktop\Final_Year_Project\PapuloNet\datasets\dermnet\train\Psoriasis pictures Lichen Planus and related diseases\pityriasis-rosea-118.jpg,Pityriasis_Rosea,False,UNIQUE,FAIL: blur variance 53.1 below threshold 100.0,,,
PSD_00000729,DermNet,DermNet,train,original,Pityriasis_Rosea,pityriasis-rosea-119.jpg,C:\Users\manis\Desktop\Final_Year_Project\PapuloNet\datasets\dermnet\train\Psoriasis pictures Lichen Planus and related diseases\pityriasis-rosea-119.jpg,Pityriasis_Rosea,False,UNIQUE,FAIL: blur variance 79.5 below threshold 100.0,,,
PSD_00000730,DermNet,DermNet,train,original,Pityriasis_Rosea,pityriasis-rosea-12.jpg,C:\Users\manis\Desktop\Final_Year_Project\PapuloNet\datasets\dermnet\train\Psoriasis pictures Lichen Planus and related diseases\pityriasis-rosea-12.jpg,Pityriasis_Rosea,False,UNIQUE,PASS,PSD_00000730.jpg,224,224
PSD_00000731,DermNet,DermNet,train,original,Pityriasis_Rosea,pityriasis-rosea-120.jpg,C:\Users\manis\Desktop\Final_Year_Project\PapuloNet\datasets\dermnet\train\Psoriasis pictures Lichen Planus and related diseases\pityriasis-rosea-120.jpg,Pityriasis_Rosea,False,UNIQUE,PASS,PSD_00000731.jpg,224,224
PSD_00000732,DermNet,DermNet,train,original,Pityriasis_Rosea,pityriasis-rosea-123.jpg,C:\Users\manis\Desktop\Final_Year_Project\PapuloNet\datasets\dermnet\train\Psoriasis pictures Lichen Planus and related diseases\pityriasis-rosea-123.jpg,Pityriasis_Rosea,False,UNIQUE,PASS,PSD_00000732.jpg,224,224
PSD_00000733,DermNet,DermNet,train,original,Pityriasis_Rosea,pityriasis-rosea-124.jpg,C:\Users\manis\Desktop\Final_Year_Project\PapuloNet\datasets\dermnet\train\Psoriasis pictures Lichen Planus and related diseases\pityriasis-rosea-124.jpg,Pityriasis_Rosea,False,UNIQUE,PASS,PSD_00000733.jpg,224,224
PSD_00000734,DermNet,DermNet,train,original,Pityriasis_Rosea,pityriasis-rosea-125.jpg,C:\Users\manis\Desktop\Final_Year_Project\PapuloNet\datasets\dermnet\train\Psoriasis pictures Lichen Planus and related diseases\pityriasis-rosea-125.jpg,Pityriasis_Rosea,False,UNIQUE,PASS,PSD_00000734.jpg,224,224
PSD_00000735,DermNet,DermNet,train,original,Pityriasis_Rosea,pityriasis-rosea-126.jpg,C:\Users\manis\Desktop\Final_Year_Project\PapuloNet\datasets\dermnet\train\Psoriasis pictures Lichen Planus and related diseases\pityriasis-rosea-126.jpg,Pityriasis_Rosea,False,UNIQUE,PASS,PSD_00000735.jpg,224,224
PSD_00000736,DermNet,DermNet,train,original,Pityriasis_Rosea,pityriasis-rosea-127.jpg,C:\Users\manis\Desktop\Final_Year_Project\PapuloNet\datasets\dermnet\train\Psoriasis pictures Lichen Planus and related diseases\pityriasis-rosea-127.jpg,Pityriasis_Rosea,False,UNIQUE,PASS,PSD_00000736.jpg,224,224
PSD_00000737,DermNet,DermNet,train,original,Pityriasis_Rosea,pityriasis-rosea-128.jpg,C:\Users\manis\Desktop\Final_Year_Project\PapuloNet\datasets\dermnet\train\Psoriasis pictures Lichen Planus and related diseases\pityriasis-rosea-128.jpg,Pityriasis_Rosea,False,DUPLICATE_OF:PSD_00000733,PENDING,,,
PSD_00000738,DermNet,DermNet,train,original,Pityriasis_Rosea,pityriasis-rosea-129.jpg,C:\Users\manis\Desktop\Final_Year_Project\PapuloNet\datasets\dermnet\train\Psoriasis pictures Lichen Planus and related diseases\pityriasis-rosea-129.jpg,Pityriasis_Rosea,False,UNIQUE,PASS,PSD_00000738.jpg,224,224
PSD_00000739,DermNet,DermNet,train,original,Pityriasis_Rosea,pityriasis-rosea-13.jpg,C:\Users\manis\Desktop\Final_Year_Project\PapuloNet\datasets\dermnet\train\Psoriasis pictures Lichen Planus and related diseases\pityriasis-rosea-13.jpg,Pityriasis_Rosea,False,UNIQUE,PASS,PSD_00000739.jpg,224,224
PSD_00000740,DermNet,DermNet,train,original,Pityriasis_Rosea,pityriasis-rosea-130.jpg,C:\Users\manis\Desktop\Final_Year_Project\PapuloNet\datasets\dermnet\train\Psoriasis pictures Lichen Planus and related diseases\pityriasis-rosea-130.jpg,Pityriasis_Rosea,False,UNIQUE,FAIL: blur variance 31.5 below threshold 100.0,,,
PSD_00000741,DermNet,DermNet,train,original,Pityriasis_Rosea,pityriasis-rosea-132.jpg,C:\Users\manis\Desktop\Final_Year_Project\PapuloNet\datasets\dermnet\train\Psoriasis pictures Lichen Planus and related diseases\pityriasis-rosea-132.jpg,Pityriasis_Rosea,False,UNIQUE,FAIL: blur variance 75.4 below threshold 100.0,,,
PSD_00000742,DermNet,DermNet,train,original,Pityriasis_Rosea,pityriasis-rosea-133.jpg,C:\Users\manis\Desktop\Final_Year_Project\PapuloNet\datasets\dermnet\train\Psoriasis pictures Lichen Planus and related diseases\pityriasis-rosea-133.jpg,Pityriasis_Rosea,False,UNIQUE,PASS,PSD_00000742.jpg,224,224
PSD_00000743,DermNet,DermNet,train,original,Pityriasis_Rosea,pityriasis-rosea-134.jpg,C:\Users\manis\Desktop\Final_Year_Project\PapuloNet\datasets\dermnet\train\Psoriasis pictures Lichen Planus and related diseases\pityriasis-rosea-134.jpg,Pityriasis_Rosea,False,UNIQUE,PASS,PSD_00000743.jpg,224,224
PSD_00000744,DermNet,DermNet,train,original,Pityriasis_Rosea,pityriasis-rosea-136.jpg,C:\Users\manis\Desktop\Final_Year_Project\PapuloNet\datasets\dermnet\train\Psoriasis pictures Lichen Planus and related diseases\pityriasis-rosea-136.jpg,Pityriasis_Rosea,False,UNIQUE,FAIL: blur variance 99.9 below threshold 100.0,,,
PSD_00000745,DermNet,DermNet,train,original,Pityriasis_Rosea,pityriasis-rosea-137.jpg,C:\Users\manis\Desktop\Final_Year_Project\PapuloNet\datasets\dermnet\train\Psoriasis pictures Lichen Planus and related diseases\pityriasis-rosea-137.jpg,Pityriasis_Rosea,False,DUPLICATE_OF:PSD_00000725,PENDING,,,
PSD_00000746,DermNet,DermNet,train,original,Pityriasis_Rosea,pityriasis-rosea-138.jpg,C:\Users\manis\Desktop\Final_Year_Project\PapuloNet\datasets\dermnet\train\Psoriasis pictures Lichen Planus and related diseases\pityriasis-rosea-138.jpg,Pityriasis_Rosea,False,UNIQUE,FAIL: blur variance 93.5 below threshold 100.0,,,
PSD_00000747,DermNet,DermNet,train,original,Pityriasis_Rosea,pityriasis-rosea-14.jpg,C:\Users\manis\Desktop\Final_Year_Project\PapuloNet\datasets\dermnet\train\Psoriasis pictures Lichen Planus and related diseases\pityriasis-rosea-14.jpg,Pityriasis_Rosea,False,UNIQUE,PASS,PSD_00000747.jpg,224,224
PSD_00000748,DermNet,DermNet,train,original,Pityriasis_Rosea,pityriasis-rosea-141.jpg,C:\Users\manis\Desktop\Final_Year_Project\PapuloNet\datasets\dermnet\train\Psoriasis pictures Lichen Planus and related diseases\pityriasis-rosea-141.jpg,Pityriasis_Rosea,False,UNIQUE,PASS,PSD_00000748.jpg,224,224
PSD_00000749,DermNet,DermNet,train,original,Pityriasis_Rosea,pityriasis-rosea-144.jpg,C:\Users\manis\Desktop\Final_Year_Project\PapuloNet\datasets\dermnet\train\Psoriasis pictures Lichen Planus and related diseases\pityriasis-rosea-144.jpg,Pityriasis_Rosea,False,UNIQUE,FAIL: blur variance 90.1 below threshold 100.0,,,
PSD_00000750,DermNet,DermNet,train,original,Pityriasis_Rosea,pityriasis-rosea-145.jpg,C:\Users\manis\Desktop\Final_Year_Project\PapuloNet\datasets\dermnet\train\Psoriasis pictures Lichen Planus and related diseases\pityriasis-rosea-145.jpg,Pityriasis_Rosea,False,UNIQUE,FAIL: blur variance 74.8 below threshold 100.0,,,
PSD_00000751,DermNet,DermNet,train,original,Pityriasis_Rosea,pityriasis-rosea-148.jpg,C:\Users\manis\Desktop\Final_Year_Project\PapuloNet\datasets\dermnet\train\Psoriasis pictures Lichen Planus and related diseases\pityriasis-rosea-148.jpg,Pityriasis_Rosea,False,UNIQUE,PASS,PSD_00000751.jpg,224,224
PSD_00000752,DermNet,DermNet,train,original,Pityriasis_Rosea,pityriasis-rosea-149.jpg,C:\Users\manis\Desktop\Final_Year_Project\PapuloNet\datasets\dermnet\train\Psoriasis pictures Lichen Planus and related diseases\pityriasis-rosea-149.jpg,Pityriasis_Rosea,False,UNIQUE,PASS,PSD_00000752.jpg,224,224
PSD_00000753,DermNet,DermNet,train,original,Pityriasis_Rosea,pityriasis-rosea-15.jpg,C:\Users\manis\Desktop\Final_Year_Project\PapuloNet\datasets\dermnet\train\Psoriasis pictures Lichen Planus and related diseases\pityriasis-rosea-15.jpg,Pityriasis_Rosea,False,UNIQUE,PASS,PSD_00000753.jpg,224,224
PSD_00000754,DermNet,DermNet,train,original,Pityriasis_Rosea,pityriasis-rosea-150.jpg,C:\Users\manis\Desktop\Final_Year_Project\PapuloNet\datasets\dermnet\train\Psoriasis pictures Lichen Planus and related diseases\pityriasis-rosea-150.jpg,Pityriasis_Rosea,False,UNIQUE,FAIL: blur variance 99.3 below threshold 100.0,,,
PSD_00000755,DermNet,DermNet,train,original,Pityriasis_Rosea,pityriasis-rosea-151.jpg,C:\Users\manis\Desktop\Final_Year_Project\PapuloNet\datasets\dermnet\train\Psoriasis pictures Lichen Planus and related diseases\pityriasis-rosea-151.jpg,Pityriasis_Rosea,False,UNIQUE,PASS,PSD_00000755.jpg,224,224
PSD_00000756,DermNet,DermNet,train,original,Pityriasis_Rosea,pityriasis-rosea-152.jpg,C:\Users\manis\Desktop\Final_Year_Project\PapuloNet\datasets\dermnet\train\Psoriasis pictures Lichen Planus and related diseases\pityriasis-rosea-152.jpg,Pityriasis_Rosea,False,UNIQUE,PASS,PSD_00000756.jpg,224,224
PSD_00000757,DermNet,DermNet,train,original,Pityriasis_Rosea,pityriasis-rosea-153.jpg,C:\Users\manis\Desktop\Final_Year_Project\PapuloNet\datasets\dermnet\train\Psoriasis pictures Lichen Planus and related diseases\pityriasis-rosea-153.jpg,Pityriasis_Rosea,False,UNIQUE,PASS,PSD_00000757.jpg,224,224
PSD_00000758,DermNet,DermNet,train,original,Pityriasis_Rosea,pityriasis-rosea-155.jpg,C:\Users\manis\Desktop\Final_Year_Project\PapuloNet\datasets\dermnet\train\Psoriasis pictures Lichen Planus and related diseases\pityriasis-rosea-155.jpg,Pityriasis_Rosea,False,UNIQUE,PASS,PSD_00000758.jpg,224,224
PSD_00000759,DermNet,DermNet,train,original,Pityriasis_Rosea,pityriasis-rosea-157.jpg,C:\Users\manis\Desktop\Final_Year_Project\PapuloNet\datasets\dermnet\train\Psoriasis pictures Lichen Planus and related diseases\pityriasis-rosea-157.jpg,Pityriasis_Rosea,False,UNIQUE,PASS,PSD_00000759.jpg,224,224
PSD_00000760,DermNet,DermNet,train,original,Pityriasis_Rosea,pityriasis-rosea-158.jpg,C:\Users\manis\Desktop\Final_Year_Project\PapuloNet\datasets\dermnet\train\Psoriasis pictures Lichen Planus and related diseases\pityriasis-rosea-158.jpg,Pityriasis_Rosea,False,UNIQUE,PASS,PSD_00000760.jpg,224,224
PSD_00000761,DermNet,DermNet,train,original,Pityriasis_Rosea,pityriasis-rosea-16.jpg,C:\Users\manis\Desktop\Final_Year_Project\PapuloNet\datasets\dermnet\train\Psoriasis pictures Lichen Planus and related diseases\pityriasis-rosea-16.jpg,Pityriasis_Rosea,False,UNIQUE,PASS,PSD_00000761.jpg,224,224
PSD_00000762,DermNet,DermNet,train,original,Pityriasis_Rosea,pityriasis-rosea-160.jpg,C:\Users\manis\Desktop\Final_Year_Project\PapuloNet\datasets\dermnet\train\Psoriasis pictures Lichen Planus and related diseases\pityriasis-rosea-160.jpg,Pityriasis_Rosea,False,UNIQUE,FAIL: blur variance 79.8 below threshold 100.0,,,
PSD_00000763,DermNet,DermNet,train,original,Pityriasis_Rosea,pityriasis-rosea-162.jpg,C:\Users\manis\Desktop\Final_Year_Project\PapuloNet\datasets\dermnet\train\Psoriasis pictures Lichen Planus and related diseases\pityriasis-rosea-162.jpg,Pityriasis_Rosea,False,UNIQUE,PASS,PSD_00000763.jpg,224,224
PSD_00000764,DermNet,DermNet,train,original,Pityriasis_Rosea,pityriasis-rosea-164.jpg,C:\Users\manis\Desktop\Final_Year_Project\PapuloNet\datasets\dermnet\train\Psoriasis pictures Lichen Planus and related diseases\pityriasis-rosea-164.jpg,Pityriasis_Rosea,False,UNIQUE,PASS,PSD_00000764.jpg,224,224
PSD_00000765,DermNet,DermNet,train,original,Pityriasis_Rosea,pityriasis-rosea-165.jpg,C:\Users\manis\Desktop\Final_Year_Project\PapuloNet\datasets\dermnet\train\Psoriasis pictures Lichen Planus and related diseases\pityriasis-rosea-165.jpg,Pityriasis_Rosea,False,UNIQUE,PASS,PSD_00000765.jpg,224,224
PSD_00000766,DermNet,DermNet,train,original,Pityriasis_Rosea,pityriasis-rosea-166.jpg,C:\Users\manis\Desktop\Final_Year_Project\PapuloNet\datasets\dermnet\train\Psoriasis pictures Lichen Planus and related diseases\pityriasis-rosea-166.jpg,Pityriasis_Rosea,False,UNIQUE,PASS,PSD_00000766.jpg,224,224
PSD_00000767,DermNet,DermNet,train,original,Pityriasis_Rosea,pityriasis-rosea-168.jpg,C:\Users\manis\Desktop\Final_Year_Project\PapuloNet\datasets\dermnet\train\Psoriasis pictures Lichen Planus and related diseases\pityriasis-rosea-168.jpg,Pityriasis_Rosea,False,UNIQUE,PASS,PSD_00000767.jpg,224,224
PSD_00000768,DermNet,DermNet,train,original,Pityriasis_Rosea,pityriasis-rosea-169.jpg,C:\Users\manis\Desktop\Final_Year_Project\PapuloNet\datasets\dermnet\train\Psoriasis pictures Lichen Planus and related diseases\pityriasis-rosea-169.jpg,Pityriasis_Rosea,False,UNIQUE,PASS,PSD_00000768.jpg,224,224
PSD_00000769,DermNet,DermNet,train,original,Pityriasis_Rosea,pityriasis-rosea-17.jpg,C:\Users\manis\Desktop\Final_Year_Project\PapuloNet\datasets\dermnet\train\Psoriasis pictures Lichen Planus and related diseases\pityriasis-rosea-17.jpg,Pityriasis_Rosea,False,UNIQUE,PASS,PSD_00000769.jpg,224,224
PSD_00000770,DermNet,DermNet,train,original,Pityriasis_Rosea,pityriasis-rosea-170.jpg,C:\Users\manis\Desktop\Final_Year_Project\PapuloNet\datasets\dermnet\train\Psoriasis pictures Lichen Planus and related diseases\pityriasis-rosea-170.jpg,Pityriasis_Rosea,False,UNIQUE,PASS,PSD_00000770.jpg,224,224
PSD_00000771,DermNet,DermNet,train,original,Pityriasis_Rosea,pityriasis-rosea-172.jpg,C:\Users\manis\Desktop\Final_Year_Project\PapuloNet\datasets\dermnet\train\Psoriasis pictures Lichen Planus and related diseases\pityriasis-rosea-172.jpg,Pityriasis_Rosea,False,UNIQUE,PASS,PSD_00000771.jpg,224,224
PSD_00000772,DermNet,DermNet,train,original,Pityriasis_Rosea,pityriasis-rosea-174.jpg,C:\Users\manis\Desktop\Final_Year_Project\PapuloNet\datasets\dermnet\train\Psoriasis pictures Lichen Planus and related diseases\pityriasis-rosea-174.jpg,Pityriasis_Rosea,False,UNIQUE,PASS,PSD_00000772.jpg,224,224
PSD_00000773,DermNet,DermNet,train,original,Pityriasis_Rosea,pityriasis-rosea-175.jpg,C:\Users\manis\Desktop\Final_Year_Project\PapuloNet\datasets\dermnet\train\Psoriasis pictures Lichen Planus and related diseases\pityriasis-rosea-175.jpg,Pityriasis_Rosea,False,UNIQUE,PASS,PSD_00000773.jpg,224,224
PSD_00000774,DermNet,DermNet,train,original,Pityriasis_Rosea,pityriasis-rosea-177.jpg,C:\Users\manis\Desktop\Final_Year_Project\PapuloNet\datasets\dermnet\train\Psoriasis pictures Lichen Planus and related diseases\pityriasis-rosea-177.jpg,Pityriasis_Rosea,False,UNIQUE,PASS,PSD_00000774.jpg,224,224
PSD_00000775,DermNet,DermNet,train,original,Pityriasis_Rosea,pityriasis-rosea-178.jpg,C:\Users\manis\Desktop\Final_Year_Project\PapuloNet\datasets\dermnet\train\Psoriasis pictures Lichen Planus and related diseases\pityriasis-rosea-178.jpg,Pityriasis_Rosea,False,UNIQUE,PASS,PSD_00000775.jpg,224,224
PSD_00000776,DermNet,DermNet,train,original,Pityriasis_Rosea,pityriasis-rosea-179.jpg,C:\Users\manis\Desktop\Final_Year_Project\PapuloNet\datasets\dermnet\train\Psoriasis pictures Lichen Planus and related diseases\pityriasis-rosea-179.jpg,Pityriasis_Rosea,False,UNIQUE,PASS,PSD_00000776.jpg,224,224
PSD_00000777,DermNet,DermNet,train,original,Pityriasis_Rosea,pityriasis-rosea-18.jpg,C:\Users\manis\Desktop\Final_Year_Project\PapuloNet\datasets\dermnet\train\Psoriasis pictures Lichen Planus and related diseases\pityriasis-rosea-18.jpg,Pityriasis_Rosea,False,UNIQUE,PASS,PSD_00000777.jpg,224,224
PSD_00000778,DermNet,DermNet,train,original,Pityriasis_Rosea,pityriasis-rosea-180.jpg,C:\Users\manis\Desktop\Final_Year_Project\PapuloNet\datasets\dermnet\train\Psoriasis pictures Lichen Planus and related diseases\pityriasis-rosea-180.jpg,Pityriasis_Rosea,False,UNIQUE,PASS,PSD_00000778.jpg,224,224
PSD_00000779,DermNet,DermNet,train,original,Pityriasis_Rosea,pityriasis-rosea-181.jpg,C:\Users\manis\Desktop\Final_Year_Project\PapuloNet\datasets\dermnet\train\Psoriasis pictures Lichen Planus and related diseases\pityriasis-rosea-181.jpg,Pityriasis_Rosea,False,UNIQUE,PASS,PSD_00000779.jpg,224,224
PSD_00000780,DermNet,DermNet,train,original,Pityriasis_Rosea,pityriasis-rosea-182.jpg,C:\Users\manis\Desktop\Final_Year_Project\PapuloNet\datasets\dermnet\train\Psoriasis pictures Lichen Planus and related diseases\pityriasis-rosea-182.jpg,Pityriasis_Rosea,False,UNIQUE,PASS,PSD_00000780.jpg,224,224
PSD_00000781,DermNet,DermNet,train,original,Pityriasis_Rosea,pityriasis-rosea-183.jpg,C:\Users\manis\Desktop\Final_Year_Project\PapuloNet\datasets\dermnet\train\Psoriasis pictures Lichen Planus and related diseases\pityriasis-rosea-183.jpg,Pityriasis_Rosea,False,UNIQUE,PASS,PSD_00000781.jpg,224,224
PSD_00000782,DermNet,DermNet,train,original,Pityriasis_Rosea,pityriasis-rosea-184.jpg,C:\Users\manis\Desktop\Final_Year_Project\PapuloNet\datasets\dermnet\train\Psoriasis pictures Lichen Planus and related diseases\pityriasis-rosea-184.jpg,Pityriasis_Rosea,False,UNIQUE,PASS,PSD_00000782.jpg,224,224
PSD_00000783,DermNet,DermNet,train,original,Pityriasis_Rosea,pityriasis-rosea-185.jpg,C:\Users\manis\Desktop\Final_Year_Project\PapuloNet\datasets\dermnet\train\Psoriasis pictures Lichen Planus and related diseases\pityriasis-rosea-185.jpg,Pityriasis_Rosea,False,UNIQUE,PASS,PSD_00000783.jpg,224,224
PSD_00000784,DermNet,DermNet,train,original,Pityriasis_Rosea,pityriasis-rosea-186.jpg,C:\Users\manis\Desktop\Final_Year_Project\PapuloNet\datasets\dermnet\train\Psoriasis pictures Lichen Planus and related diseases\pityriasis-rosea-186.jpg,Pityriasis_Rosea,False,UNIQUE,PASS,PSD_00000784.jpg,224,224
PSD_00000785,DermNet,DermNet,train,original,Pityriasis_Rosea,pityriasis-rosea-188.jpg,C:\Users\manis\Desktop\Final_Year_Project\PapuloNet\datasets\dermnet\train\Psoriasis pictures Lichen Planus and related diseases\pityriasis-rosea-188.jpg,Pityriasis_Rosea,False,UNIQUE,FAIL: blur variance 53.8 below threshold 100.0,,,
PSD_00000786,DermNet,DermNet,train,original,Pityriasis_Rosea,pityriasis-rosea-19.jpg,C:\Users\manis\Desktop\Final_Year_Project\PapuloNet\datasets\dermnet\train\Psoriasis pictures Lichen Planus and related diseases\pityriasis-rosea-19.jpg,Pityriasis_Rosea,False,UNIQUE,PASS,PSD_00000786.jpg,224,224
PSD_00000787,DermNet,DermNet,train,original,Pityriasis_Rosea,pityriasis-rosea-190.jpg,C:\Users\manis\Desktop\Final_Year_Project\PapuloNet\datasets\dermnet\train\Psoriasis pictures Lichen Planus and related diseases\pityriasis-rosea-190.jpg,Pityriasis_Rosea,False,UNIQUE,FAIL: blur variance 37.9 below threshold 100.0,,,
PSD_00000788,DermNet,DermNet,train,original,Pityriasis_Rosea,pityriasis-rosea-192.jpg,C:\Users\manis\Desktop\Final_Year_Project\PapuloNet\datasets\dermnet\train\Psoriasis pictures Lichen Planus and related diseases\pityriasis-rosea-192.jpg,Pityriasis_Rosea,False,UNIQUE,FAIL: blur variance 32.5 below threshold 100.0,,,
PSD_00000789,DermNet,DermNet,train,original,Pityriasis_Rosea,pityriasis-rosea-193.jpg,C:\Users\manis\Desktop\Final_Year_Project\PapuloNet\datasets\dermnet\train\Psoriasis pictures Lichen Planus and related diseases\pityriasis-rosea-193.jpg,Pityriasis_Rosea,False,UNIQUE,PASS,PSD_00000789.jpg,224,224
PSD_00000790,DermNet,DermNet,train,original,Pityriasis_Rosea,pityriasis-rosea-194.jpg,C:\Users\manis\Desktop\Final_Year_Project\PapuloNet\datasets\dermnet\train\Psoriasis pictures Lichen Planus and related diseases\pityriasis-rosea-194.jpg,Pityriasis_Rosea,False,UNIQUE,PASS,PSD_00000790.jpg,224,224
PSD_00000791,DermNet,DermNet,train,original,Pityriasis_Rosea,pityriasis-rosea-195.jpg,C:\Users\manis\Desktop\Final_Year_Project\PapuloNet\datasets\dermnet\train\Psoriasis pictures Lichen Planus and related diseases\pityriasis-rosea-195.jpg,Pityriasis_Rosea,False,UNIQUE,PASS,PSD_00000791.jpg,224,224
PSD_00000792,DermNet,DermNet,train,original,Pityriasis_Rosea,pityriasis-rosea-196.jpg,C:\Users\manis\Desktop\Final_Year_Project\PapuloNet\datasets\dermnet\train\Psoriasis pictures Lichen Planus and related diseases\pityriasis-rosea-196.jpg,Pityriasis_Rosea,False,UNIQUE,FAIL: blur variance 65.9 below threshold 100.0,,,
PSD_00000793,DermNet,DermNet,train,original,Pityriasis_Rosea,pityriasis-rosea-198.jpg,C:\Users\manis\Desktop\Final_Year_Project\PapuloNet\datasets\dermnet\train\Psoriasis pictures Lichen Planus and related diseases\pityriasis-rosea-198.jpg,Pityriasis_Rosea,False,UNIQUE,FAIL: blur variance 68.0 below threshold 100.0,,,
PSD_00000794,DermNet,DermNet,train,original,Pityriasis_Rosea,pityriasis-rosea-2.jpg,C:\Users\manis\Desktop\Final_Year_Project\PapuloNet\datasets\dermnet\train\Psoriasis pictures Lichen Planus and related diseases\pityriasis-rosea-2.jpg,Pityriasis_Rosea,False,UNIQUE,PASS,PSD_00000794.jpg,224,224
PSD_00000795,DermNet,DermNet,train,original,Pityriasis_Rosea,pityriasis-rosea-20.jpg,C:\Users\manis\Desktop\Final_Year_Project\PapuloNet\datasets\dermnet\train\Psoriasis pictures Lichen Planus and related diseases\pityriasis-rosea-20.jpg,Pityriasis_Rosea,False,UNIQUE,PASS,PSD_00000795.jpg,224,224
PSD_00000796,DermNet,DermNet,train,original,Pityriasis_Rosea,pityriasis-rosea-201.jpg,C:\Users\manis\Desktop\Final_Year_Project\PapuloNet\datasets\dermnet\train\Psoriasis pictures Lichen Planus and related diseases\pityriasis-rosea-201.jpg,Pityriasis_Rosea,False,UNIQUE,PASS,PSD_00000796.jpg,224,224
PSD_00000797,DermNet,DermNet,train,original,Pityriasis_Rosea,pityriasis-rosea-21.jpg,C:\Users\manis\Desktop\Final_Year_Project\PapuloNet\datasets\dermnet\train\Psoriasis pictures Lichen Planus and related diseases\pityriasis-rosea-21.jpg,Pityriasis_Rosea,False,UNIQUE,PASS,PSD_00000797.jpg,224,224
PSD_00000798,DermNet,DermNet,train,original,Pityriasis_Rosea,pityriasis-rosea-23.jpg,C:\Users\manis\Desktop\Final_Year_Project\PapuloNet\datasets\dermnet\train\Psoriasis pictures Lichen Planus and related diseases\pityriasis-rosea-23.jpg,Pityriasis_Rosea,False,UNIQUE,PASS,PSD_00000798.jpg,224,224
PSD_00000799,DermNet,DermNet,train,original,Pityriasis_Rosea,pityriasis-rosea-80.jpg,C:\Users\manis\Desktop\Final_Year_Project\PapuloNet\datasets\dermnet\train\Psoriasis pictures Lichen Planus and related diseases\pityriasis-rosea-80.jpg,Pityriasis_Rosea,False,UNIQUE,PASS,PSD_00000799.jpg,224,224
PSD_00000800,DermNet,DermNet,train,original,Pityriasis_Rosea,pityriasis-rosea-81.jpg,C:\Users\manis\Desktop\Final_Year_Project\PapuloNet\datasets\dermnet\train\Psoriasis pictures Lichen Planus and related diseases\pityriasis-rosea-81.jpg,Pityriasis_Rosea,False,UNIQUE,PASS,PSD_00000800.jpg,224,224
PSD_00000801,DermNet,DermNet,train,original,Pityriasis_Rosea,pityriasis-rosea-82.jpg,C:\Users\manis\Desktop\Final_Year_Project\PapuloNet\datasets\dermnet\train\Psoriasis pictures Lichen Planus and related diseases\pityriasis-rosea-82.jpg,Pityriasis_Rosea,False,UNIQUE,PASS,PSD_00000801.jpg,224,224
PSD_00000802,DermNet,DermNet,train,original,Pityriasis_Rosea,pityriasis-rosea-83.jpg,C:\Users\manis\Desktop\Final_Year_Project\PapuloNet\datasets\dermnet\train\Psoriasis pictures Lichen Planus and related diseases\pityriasis-rosea-83.jpg,Pityriasis_Rosea,False,UNIQUE,PASS,PSD_00000802.jpg,224,224
PSD_00000803,DermNet,DermNet,train,original,Pityriasis_Rosea,pityriasis-rosea-84.jpg,C:\Users\manis\Desktop\Final_Year_Project\PapuloNet\datasets\dermnet\train\Psoriasis pictures Lichen Planus and related diseases\pityriasis-rosea-84.jpg,Pityriasis_Rosea,False,UNIQUE,PASS,PSD_00000803.jpg,224,224
PSD_00000804,DermNet,DermNet,train,original,Pityriasis_Rosea,pityriasis-rosea-85.jpg,C:\Users\manis\Desktop\Final_Year_Project\PapuloNet\datasets\dermnet\train\Psoriasis pictures Lichen Planus and related diseases\pityriasis-rosea-85.jpg,Pityriasis_Rosea,False,UNIQUE,PASS,PSD_00000804.jpg,224,224
PSD_00000805,DermNet,DermNet,train,original,Pityriasis_Rosea,pityriasis-rosea-86.jpg,C:\Users\manis\Desktop\Final_Year_Project\PapuloNet\datasets\dermnet\train\Psoriasis pictures Lichen Planus and related diseases\pityriasis-rosea-86.jpg,Pityriasis_Rosea,False,UNIQUE,PASS,PSD_00000805.jpg,224,224
PSD_00000806,DermNet,DermNet,train,original,Pityriasis_Rosea,pityriasis-rosea-88.jpg,C:\Users\manis\Desktop\Final_Year_Project\PapuloNet\datasets\dermnet\train\Psoriasis pictures Lichen Planus and related diseases\pityriasis-rosea-88.jpg,Pityriasis_Rosea,False,UNIQUE,PASS,PSD_00000806.jpg,224,224
PSD_00000807,DermNet,DermNet,train,original,Pityriasis_Rosea,pityriasis-rosea-92.jpg,C:\Users\manis\Desktop\Final_Year_Project\PapuloNet\datasets\dermnet\train\Psoriasis pictures Lichen Planus and related diseases\pityriasis-rosea-92.jpg,Pityriasis_Rosea,False,UNIQUE,PASS,PSD_00000807.jpg,224,224
PSD_00000808,DermNet,DermNet,train,original,Pityriasis_Rosea,pityriasis-rosea-93.jpg,C:\Users\manis\Desktop\Final_Year_Project\PapuloNet\datasets\dermnet\train\Psoriasis pictures Lichen Planus and related diseases\pityriasis-rosea-93.jpg,Pityriasis_Rosea,False,UNIQUE,PASS,PSD_00000808.jpg,224,224
PSD_00000809,DermNet,DermNet,train,original,Pityriasis_Rosea,pityriasis-rosea-96.jpg,C:\Users\manis\Desktop\Final_Year_Project\PapuloNet\datasets\dermnet\train\Psoriasis pictures Lichen Planus and related diseases\pityriasis-rosea-96.jpg,Pityriasis_Rosea,False,UNIQUE,PASS,PSD_00000809.jpg,224,224
PSD_00000810,DermNet,DermNet,train,original,Pityriasis_Rosea,pityriasis-rosea-97.jpg,C:\Users\manis\Desktop\Final_Year_Project\PapuloNet\datasets\dermnet\train\Psoriasis pictures Lichen Planus and related diseases\pityriasis-rosea-97.jpg,Pityriasis_Rosea,False,UNIQUE,PASS,PSD_00000810.jpg,224,224
PSD_00000811,DermNet,DermNet,train,original,Pityriasis_Rosea,pityriasis-rosea-98.jpg,C:\Users\manis\Desktop\Final_Year_Project\PapuloNet\datasets\dermnet\train\Psoriasis pictures Lichen Planus and related diseases\pityriasis-rosea-98.jpg,Pityriasis_Rosea,False,DUPLICATE_OF:PSD_00000794,PENDING,,,
PSD_00000812,DermNet,DermNet,train,original,Pityriasis_Rosea,pityriasis-rosea-99.jpg,C:\Users\manis\Desktop\Final_Year_Project\PapuloNet\datasets\dermnet\train\Psoriasis pictures Lichen Planus and related diseases\pityriasis-rosea-99.jpg,Pityriasis_Rosea,False,UNIQUE,PASS,PSD_00000812.jpg,224,224
PSD_00000813,DermNet,DermNet,test,original,Pityriasis_Rosea,pityriasis-rosea-106.jpg,C:\Users\manis\Desktop\Final_Year_Project\PapuloNet\datasets\dermnet\test\Psoriasis pictures Lichen Planus and related diseases\pityriasis-rosea-106.jpg,Pityriasis_Rosea,False,UNIQUE,PASS,PSD_00000813.jpg,224,224
PSD_00000814,DermNet,DermNet,test,original,Pityriasis_Rosea,pityriasis-rosea-11.jpg,C:\Users\manis\Desktop\Final_Year_Project\PapuloNet\datasets\dermnet\test\Psoriasis pictures Lichen Planus and related diseases\pityriasis-rosea-11.jpg,Pityriasis_Rosea,False,UNIQUE,PASS,PSD_00000814.jpg,224,224
PSD_00000815,DermNet,DermNet,test,original,Pityriasis_Rosea,pityriasis-rosea-116.jpg,C:\Users\manis\Desktop\Final_Year_Project\PapuloNet\datasets\dermnet\test\Psoriasis pictures Lichen Planus and related diseases\pityriasis-rosea-116.jpg,Pityriasis_Rosea,False,UNIQUE,PASS,PSD_00000815.jpg,224,224
PSD_00000816,DermNet,DermNet,test,original,Pityriasis_Rosea,pityriasis-rosea-121.jpg,C:\Users\manis\Desktop\Final_Year_Project\PapuloNet\datasets\dermnet\test\Psoriasis pictures Lichen Planus and related diseases\pityriasis-rosea-121.jpg,Pityriasis_Rosea,False,UNIQUE,PASS,PSD_00000816.jpg,224,224
PSD_00000817,DermNet,DermNet,test,original,Pityriasis_Rosea,pityriasis-rosea-122.jpg,C:\Users\manis\Desktop\Final_Year_Project\PapuloNet\datasets\dermnet\test\Psoriasis pictures Lichen Planus and related diseases\pityriasis-rosea-122.jpg,Pityriasis_Rosea,False,UNIQUE,PASS,PSD_00000817.jpg,224,224
PSD_00000818,DermNet,DermNet,test,original,Pityriasis_Rosea,pityriasis-rosea-131.jpg,C:\Users\manis\Desktop\Final_Year_Project\PapuloNet\datasets\dermnet\test\Psoriasis pictures Lichen Planus and related diseases\pityriasis-rosea-131.jpg,Pityriasis_Rosea,False,UNIQUE,FAIL: blur variance 69.5 below threshold 100.0,,,
PSD_00000819,DermNet,DermNet,test,original,Pityriasis_Rosea,pityriasis-rosea-135.jpg,C:\Users\manis\Desktop\Final_Year_Project\PapuloNet\datasets\dermnet\test\Psoriasis pictures Lichen Planus and related diseases\pityriasis-rosea-135.jpg,Pityriasis_Rosea,False,UNIQUE,PASS,PSD_00000819.jpg,224,224
PSD_00000820,DermNet,DermNet,test,original,Pityriasis_Rosea,pityriasis-rosea-139.jpg,C:\Users\manis\Desktop\Final_Year_Project\PapuloNet\datasets\dermnet\test\Psoriasis pictures Lichen Planus and related diseases\pityriasis-rosea-139.jpg,Pityriasis_Rosea,False,DUPLICATE_OF:PSD_00000726,PENDING,,,
PSD_00000821,DermNet,DermNet,test,original,Pityriasis_Rosea,pityriasis-rosea-140.jpg,C:\Users\manis\Desktop\Final_Year_Project\PapuloNet\datasets\dermnet\test\Psoriasis pictures Lichen Planus and related diseases\pityriasis-rosea-140.jpg,Pityriasis_Rosea,False,UNIQUE,PASS,PSD_00000821.jpg,224,224
PSD_00000822,DermNet,DermNet,test,original,Pityriasis_Rosea,pityriasis-rosea-143.jpg,C:\Users\manis\Desktop\Final_Year_Project\PapuloNet\datasets\dermnet\test\Psoriasis pictures Lichen Planus and related diseases\pityriasis-rosea-143.jpg,Pityriasis_Rosea,False,UNIQUE,FAIL: blur variance 80.5 below threshold 100.0,,,
PSD_00000823,DermNet,DermNet,test,original,Pityriasis_Rosea,pityriasis-rosea-146.jpg,C:\Users\manis\Desktop\Final_Year_Project\PapuloNet\datasets\dermnet\test\Psoriasis pictures Lichen Planus and related diseases\pityriasis-rosea-146.jpg,Pityriasis_Rosea,False,UNIQUE,FAIL: blur variance 77.0 below threshold 100.0,,,
PSD_00000824,DermNet,DermNet,test,original,Pityriasis_Rosea,pityriasis-rosea-154.jpg,C:\Users\manis\Desktop\Final_Year_Project\PapuloNet\datasets\dermnet\test\Psoriasis pictures Lichen Planus and related diseases\pityriasis-rosea-154.jpg,Pityriasis_Rosea,False,UNIQUE,PASS,PSD_00000824.jpg,224,224
PSD_00000825,DermNet,DermNet,test,original,Pityriasis_Rosea,pityriasis-rosea-156.jpg,C:\Users\manis\Desktop\Final_Year_Project\PapuloNet\datasets\dermnet\test\Psoriasis pictures Lichen Planus and related diseases\pityriasis-rosea-156.jpg,Pityriasis_Rosea,False,UNIQUE,PASS,PSD_00000825.jpg,224,224
PSD_00000826,DermNet,DermNet,test,original,Pityriasis_Rosea,pityriasis-rosea-159.jpg,C:\Users\manis\Desktop\Final_Year_Project\PapuloNet\datasets\dermnet\test\Psoriasis pictures Lichen Planus and related diseases\pityriasis-rosea-159.jpg,Pityriasis_Rosea,False,UNIQUE,PASS,PSD_00000826.jpg,224,224
PSD_00000827,DermNet,DermNet,test,original,Pityriasis_Rosea,pityriasis-rosea-161.jpg,C:\Users\manis\Desktop\Final_Year_Project\PapuloNet\datasets\dermnet\test\Psoriasis pictures Lichen Planus and related diseases\pityriasis-rosea-161.jpg,Pityriasis_Rosea,False,UNIQUE,FAIL: blur variance 84.6 below threshold 100.0,,,
PSD_00000828,DermNet,DermNet,test,original,Pityriasis_Rosea,pityriasis-rosea-173.jpg,C:\Users\manis\Desktop\Final_Year_Project\PapuloNet\datasets\dermnet\test\Psoriasis pictures Lichen Planus and related diseases\pityriasis-rosea-173.jpg,Pityriasis_Rosea,False,UNIQUE,PASS,PSD_00000828.jpg,224,224
PSD_00000829,DermNet,DermNet,test,original,Pityriasis_Rosea,pityriasis-rosea-176.jpg,C:\Users\manis\Desktop\Final_Year_Project\PapuloNet\datasets\dermnet\test\Psoriasis pictures Lichen Planus and related diseases\pityriasis-rosea-176.jpg,Pityriasis_Rosea,False,UNIQUE,PASS,PSD_00000829.jpg,224,224
PSD_00000830,DermNet,DermNet,test,original,Pityriasis_Rosea,pityriasis-rosea-187.jpg,C:\Users\manis\Desktop\Final_Year_Project\PapuloNet\datasets\dermnet\test\Psoriasis pictures Lichen Planus and related diseases\pityriasis-rosea-187.jpg,Pityriasis_Rosea,False,UNIQUE,PASS,PSD_00000830.jpg,224,224
PSD_00000831,DermNet,DermNet,test,original,Pityriasis_Rosea,pityriasis-rosea-189.jpg,C:\Users\manis\Desktop\Final_Year_Project\PapuloNet\datasets\dermnet\test\Psoriasis pictures Lichen Planus and related diseases\pityriasis-rosea-189.jpg,Pityriasis_Rosea,False,UNIQUE,FAIL: blur variance 30.3 below threshold 100.0,,,
PSD_00000832,DermNet,DermNet,test,original,Pityriasis_Rosea,pityriasis-rosea-191.jpg,C:\Users\manis\Desktop\Final_Year_Project\PapuloNet\datasets\dermnet\test\Psoriasis pictures Lichen Planus and related diseases\pityriasis-rosea-191.jpg,Pityriasis_Rosea,False,UNIQUE,FAIL: blur variance 92.0 below threshold 100.0,,,
PSD_00000833,DermNet,DermNet,test,original,Pityriasis_Rosea,pityriasis-rosea-197.jpg,C:\Users\manis\Desktop\Final_Year_Project\PapuloNet\datasets\dermnet\test\Psoriasis pictures Lichen Planus and related diseases\pityriasis-rosea-197.jpg,Pityriasis_Rosea,False,UNIQUE,PASS,PSD_00000833.jpg,224,224
PSD_00000834,DermNet,DermNet,test,original,Pityriasis_Rosea,pityriasis-rosea-199.jpg,C:\Users\manis\Desktop\Final_Year_Project\PapuloNet\datasets\dermnet\test\Psoriasis pictures Lichen Planus and related diseases\pityriasis-rosea-199.jpg,Pityriasis_Rosea,False,UNIQUE,PASS,PSD_00000834.jpg,224,224
PSD_00000835,DermNet,DermNet,test,original,Pityriasis_Rosea,pityriasis-rosea-200.jpg,C:\Users\manis\Desktop\Final_Year_Project\PapuloNet\datasets\dermnet\test\Psoriasis pictures Lichen Planus and related diseases\pityriasis-rosea-200.jpg,Pityriasis_Rosea,False,UNIQUE,PASS,PSD_00000835.jpg,224,224
PSD_00000836,DermNet,DermNet,test,original,Pityriasis_Rosea,pityriasis-rosea-22.jpg,C:\Users\manis\Desktop\Final_Year_Project\PapuloNet\datasets\dermnet\test\Psoriasis pictures Lichen Planus and related diseases\pityriasis-rosea-22.jpg,Pityriasis_Rosea,False,UNIQUE,PASS,PSD_00000836.jpg,224,224
PSD_00000837,DermNet,DermNet,test,original,Pityriasis_Rosea,pityriasis-rosea-8.jpg,C:\Users\manis\Desktop\Final_Year_Project\PapuloNet\datasets\dermnet\test\Psoriasis pictures Lichen Planus and related diseases\pityriasis-rosea-8.jpg,Pityriasis_Rosea,False,UNIQUE,PASS,PSD_00000837.jpg,224,224
PSD_00000838,DermNet,DermNet,test,original,Pityriasis_Rosea,pityriasis-rosea-87.jpg,C:\Users\manis\Desktop\Final_Year_Project\PapuloNet\datasets\dermnet\test\Psoriasis pictures Lichen Planus and related diseases\pityriasis-rosea-87.jpg,Pityriasis_Rosea,False,UNIQUE,PASS,PSD_00000838.jpg,224,224
PSD_00000839,DermNet,DermNet,test,original,Pityriasis_Rosea,pityriasis-rosea-9.jpg,C:\Users\manis\Desktop\Final_Year_Project\PapuloNet\datasets\dermnet\test\Psoriasis pictures Lichen Planus and related diseases\pityriasis-rosea-9.jpg,Pityriasis_Rosea,False,UNIQUE,PASS,PSD_00000839.jpg,224,224
PSD_00000840,DermNet,DermNet,test,original,Pityriasis_Rosea,pityriasis-rosea-90.jpg,C:\Users\manis\Desktop\Final_Year_Project\PapuloNet\datasets\dermnet\test\Psoriasis pictures Lichen Planus and related diseases\pityriasis-rosea-90.jpg,Pityriasis_Rosea,False,UNIQUE,PASS,PSD_00000840.jpg,224,224
PSD_00000841,DermNet,DermNet,test,original,Pityriasis_Rosea,pityriasis-rosea-91.jpg,C:\Users\manis\Desktop\Final_Year_Project\PapuloNet\datasets\dermnet\test\Psoriasis pictures Lichen Planus and related diseases\pityriasis-rosea-91.jpg,Pityriasis_Rosea,False,UNIQUE,PASS,PSD_00000841.jpg,224,224
PSD_00000842,DermNet,DermNet,test,original,Pityriasis_Rosea,pityriasis-rosea-94.jpg,C:\Users\manis\Desktop\Final_Year_Project\PapuloNet\datasets\dermnet\test\Psoriasis pictures Lichen Planus and related diseases\pityriasis-rosea-94.jpg,Pityriasis_Rosea,False,UNIQUE,PASS,PSD_00000842.jpg,224,224
PSD_00000843,DermNet,DermNet,test,original,Pityriasis_Rosea,pityriasis-rosea-95.jpg,C:\Users\manis\Desktop\Final_Year_Project\PapuloNet\datasets\dermnet\test\Psoriasis pictures Lichen Planus and related diseases\pityriasis-rosea-95.jpg,Pityriasis_Rosea,False,UNIQUE,PASS,PSD_00000843.jpg,224,224
PSD_00000844,DermNet,DermNet,train,original,Psoriasis,Psoriasis-Anus-1.jpg,C:\Users\manis\Desktop\Final_Year_Project\PapuloNet\datasets\dermnet\train\Psoriasis pictures Lichen Planus and related diseases\Psoriasis-Anus-1.jpg,Psoriasis,False,UNIQUE,PASS,PSD_00000844.jpg,224,224
PSD_00000845,DermNet,DermNet,train,original,Psoriasis,Psoriasis-Anus-10.jpg,C:\Users\manis\Desktop\Final_Year_Project\PapuloNet\datasets\dermnet\train\Psoriasis pictures Lichen Planus and related diseases\Psoriasis-Anus-10.jpg,Psoriasis,False,UNIQUE,PASS,PSD_00000845.jpg,224,224
PSD_00000846,DermNet,DermNet,train,original,Psoriasis,Psoriasis-Anus-11.jpg,C:\Users\manis\Desktop\Final_Year_Project\PapuloNet\datasets\dermnet\train\Psoriasis pictures Lichen Planus and related diseases\Psoriasis-Anus-11.jpg,Psoriasis,False,UNIQUE,PASS,PSD_00000846.jpg,224,224
PSD_00000847,DermNet,DermNet,train,original,Psoriasis,Psoriasis-Anus-12.jpg,C:\Users\manis\Desktop\Final_Year_Project\PapuloNet\datasets\dermnet\train\Psoriasis pictures Lichen Planus and related diseases\Psoriasis-Anus-12.jpg,Psoriasis,False,UNIQUE,PASS,PSD_00000847.jpg,224,224
PSD_00000848,DermNet,DermNet,train,original,Psoriasis,Psoriasis-Anus-13.jpg,C:\Users\manis\Desktop\Final_Year_Project\PapuloNet\datasets\dermnet\train\Psoriasis pictures Lichen Planus and related diseases\Psoriasis-Anus-13.jpg,Psoriasis,False,UNIQUE,PASS,PSD_00000848.jpg,224,224
PSD_00000849,DermNet,DermNet,train,original,Psoriasis,Psoriasis-Anus-14.jpg,C:\Users\manis\Desktop\Final_Year_Project\PapuloNet\datasets\dermnet\train\Psoriasis pictures Lichen Planus and related diseases\Psoriasis-Anus-14.jpg,Psoriasis,False,UNIQUE,PASS,PSD_00000849.jpg,224,224
PSD_00000850,DermNet,DermNet,train,original,Psoriasis,Psoriasis-Anus-16.jpg,C:\Users\manis\Desktop\Final_Year_Project\PapuloNet\datasets\dermnet\train\Psoriasis pictures Lichen Planus and related diseases\Psoriasis-Anus-16.jpg,Psoriasis,False,UNIQUE,PASS,PSD_00000850.jpg,224,224
PSD_00000851,DermNet,DermNet,train,original,Psoriasis,Psoriasis-Anus-17.jpg,C:\Users\manis\Desktop\Final_Year_Project\PapuloNet\datasets\dermnet\train\Psoriasis pictures Lichen Planus and related diseases\Psoriasis-Anus-17.jpg,Psoriasis,False,UNIQUE,PASS,PSD_00000851.jpg,224,224
PSD_00000852,DermNet,DermNet,train,original,Psoriasis,Psoriasis-Anus-2.jpg,C:\Users\manis\Desktop\Final_Year_Project\PapuloNet\datasets\dermnet\train\Psoriasis pictures Lichen Planus and related diseases\Psoriasis-Anus-2.jpg,Psoriasis,False,UNIQUE,PASS,PSD_00000852.jpg,224,224
PSD_00000853,DermNet,DermNet,train,original,Psoriasis,Psoriasis-Anus-3.jpg,C:\Users\manis\Desktop\Final_Year_Project\PapuloNet\datasets\dermnet\train\Psoriasis pictures Lichen Planus and related diseases\Psoriasis-Anus-3.jpg,Psoriasis,False,UNIQUE,PASS,PSD_00000853.jpg,224,224
PSD_00000854,DermNet,DermNet,train,original,Psoriasis,Psoriasis-Anus-4.jpg,C:\Users\manis\Desktop\Final_Year_Project\PapuloNet\datasets\dermnet\train\Psoriasis pictures Lichen Planus and related diseases\Psoriasis-Anus-4.jpg,Psoriasis,False,UNIQUE,PASS,PSD_00000854.jpg,224,224
PSD_00000855,DermNet,DermNet,train,original,Psoriasis,Psoriasis-Anus-5.jpg,C:\Users\manis\Desktop\Final_Year_Project\PapuloNet\datasets\dermnet\train\Psoriasis pictures Lichen Planus and related diseases\Psoriasis-Anus-5.jpg,Psoriasis,False,UNIQUE,PASS,PSD_00000855.jpg,224,224
PSD_00000856,DermNet,DermNet,train,original,Psoriasis,Psoriasis-Anus-6.jpg,C:\Users\manis\Desktop\Final_Year_Project\PapuloNet\datasets\dermnet\train\Psoriasis pictures Lichen Planus and related diseases\Psoriasis-Anus-6.jpg,Psoriasis,False,UNIQUE,PASS,PSD_00000856.jpg,224,224
PSD_00000857,DermNet,DermNet,train,original,Psoriasis,Psoriasis-Anus-7.jpg,C:\Users\manis\Desktop\Final_Year_Project\PapuloNet\datasets\dermnet\train\Psoriasis pictures Lichen Planus and related diseases\Psoriasis-Anus-7.jpg,Psoriasis,False,UNIQUE,PASS,PSD_00000857.jpg,224,224
PSD_00000858,DermNet,DermNet,train,original,Psoriasis,Psoriasis-Anus-8.jpg,C:\Users\manis\Desktop\Final_Year_Project\PapuloNet\datasets\dermnet\train\Psoriasis pictures Lichen Planus and related diseases\Psoriasis-Anus-8.jpg,Psoriasis,False,UNIQUE,PASS,PSD_00000858.jpg,224,224
PSD_00000859,DermNet,DermNet,train,original,Psoriasis,Psoriasis-Anus-9.jpg,C:\Users\manis\Desktop\Final_Year_Project\PapuloNet\datasets\dermnet\train\Psoriasis pictures Lichen Planus and related diseases\Psoriasis-Anus-9.jpg,Psoriasis,False,UNIQUE,PASS,PSD_00000859.jpg,224,224
PSD_00000860,DermNet,DermNet,train,original,Psoriasis,Psoriasis-arthritis-1.jpg,C:\Users\manis\Desktop\Final_Year_Project\PapuloNet\datasets\dermnet\train\Psoriasis pictures Lichen Planus and related diseases\Psoriasis-arthritis-1.jpg,Psoriasis,False,UNIQUE,PASS,PSD_00000860.jpg,224,224
PSD_00000861,DermNet,DermNet,train,original,Psoriasis,Psoriasis-arthritis-2.jpg,C:\Users\manis\Desktop\Final_Year_Project\PapuloNet\datasets\dermnet\train\Psoriasis pictures Lichen Planus and related diseases\Psoriasis-arthritis-2.jpg,Psoriasis,False,UNIQUE,PASS,PSD_00000861.jpg,224,224
PSD_00000862,DermNet,DermNet,train,original,Psoriasis,Psoriasis-Cellulitis-1.jpg,C:\Users\manis\Desktop\Final_Year_Project\PapuloNet\datasets\dermnet\train\Psoriasis pictures Lichen Planus and related diseases\Psoriasis-Cellulitis-1.jpg,Psoriasis,False,UNIQUE,PASS,PSD_00000862.jpg,224,224
PSD_00000863,DermNet,DermNet,train,original,Psoriasis,Psoriasis-Cellulitis-3.jpg,C:\Users\manis\Desktop\Final_Year_Project\PapuloNet\datasets\dermnet\train\Psoriasis pictures Lichen Planus and related diseases\Psoriasis-Cellulitis-3.jpg,Psoriasis,False,UNIQUE,PASS,PSD_00000863.jpg,224,224
PSD_00000864,DermNet,DermNet,train,original,Psoriasis,psoriasis-Chronic-plaque-00325.jpg,C:\Users\manis\Desktop\Final_Year_Project\PapuloNet\datasets\dermnet\train\Psoriasis pictures Lichen Planus and related diseases\psoriasis-Chronic-plaque-00325.jpg,Psoriasis,False,UNIQUE,PASS,PSD_00000864.jpg,224,224
PSD_00000865,DermNet,DermNet,train,original,Psoriasis,Psoriasis-Chronic-Plaque-10.jpg,C:\Users\manis\Desktop\Final_Year_Project\PapuloNet\datasets\dermnet\train\Psoriasis pictures Lichen Planus and related diseases\Psoriasis-Chronic-Plaque-10.jpg,Psoriasis,False,UNIQUE,PASS,PSD_00000865.jpg,224,224
PSD_00000866,DermNet,DermNet,train,original,Psoriasis,Psoriasis-Chronic-Plaque-100.jpg,C:\Users\manis\Desktop\Final_Year_Project\PapuloNet\datasets\dermnet\train\Psoriasis pictures Lichen Planus and related diseases\Psoriasis-Chronic-Plaque-100.jpg,Psoriasis,False,UNIQUE,PASS,PSD_00000866.jpg,224,224
PSD_00000867,DermNet,DermNet,train,original,Psoriasis,Psoriasis-Chronic-Plaque-101.jpg,C:\Users\manis\Desktop\Final_Year_Project\PapuloNet\datasets\dermnet\train\Psoriasis pictures Lichen Planus and related diseases\Psoriasis-Chronic-Plaque-101.jpg,Psoriasis,False,UNIQUE,PASS,PSD_00000867.jpg,224,224
PSD_00000868,DermNet,DermNet,train,original,Psoriasis,Psoriasis-Chronic-Plaque-102.jpg,C:\Users\manis\Desktop\Final_Year_Project\PapuloNet\datasets\dermnet\train\Psoriasis pictures Lichen Planus and related diseases\Psoriasis-Chronic-Plaque-102.jpg,Psoriasis,False,UNIQUE,PASS,PSD_00000868.jpg,224,224
PSD_00000869,DermNet,DermNet,train,original,Psoriasis,Psoriasis-Chronic-Plaque-103.jpg,C:\Users\manis\Desktop\Final_Year_Project\PapuloNet\datasets\dermnet\train\Psoriasis pictures Lichen Planus and related diseases\Psoriasis-Chronic-Plaque-103.jpg,Psoriasis,False,UNIQUE,PASS,PSD_00000869.jpg,224,224
PSD_00000870,DermNet,DermNet,train,original,Psoriasis,Psoriasis-Chronic-Plaque-104.jpg,C:\Users\manis\Desktop\Final_Year_Project\PapuloNet\datasets\dermnet\train\Psoriasis pictures Lichen Planus and related diseases\Psoriasis-Chronic-Plaque-104.jpg,Psoriasis,False,UNIQUE,PASS,PSD_00000870.jpg,224,224
PSD_00000871,DermNet,DermNet,train,original,Psoriasis,Psoriasis-Chronic-Plaque-106.jpg,C:\Users\manis\Desktop\Final_Year_Project\PapuloNet\datasets\dermnet\train\Psoriasis pictures Lichen Planus and related diseases\Psoriasis-Chronic-Plaque-106.jpg,Psoriasis,False,UNIQUE,PASS,PSD_00000871.jpg,224,224
PSD_00000872,DermNet,DermNet,train,original,Psoriasis,Psoriasis-Chronic-Plaque-107.jpg,C:\Users\manis\Desktop\Final_Year_Project\PapuloNet\datasets\dermnet\train\Psoriasis pictures Lichen Planus and related diseases\Psoriasis-Chronic-Plaque-107.jpg,Psoriasis,False,UNIQUE,PASS,PSD_00000872.jpg,224,224
PSD_00000873,DermNet,DermNet,train,original,Psoriasis,Psoriasis-Chronic-Plaque-109.jpg,C:\Users\manis\Desktop\Final_Year_Project\PapuloNet\datasets\dermnet\train\Psoriasis pictures Lichen Planus and related diseases\Psoriasis-Chronic-Plaque-109.jpg,Psoriasis,False,UNIQUE,PASS,PSD_00000873.jpg,224,224
PSD_00000874,DermNet,DermNet,train,original,Psoriasis,Psoriasis-Chronic-Plaque-11.jpg,C:\Users\manis\Desktop\Final_Year_Project\PapuloNet\datasets\dermnet\train\Psoriasis pictures Lichen Planus and related diseases\Psoriasis-Chronic-Plaque-11.jpg,Psoriasis,False,UNIQUE,PASS,PSD_00000874.jpg,224,224
PSD_00000875,DermNet,DermNet,train,original,Psoriasis,Psoriasis-Chronic-Plaque-110.jpg,C:\Users\manis\Desktop\Final_Year_Project\PapuloNet\datasets\dermnet\train\Psoriasis pictures Lichen Planus and related diseases\Psoriasis-Chronic-Plaque-110.jpg,Psoriasis,False,UNIQUE,PASS,PSD_00000875.jpg,224,224
PSD_00000876,DermNet,DermNet,train,original,Psoriasis,Psoriasis-Chronic-Plaque-111.jpg,C:\Users\manis\Desktop\Final_Year_Project\PapuloNet\datasets\dermnet\train\Psoriasis pictures Lichen Planus and related diseases\Psoriasis-Chronic-Plaque-111.jpg,Psoriasis,False,UNIQUE,PASS,PSD_00000876.jpg,224,224
PSD_00000877,DermNet,DermNet,train,original,Psoriasis,Psoriasis-Chronic-Plaque-112.jpg,C:\Users\manis\Desktop\Final_Year_Project\PapuloNet\datasets\dermnet\train\Psoriasis pictures Lichen Planus and related diseases\Psoriasis-Chronic-Plaque-112.jpg,Psoriasis,False,UNIQUE,PASS,PSD_00000877.jpg,224,224
PSD_00000878,DermNet,DermNet,train,original,Psoriasis,Psoriasis-Chronic-Plaque-113.jpg,C:\Users\manis\Desktop\Final_Year_Project\PapuloNet\datasets\dermnet\train\Psoriasis pictures Lichen Planus and related diseases\Psoriasis-Chronic-Plaque-113.jpg,Psoriasis,False,UNIQUE,PASS,PSD_00000878.jpg,224,224
PSD_00000879,DermNet,DermNet,train,original,Psoriasis,Psoriasis-Chronic-Plaque-114.jpg,C:\Users\manis\Desktop\Final_Year_Project\PapuloNet\datasets\dermnet\train\Psoriasis pictures Lichen Planus and related diseases\Psoriasis-Chronic-Plaque-114.jpg,Psoriasis,False,UNIQUE,PASS,PSD_00000879.jpg,224,224
PSD_00000880,DermNet,DermNet,train,original,Psoriasis,Psoriasis-Chronic-Plaque-116.jpg,C:\Users\manis\Desktop\Final_Year_Project\PapuloNet\datasets\dermnet\train\Psoriasis pictures Lichen Planus and related diseases\Psoriasis-Chronic-Plaque-116.jpg,Psoriasis,False,UNIQUE,PASS,PSD_00000880.jpg,224,224
PSD_00000881,DermNet,DermNet,train,original,Psoriasis,Psoriasis-Chronic-Plaque-117.jpg,C:\Users\manis\Desktop\Final_Year_Project\PapuloNet\datasets\dermnet\train\Psoriasis pictures Lichen Planus and related diseases\Psoriasis-Chronic-Plaque-117.jpg,Psoriasis,False,UNIQUE,PASS,PSD_00000881.jpg,224,224
PSD_00000882,DermNet,DermNet,train,original,Psoriasis,Psoriasis-Chronic-Plaque-118.jpg,C:\Users\manis\Desktop\Final_Year_Project\PapuloNet\datasets\dermnet\train\Psoriasis pictures Lichen Planus and related diseases\Psoriasis-Chronic-Plaque-118.jpg,Psoriasis,False,UNIQUE,PASS,PSD_00000882.jpg,224,224
PSD_00000883,DermNet,DermNet,train,original,Psoriasis,Psoriasis-Chronic-Plaque-119.jpg,C:\Users\manis\Desktop\Final_Year_Project\PapuloNet\datasets\dermnet\train\Psoriasis pictures Lichen Planus and related diseases\Psoriasis-Chronic-Plaque-119.jpg,Psoriasis,False,UNIQUE,PASS,PSD_00000883.jpg,224,224
PSD_00000884,DermNet,DermNet,train,original,Psoriasis,Psoriasis-Chronic-Plaque-12.jpg,C:\Users\manis\Desktop\Final_Year_Project\PapuloNet\datasets\dermnet\train\Psoriasis pictures Lichen Planus and related diseases\Psoriasis-Chronic-Plaque-12.jpg,Psoriasis,False,UNIQUE,PASS,PSD_00000884.jpg,224,224
PSD_00000885,DermNet,DermNet,train,original,Psoriasis,Psoriasis-Chronic-Plaque-120.jpg,C:\Users\manis\Desktop\Final_Year_Project\PapuloNet\datasets\dermnet\train\Psoriasis pictures Lichen Planus and related diseases\Psoriasis-Chronic-Plaque-120.jpg,Psoriasis,False,UNIQUE,PASS,PSD_00000885.jpg,224,224
PSD_00000886,DermNet,DermNet,train,original,Psoriasis,Psoriasis-Chronic-Plaque-126.jpg,C:\Users\manis\Desktop\Final_Year_Project\PapuloNet\datasets\dermnet\train\Psoriasis pictures Lichen Planus and related diseases\Psoriasis-Chronic-Plaque-126.jpg,Psoriasis,False,UNIQUE,PASS,PSD_00000886.jpg,224,224
PSD_00000887,DermNet,DermNet,train,original,Psoriasis,Psoriasis-Chronic-Plaque-127.jpg,C:\Users\manis\Desktop\Final_Year_Project\PapuloNet\datasets\dermnet\train\Psoriasis pictures Lichen Planus and related diseases\Psoriasis-Chronic-Plaque-127.jpg,Psoriasis,False,UNIQUE,PASS,PSD_00000887.jpg,224,224
PSD_00000888,DermNet,DermNet,train,original,Psoriasis,Psoriasis-Chronic-Plaque-128.jpg,C:\Users\manis\Desktop\Final_Year_Project\PapuloNet\datasets\dermnet\train\Psoriasis pictures Lichen Planus and related diseases\Psoriasis-Chronic-Plaque-128.jpg,Psoriasis,False,UNIQUE,PASS,PSD_00000888.jpg,224,224
PSD_00000889,DermNet,DermNet,train,original,Psoriasis,Psoriasis-Chronic-Plaque-129.jpg,C:\Users\manis\Desktop\Final_Year_Project\PapuloNet\datasets\dermnet\train\Psoriasis pictures Lichen Planus and related diseases\Psoriasis-Chronic-Plaque-129.jpg,Psoriasis,False,UNIQUE,PASS,PSD_00000889.jpg,224,224
PSD_00000890,DermNet,DermNet,train,original,Psoriasis,Psoriasis-Chronic-Plaque-13.jpg,C:\Users\manis\Desktop\Final_Year_Project\PapuloNet\datasets\dermnet\train\Psoriasis pictures Lichen Planus and related diseases\Psoriasis-Chronic-Plaque-13.jpg,Psoriasis,False,UNIQUE,PASS,PSD_00000890.jpg,224,224
PSD_00000891,DermNet,DermNet,train,original,Psoriasis,Psoriasis-Chronic-Plaque-130.jpg,C:\Users\manis\Desktop\Final_Year_Project\PapuloNet\datasets\dermnet\train\Psoriasis pictures Lichen Planus and related diseases\Psoriasis-Chronic-Plaque-130.jpg,Psoriasis,False,UNIQUE,PASS,PSD_00000891.jpg,224,224
PSD_00000892,DermNet,DermNet,train,original,Psoriasis,Psoriasis-Chronic-Plaque-133.jpg,C:\Users\manis\Desktop\Final_Year_Project\PapuloNet\datasets\dermnet\train\Psoriasis pictures Lichen Planus and related diseases\Psoriasis-Chronic-Plaque-133.jpg,Psoriasis,False,UNIQUE,PASS,PSD_00000892.jpg,224,224
PSD_00000893,DermNet,DermNet,train,original,Psoriasis,Psoriasis-Chronic-Plaque-135.jpg,C:\Users\manis\Desktop\Final_Year_Project\PapuloNet\datasets\dermnet\train\Psoriasis pictures Lichen Planus and related diseases\Psoriasis-Chronic-Plaque-135.jpg,Psoriasis,False,UNIQUE,PASS,PSD_00000893.jpg,224,224
PSD_00000894,DermNet,DermNet,train,original,Psoriasis,Psoriasis-Chronic-Plaque-136.jpg,C:\Users\manis\Desktop\Final_Year_Project\PapuloNet\datasets\dermnet\train\Psoriasis pictures Lichen Planus and related diseases\Psoriasis-Chronic-Plaque-136.jpg,Psoriasis,False,UNIQUE,FAIL: blur variance 76.7 below threshold 100.0,,,
PSD_00000895,DermNet,DermNet,train,original,Psoriasis,Psoriasis-Chronic-Plaque-137.jpg,C:\Users\manis\Desktop\Final_Year_Project\PapuloNet\datasets\dermnet\train\Psoriasis pictures Lichen Planus and related diseases\Psoriasis-Chronic-Plaque-137.jpg,Psoriasis,False,UNIQUE,PASS,PSD_00000895.jpg,224,224
PSD_00000896,DermNet,DermNet,train,original,Psoriasis,Psoriasis-Chronic-Plaque-138.jpg,C:\Users\manis\Desktop\Final_Year_Project\PapuloNet\datasets\dermnet\train\Psoriasis pictures Lichen Planus and related diseases\Psoriasis-Chronic-Plaque-138.jpg,Psoriasis,False,UNIQUE,PASS,PSD_00000896.jpg,224,224
PSD_00000897,DermNet,DermNet,train,original,Psoriasis,Psoriasis-Chronic-Plaque-139.jpg,C:\Users\manis\Desktop\Final_Year_Project\PapuloNet\datasets\dermnet\train\Psoriasis pictures Lichen Planus and related diseases\Psoriasis-Chronic-Plaque-139.jpg,Psoriasis,False,UNIQUE,PASS,PSD_00000897.jpg,224,224
PSD_00000898,DermNet,DermNet,train,original,Psoriasis,Psoriasis-Chronic-Plaque-140.jpg,C:\Users\manis\Desktop\Final_Year_Project\PapuloNet\datasets\dermnet\train\Psoriasis pictures Lichen Planus and related diseases\Psoriasis-Chronic-Plaque-140.jpg,Psoriasis,False,UNIQUE,PASS,PSD_00000898.jpg,224,224
PSD_00000899,DermNet,DermNet,train,original,Psoriasis,Psoriasis-Chronic-Plaque-141.jpg,C:\Users\manis\Desktop\Final_Year_Project\PapuloNet\datasets\dermnet\train\Psoriasis pictures Lichen Planus and related diseases\Psoriasis-Chronic-Plaque-141.jpg,Psoriasis,False,UNIQUE,PASS,PSD_00000899.jpg,224,224
PSD_00000900,DermNet,DermNet,train,original,Psoriasis,Psoriasis-Chronic-Plaque-142.jpg,C:\Users\manis\Desktop\Final_Year_Project\PapuloNet\datasets\dermnet\train\Psoriasis pictures Lichen Planus and related diseases\Psoriasis-Chronic-Plaque-142.jpg,Psoriasis,False,UNIQUE,PASS,PSD_00000900.jpg,224,224
PSD_00000901,DermNet,DermNet,train,original,Psoriasis,Psoriasis-Chronic-Plaque-143.jpg,C:\Users\manis\Desktop\Final_Year_Project\PapuloNet\datasets\dermnet\train\Psoriasis pictures Lichen Planus and related diseases\Psoriasis-Chronic-Plaque-143.jpg,Psoriasis,False,UNIQUE,PASS,PSD_00000901.jpg,224,224
PSD_00000902,DermNet,DermNet,train,original,Psoriasis,Psoriasis-Chronic-Plaque-144.jpg,C:\Users\manis\Desktop\Final_Year_Project\PapuloNet\datasets\dermnet\train\Psoriasis pictures Lichen Planus and related diseases\Psoriasis-Chronic-Plaque-144.jpg,Psoriasis,False,UNIQUE,PASS,PSD_00000902.jpg,224,224
PSD_00000903,DermNet,DermNet,train,original,Psoriasis,Psoriasis-Chronic-Plaque-145.jpg,C:\Users\manis\Desktop\Final_Year_Project\PapuloNet\datasets\dermnet\train\Psoriasis pictures Lichen Planus and related diseases\Psoriasis-Chronic-Plaque-145.jpg,Psoriasis,False,UNIQUE,PASS,PSD_00000903.jpg,224,224
PSD_00000904,DermNet,DermNet,train,original,Psoriasis,Psoriasis-Chronic-Plaque-146.jpg,C:\Users\manis\Desktop\Final_Year_Project\PapuloNet\datasets\dermnet\train\Psoriasis pictures Lichen Planus and related diseases\Psoriasis-Chronic-Plaque-146.jpg,Psoriasis,False,UNIQUE,PASS,PSD_00000904.jpg,224,224
PSD_00000905,DermNet,DermNet,train,original,Psoriasis,Psoriasis-Chronic-Plaque-147.jpg,C:\Users\manis\Desktop\Final_Year_Project\PapuloNet\datasets\dermnet\train\Psoriasis pictures Lichen Planus and related diseases\Psoriasis-Chronic-Plaque-147.jpg,Psoriasis,False,UNIQUE,PASS,PSD_00000905.jpg,224,224
PSD_00000906,DermNet,DermNet,train,original,Psoriasis,Psoriasis-Chronic-Plaque-148.jpg,C:\Users\manis\Desktop\Final_Year_Project\PapuloNet\datasets\dermnet\train\Psoriasis pictures Lichen Planus and related diseases\Psoriasis-Chronic-Plaque-148.jpg,Psoriasis,False,UNIQUE,PASS,PSD_00000906.jpg,224,224
PSD_00000907,DermNet,DermNet,train,original,Psoriasis,Psoriasis-Chronic-Plaque-149.jpg,C:\Users\manis\Desktop\Final_Year_Project\PapuloNet\datasets\dermnet\train\Psoriasis pictures Lichen Planus and related diseases\Psoriasis-Chronic-Plaque-149.jpg,Psoriasis,False,UNIQUE,PASS,PSD_00000907.jpg,224,224
PSD_00000908,DermNet,DermNet,train,original,Psoriasis,Psoriasis-Chronic-Plaque-15.jpg,C:\Users\manis\Desktop\Final_Year_Project\PapuloNet\datasets\dermnet\train\Psoriasis pictures Lichen Planus and related diseases\Psoriasis-Chronic-Plaque-15.jpg,Psoriasis,False,UNIQUE,PASS,PSD_00000908.jpg,224,224
PSD_00000909,DermNet,DermNet,train,original,Psoriasis,Psoriasis-Chronic-Plaque-150.jpg,C:\Users\manis\Desktop\Final_Year_Project\PapuloNet\datasets\dermnet\train\Psoriasis pictures Lichen Planus and related diseases\Psoriasis-Chronic-Plaque-150.jpg,Psoriasis,False,UNIQUE,PASS,PSD_00000909.jpg,224,224
PSD_00000910,DermNet,DermNet,train,original,Psoriasis,Psoriasis-Chronic-Plaque-151.jpg,C:\Users\manis\Desktop\Final_Year_Project\PapuloNet\datasets\dermnet\train\Psoriasis pictures Lichen Planus and related diseases\Psoriasis-Chronic-Plaque-151.jpg,Psoriasis,False,UNIQUE,PASS,PSD_00000910.jpg,224,224
PSD_00000911,DermNet,DermNet,train,original,Psoriasis,Psoriasis-Chronic-Plaque-152.jpg,C:\Users\manis\Desktop\Final_Year_Project\PapuloNet\datasets\dermnet\train\Psoriasis pictures Lichen Planus and related diseases\Psoriasis-Chronic-Plaque-152.jpg,Psoriasis,False,UNIQUE,PASS,PSD_00000911.jpg,224,224
PSD_00000912,DermNet,DermNet,train,original,Psoriasis,Psoriasis-Chronic-Plaque-153.jpg,C:\Users\manis\Desktop\Final_Year_Project\PapuloNet\datasets\dermnet\train\Psoriasis pictures Lichen Planus and related diseases\Psoriasis-Chronic-Plaque-153.jpg,Psoriasis,False,UNIQUE,PASS,PSD_00000912.jpg,224,224
PSD_00000913,DermNet,DermNet,train,original,Psoriasis,Psoriasis-Chronic-Plaque-154.jpg,C:\Users\manis\Desktop\Final_Year_Project\PapuloNet\datasets\dermnet\train\Psoriasis pictures Lichen Planus and related diseases\Psoriasis-Chronic-Plaque-154.jpg,Psoriasis,False,UNIQUE,PASS,PSD_00000913.jpg,224,224
PSD_00000914,DermNet,DermNet,train,original,Psoriasis,Psoriasis-Chronic-Plaque-155.jpg,C:\Users\manis\Desktop\Final_Year_Project\PapuloNet\datasets\dermnet\train\Psoriasis pictures Lichen Planus and related diseases\Psoriasis-Chronic-Plaque-155.jpg,Psoriasis,False,UNIQUE,PASS,PSD_00000914.jpg,224,224
PSD_00000915,DermNet,DermNet,train,original,Psoriasis,Psoriasis-Chronic-Plaque-156.jpg,C:\Users\manis\Desktop\Final_Year_Project\PapuloNet\datasets\dermnet\train\Psoriasis pictures Lichen Planus and related diseases\Psoriasis-Chronic-Plaque-156.jpg,Psoriasis,False,UNIQUE,PASS,PSD_00000915.jpg,224,224
PSD_00000916,DermNet,DermNet,train,original,Psoriasis,Psoriasis-Chronic-Plaque-157.jpg,C:\Users\manis\Desktop\Final_Year_Project\PapuloNet\datasets\dermnet\train\Psoriasis pictures Lichen Planus and related diseases\Psoriasis-Chronic-Plaque-157.jpg,Psoriasis,False,UNIQUE,PASS,PSD_00000916.jpg,224,224
PSD_00000917,DermNet,DermNet,train,original,Psoriasis,Psoriasis-Chronic-Plaque-158.jpg,C:\Users\manis\Desktop\Final_Year_Project\PapuloNet\datasets\dermnet\train\Psoriasis pictures Lichen Planus and related diseases\Psoriasis-Chronic-Plaque-158.jpg,Psoriasis,False,UNIQUE,PASS,PSD_00000917.jpg,224,224
PSD_00000918,DermNet,DermNet,train,original,Psoriasis,Psoriasis-Chronic-Plaque-16.jpg,C:\Users\manis\Desktop\Final_Year_Project\PapuloNet\datasets\dermnet\train\Psoriasis pictures Lichen Planus and related diseases\Psoriasis-Chronic-Plaque-16.jpg,Psoriasis,False,UNIQUE,PASS,PSD_00000918.jpg,224,224
PSD_00000919,DermNet,DermNet,train,original,Psoriasis,Psoriasis-Chronic-Plaque-161.jpg,C:\Users\manis\Desktop\Final_Year_Project\PapuloNet\datasets\dermnet\train\Psoriasis pictures Lichen Planus and related diseases\Psoriasis-Chronic-Plaque-161.jpg,Psoriasis,False,UNIQUE,PASS,PSD_00000919.jpg,224,224
PSD_00000920,DermNet,DermNet,train,original,Psoriasis,Psoriasis-Chronic-Plaque-162.jpg,C:\Users\manis\Desktop\Final_Year_Project\PapuloNet\datasets\dermnet\train\Psoriasis pictures Lichen Planus and related diseases\Psoriasis-Chronic-Plaque-162.jpg,Psoriasis,False,UNIQUE,PASS,PSD_00000920.jpg,224,224
PSD_00000921,DermNet,DermNet,train,original,Psoriasis,Psoriasis-Chronic-Plaque-163.jpg,C:\Users\manis\Desktop\Final_Year_Project\PapuloNet\datasets\dermnet\train\Psoriasis pictures Lichen Planus and related diseases\Psoriasis-Chronic-Plaque-163.jpg,Psoriasis,False,UNIQUE,PASS,PSD_00000921.jpg,224,224
PSD_00000922,DermNet,DermNet,train,original,Psoriasis,Psoriasis-Chronic-Plaque-164.jpg,C:\Users\manis\Desktop\Final_Year_Project\PapuloNet\datasets\dermnet\train\Psoriasis pictures Lichen Planus and related diseases\Psoriasis-Chronic-Plaque-164.jpg,Psoriasis,False,UNIQUE,PASS,PSD_00000922.jpg,224,224
PSD_00000923,DermNet,DermNet,train,original,Psoriasis,Psoriasis-Chronic-Plaque-165.jpg,C:\Users\manis\Desktop\Final_Year_Project\PapuloNet\datasets\dermnet\train\Psoriasis pictures Lichen Planus and related diseases\Psoriasis-Chronic-Plaque-165.jpg,Psoriasis,False,UNIQUE,PASS,PSD_00000923.jpg,224,224
PSD_00000924,DermNet,DermNet,train,original,Psoriasis,Psoriasis-Chronic-Plaque-166.jpg,C:\Users\manis\Desktop\Final_Year_Project\PapuloNet\datasets\dermnet\train\Psoriasis pictures Lichen Planus and related diseases\Psoriasis-Chronic-Plaque-166.jpg,Psoriasis,False,UNIQUE,PASS,PSD_00000924.jpg,224,224
PSD_00000925,DermNet,DermNet,train,original,Psoriasis,Psoriasis-Chronic-Plaque-167.jpg,C:\Users\manis\Desktop\Final_Year_Project\PapuloNet\datasets\dermnet\train\Psoriasis pictures Lichen Planus and related diseases\Psoriasis-Chronic-Plaque-167.jpg,Psoriasis,False,UNIQUE,PASS,PSD_00000925.jpg,224,224
PSD_00000926,DermNet,DermNet,train,original,Psoriasis,Psoriasis-Chronic-Plaque-168.jpg,C:\Users\manis\Desktop\Final_Year_Project\PapuloNet\datasets\dermnet\train\Psoriasis pictures Lichen Planus and related diseases\Psoriasis-Chronic-Plaque-168.jpg,Psoriasis,False,UNIQUE,PASS,PSD_00000926.jpg,224,224
PSD_00000927,DermNet,DermNet,train,original,Psoriasis,Psoriasis-Chronic-Plaque-169.jpg,C:\Users\manis\Desktop\Final_Year_Project\PapuloNet\datasets\dermnet\train\Psoriasis pictures Lichen Planus and related diseases\Psoriasis-Chronic-Plaque-169.jpg,Psoriasis,False,UNIQUE,PASS,PSD_00000927.jpg,224,224
PSD_00000928,DermNet,DermNet,train,original,Psoriasis,Psoriasis-Chronic-Plaque-17.jpg,C:\Users\manis\Desktop\Final_Year_Project\PapuloNet\datasets\dermnet\train\Psoriasis pictures Lichen Planus and related diseases\Psoriasis-Chronic-Plaque-17.jpg,Psoriasis,False,UNIQUE,PASS,PSD_00000928.jpg,224,224
PSD_00000929,DermNet,DermNet,train,original,Psoriasis,Psoriasis-Chronic-Plaque-170.jpg,C:\Users\manis\Desktop\Final_Year_Project\PapuloNet\datasets\dermnet\train\Psoriasis pictures Lichen Planus and related diseases\Psoriasis-Chronic-Plaque-170.jpg,Psoriasis,False,UNIQUE,PASS,PSD_00000929.jpg,224,224
PSD_00000930,DermNet,DermNet,train,original,Psoriasis,Psoriasis-Chronic-Plaque-171.jpg,C:\Users\manis\Desktop\Final_Year_Project\PapuloNet\datasets\dermnet\train\Psoriasis pictures Lichen Planus and related diseases\Psoriasis-Chronic-Plaque-171.jpg,Psoriasis,False,UNIQUE,PASS,PSD_00000930.jpg,224,224
PSD_00000931,DermNet,DermNet,train,original,Psoriasis,Psoriasis-Chronic-Plaque-172.jpg,C:\Users\manis\Desktop\Final_Year_Project\PapuloNet\datasets\dermnet\train\Psoriasis pictures Lichen Planus and related diseases\Psoriasis-Chronic-Plaque-172.jpg,Psoriasis,False,UNIQUE,PASS,PSD_00000931.jpg,224,224
PSD_00000932,DermNet,DermNet,train,original,Psoriasis,Psoriasis-Chronic-Plaque-173.jpg,C:\Users\manis\Desktop\Final_Year_Project\PapuloNet\datasets\dermnet\train\Psoriasis pictures Lichen Planus and related diseases\Psoriasis-Chronic-Plaque-173.jpg,Psoriasis,False,UNIQUE,PASS,PSD_00000932.jpg,224,224
PSD_00000933,DermNet,DermNet,train,original,Psoriasis,Psoriasis-Chronic-Plaque-174.jpg,C:\Users\manis\Desktop\Final_Year_Project\PapuloNet\datasets\dermnet\train\Psoriasis pictures Lichen Planus and related diseases\Psoriasis-Chronic-Plaque-174.jpg,Psoriasis,False,UNIQUE,PASS,PSD_00000933.jpg,224,224
PSD_00000934,DermNet,DermNet,train,original,Psoriasis,Psoriasis-Chronic-Plaque-175.jpg,C:\Users\manis\Desktop\Final_Year_Project\PapuloNet\datasets\dermnet\train\Psoriasis pictures Lichen Planus and related diseases\Psoriasis-Chronic-Plaque-175.jpg,Psoriasis,False,UNIQUE,PASS,PSD_00000934.jpg,224,224
PSD_00000935,DermNet,DermNet,train,original,Psoriasis,Psoriasis-Chronic-Plaque-177.jpg,C:\Users\manis\Desktop\Final_Year_Project\PapuloNet\datasets\dermnet\train\Psoriasis pictures Lichen Planus and related diseases\Psoriasis-Chronic-Plaque-177.jpg,Psoriasis,False,UNIQUE,PASS,PSD_00000935.jpg,224,224
PSD_00000936,DermNet,DermNet,train,original,Psoriasis,Psoriasis-Chronic-Plaque-178.jpg,C:\Users\manis\Desktop\Final_Year_Project\PapuloNet\datasets\dermnet\train\Psoriasis pictures Lichen Planus and related diseases\Psoriasis-Chronic-Plaque-178.jpg,Psoriasis,False,UNIQUE,PASS,PSD_00000936.jpg,224,224
PSD_00000937,DermNet,DermNet,train,original,Psoriasis,Psoriasis-Chronic-Plaque-179.jpg,C:\Users\manis\Desktop\Final_Year_Project\PapuloNet\datasets\dermnet\train\Psoriasis pictures Lichen Planus and related diseases\Psoriasis-Chronic-Plaque-179.jpg,Psoriasis,False,UNIQUE,PASS,PSD_00000937.jpg,224,224
PSD_00000938,DermNet,DermNet,train,original,Psoriasis,Psoriasis-Chronic-Plaque-18.jpg,C:\Users\manis\Desktop\Final_Year_Project\PapuloNet\datasets\dermnet\train\Psoriasis pictures Lichen Planus and related diseases\Psoriasis-Chronic-Plaque-18.jpg,Psoriasis,False,UNIQUE,PASS,PSD_00000938.jpg,224,224
PSD_00000939,DermNet,DermNet,train,original,Psoriasis,Psoriasis-Chronic-Plaque-180.jpg,C:\Users\manis\Desktop\Final_Year_Project\PapuloNet\datasets\dermnet\train\Psoriasis pictures Lichen Planus and related diseases\Psoriasis-Chronic-Plaque-180.jpg,Psoriasis,False,UNIQUE,PASS,PSD_00000939.jpg,224,224
PSD_00000940,DermNet,DermNet,train,original,Psoriasis,Psoriasis-Chronic-Plaque-182.jpg,C:\Users\manis\Desktop\Final_Year_Project\PapuloNet\datasets\dermnet\train\Psoriasis pictures Lichen Planus and related diseases\Psoriasis-Chronic-Plaque-182.jpg,Psoriasis,False,UNIQUE,PASS,PSD_00000940.jpg,224,224
PSD_00000941,DermNet,DermNet,train,original,Psoriasis,Psoriasis-Chronic-Plaque-184.jpg,C:\Users\manis\Desktop\Final_Year_Project\PapuloNet\datasets\dermnet\train\Psoriasis pictures Lichen Planus and related diseases\Psoriasis-Chronic-Plaque-184.jpg,Psoriasis,False,UNIQUE,FAIL: blur variance 83.6 below threshold 100.0,,,
PSD_00000942,DermNet,DermNet,train,original,Psoriasis,Psoriasis-Chronic-Plaque-185.jpg,C:\Users\manis\Desktop\Final_Year_Project\PapuloNet\datasets\dermnet\train\Psoriasis pictures Lichen Planus and related diseases\Psoriasis-Chronic-Plaque-185.jpg,Psoriasis,False,UNIQUE,PASS,PSD_00000942.jpg,224,224
PSD_00000943,DermNet,DermNet,train,original,Psoriasis,Psoriasis-Chronic-Plaque-186.jpg,C:\Users\manis\Desktop\Final_Year_Project\PapuloNet\datasets\dermnet\train\Psoriasis pictures Lichen Planus and related diseases\Psoriasis-Chronic-Plaque-186.jpg,Psoriasis,False,UNIQUE,PASS,PSD_00000943.jpg,224,224
PSD_00000944,DermNet,DermNet,train,original,Psoriasis,Psoriasis-Chronic-Plaque-187.jpg,C:\Users\manis\Desktop\Final_Year_Project\PapuloNet\datasets\dermnet\train\Psoriasis pictures Lichen Planus and related diseases\Psoriasis-Chronic-Plaque-187.jpg,Psoriasis,False,UNIQUE,PASS,PSD_00000944.jpg,224,224
PSD_00000945,DermNet,DermNet,train,original,Psoriasis,Psoriasis-Chronic-Plaque-188.jpg,C:\Users\manis\Desktop\Final_Year_Project\PapuloNet\datasets\dermnet\train\Psoriasis pictures Lichen Planus and related diseases\Psoriasis-Chronic-Plaque-188.jpg,Psoriasis,False,UNIQUE,PASS,PSD_00000945.jpg,224,224
PSD_00000946,DermNet,DermNet,train,original,Psoriasis,Psoriasis-Chronic-Plaque-189.jpg,C:\Users\manis\Desktop\Final_Year_Project\PapuloNet\datasets\dermnet\train\Psoriasis pictures Lichen Planus and related diseases\Psoriasis-Chronic-Plaque-189.jpg,Psoriasis,False,UNIQUE,PASS,PSD_00000946.jpg,224,224
PSD_00000947,DermNet,DermNet,train,original,Psoriasis,Psoriasis-Chronic-Plaque-190.jpg,C:\Users\manis\Desktop\Final_Year_Project\PapuloNet\datasets\dermnet\train\Psoriasis pictures Lichen Planus and related diseases\Psoriasis-Chronic-Plaque-190.jpg,Psoriasis,False,UNIQUE,PASS,PSD_00000947.jpg,224,224
PSD_00000948,DermNet,DermNet,train,original,Psoriasis,Psoriasis-Chronic-Plaque-192.jpg,C:\Users\manis\Desktop\Final_Year_Project\PapuloNet\datasets\dermnet\train\Psoriasis pictures Lichen Planus and related diseases\Psoriasis-Chronic-Plaque-192.jpg,Psoriasis,False,UNIQUE,PASS,PSD_00000948.jpg,224,224
PSD_00000949,DermNet,DermNet,train,original,Psoriasis,Psoriasis-Chronic-Plaque-193.jpg,C:\Users\manis\Desktop\Final_Year_Project\PapuloNet\datasets\dermnet\train\Psoriasis pictures Lichen Planus and related diseases\Psoriasis-Chronic-Plaque-193.jpg,Psoriasis,False,UNIQUE,PASS,PSD_00000949.jpg,224,224
PSD_00000950,DermNet,DermNet,train,original,Psoriasis,Psoriasis-Chronic-Plaque-195.jpg,C:\Users\manis\Desktop\Final_Year_Project\PapuloNet\datasets\dermnet\train\Psoriasis pictures Lichen Planus and related diseases\Psoriasis-Chronic-Plaque-195.jpg,Psoriasis,False,UNIQUE,PASS,PSD_00000950.jpg,224,224
PSD_00000951,DermNet,DermNet,train,original,Psoriasis,Psoriasis-Chronic-Plaque-196.jpg,C:\Users\manis\Desktop\Final_Year_Project\PapuloNet\datasets\dermnet\train\Psoriasis pictures Lichen Planus and related diseases\Psoriasis-Chronic-Plaque-196.jpg,Psoriasis,False,UNIQUE,PASS,PSD_00000951.jpg,224,224
PSD_00000952,DermNet,DermNet,train,original,Psoriasis,Psoriasis-Chronic-Plaque-197.jpg,C:\Users\manis\Desktop\Final_Year_Project\PapuloNet\datasets\dermnet\train\Psoriasis pictures Lichen Planus and related diseases\Psoriasis-Chronic-Plaque-197.jpg,Psoriasis,False,UNIQUE,PASS,PSD_00000952.jpg,224,224
PSD_00000953,DermNet,DermNet,train,original,Psoriasis,Psoriasis-Chronic-Plaque-198.jpg,C:\Users\manis\Desktop\Final_Year_Project\PapuloNet\datasets\dermnet\train\Psoriasis pictures Lichen Planus and related diseases\Psoriasis-Chronic-Plaque-198.jpg,Psoriasis,False,UNIQUE,PASS,PSD_00000953.jpg,224,224
PSD_00000954,DermNet,DermNet,train,original,Psoriasis,Psoriasis-Chronic-Plaque-88.jpg,C:\Users\manis\Desktop\Final_Year_Project\PapuloNet\datasets\dermnet\train\Psoriasis pictures Lichen Planus and related diseases\Psoriasis-Chronic-Plaque-88.jpg,Psoriasis,False,UNIQUE,PASS,PSD_00000954.jpg,224,224
PSD_00000955,DermNet,DermNet,train,original,Psoriasis,Psoriasis-Chronic-Plaque-89.jpg,C:\Users\manis\Desktop\Final_Year_Project\PapuloNet\datasets\dermnet\train\Psoriasis pictures Lichen Planus and related diseases\Psoriasis-Chronic-Plaque-89.jpg,Psoriasis,False,UNIQUE,PASS,PSD_00000955.jpg,224,224
PSD_00000956,DermNet,DermNet,train,original,Psoriasis,Psoriasis-Chronic-Plaque-90.jpg,C:\Users\manis\Desktop\Final_Year_Project\PapuloNet\datasets\dermnet\train\Psoriasis pictures Lichen Planus and related diseases\Psoriasis-Chronic-Plaque-90.jpg,Psoriasis,False,UNIQUE,PASS,PSD_00000956.jpg,224,224
PSD_00000957,DermNet,DermNet,train,original,Psoriasis,Psoriasis-Chronic-Plaque-91.jpg,C:\Users\manis\Desktop\Final_Year_Project\PapuloNet\datasets\dermnet\train\Psoriasis pictures Lichen Planus and related diseases\Psoriasis-Chronic-Plaque-91.jpg,Psoriasis,False,UNIQUE,PASS,PSD_00000957.jpg,224,224
PSD_00000958,DermNet,DermNet,train,original,Psoriasis,Psoriasis-Chronic-Plaque-92.jpg,C:\Users\manis\Desktop\Final_Year_Project\PapuloNet\datasets\dermnet\train\Psoriasis pictures Lichen Planus and related diseases\Psoriasis-Chronic-Plaque-92.jpg,Psoriasis,False,UNIQUE,PASS,PSD_00000958.jpg,224,224
PSD_00000959,DermNet,DermNet,train,original,Psoriasis,Psoriasis-Chronic-Plaque-94.jpg,C:\Users\manis\Desktop\Final_Year_Project\PapuloNet\datasets\dermnet\train\Psoriasis pictures Lichen Planus and related diseases\Psoriasis-Chronic-Plaque-94.jpg,Psoriasis,False,UNIQUE,PASS,PSD_00000959.jpg,224,224
PSD_00000960,DermNet,DermNet,train,original,Psoriasis,Psoriasis-Chronic-Plaque-97.jpg,C:\Users\manis\Desktop\Final_Year_Project\PapuloNet\datasets\dermnet\train\Psoriasis pictures Lichen Planus and related diseases\Psoriasis-Chronic-Plaque-97.jpg,Psoriasis,False,UNIQUE,PASS,PSD_00000960.jpg,224,224
PSD_00000961,DermNet,DermNet,train,original,Psoriasis,Psoriasis-Chronic-Plaque-98.jpg,C:\Users\manis\Desktop\Final_Year_Project\PapuloNet\datasets\dermnet\train\Psoriasis pictures Lichen Planus and related diseases\Psoriasis-Chronic-Plaque-98.jpg,Psoriasis,False,UNIQUE,PASS,PSD_00000961.jpg,224,224
PSD_00000962,DermNet,DermNet,train,original,Psoriasis,Psoriasis-Chronic-Plaque-99.jpg,C:\Users\manis\Desktop\Final_Year_Project\PapuloNet\datasets\dermnet\train\Psoriasis pictures Lichen Planus and related diseases\Psoriasis-Chronic-Plaque-99.jpg,Psoriasis,False,UNIQUE,PASS,PSD_00000962.jpg,224,224
PSD_00000963,DermNet,DermNet,train,original,Psoriasis,psoriasis-digits-1.jpg,C:\Users\manis\Desktop\Final_Year_Project\PapuloNet\datasets\dermnet\train\Psoriasis pictures Lichen Planus and related diseases\psoriasis-digits-1.jpg,Psoriasis,False,UNIQUE,PASS,PSD_00000963.jpg,224,224
PSD_00000964,DermNet,DermNet,train,original,Psoriasis,psoriasis-digits-3.jpg,C:\Users\manis\Desktop\Final_Year_Project\PapuloNet\datasets\dermnet\train\Psoriasis pictures Lichen Planus and related diseases\psoriasis-digits-3.jpg,Psoriasis,False,UNIQUE,FAIL: blur variance 47.7 below threshold 100.0,,,
PSD_00000965,DermNet,DermNet,train,original,Psoriasis,psoriasis-digits-4.jpg,C:\Users\manis\Desktop\Final_Year_Project\PapuloNet\datasets\dermnet\train\Psoriasis pictures Lichen Planus and related diseases\psoriasis-digits-4.jpg,Psoriasis,False,UNIQUE,PASS,PSD_00000965.jpg,224,224
PSD_00000966,DermNet,DermNet,train,original,Psoriasis,psoriasis-erythrodermic-1.jpg,C:\Users\manis\Desktop\Final_Year_Project\PapuloNet\datasets\dermnet\train\Psoriasis pictures Lichen Planus and related diseases\psoriasis-erythrodermic-1.jpg,Psoriasis,False,UNIQUE,PASS,PSD_00000966.jpg,224,224
PSD_00000967,DermNet,DermNet,train,original,Psoriasis,psoriasis-erythrodermic-10.jpg,C:\Users\manis\Desktop\Final_Year_Project\PapuloNet\datasets\dermnet\train\Psoriasis pictures Lichen Planus and related diseases\psoriasis-erythrodermic-10.jpg,Psoriasis,False,UNIQUE,PASS,PSD_00000967.jpg,224,224
PSD_00000968,DermNet,DermNet,train,original,Psoriasis,psoriasis-erythrodermic-11.jpg,C:\Users\manis\Desktop\Final_Year_Project\PapuloNet\datasets\dermnet\train\Psoriasis pictures Lichen Planus and related diseases\psoriasis-erythrodermic-11.jpg,Psoriasis,False,UNIQUE,PASS,PSD_00000968.jpg,224,224
PSD_00000969,DermNet,DermNet,train,original,Psoriasis,psoriasis-erythrodermic-12.jpg,C:\Users\manis\Desktop\Final_Year_Project\PapuloNet\datasets\dermnet\train\Psoriasis pictures Lichen Planus and related diseases\psoriasis-erythrodermic-12.jpg,Psoriasis,False,UNIQUE,PASS,PSD_00000969.jpg,224,224
PSD_00000970,DermNet,DermNet,train,original,Psoriasis,psoriasis-erythrodermic-13.jpg,C:\Users\manis\Desktop\Final_Year_Project\PapuloNet\datasets\dermnet\train\Psoriasis pictures Lichen Planus and related diseases\psoriasis-erythrodermic-13.jpg,Psoriasis,False,UNIQUE,PASS,PSD_00000970.jpg,224,224
PSD_00000971,DermNet,DermNet,train,original,Psoriasis,psoriasis-erythrodermic-16.jpg,C:\Users\manis\Desktop\Final_Year_Project\PapuloNet\datasets\dermnet\train\Psoriasis pictures Lichen Planus and related diseases\psoriasis-erythrodermic-16.jpg,Psoriasis,False,UNIQUE,PASS,PSD_00000971.jpg,224,224
PSD_00000972,DermNet,DermNet,train,original,Psoriasis,psoriasis-erythrodermic-18.jpg,C:\Users\manis\Desktop\Final_Year_Project\PapuloNet\datasets\dermnet\train\Psoriasis pictures Lichen Planus and related diseases\psoriasis-erythrodermic-18.jpg,Psoriasis,False,UNIQUE,PASS,PSD_00000972.jpg,224,224
PSD_00000973,DermNet,DermNet,train,original,Psoriasis,psoriasis-erythrodermic-19.jpg,C:\Users\manis\Desktop\Final_Year_Project\PapuloNet\datasets\dermnet\train\Psoriasis pictures Lichen Planus and related diseases\psoriasis-erythrodermic-19.jpg,Psoriasis,False,UNIQUE,PASS,PSD_00000973.jpg,224,224
PSD_00000974,DermNet,DermNet,train,original,Psoriasis,psoriasis-erythrodermic-2.jpg,C:\Users\manis\Desktop\Final_Year_Project\PapuloNet\datasets\dermnet\train\Psoriasis pictures Lichen Planus and related diseases\psoriasis-erythrodermic-2.jpg,Psoriasis,False,UNIQUE,PASS,PSD_00000974.jpg,224,224
PSD_00000975,DermNet,DermNet,train,original,Psoriasis,psoriasis-erythrodermic-20.jpg,C:\Users\manis\Desktop\Final_Year_Project\PapuloNet\datasets\dermnet\train\Psoriasis pictures Lichen Planus and related diseases\psoriasis-erythrodermic-20.jpg,Psoriasis,False,UNIQUE,PASS,PSD_00000975.jpg,224,224
PSD_00000976,DermNet,DermNet,train,original,Psoriasis,psoriasis-erythrodermic-21.jpg,C:\Users\manis\Desktop\Final_Year_Project\PapuloNet\datasets\dermnet\train\Psoriasis pictures Lichen Planus and related diseases\psoriasis-erythrodermic-21.jpg,Psoriasis,False,UNIQUE,PASS,PSD_00000976.jpg,224,224
PSD_00000977,DermNet,DermNet,train,original,Psoriasis,psoriasis-erythrodermic-22.jpg,C:\Users\manis\Desktop\Final_Year_Project\PapuloNet\datasets\dermnet\train\Psoriasis pictures Lichen Planus and related diseases\psoriasis-erythrodermic-22.jpg,Psoriasis,False,UNIQUE,PASS,PSD_00000977.jpg,224,224
PSD_00000978,DermNet,DermNet,train,original,Psoriasis,psoriasis-erythrodermic-23.jpg,C:\Users\manis\Desktop\Final_Year_Project\PapuloNet\datasets\dermnet\train\Psoriasis pictures Lichen Planus and related diseases\psoriasis-erythrodermic-23.jpg,Psoriasis,False,UNIQUE,PASS,PSD_00000978.jpg,224,224
PSD_00000979,DermNet,DermNet,train,original,Psoriasis,psoriasis-erythrodermic-24.jpg,C:\Users\manis\Desktop\Final_Year_Project\PapuloNet\datasets\dermnet\train\Psoriasis pictures Lichen Planus and related diseases\psoriasis-erythrodermic-24.jpg,Psoriasis,False,UNIQUE,PASS,PSD_00000979.jpg,224,224
PSD_00000980,DermNet,DermNet,train,original,Psoriasis,psoriasis-erythrodermic-25.jpg,C:\Users\manis\Desktop\Final_Year_Project\PapuloNet\datasets\dermnet\train\Psoriasis pictures Lichen Planus and related diseases\psoriasis-erythrodermic-25.jpg,Psoriasis,False,UNIQUE,PASS,PSD_00000980.jpg,224,224
PSD_00000981,DermNet,DermNet,train,original,Psoriasis,psoriasis-erythrodermic-26.jpg,C:\Users\manis\Desktop\Final_Year_Project\PapuloNet\datasets\dermnet\train\Psoriasis pictures Lichen Planus and related diseases\psoriasis-erythrodermic-26.jpg,Psoriasis,False,UNIQUE,PASS,PSD_00000981.jpg,224,224
PSD_00000982,DermNet,DermNet,train,original,Psoriasis,psoriasis-erythrodermic-27.jpg,C:\Users\manis\Desktop\Final_Year_Project\PapuloNet\datasets\dermnet\train\Psoriasis pictures Lichen Planus and related diseases\psoriasis-erythrodermic-27.jpg,Psoriasis,False,UNIQUE,PASS,PSD_00000982.jpg,224,224
PSD_00000983,DermNet,DermNet,train,original,Psoriasis,psoriasis-erythrodermic-28.jpg,C:\Users\manis\Desktop\Final_Year_Project\PapuloNet\datasets\dermnet\train\Psoriasis pictures Lichen Planus and related diseases\psoriasis-erythrodermic-28.jpg,Psoriasis,False,UNIQUE,PASS,PSD_00000983.jpg,224,224
PSD_00000984,DermNet,DermNet,train,original,Psoriasis,psoriasis-erythrodermic-29.jpg,C:\Users\manis\Desktop\Final_Year_Project\PapuloNet\datasets\dermnet\train\Psoriasis pictures Lichen Planus and related diseases\psoriasis-erythrodermic-29.jpg,Psoriasis,False,UNIQUE,PASS,PSD_00000984.jpg,224,224
PSD_00000985,DermNet,DermNet,train,original,Psoriasis,psoriasis-erythrodermic-3.jpg,C:\Users\manis\Desktop\Final_Year_Project\PapuloNet\datasets\dermnet\train\Psoriasis pictures Lichen Planus and related diseases\psoriasis-erythrodermic-3.jpg,Psoriasis,False,UNIQUE,PASS,PSD_00000985.jpg,224,224
PSD_00000986,DermNet,DermNet,train,original,Psoriasis,psoriasis-erythrodermic-30.jpg,C:\Users\manis\Desktop\Final_Year_Project\PapuloNet\datasets\dermnet\train\Psoriasis pictures Lichen Planus and related diseases\psoriasis-erythrodermic-30.jpg,Psoriasis,False,DUPLICATE_OF:PSD_00000984,PENDING,,,
PSD_00000987,DermNet,DermNet,train,original,Psoriasis,psoriasis-erythrodermic-31.jpg,C:\Users\manis\Desktop\Final_Year_Project\PapuloNet\datasets\dermnet\train\Psoriasis pictures Lichen Planus and related diseases\psoriasis-erythrodermic-31.jpg,Psoriasis,False,UNIQUE,PASS,PSD_00000987.jpg,224,224
PSD_00000988,DermNet,DermNet,train,original,Psoriasis,psoriasis-erythrodermic-32.jpg,C:\Users\manis\Desktop\Final_Year_Project\PapuloNet\datasets\dermnet\train\Psoriasis pictures Lichen Planus and related diseases\psoriasis-erythrodermic-32.jpg,Psoriasis,False,UNIQUE,PASS,PSD_00000988.jpg,224,224
PSD_00000989,DermNet,DermNet,train,original,Psoriasis,psoriasis-erythrodermic-34.jpg,C:\Users\manis\Desktop\Final_Year_Project\PapuloNet\datasets\dermnet\train\Psoriasis pictures Lichen Planus and related diseases\psoriasis-erythrodermic-34.jpg,Psoriasis,False,UNIQUE,PASS,PSD_00000989.jpg,224,224
PSD_00000990,DermNet,DermNet,train,original,Psoriasis,psoriasis-erythrodermic-35.jpg,C:\Users\manis\Desktop\Final_Year_Project\PapuloNet\datasets\dermnet\train\Psoriasis pictures Lichen Planus and related diseases\psoriasis-erythrodermic-35.jpg,Psoriasis,False,UNIQUE,PASS,PSD_00000990.jpg,224,224
PSD_00000991,DermNet,DermNet,train,original,Psoriasis,psoriasis-erythrodermic-36.jpg,C:\Users\manis\Desktop\Final_Year_Project\PapuloNet\datasets\dermnet\train\Psoriasis pictures Lichen Planus and related diseases\psoriasis-erythrodermic-36.jpg,Psoriasis,False,UNIQUE,PASS,PSD_00000991.jpg,224,224
PSD_00000992,DermNet,DermNet,train,original,Psoriasis,psoriasis-erythrodermic-37.jpg,C:\Users\manis\Desktop\Final_Year_Project\PapuloNet\datasets\dermnet\train\Psoriasis pictures Lichen Planus and related diseases\psoriasis-erythrodermic-37.jpg,Psoriasis,False,UNIQUE,PASS,PSD_00000992.jpg,224,224
PSD_00000993,DermNet,DermNet,train,original,Psoriasis,psoriasis-erythrodermic-38.jpg,C:\Users\manis\Desktop\Final_Year_Project\PapuloNet\datasets\dermnet\train\Psoriasis pictures Lichen Planus and related diseases\psoriasis-erythrodermic-38.jpg,Psoriasis,False,UNIQUE,PASS,PSD_00000993.jpg,224,224
PSD_00000994,DermNet,DermNet,train,original,Psoriasis,psoriasis-erythrodermic-39.jpg,C:\Users\manis\Desktop\Final_Year_Project\PapuloNet\datasets\dermnet\train\Psoriasis pictures Lichen Planus and related diseases\psoriasis-erythrodermic-39.jpg,Psoriasis,False,UNIQUE,PASS,PSD_00000994.jpg,224,224
PSD_00000995,DermNet,DermNet,train,original,Psoriasis,psoriasis-erythrodermic-4.jpg,C:\Users\manis\Desktop\Final_Year_Project\PapuloNet\datasets\dermnet\train\Psoriasis pictures Lichen Planus and related diseases\psoriasis-erythrodermic-4.jpg,Psoriasis,False,UNIQUE,PASS,PSD_00000995.jpg,224,224
PSD_00000996,DermNet,DermNet,train,original,Psoriasis,psoriasis-erythrodermic-5.jpg,C:\Users\manis\Desktop\Final_Year_Project\PapuloNet\datasets\dermnet\train\Psoriasis pictures Lichen Planus and related diseases\psoriasis-erythrodermic-5.jpg,Psoriasis,False,UNIQUE,PASS,PSD_00000996.jpg,224,224
PSD_00000997,DermNet,DermNet,train,original,Psoriasis,psoriasis-erythrodermic-7.jpg,C:\Users\manis\Desktop\Final_Year_Project\PapuloNet\datasets\dermnet\train\Psoriasis pictures Lichen Planus and related diseases\psoriasis-erythrodermic-7.jpg,Psoriasis,False,UNIQUE,PASS,PSD_00000997.jpg,224,224
PSD_00000998,DermNet,DermNet,train,original,Psoriasis,psoriasis-erythrodermic-9.jpg,C:\Users\manis\Desktop\Final_Year_Project\PapuloNet\datasets\dermnet\train\Psoriasis pictures Lichen Planus and related diseases\psoriasis-erythrodermic-9.jpg,Psoriasis,False,UNIQUE,PASS,PSD_00000998.jpg,224,224
PSD_00000999,DermNet,DermNet,train,original,Psoriasis,Psoriasis-Guttate-10.jpg,C:\Users\manis\Desktop\Final_Year_Project\PapuloNet\datasets\dermnet\train\Psoriasis pictures Lichen Planus and related diseases\Psoriasis-Guttate-10.jpg,Psoriasis,False,UNIQUE,PASS,PSD_00000999.jpg,224,224
PSD_00001000,DermNet,DermNet,train,original,Psoriasis,Psoriasis-Guttate-100.jpg,C:\Users\manis\Desktop\Final_Year_Project\PapuloNet\datasets\dermnet\train\Psoriasis pictures Lichen Planus and related diseases\Psoriasis-Guttate-100.jpg,Psoriasis,False,UNIQUE,PASS,PSD_00001000.jpg,224,224
PSD_00001001,DermNet,DermNet,train,original,Psoriasis,Psoriasis-Guttate-101.jpg,C:\Users\manis\Desktop\Final_Year_Project\PapuloNet\datasets\dermnet\train\Psoriasis pictures Lichen Planus and related diseases\Psoriasis-Guttate-101.jpg,Psoriasis,False,UNIQUE,PASS,PSD_00001001.jpg,224,224
PSD_00001002,DermNet,DermNet,train,original,Psoriasis,Psoriasis-Guttate-103.jpg,C:\Users\manis\Desktop\Final_Year_Project\PapuloNet\datasets\dermnet\train\Psoriasis pictures Lichen Planus and related diseases\Psoriasis-Guttate-103.jpg,Psoriasis,False,UNIQUE,PASS,PSD_00001002.jpg,224,224
PSD_00001003,DermNet,DermNet,train,original,Psoriasis,Psoriasis-Guttate-104.jpg,C:\Users\manis\Desktop\Final_Year_Project\PapuloNet\datasets\dermnet\train\Psoriasis pictures Lichen Planus and related diseases\Psoriasis-Guttate-104.jpg,Psoriasis,False,UNIQUE,PASS,PSD_00001003.jpg,224,224
PSD_00001004,DermNet,DermNet,train,original,Psoriasis,Psoriasis-Guttate-106.jpg,C:\Users\manis\Desktop\Final_Year_Project\PapuloNet\datasets\dermnet\train\Psoriasis pictures Lichen Planus and related diseases\Psoriasis-Guttate-106.jpg,Psoriasis,False,UNIQUE,PASS,PSD_00001004.jpg,224,224
PSD_00001005,DermNet,DermNet,train,original,Psoriasis,Psoriasis-Guttate-107.jpg,C:\Users\manis\Desktop\Final_Year_Project\PapuloNet\datasets\dermnet\train\Psoriasis pictures Lichen Planus and related diseases\Psoriasis-Guttate-107.jpg,Psoriasis,False,UNIQUE,PASS,PSD_00001005.jpg,224,224
PSD_00001006,DermNet,DermNet,train,original,Psoriasis,Psoriasis-Guttate-108.jpg,C:\Users\manis\Desktop\Final_Year_Project\PapuloNet\datasets\dermnet\train\Psoriasis pictures Lichen Planus and related diseases\Psoriasis-Guttate-108.jpg,Psoriasis,False,UNIQUE,PASS,PSD_00001006.jpg,224,224
PSD_00001007,DermNet,DermNet,train,original,Psoriasis,Psoriasis-Guttate-11.jpg,C:\Users\manis\Desktop\Final_Year_Project\PapuloNet\datasets\dermnet\train\Psoriasis pictures Lichen Planus and related diseases\Psoriasis-Guttate-11.jpg,Psoriasis,False,UNIQUE,PASS,PSD_00001007.jpg,224,224
PSD_00001008,DermNet,DermNet,train,original,Psoriasis,Psoriasis-Guttate-111.jpg,C:\Users\manis\Desktop\Final_Year_Project\PapuloNet\datasets\dermnet\train\Psoriasis pictures Lichen Planus and related diseases\Psoriasis-Guttate-111.jpg,Psoriasis,False,UNIQUE,PASS,PSD_00001008.jpg,224,224
PSD_00001009,DermNet,DermNet,train,original,Psoriasis,Psoriasis-Guttate-112.jpg,C:\Users\manis\Desktop\Final_Year_Project\PapuloNet\datasets\dermnet\train\Psoriasis pictures Lichen Planus and related diseases\Psoriasis-Guttate-112.jpg,Psoriasis,False,UNIQUE,PASS,PSD_00001009.jpg,224,224
PSD_00001010,DermNet,DermNet,train,original,Psoriasis,Psoriasis-Guttate-114.jpg,C:\Users\manis\Desktop\Final_Year_Project\PapuloNet\datasets\dermnet\train\Psoriasis pictures Lichen Planus and related diseases\Psoriasis-Guttate-114.jpg,Psoriasis,False,UNIQUE,FAIL: blur variance 48.5 below threshold 100.0,,,
PSD_00001011,DermNet,DermNet,train,original,Psoriasis,Psoriasis-Guttate-115.jpg,C:\Users\manis\Desktop\Final_Year_Project\PapuloNet\datasets\dermnet\train\Psoriasis pictures Lichen Planus and related diseases\Psoriasis-Guttate-115.jpg,Psoriasis,False,UNIQUE,FAIL: blur variance 58.7 below threshold 100.0,,,
PSD_00001012,DermNet,DermNet,train,original,Psoriasis,Psoriasis-Guttate-116.jpg,C:\Users\manis\Desktop\Final_Year_Project\PapuloNet\datasets\dermnet\train\Psoriasis pictures Lichen Planus and related diseases\Psoriasis-Guttate-116.jpg,Psoriasis,False,UNIQUE,PASS,PSD_00001012.jpg,224,224
PSD_00001013,DermNet,DermNet,train,original,Psoriasis,Psoriasis-Guttate-118.jpg,C:\Users\manis\Desktop\Final_Year_Project\PapuloNet\datasets\dermnet\train\Psoriasis pictures Lichen Planus and related diseases\Psoriasis-Guttate-118.jpg,Psoriasis,False,UNIQUE,PASS,PSD_00001013.jpg,224,224
PSD_00001014,DermNet,DermNet,train,original,Psoriasis,Psoriasis-Guttate-119.jpg,C:\Users\manis\Desktop\Final_Year_Project\PapuloNet\datasets\dermnet\train\Psoriasis pictures Lichen Planus and related diseases\Psoriasis-Guttate-119.jpg,Psoriasis,False,UNIQUE,PASS,PSD_00001014.jpg,224,224
PSD_00001015,DermNet,DermNet,train,original,Psoriasis,Psoriasis-Guttate-12.jpg,C:\Users\manis\Desktop\Final_Year_Project\PapuloNet\datasets\dermnet\train\Psoriasis pictures Lichen Planus and related diseases\Psoriasis-Guttate-12.jpg,Psoriasis,False,UNIQUE,PASS,PSD_00001015.jpg,224,224
PSD_00001016,DermNet,DermNet,train,original,Psoriasis,Psoriasis-Guttate-120.jpg,C:\Users\manis\Desktop\Final_Year_Project\PapuloNet\datasets\dermnet\train\Psoriasis pictures Lichen Planus and related diseases\Psoriasis-Guttate-120.jpg,Psoriasis,False,UNIQUE,PASS,PSD_00001016.jpg,224,224
PSD_00001017,DermNet,DermNet,train,original,Psoriasis,Psoriasis-Guttate-121.jpg,C:\Users\manis\Desktop\Final_Year_Project\PapuloNet\datasets\dermnet\train\Psoriasis pictures Lichen Planus and related diseases\Psoriasis-Guttate-121.jpg,Psoriasis,False,UNIQUE,PASS,PSD_00001017.jpg,224,224
PSD_00001018,DermNet,DermNet,train,original,Psoriasis,Psoriasis-Guttate-122.jpg,C:\Users\manis\Desktop\Final_Year_Project\PapuloNet\datasets\dermnet\train\Psoriasis pictures Lichen Planus and related diseases\Psoriasis-Guttate-122.jpg,Psoriasis,False,UNIQUE,PASS,PSD_00001018.jpg,224,224
PSD_00001019,DermNet,DermNet,train,original,Psoriasis,Psoriasis-Guttate-123.jpg,C:\Users\manis\Desktop\Final_Year_Project\PapuloNet\datasets\dermnet\train\Psoriasis pictures Lichen Planus and related diseases\Psoriasis-Guttate-123.jpg,Psoriasis,False,UNIQUE,PASS,PSD_00001019.jpg,224,224
PSD_00001020,DermNet,DermNet,train,original,Psoriasis,Psoriasis-Guttate-125.jpg,C:\Users\manis\Desktop\Final_Year_Project\PapuloNet\datasets\dermnet\train\Psoriasis pictures Lichen Planus and related diseases\Psoriasis-Guttate-125.jpg,Psoriasis,False,UNIQUE,PASS,PSD_00001020.jpg,224,224
PSD_00001021,DermNet,DermNet,train,original,Psoriasis,Psoriasis-Guttate-126.jpg,C:\Users\manis\Desktop\Final_Year_Project\PapuloNet\datasets\dermnet\train\Psoriasis pictures Lichen Planus and related diseases\Psoriasis-Guttate-126.jpg,Psoriasis,False,UNIQUE,PASS,PSD_00001021.jpg,224,224
PSD_00001022,DermNet,DermNet,train,original,Psoriasis,Psoriasis-Guttate-16.jpg,C:\Users\manis\Desktop\Final_Year_Project\PapuloNet\datasets\dermnet\train\Psoriasis pictures Lichen Planus and related diseases\Psoriasis-Guttate-16.jpg,Psoriasis,False,UNIQUE,PASS,PSD_00001022.jpg,224,224
PSD_00001023,DermNet,DermNet,train,original,Psoriasis,Psoriasis-Guttate-17.jpg,C:\Users\manis\Desktop\Final_Year_Project\PapuloNet\datasets\dermnet\train\Psoriasis pictures Lichen Planus and related diseases\Psoriasis-Guttate-17.jpg,Psoriasis,False,UNIQUE,PASS,PSD_00001023.jpg,224,224
PSD_00001024,DermNet,DermNet,train,original,Psoriasis,Psoriasis-Guttate-18.jpg,C:\Users\manis\Desktop\Final_Year_Project\PapuloNet\datasets\dermnet\train\Psoriasis pictures Lichen Planus and related diseases\Psoriasis-Guttate-18.jpg,Psoriasis,False,UNIQUE,PASS,PSD_00001024.jpg,224,224
PSD_00001025,DermNet,DermNet,train,original,Psoriasis,Psoriasis-Guttate-2.jpg,C:\Users\manis\Desktop\Final_Year_Project\PapuloNet\datasets\dermnet\train\Psoriasis pictures Lichen Planus and related diseases\Psoriasis-Guttate-2.jpg,Psoriasis,False,UNIQUE,PASS,PSD_00001025.jpg,224,224
PSD_00001026,DermNet,DermNet,train,original,Psoriasis,Psoriasis-Guttate-20.jpg,C:\Users\manis\Desktop\Final_Year_Project\PapuloNet\datasets\dermnet\train\Psoriasis pictures Lichen Planus and related diseases\Psoriasis-Guttate-20.jpg,Psoriasis,False,UNIQUE,PASS,PSD_00001026.jpg,224,224
PSD_00001027,DermNet,DermNet,train,original,Psoriasis,Psoriasis-Guttate-23.jpg,C:\Users\manis\Desktop\Final_Year_Project\PapuloNet\datasets\dermnet\train\Psoriasis pictures Lichen Planus and related diseases\Psoriasis-Guttate-23.jpg,Psoriasis,False,UNIQUE,PASS,PSD_00001027.jpg,224,224
PSD_00001028,DermNet,DermNet,train,original,Psoriasis,Psoriasis-Guttate-24.jpg,C:\Users\manis\Desktop\Final_Year_Project\PapuloNet\datasets\dermnet\train\Psoriasis pictures Lichen Planus and related diseases\Psoriasis-Guttate-24.jpg,Psoriasis,False,UNIQUE,PASS,PSD_00001028.jpg,224,224
PSD_00001029,DermNet,DermNet,train,original,Psoriasis,Psoriasis-Guttate-25.jpg,C:\Users\manis\Desktop\Final_Year_Project\PapuloNet\datasets\dermnet\train\Psoriasis pictures Lichen Planus and related diseases\Psoriasis-Guttate-25.jpg,Psoriasis,False,UNIQUE,PASS,PSD_00001029.jpg,224,224
PSD_00001030,DermNet,DermNet,train,original,Psoriasis,Psoriasis-Guttate-26.jpg,C:\Users\manis\Desktop\Final_Year_Project\PapuloNet\datasets\dermnet\train\Psoriasis pictures Lichen Planus and related diseases\Psoriasis-Guttate-26.jpg,Psoriasis,False,UNIQUE,PASS,PSD_00001030.jpg,224,224
PSD_00001031,DermNet,DermNet,train,original,Psoriasis,Psoriasis-Guttate-27.jpg,C:\Users\manis\Desktop\Final_Year_Project\PapuloNet\datasets\dermnet\train\Psoriasis pictures Lichen Planus and related diseases\Psoriasis-Guttate-27.jpg,Psoriasis,False,UNIQUE,PASS,PSD_00001031.jpg,224,224
PSD_00001032,DermNet,DermNet,train,original,Psoriasis,Psoriasis-Guttate-28.jpg,C:\Users\manis\Desktop\Final_Year_Project\PapuloNet\datasets\dermnet\train\Psoriasis pictures Lichen Planus and related diseases\Psoriasis-Guttate-28.jpg,Psoriasis,False,UNIQUE,PASS,PSD_00001032.jpg,224,224
PSD_00001033,DermNet,DermNet,train,original,Psoriasis,Psoriasis-Guttate-29.jpg,C:\Users\manis\Desktop\Final_Year_Project\PapuloNet\datasets\dermnet\train\Psoriasis pictures Lichen Planus and related diseases\Psoriasis-Guttate-29.jpg,Psoriasis,False,UNIQUE,PASS,PSD_00001033.jpg,224,224
PSD_00001034,DermNet,DermNet,train,original,Psoriasis,Psoriasis-Guttate-3.jpg,C:\Users\manis\Desktop\Final_Year_Project\PapuloNet\datasets\dermnet\train\Psoriasis pictures Lichen Planus and related diseases\Psoriasis-Guttate-3.jpg,Psoriasis,False,UNIQUE,PASS,PSD_00001034.jpg,224,224
PSD_00001035,DermNet,DermNet,train,original,Psoriasis,Psoriasis-Guttate-30.jpg,C:\Users\manis\Desktop\Final_Year_Project\PapuloNet\datasets\dermnet\train\Psoriasis pictures Lichen Planus and related diseases\Psoriasis-Guttate-30.jpg,Psoriasis,False,UNIQUE,PASS,PSD_00001035.jpg,224,224
PSD_00001036,DermNet,DermNet,train,original,Psoriasis,Psoriasis-Guttate-31.jpg,C:\Users\manis\Desktop\Final_Year_Project\PapuloNet\datasets\dermnet\train\Psoriasis pictures Lichen Planus and related diseases\Psoriasis-Guttate-31.jpg,Psoriasis,False,UNIQUE,PASS,PSD_00001036.jpg,224,224
PSD_00001037,DermNet,DermNet,train,original,Psoriasis,Psoriasis-Guttate-33.jpg,C:\Users\manis\Desktop\Final_Year_Project\PapuloNet\datasets\dermnet\train\Psoriasis pictures Lichen Planus and related diseases\Psoriasis-Guttate-33.jpg,Psoriasis,False,UNIQUE,PASS,PSD_00001037.jpg,224,224
PSD_00001038,DermNet,DermNet,train,original,Psoriasis,Psoriasis-Guttate-34.jpg,C:\Users\manis\Desktop\Final_Year_Project\PapuloNet\datasets\dermnet\train\Psoriasis pictures Lichen Planus and related diseases\Psoriasis-Guttate-34.jpg,Psoriasis,False,DUPLICATE_OF:PSD_00001037,PENDING,,,
PSD_00001039,DermNet,DermNet,train,original,Psoriasis,Psoriasis-Guttate-36.jpg,C:\Users\manis\Desktop\Final_Year_Project\PapuloNet\datasets\dermnet\train\Psoriasis pictures Lichen Planus and related diseases\Psoriasis-Guttate-36.jpg,Psoriasis,False,DUPLICATE_OF:PSD_00001026,PENDING,,,
PSD_00001040,DermNet,DermNet,train,original,Psoriasis,Psoriasis-Guttate-38.jpg,C:\Users\manis\Desktop\Final_Year_Project\PapuloNet\datasets\dermnet\train\Psoriasis pictures Lichen Planus and related diseases\Psoriasis-Guttate-38.jpg,Psoriasis,False,UNIQUE,PASS,PSD_00001040.jpg,224,224
PSD_00001041,DermNet,DermNet,train,original,Psoriasis,Psoriasis-Guttate-39.jpg,C:\Users\manis\Desktop\Final_Year_Project\PapuloNet\datasets\dermnet\train\Psoriasis pictures Lichen Planus and related diseases\Psoriasis-Guttate-39.jpg,Psoriasis,False,DUPLICATE_OF:PSD_00001027,PENDING,,,
PSD_00001042,DermNet,DermNet,train,original,Psoriasis,Psoriasis-Guttate-4.jpg,C:\Users\manis\Desktop\Final_Year_Project\PapuloNet\datasets\dermnet\train\Psoriasis pictures Lichen Planus and related diseases\Psoriasis-Guttate-4.jpg,Psoriasis,False,UNIQUE,PASS,PSD_00001042.jpg,224,224
PSD_00001043,DermNet,DermNet,train,original,Psoriasis,Psoriasis-Guttate-40.jpg,C:\Users\manis\Desktop\Final_Year_Project\PapuloNet\datasets\dermnet\train\Psoriasis pictures Lichen Planus and related diseases\Psoriasis-Guttate-40.jpg,Psoriasis,False,DUPLICATE_OF:PSD_00001028,PENDING,,,
PSD_00001044,DermNet,DermNet,train,original,Psoriasis,Psoriasis-Guttate-41.jpg,C:\Users\manis\Desktop\Final_Year_Project\PapuloNet\datasets\dermnet\train\Psoriasis pictures Lichen Planus and related diseases\Psoriasis-Guttate-41.jpg,Psoriasis,False,DUPLICATE_OF:PSD_00001029,PENDING,,,
PSD_00001045,DermNet,DermNet,train,original,Psoriasis,Psoriasis-Guttate-42.jpg,C:\Users\manis\Desktop\Final_Year_Project\PapuloNet\datasets\dermnet\train\Psoriasis pictures Lichen Planus and related diseases\Psoriasis-Guttate-42.jpg,Psoriasis,False,DUPLICATE_OF:PSD_00001030,PENDING,,,
PSD_00001046,DermNet,DermNet,train,original,Psoriasis,Psoriasis-Guttate-43.jpg,C:\Users\manis\Desktop\Final_Year_Project\PapuloNet\datasets\dermnet\train\Psoriasis pictures Lichen Planus and related diseases\Psoriasis-Guttate-43.jpg,Psoriasis,False,UNIQUE,PASS,PSD_00001046.jpg,224,224
PSD_00001047,DermNet,DermNet,train,original,Psoriasis,Psoriasis-Guttate-44.jpg,C:\Users\manis\Desktop\Final_Year_Project\PapuloNet\datasets\dermnet\train\Psoriasis pictures Lichen Planus and related diseases\Psoriasis-Guttate-44.jpg,Psoriasis,False,UNIQUE,PASS,PSD_00001047.jpg,224,224
PSD_00001048,DermNet,DermNet,train,original,Psoriasis,Psoriasis-Guttate-45.jpg,C:\Users\manis\Desktop\Final_Year_Project\PapuloNet\datasets\dermnet\train\Psoriasis pictures Lichen Planus and related diseases\Psoriasis-Guttate-45.jpg,Psoriasis,False,UNIQUE,PASS,PSD_00001048.jpg,224,224
PSD_00001049,DermNet,DermNet,train,original,Psoriasis,Psoriasis-Guttate-46.jpg,C:\Users\manis\Desktop\Final_Year_Project\PapuloNet\datasets\dermnet\train\Psoriasis pictures Lichen Planus and related diseases\Psoriasis-Guttate-46.jpg,Psoriasis,False,UNIQUE,PASS,PSD_00001049.jpg,224,224
PSD_00001050,DermNet,DermNet,train,original,Psoriasis,Psoriasis-Guttate-49.jpg,C:\Users\manis\Desktop\Final_Year_Project\PapuloNet\datasets\dermnet\train\Psoriasis pictures Lichen Planus and related diseases\Psoriasis-Guttate-49.jpg,Psoriasis,False,UNIQUE,PASS,PSD_00001050.jpg,224,224
PSD_00001051,DermNet,DermNet,train,original,Psoriasis,Psoriasis-Guttate-5.jpg,C:\Users\manis\Desktop\Final_Year_Project\PapuloNet\datasets\dermnet\train\Psoriasis pictures Lichen Planus and related diseases\Psoriasis-Guttate-5.jpg,Psoriasis,False,UNIQUE,FAIL: blur variance 87.7 below threshold 100.0,,,
PSD_00001052,DermNet,DermNet,train,original,Psoriasis,Psoriasis-Guttate-50.jpg,C:\Users\manis\Desktop\Final_Year_Project\PapuloNet\datasets\dermnet\train\Psoriasis pictures Lichen Planus and related diseases\Psoriasis-Guttate-50.jpg,Psoriasis,False,UNIQUE,PASS,PSD_00001052.jpg,224,224
PSD_00001053,DermNet,DermNet,train,original,Psoriasis,Psoriasis-Guttate-51.jpg,C:\Users\manis\Desktop\Final_Year_Project\PapuloNet\datasets\dermnet\train\Psoriasis pictures Lichen Planus and related diseases\Psoriasis-Guttate-51.jpg,Psoriasis,False,UNIQUE,FAIL: blur variance 60.0 below threshold 100.0,,,
PSD_00001054,DermNet,DermNet,train,original,Psoriasis,Psoriasis-Guttate-52.jpg,C:\Users\manis\Desktop\Final_Year_Project\PapuloNet\datasets\dermnet\train\Psoriasis pictures Lichen Planus and related diseases\Psoriasis-Guttate-52.jpg,Psoriasis,False,UNIQUE,FAIL: blur variance 86.2 below threshold 100.0,,,
PSD_00001055,DermNet,DermNet,train,original,Psoriasis,Psoriasis-Guttate-53.jpg,C:\Users\manis\Desktop\Final_Year_Project\PapuloNet\datasets\dermnet\train\Psoriasis pictures Lichen Planus and related diseases\Psoriasis-Guttate-53.jpg,Psoriasis,False,UNIQUE,PASS,PSD_00001055.jpg,224,224
PSD_00001056,DermNet,DermNet,train,original,Psoriasis,Psoriasis-Guttate-54.jpg,C:\Users\manis\Desktop\Final_Year_Project\PapuloNet\datasets\dermnet\train\Psoriasis pictures Lichen Planus and related diseases\Psoriasis-Guttate-54.jpg,Psoriasis,False,UNIQUE,PASS,PSD_00001056.jpg,224,224
PSD_00001057,DermNet,DermNet,train,original,Psoriasis,Psoriasis-Guttate-56.jpg,C:\Users\manis\Desktop\Final_Year_Project\PapuloNet\datasets\dermnet\train\Psoriasis pictures Lichen Planus and related diseases\Psoriasis-Guttate-56.jpg,Psoriasis,False,UNIQUE,PASS,PSD_00001057.jpg,224,224
PSD_00001058,DermNet,DermNet,train,original,Psoriasis,Psoriasis-Guttate-57.jpg,C:\Users\manis\Desktop\Final_Year_Project\PapuloNet\datasets\dermnet\train\Psoriasis pictures Lichen Planus and related diseases\Psoriasis-Guttate-57.jpg,Psoriasis,False,UNIQUE,PASS,PSD_00001058.jpg,224,224
PSD_00001059,DermNet,DermNet,train,original,Psoriasis,Psoriasis-Guttate-58.jpg,C:\Users\manis\Desktop\Final_Year_Project\PapuloNet\datasets\dermnet\train\Psoriasis pictures Lichen Planus and related diseases\Psoriasis-Guttate-58.jpg,Psoriasis,False,UNIQUE,PASS,PSD_00001059.jpg,224,224
PSD_00001060,DermNet,DermNet,train,original,Psoriasis,Psoriasis-Guttate-60.jpg,C:\Users\manis\Desktop\Final_Year_Project\PapuloNet\datasets\dermnet\train\Psoriasis pictures Lichen Planus and related diseases\Psoriasis-Guttate-60.jpg,Psoriasis,False,UNIQUE,PASS,PSD_00001060.jpg,224,224
PSD_00001061,DermNet,DermNet,train,original,Psoriasis,Psoriasis-Guttate-61.jpg,C:\Users\manis\Desktop\Final_Year_Project\PapuloNet\datasets\dermnet\train\Psoriasis pictures Lichen Planus and related diseases\Psoriasis-Guttate-61.jpg,Psoriasis,False,UNIQUE,PASS,PSD_00001061.jpg,224,224
PSD_00001062,DermNet,DermNet,train,original,Psoriasis,Psoriasis-Guttate-62.jpg,C:\Users\manis\Desktop\Final_Year_Project\PapuloNet\datasets\dermnet\train\Psoriasis pictures Lichen Planus and related diseases\Psoriasis-Guttate-62.jpg,Psoriasis,False,UNIQUE,PASS,PSD_00001062.jpg,224,224
PSD_00001063,DermNet,DermNet,train,original,Psoriasis,Psoriasis-Guttate-63.jpg,C:\Users\manis\Desktop\Final_Year_Project\PapuloNet\datasets\dermnet\train\Psoriasis pictures Lichen Planus and related diseases\Psoriasis-Guttate-63.jpg,Psoriasis,False,UNIQUE,PASS,PSD_00001063.jpg,224,224
PSD_00001064,DermNet,DermNet,train,original,Psoriasis,Psoriasis-Guttate-64.jpg,C:\Users\manis\Desktop\Final_Year_Project\PapuloNet\datasets\dermnet\train\Psoriasis pictures Lichen Planus and related diseases\Psoriasis-Guttate-64.jpg,Psoriasis,False,UNIQUE,PASS,PSD_00001064.jpg,224,224
PSD_00001065,DermNet,DermNet,train,original,Psoriasis,Psoriasis-Guttate-66.jpg,C:\Users\manis\Desktop\Final_Year_Project\PapuloNet\datasets\dermnet\train\Psoriasis pictures Lichen Planus and related diseases\Psoriasis-Guttate-66.jpg,Psoriasis,False,UNIQUE,PASS,PSD_00001065.jpg,224,224
PSD_00001066,DermNet,DermNet,train,original,Psoriasis,Psoriasis-Guttate-67.jpg,C:\Users\manis\Desktop\Final_Year_Project\PapuloNet\datasets\dermnet\train\Psoriasis pictures Lichen Planus and related diseases\Psoriasis-Guttate-67.jpg,Psoriasis,False,UNIQUE,PASS,PSD_00001066.jpg,224,224
PSD_00001067,DermNet,DermNet,train,original,Psoriasis,Psoriasis-Guttate-68.jpg,C:\Users\manis\Desktop\Final_Year_Project\PapuloNet\datasets\dermnet\train\Psoriasis pictures Lichen Planus and related diseases\Psoriasis-Guttate-68.jpg,Psoriasis,False,UNIQUE,PASS,PSD_00001067.jpg,224,224
PSD_00001068,DermNet,DermNet,train,original,Psoriasis,Psoriasis-Guttate-69.jpg,C:\Users\manis\Desktop\Final_Year_Project\PapuloNet\datasets\dermnet\train\Psoriasis pictures Lichen Planus and related diseases\Psoriasis-Guttate-69.jpg,Psoriasis,False,UNIQUE,PASS,PSD_00001068.jpg,224,224
PSD_00001069,DermNet,DermNet,train,original,Psoriasis,Psoriasis-Guttate-7.jpg,C:\Users\manis\Desktop\Final_Year_Project\PapuloNet\datasets\dermnet\train\Psoriasis pictures Lichen Planus and related diseases\Psoriasis-Guttate-7.jpg,Psoriasis,False,UNIQUE,PASS,PSD_00001069.jpg,224,224
PSD_00001070,DermNet,DermNet,train,original,Psoriasis,Psoriasis-Guttate-70.jpg,C:\Users\manis\Desktop\Final_Year_Project\PapuloNet\datasets\dermnet\train\Psoriasis pictures Lichen Planus and related diseases\Psoriasis-Guttate-70.jpg,Psoriasis,False,UNIQUE,PASS,PSD_00001070.jpg,224,224
PSD_00001071,DermNet,DermNet,train,original,Psoriasis,Psoriasis-Guttate-71.jpg,C:\Users\manis\Desktop\Final_Year_Project\PapuloNet\datasets\dermnet\train\Psoriasis pictures Lichen Planus and related diseases\Psoriasis-Guttate-71.jpg,Psoriasis,False,UNIQUE,PASS,PSD_00001071.jpg,224,224
PSD_00001072,DermNet,DermNet,train,original,Psoriasis,Psoriasis-Guttate-72.jpg,C:\Users\manis\Desktop\Final_Year_Project\PapuloNet\datasets\dermnet\train\Psoriasis pictures Lichen Planus and related diseases\Psoriasis-Guttate-72.jpg,Psoriasis,False,UNIQUE,PASS,PSD_00001072.jpg,224,224
PSD_00001073,DermNet,DermNet,train,original,Psoriasis,Psoriasis-Guttate-73.jpg,C:\Users\manis\Desktop\Final_Year_Project\PapuloNet\datasets\dermnet\train\Psoriasis pictures Lichen Planus and related diseases\Psoriasis-Guttate-73.jpg,Psoriasis,False,UNIQUE,PASS,PSD_00001073.jpg,224,224
PSD_00001074,DermNet,DermNet,train,original,Psoriasis,Psoriasis-Guttate-75.jpg,C:\Users\manis\Desktop\Final_Year_Project\PapuloNet\datasets\dermnet\train\Psoriasis pictures Lichen Planus and related diseases\Psoriasis-Guttate-75.jpg,Psoriasis,False,UNIQUE,PASS,PSD_00001074.jpg,224,224
PSD_00001075,DermNet,DermNet,train,original,Psoriasis,Psoriasis-Guttate-76.jpg,C:\Users\manis\Desktop\Final_Year_Project\PapuloNet\datasets\dermnet\train\Psoriasis pictures Lichen Planus and related diseases\Psoriasis-Guttate-76.jpg,Psoriasis,False,UNIQUE,PASS,PSD_00001075.jpg,224,224
PSD_00001076,DermNet,DermNet,train,original,Psoriasis,Psoriasis-Guttate-77.jpg,C:\Users\manis\Desktop\Final_Year_Project\PapuloNet\datasets\dermnet\train\Psoriasis pictures Lichen Planus and related diseases\Psoriasis-Guttate-77.jpg,Psoriasis,False,UNIQUE,PASS,PSD_00001076.jpg,224,224
PSD_00001077,DermNet,DermNet,train,original,Psoriasis,Psoriasis-Guttate-78.jpg,C:\Users\manis\Desktop\Final_Year_Project\PapuloNet\datasets\dermnet\train\Psoriasis pictures Lichen Planus and related diseases\Psoriasis-Guttate-78.jpg,Psoriasis,False,UNIQUE,PASS,PSD_00001077.jpg,224,224
PSD_00001078,DermNet,DermNet,train,original,Psoriasis,Psoriasis-Guttate-8.jpg,C:\Users\manis\Desktop\Final_Year_Project\PapuloNet\datasets\dermnet\train\Psoriasis pictures Lichen Planus and related diseases\Psoriasis-Guttate-8.jpg,Psoriasis,False,UNIQUE,PASS,PSD_00001078.jpg,224,224
PSD_00001079,DermNet,DermNet,train,original,Psoriasis,Psoriasis-Guttate-80.jpg,C:\Users\manis\Desktop\Final_Year_Project\PapuloNet\datasets\dermnet\train\Psoriasis pictures Lichen Planus and related diseases\Psoriasis-Guttate-80.jpg,Psoriasis,False,UNIQUE,PASS,PSD_00001079.jpg,224,224
PSD_00001080,DermNet,DermNet,train,original,Psoriasis,Psoriasis-Guttate-81.jpg,C:\Users\manis\Desktop\Final_Year_Project\PapuloNet\datasets\dermnet\train\Psoriasis pictures Lichen Planus and related diseases\Psoriasis-Guttate-81.jpg,Psoriasis,False,UNIQUE,PASS,PSD_00001080.jpg,224,224
PSD_00001081,DermNet,DermNet,train,original,Psoriasis,Psoriasis-Guttate-82.jpg,C:\Users\manis\Desktop\Final_Year_Project\PapuloNet\datasets\dermnet\train\Psoriasis pictures Lichen Planus and related diseases\Psoriasis-Guttate-82.jpg,Psoriasis,False,UNIQUE,PASS,PSD_00001081.jpg,224,224
PSD_00001082,DermNet,DermNet,train,original,Psoriasis,Psoriasis-Guttate-83.jpg,C:\Users\manis\Desktop\Final_Year_Project\PapuloNet\datasets\dermnet\train\Psoriasis pictures Lichen Planus and related diseases\Psoriasis-Guttate-83.jpg,Psoriasis,False,UNIQUE,PASS,PSD_00001082.jpg,224,224
PSD_00001083,DermNet,DermNet,train,original,Psoriasis,Psoriasis-Guttate-85.jpg,C:\Users\manis\Desktop\Final_Year_Project\PapuloNet\datasets\dermnet\train\Psoriasis pictures Lichen Planus and related diseases\Psoriasis-Guttate-85.jpg,Psoriasis,False,UNIQUE,PASS,PSD_00001083.jpg,224,224
PSD_00001084,DermNet,DermNet,train,original,Psoriasis,Psoriasis-Guttate-86.jpg,C:\Users\manis\Desktop\Final_Year_Project\PapuloNet\datasets\dermnet\train\Psoriasis pictures Lichen Planus and related diseases\Psoriasis-Guttate-86.jpg,Psoriasis,False,UNIQUE,PASS,PSD_00001084.jpg,224,224
PSD_00001085,DermNet,DermNet,train,original,Psoriasis,Psoriasis-Guttate-87.jpg,C:\Users\manis\Desktop\Final_Year_Project\PapuloNet\datasets\dermnet\train\Psoriasis pictures Lichen Planus and related diseases\Psoriasis-Guttate-87.jpg,Psoriasis,False,UNIQUE,PASS,PSD_00001085.jpg,224,224
PSD_00001086,DermNet,DermNet,train,original,Psoriasis,Psoriasis-Guttate-89.jpg,C:\Users\manis\Desktop\Final_Year_Project\PapuloNet\datasets\dermnet\train\Psoriasis pictures Lichen Planus and related diseases\Psoriasis-Guttate-89.jpg,Psoriasis,False,UNIQUE,PASS,PSD_00001086.jpg,224,224
PSD_00001087,DermNet,DermNet,train,original,Psoriasis,Psoriasis-Guttate-9.jpg,C:\Users\manis\Desktop\Final_Year_Project\PapuloNet\datasets\dermnet\train\Psoriasis pictures Lichen Planus and related diseases\Psoriasis-Guttate-9.jpg,Psoriasis,False,UNIQUE,PASS,PSD_00001087.jpg,224,224
PSD_00001088,DermNet,DermNet,train,original,Psoriasis,Psoriasis-Guttate-90.jpg,C:\Users\manis\Desktop\Final_Year_Project\PapuloNet\datasets\dermnet\train\Psoriasis pictures Lichen Planus and related diseases\Psoriasis-Guttate-90.jpg,Psoriasis,False,UNIQUE,PASS,PSD_00001088.jpg,224,224
PSD_00001089,DermNet,DermNet,train,original,Psoriasis,Psoriasis-Guttate-91.jpg,C:\Users\manis\Desktop\Final_Year_Project\PapuloNet\datasets\dermnet\train\Psoriasis pictures Lichen Planus and related diseases\Psoriasis-Guttate-91.jpg,Psoriasis,False,UNIQUE,PASS,PSD_00001089.jpg,224,224
PSD_00001090,DermNet,DermNet,train,original,Psoriasis,Psoriasis-Guttate-92.jpg,C:\Users\manis\Desktop\Final_Year_Project\PapuloNet\datasets\dermnet\train\Psoriasis pictures Lichen Planus and related diseases\Psoriasis-Guttate-92.jpg,Psoriasis,False,UNIQUE,PASS,PSD_00001090.jpg,224,224
PSD_00001091,DermNet,DermNet,train,original,Psoriasis,Psoriasis-Guttate-95.jpg,C:\Users\manis\Desktop\Final_Year_Project\PapuloNet\datasets\dermnet\train\Psoriasis pictures Lichen Planus and related diseases\Psoriasis-Guttate-95.jpg,Psoriasis,False,UNIQUE,PASS,PSD_00001091.jpg,224,224
PSD_00001092,DermNet,DermNet,train,original,Psoriasis,Psoriasis-Guttate-97.jpg,C:\Users\manis\Desktop\Final_Year_Project\PapuloNet\datasets\dermnet\train\Psoriasis pictures Lichen Planus and related diseases\Psoriasis-Guttate-97.jpg,Psoriasis,False,UNIQUE,PASS,PSD_00001092.jpg,224,224
PSD_00001093,DermNet,DermNet,train,original,Psoriasis,Psoriasis-Guttate-98.jpg,C:\Users\manis\Desktop\Final_Year_Project\PapuloNet\datasets\dermnet\train\Psoriasis pictures Lichen Planus and related diseases\Psoriasis-Guttate-98.jpg,Psoriasis,False,UNIQUE,PASS,PSD_00001093.jpg,224,224
PSD_00001094,DermNet,DermNet,train,original,Psoriasis,Psoriasis-Guttate-99.jpg,C:\Users\manis\Desktop\Final_Year_Project\PapuloNet\datasets\dermnet\train\Psoriasis pictures Lichen Planus and related diseases\Psoriasis-Guttate-99.jpg,Psoriasis,False,UNIQUE,PASS,PSD_00001094.jpg,224,224
PSD_00001095,DermNet,DermNet,train,original,Psoriasis,Psoriasis-Hand-1.jpg,C:\Users\manis\Desktop\Final_Year_Project\PapuloNet\datasets\dermnet\train\Psoriasis pictures Lichen Planus and related diseases\Psoriasis-Hand-1.jpg,Psoriasis,False,UNIQUE,PASS,PSD_00001095.jpg,224,224
PSD_00001096,DermNet,DermNet,train,original,Psoriasis,Psoriasis-Hand-10.jpg,C:\Users\manis\Desktop\Final_Year_Project\PapuloNet\datasets\dermnet\train\Psoriasis pictures Lichen Planus and related diseases\Psoriasis-Hand-10.jpg,Psoriasis,False,UNIQUE,PASS,PSD_00001096.jpg,224,224
PSD_00001097,DermNet,DermNet,train,original,Psoriasis,Psoriasis-Hand-11.jpg,C:\Users\manis\Desktop\Final_Year_Project\PapuloNet\datasets\dermnet\train\Psoriasis pictures Lichen Planus and related diseases\Psoriasis-Hand-11.jpg,Psoriasis,False,UNIQUE,PASS,PSD_00001097.jpg,224,224
PSD_00001098,DermNet,DermNet,train,original,Psoriasis,Psoriasis-Hand-12.jpg,C:\Users\manis\Desktop\Final_Year_Project\PapuloNet\datasets\dermnet\train\Psoriasis pictures Lichen Planus and related diseases\Psoriasis-Hand-12.jpg,Psoriasis,False,UNIQUE,PASS,PSD_00001098.jpg,224,224
PSD_00001099,DermNet,DermNet,train,original,Psoriasis,Psoriasis-Hand-13.jpg,C:\Users\manis\Desktop\Final_Year_Project\PapuloNet\datasets\dermnet\train\Psoriasis pictures Lichen Planus and related diseases\Psoriasis-Hand-13.jpg,Psoriasis,False,UNIQUE,PASS,PSD_00001099.jpg,224,224
PSD_00001100,DermNet,DermNet,train,original,Psoriasis,Psoriasis-Hand-18.jpg,C:\Users\manis\Desktop\Final_Year_Project\PapuloNet\datasets\dermnet\train\Psoriasis pictures Lichen Planus and related diseases\Psoriasis-Hand-18.jpg,Psoriasis,False,UNIQUE,PASS,PSD_00001100.jpg,224,224
PSD_00001101,DermNet,DermNet,train,original,Psoriasis,Psoriasis-Hand-19.jpg,C:\Users\manis\Desktop\Final_Year_Project\PapuloNet\datasets\dermnet\train\Psoriasis pictures Lichen Planus and related diseases\Psoriasis-Hand-19.jpg,Psoriasis,False,UNIQUE,PASS,PSD_00001101.jpg,224,224
PSD_00001102,DermNet,DermNet,train,original,Psoriasis,Psoriasis-Hand-2.jpg,C:\Users\manis\Desktop\Final_Year_Project\PapuloNet\datasets\dermnet\train\Psoriasis pictures Lichen Planus and related diseases\Psoriasis-Hand-2.jpg,Psoriasis,False,UNIQUE,PASS,PSD_00001102.jpg,224,224
PSD_00001103,DermNet,DermNet,train,original,Psoriasis,Psoriasis-Hand-20.jpg,C:\Users\manis\Desktop\Final_Year_Project\PapuloNet\datasets\dermnet\train\Psoriasis pictures Lichen Planus and related diseases\Psoriasis-Hand-20.jpg,Psoriasis,False,DUPLICATE_OF:PSD_00001101,PENDING,,,
PSD_00001104,DermNet,DermNet,train,original,Psoriasis,Psoriasis-Hand-21.jpg,C:\Users\manis\Desktop\Final_Year_Project\PapuloNet\datasets\dermnet\train\Psoriasis pictures Lichen Planus and related diseases\Psoriasis-Hand-21.jpg,Psoriasis,False,DUPLICATE_OF:PSD_00000989,PENDING,,,
PSD_00001105,DermNet,DermNet,train,original,Psoriasis,Psoriasis-Hand-22.jpg,C:\Users\manis\Desktop\Final_Year_Project\PapuloNet\datasets\dermnet\train\Psoriasis pictures Lichen Planus and related diseases\Psoriasis-Hand-22.jpg,Psoriasis,False,UNIQUE,PASS,PSD_00001105.jpg,224,224
PSD_00001106,DermNet,DermNet,train,original,Psoriasis,Psoriasis-Hand-23.jpg,C:\Users\manis\Desktop\Final_Year_Project\PapuloNet\datasets\dermnet\train\Psoriasis pictures Lichen Planus and related diseases\Psoriasis-Hand-23.jpg,Psoriasis,False,DUPLICATE_OF:PSD_00000988,PENDING,,,
PSD_00001107,DermNet,DermNet,train,original,Psoriasis,Psoriasis-Hand-24.jpg,C:\Users\manis\Desktop\Final_Year_Project\PapuloNet\datasets\dermnet\train\Psoriasis pictures Lichen Planus and related diseases\Psoriasis-Hand-24.jpg,Psoriasis,False,DUPLICATE_OF:PSD_00000987,PENDING,,,
PSD_00001108,DermNet,DermNet,train,original,Psoriasis,Psoriasis-Hand-25.jpg,C:\Users\manis\Desktop\Final_Year_Project\PapuloNet\datasets\dermnet\train\Psoriasis pictures Lichen Planus and related diseases\Psoriasis-Hand-25.jpg,Psoriasis,False,UNIQUE,PASS,PSD_00001108.jpg,224,224
PSD_00001109,DermNet,DermNet,train,original,Psoriasis,Psoriasis-Hand-26.jpg,C:\Users\manis\Desktop\Final_Year_Project\PapuloNet\datasets\dermnet\train\Psoriasis pictures Lichen Planus and related diseases\Psoriasis-Hand-26.jpg,Psoriasis,False,DUPLICATE_OF:PSD_00001108,PENDING,,,
PSD_00001110,DermNet,DermNet,train,original,Psoriasis,Psoriasis-Hand-27.jpg,C:\Users\manis\Desktop\Final_Year_Project\PapuloNet\datasets\dermnet\train\Psoriasis pictures Lichen Planus and related diseases\Psoriasis-Hand-27.jpg,Psoriasis,False,DUPLICATE_OF:PSD_00000984,PENDING,,,
PSD_00001111,DermNet,DermNet,train,original,Psoriasis,Psoriasis-Hand-28.jpg,C:\Users\manis\Desktop\Final_Year_Project\PapuloNet\datasets\dermnet\train\Psoriasis pictures Lichen Planus and related diseases\Psoriasis-Hand-28.jpg,Psoriasis,False,UNIQUE,PASS,PSD_00001111.jpg,224,224
PSD_00001112,DermNet,DermNet,train,original,Psoriasis,Psoriasis-Hand-29.jpg,C:\Users\manis\Desktop\Final_Year_Project\PapuloNet\datasets\dermnet\train\Psoriasis pictures Lichen Planus and related diseases\Psoriasis-Hand-29.jpg,Psoriasis,False,UNIQUE,PASS,PSD_00001112.jpg,224,224
PSD_00001113,DermNet,DermNet,train,original,Psoriasis,Psoriasis-Hand-3.jpg,C:\Users\manis\Desktop\Final_Year_Project\PapuloNet\datasets\dermnet\train\Psoriasis pictures Lichen Planus and related diseases\Psoriasis-Hand-3.jpg,Psoriasis,False,UNIQUE,PASS,PSD_00001113.jpg,224,224
PSD_00001114,DermNet,DermNet,train,original,Psoriasis,Psoriasis-Hand-30.jpg,C:\Users\manis\Desktop\Final_Year_Project\PapuloNet\datasets\dermnet\train\Psoriasis pictures Lichen Planus and related diseases\Psoriasis-Hand-30.jpg,Psoriasis,False,UNIQUE,PASS,PSD_00001114.jpg,224,224
PSD_00001115,DermNet,DermNet,train,original,Psoriasis,Psoriasis-Hand-31.jpg,C:\Users\manis\Desktop\Final_Year_Project\PapuloNet\datasets\dermnet\train\Psoriasis pictures Lichen Planus and related diseases\Psoriasis-Hand-31.jpg,Psoriasis,False,UNIQUE,PASS,PSD_00001115.jpg,224,224
PSD_00001116,DermNet,DermNet,train,original,Psoriasis,Psoriasis-Hand-32.jpg,C:\Users\manis\Desktop\Final_Year_Project\PapuloNet\datasets\dermnet\train\Psoriasis pictures Lichen Planus and related diseases\Psoriasis-Hand-32.jpg,Psoriasis,False,UNIQUE,PASS,PSD_00001116.jpg,224,224
PSD_00001117,DermNet,DermNet,train,original,Psoriasis,Psoriasis-Hand-33.jpg,C:\Users\manis\Desktop\Final_Year_Project\PapuloNet\datasets\dermnet\train\Psoriasis pictures Lichen Planus and related diseases\Psoriasis-Hand-33.jpg,Psoriasis,False,DUPLICATE_OF:PSD_00000983,PENDING,,,
PSD_00001118,DermNet,DermNet,train,original,Psoriasis,Psoriasis-Hand-36.jpg,C:\Users\manis\Desktop\Final_Year_Project\PapuloNet\datasets\dermnet\train\Psoriasis pictures Lichen Planus and related diseases\Psoriasis-Hand-36.jpg,Psoriasis,False,UNIQUE,PASS,PSD_00001118.jpg,224,224
PSD_00001119,DermNet,DermNet,train,original,Psoriasis,Psoriasis-Hand-37.jpg,C:\Users\manis\Desktop\Final_Year_Project\PapuloNet\datasets\dermnet\train\Psoriasis pictures Lichen Planus and related diseases\Psoriasis-Hand-37.jpg,Psoriasis,False,UNIQUE,PASS,PSD_00001119.jpg,224,224
PSD_00001120,DermNet,DermNet,train,original,Psoriasis,Psoriasis-Hand-38.jpg,C:\Users\manis\Desktop\Final_Year_Project\PapuloNet\datasets\dermnet\train\Psoriasis pictures Lichen Planus and related diseases\Psoriasis-Hand-38.jpg,Psoriasis,False,UNIQUE,PASS,PSD_00001120.jpg,224,224
PSD_00001121,DermNet,DermNet,train,original,Psoriasis,Psoriasis-Hand-39.jpg,C:\Users\manis\Desktop\Final_Year_Project\PapuloNet\datasets\dermnet\train\Psoriasis pictures Lichen Planus and related diseases\Psoriasis-Hand-39.jpg,Psoriasis,False,UNIQUE,PASS,PSD_00001121.jpg,224,224
PSD_00001122,DermNet,DermNet,train,original,Psoriasis,Psoriasis-Hand-41.jpg,C:\Users\manis\Desktop\Final_Year_Project\PapuloNet\datasets\dermnet\train\Psoriasis pictures Lichen Planus and related diseases\Psoriasis-Hand-41.jpg,Psoriasis,False,UNIQUE,PASS,PSD_00001122.jpg,224,224
PSD_00001123,DermNet,DermNet,train,original,Psoriasis,Psoriasis-Hand-42.jpg,C:\Users\manis\Desktop\Final_Year_Project\PapuloNet\datasets\dermnet\train\Psoriasis pictures Lichen Planus and related diseases\Psoriasis-Hand-42.jpg,Psoriasis,False,UNIQUE,PASS,PSD_00001123.jpg,224,224
PSD_00001124,DermNet,DermNet,train,original,Psoriasis,Psoriasis-Hand-45.jpg,C:\Users\manis\Desktop\Final_Year_Project\PapuloNet\datasets\dermnet\train\Psoriasis pictures Lichen Planus and related diseases\Psoriasis-Hand-45.jpg,Psoriasis,False,UNIQUE,PASS,PSD_00001124.jpg,224,224
PSD_00001125,DermNet,DermNet,train,original,Psoriasis,Psoriasis-Hand-46.jpg,C:\Users\manis\Desktop\Final_Year_Project\PapuloNet\datasets\dermnet\train\Psoriasis pictures Lichen Planus and related diseases\Psoriasis-Hand-46.jpg,Psoriasis,False,UNIQUE,PASS,PSD_00001125.jpg,224,224
PSD_00001126,DermNet,DermNet,train,original,Psoriasis,Psoriasis-Hand-47.jpg,C:\Users\manis\Desktop\Final_Year_Project\PapuloNet\datasets\dermnet\train\Psoriasis pictures Lichen Planus and related diseases\Psoriasis-Hand-47.jpg,Psoriasis,False,UNIQUE,PASS,PSD_00001126.jpg,224,224
PSD_00001127,DermNet,DermNet,train,original,Psoriasis,Psoriasis-Hand-49.jpg,C:\Users\manis\Desktop\Final_Year_Project\PapuloNet\datasets\dermnet\train\Psoriasis pictures Lichen Planus and related diseases\Psoriasis-Hand-49.jpg,Psoriasis,False,UNIQUE,PASS,PSD_00001127.jpg,224,224
PSD_00001128,DermNet,DermNet,train,original,Psoriasis,Psoriasis-Hand-50.jpg,C:\Users\manis\Desktop\Final_Year_Project\PapuloNet\datasets\dermnet\train\Psoriasis pictures Lichen Planus and related diseases\Psoriasis-Hand-50.jpg,Psoriasis,False,UNIQUE,PASS,PSD_00001128.jpg,224,224
PSD_00001129,DermNet,DermNet,train,original,Psoriasis,Psoriasis-Hand-51.jpg,C:\Users\manis\Desktop\Final_Year_Project\PapuloNet\datasets\dermnet\train\Psoriasis pictures Lichen Planus and related diseases\Psoriasis-Hand-51.jpg,Psoriasis,False,UNIQUE,PASS,PSD_00001129.jpg,224,224
PSD_00001130,DermNet,DermNet,train,original,Psoriasis,Psoriasis-Hand-52.jpg,C:\Users\manis\Desktop\Final_Year_Project\PapuloNet\datasets\dermnet\train\Psoriasis pictures Lichen Planus and related diseases\Psoriasis-Hand-52.jpg,Psoriasis,False,UNIQUE,PASS,PSD_00001130.jpg,224,224
PSD_00001131,DermNet,DermNet,train,original,Psoriasis,Psoriasis-Hand-53.jpg,C:\Users\manis\Desktop\Final_Year_Project\PapuloNet\datasets\dermnet\train\Psoriasis pictures Lichen Planus and related diseases\Psoriasis-Hand-53.jpg,Psoriasis,False,UNIQUE,PASS,PSD_00001131.jpg,224,224
PSD_00001132,DermNet,DermNet,train,original,Psoriasis,Psoriasis-Hand-54.jpg,C:\Users\manis\Desktop\Final_Year_Project\PapuloNet\datasets\dermnet\train\Psoriasis pictures Lichen Planus and related diseases\Psoriasis-Hand-54.jpg,Psoriasis,False,UNIQUE,PASS,PSD_00001132.jpg,224,224
PSD_00001133,DermNet,DermNet,train,original,Psoriasis,Psoriasis-Hand-56.jpg,C:\Users\manis\Desktop\Final_Year_Project\PapuloNet\datasets\dermnet\train\Psoriasis pictures Lichen Planus and related diseases\Psoriasis-Hand-56.jpg,Psoriasis,False,UNIQUE,PASS,PSD_00001133.jpg,224,224
PSD_00001134,DermNet,DermNet,train,original,Psoriasis,Psoriasis-Hand-57.jpg,C:\Users\manis\Desktop\Final_Year_Project\PapuloNet\datasets\dermnet\train\Psoriasis pictures Lichen Planus and related diseases\Psoriasis-Hand-57.jpg,Psoriasis,False,UNIQUE,PASS,PSD_00001134.jpg,224,224
PSD_00001135,DermNet,DermNet,train,original,Psoriasis,Psoriasis-Hand-58.jpg,C:\Users\manis\Desktop\Final_Year_Project\PapuloNet\datasets\dermnet\train\Psoriasis pictures Lichen Planus and related diseases\Psoriasis-Hand-58.jpg,Psoriasis,False,UNIQUE,PASS,PSD_00001135.jpg,224,224
PSD_00001136,DermNet,DermNet,train,original,Psoriasis,Psoriasis-Hand-59.jpg,C:\Users\manis\Desktop\Final_Year_Project\PapuloNet\datasets\dermnet\train\Psoriasis pictures Lichen Planus and related diseases\Psoriasis-Hand-59.jpg,Psoriasis,False,UNIQUE,PASS,PSD_00001136.jpg,224,224
PSD_00001137,DermNet,DermNet,train,original,Psoriasis,Psoriasis-Hand-6.jpg,C:\Users\manis\Desktop\Final_Year_Project\PapuloNet\datasets\dermnet\train\Psoriasis pictures Lichen Planus and related diseases\Psoriasis-Hand-6.jpg,Psoriasis,False,UNIQUE,PASS,PSD_00001137.jpg,224,224
PSD_00001138,DermNet,DermNet,train,original,Psoriasis,Psoriasis-Hand-60.jpg,C:\Users\manis\Desktop\Final_Year_Project\PapuloNet\datasets\dermnet\train\Psoriasis pictures Lichen Planus and related diseases\Psoriasis-Hand-60.jpg,Psoriasis,False,UNIQUE,PASS,PSD_00001138.jpg,224,224
PSD_00001139,DermNet,DermNet,train,original,Psoriasis,Psoriasis-Hand-61.jpg,C:\Users\manis\Desktop\Final_Year_Project\PapuloNet\datasets\dermnet\train\Psoriasis pictures Lichen Planus and related diseases\Psoriasis-Hand-61.jpg,Psoriasis,False,UNIQUE,PASS,PSD_00001139.jpg,224,224
PSD_00001140,DermNet,DermNet,train,original,Psoriasis,Psoriasis-Hand-8.jpg,C:\Users\manis\Desktop\Final_Year_Project\PapuloNet\datasets\dermnet\train\Psoriasis pictures Lichen Planus and related diseases\Psoriasis-Hand-8.jpg,Psoriasis,False,UNIQUE,PASS,PSD_00001140.jpg,224,224
PSD_00001141,DermNet,DermNet,train,original,Psoriasis,Psoriasis-Hand-9.jpg,C:\Users\manis\Desktop\Final_Year_Project\PapuloNet\datasets\dermnet\train\Psoriasis pictures Lichen Planus and related diseases\Psoriasis-Hand-9.jpg,Psoriasis,False,UNIQUE,PASS,PSD_00001141.jpg,224,224
PSD_00001142,DermNet,DermNet,train,original,Psoriasis,Psoriasis-Histology-1.jpg,C:\Users\manis\Desktop\Final_Year_Project\PapuloNet\datasets\dermnet\train\Psoriasis pictures Lichen Planus and related diseases\Psoriasis-Histology-1.jpg,Psoriasis,False,UNIQUE,PASS,PSD_00001142.jpg,224,224
PSD_00001143,DermNet,DermNet,train,original,Psoriasis,Psoriasis-Histology-10.jpg,C:\Users\manis\Desktop\Final_Year_Project\PapuloNet\datasets\dermnet\train\Psoriasis pictures Lichen Planus and related diseases\Psoriasis-Histology-10.jpg,Psoriasis,False,UNIQUE,PASS,PSD_00001143.jpg,224,224
PSD_00001144,DermNet,DermNet,train,original,Psoriasis,Psoriasis-Histology-12.jpg,C:\Users\manis\Desktop\Final_Year_Project\PapuloNet\datasets\dermnet\train\Psoriasis pictures Lichen Planus and related diseases\Psoriasis-Histology-12.jpg,Psoriasis,False,UNIQUE,PASS,PSD_00001144.jpg,224,224
PSD_00001145,DermNet,DermNet,train,original,Psoriasis,Psoriasis-Histology-13.jpg,C:\Users\manis\Desktop\Final_Year_Project\PapuloNet\datasets\dermnet\train\Psoriasis pictures Lichen Planus and related diseases\Psoriasis-Histology-13.jpg,Psoriasis,False,UNIQUE,PASS,PSD_00001145.jpg,224,224
PSD_00001146,DermNet,DermNet,train,original,Psoriasis,Psoriasis-Histology-14.jpg,C:\Users\manis\Desktop\Final_Year_Project\PapuloNet\datasets\dermnet\train\Psoriasis pictures Lichen Planus and related diseases\Psoriasis-Histology-14.jpg,Psoriasis,False,UNIQUE,PASS,PSD_00001146.jpg,224,224
PSD_00001147,DermNet,DermNet,train,original,Psoriasis,Psoriasis-Histology-15.jpg,C:\Users\manis\Desktop\Final_Year_Project\PapuloNet\datasets\dermnet\train\Psoriasis pictures Lichen Planus and related diseases\Psoriasis-Histology-15.jpg,Psoriasis,False,UNIQUE,PASS,PSD_00001147.jpg,224,224
PSD_00001148,DermNet,DermNet,train,original,Psoriasis,Psoriasis-Histology-16.jpg,C:\Users\manis\Desktop\Final_Year_Project\PapuloNet\datasets\dermnet\train\Psoriasis pictures Lichen Planus and related diseases\Psoriasis-Histology-16.jpg,Psoriasis,False,UNIQUE,PASS,PSD_00001148.jpg,224,224
PSD_00001149,DermNet,DermNet,train,original,Psoriasis,Psoriasis-Histology-17.jpg,C:\Users\manis\Desktop\Final_Year_Project\PapuloNet\datasets\dermnet\train\Psoriasis pictures Lichen Planus and related diseases\Psoriasis-Histology-17.jpg,Psoriasis,False,UNIQUE,PASS,PSD_00001149.jpg,224,224
PSD_00001150,DermNet,DermNet,train,original,Psoriasis,Psoriasis-Histology-18.jpg,C:\Users\manis\Desktop\Final_Year_Project\PapuloNet\datasets\dermnet\train\Psoriasis pictures Lichen Planus and related diseases\Psoriasis-Histology-18.jpg,Psoriasis,False,UNIQUE,PASS,PSD_00001150.jpg,224,224
PSD_00001151,DermNet,DermNet,train,original,Psoriasis,Psoriasis-Histology-19.jpg,C:\Users\manis\Desktop\Final_Year_Project\PapuloNet\datasets\dermnet\train\Psoriasis pictures Lichen Planus and related diseases\Psoriasis-Histology-19.jpg,Psoriasis,False,UNIQUE,PASS,PSD_00001151.jpg,224,224
PSD_00001152,DermNet,DermNet,train,original,Psoriasis,Psoriasis-Histology-20.jpg,C:\Users\manis\Desktop\Final_Year_Project\PapuloNet\datasets\dermnet\train\Psoriasis pictures Lichen Planus and related diseases\Psoriasis-Histology-20.jpg,Psoriasis,False,UNIQUE,PASS,PSD_00001152.jpg,224,224
PSD_00001153,DermNet,DermNet,train,original,Psoriasis,Psoriasis-Histology-21.jpg,C:\Users\manis\Desktop\Final_Year_Project\PapuloNet\datasets\dermnet\train\Psoriasis pictures Lichen Planus and related diseases\Psoriasis-Histology-21.jpg,Psoriasis,False,UNIQUE,PASS,PSD_00001153.jpg,224,224
PSD_00001154,DermNet,DermNet,train,original,Psoriasis,Psoriasis-Histology-22.jpg,C:\Users\manis\Desktop\Final_Year_Project\PapuloNet\datasets\dermnet\train\Psoriasis pictures Lichen Planus and related diseases\Psoriasis-Histology-22.jpg,Psoriasis,False,UNIQUE,PASS,PSD_00001154.jpg,224,224
PSD_00001155,DermNet,DermNet,train,original,Psoriasis,Psoriasis-Histology-23.jpg,C:\Users\manis\Desktop\Final_Year_Project\PapuloNet\datasets\dermnet\train\Psoriasis pictures Lichen Planus and related diseases\Psoriasis-Histology-23.jpg,Psoriasis,False,UNIQUE,PASS,PSD_00001155.jpg,224,224
PSD_00001156,DermNet,DermNet,train,original,Psoriasis,Psoriasis-Histology-24.jpg,C:\Users\manis\Desktop\Final_Year_Project\PapuloNet\datasets\dermnet\train\Psoriasis pictures Lichen Planus and related diseases\Psoriasis-Histology-24.jpg,Psoriasis,False,UNIQUE,PASS,PSD_00001156.jpg,224,224
PSD_00001157,DermNet,DermNet,train,original,Psoriasis,Psoriasis-Histology-25.jpg,C:\Users\manis\Desktop\Final_Year_Project\PapuloNet\datasets\dermnet\train\Psoriasis pictures Lichen Planus and related diseases\Psoriasis-Histology-25.jpg,Psoriasis,False,UNIQUE,PASS,PSD_00001157.jpg,224,224
PSD_00001158,DermNet,DermNet,train,original,Psoriasis,Psoriasis-Histology-3.jpg,C:\Users\manis\Desktop\Final_Year_Project\PapuloNet\datasets\dermnet\train\Psoriasis pictures Lichen Planus and related diseases\Psoriasis-Histology-3.jpg,Psoriasis,False,UNIQUE,PASS,PSD_00001158.jpg,224,224
PSD_00001159,DermNet,DermNet,train,original,Psoriasis,Psoriasis-Histology-5.jpg,C:\Users\manis\Desktop\Final_Year_Project\PapuloNet\datasets\dermnet\train\Psoriasis pictures Lichen Planus and related diseases\Psoriasis-Histology-5.jpg,Psoriasis,False,UNIQUE,PASS,PSD_00001159.jpg,224,224
PSD_00001160,DermNet,DermNet,train,original,Psoriasis,Psoriasis-Histology-6.jpg,C:\Users\manis\Desktop\Final_Year_Project\PapuloNet\datasets\dermnet\train\Psoriasis pictures Lichen Planus and related diseases\Psoriasis-Histology-6.jpg,Psoriasis,False,UNIQUE,PASS,PSD_00001160.jpg,224,224
PSD_00001161,DermNet,DermNet,train,original,Psoriasis,Psoriasis-Histology-7.jpg,C:\Users\manis\Desktop\Final_Year_Project\PapuloNet\datasets\dermnet\train\Psoriasis pictures Lichen Planus and related diseases\Psoriasis-Histology-7.jpg,Psoriasis,False,UNIQUE,PASS,PSD_00001161.jpg,224,224
PSD_00001162,DermNet,DermNet,train,original,Psoriasis,Psoriasis-HIV-2.jpg,C:\Users\manis\Desktop\Final_Year_Project\PapuloNet\datasets\dermnet\train\Psoriasis pictures Lichen Planus and related diseases\Psoriasis-HIV-2.jpg,Psoriasis,False,UNIQUE,PASS,PSD_00001162.jpg,224,224
PSD_00001163,DermNet,DermNet,train,original,Psoriasis,Psoriasis-HIV-3.jpg,C:\Users\manis\Desktop\Final_Year_Project\PapuloNet\datasets\dermnet\train\Psoriasis pictures Lichen Planus and related diseases\Psoriasis-HIV-3.jpg,Psoriasis,False,UNIQUE,PASS,PSD_00001163.jpg,224,224
PSD_00001164,DermNet,DermNet,train,original,Psoriasis,Psoriasis-HIV-4.jpg,C:\Users\manis\Desktop\Final_Year_Project\PapuloNet\datasets\dermnet\train\Psoriasis pictures Lichen Planus and related diseases\Psoriasis-HIV-4.jpg,Psoriasis,False,UNIQUE,PASS,PSD_00001164.jpg,224,224
PSD_00001165,DermNet,DermNet,train,original,Psoriasis,Psoriasis-HIV-5.jpg,C:\Users\manis\Desktop\Final_Year_Project\PapuloNet\datasets\dermnet\train\Psoriasis pictures Lichen Planus and related diseases\Psoriasis-HIV-5.jpg,Psoriasis,False,UNIQUE,PASS,PSD_00001165.jpg,224,224
PSD_00001166,DermNet,DermNet,train,original,Psoriasis,Psoriasis-HIV-6.jpg,C:\Users\manis\Desktop\Final_Year_Project\PapuloNet\datasets\dermnet\train\Psoriasis pictures Lichen Planus and related diseases\Psoriasis-HIV-6.jpg,Psoriasis,False,UNIQUE,PASS,PSD_00001166.jpg,224,224
PSD_00001167,DermNet,DermNet,train,original,Psoriasis,Psoriasis-infant-1.jpg,C:\Users\manis\Desktop\Final_Year_Project\PapuloNet\datasets\dermnet\train\Psoriasis pictures Lichen Planus and related diseases\Psoriasis-infant-1.jpg,Psoriasis,False,UNIQUE,PASS,PSD_00001167.jpg,224,224
PSD_00001168,DermNet,DermNet,train,original,Psoriasis,Psoriasis-infant-2.jpg,C:\Users\manis\Desktop\Final_Year_Project\PapuloNet\datasets\dermnet\train\Psoriasis pictures Lichen Planus and related diseases\Psoriasis-infant-2.jpg,Psoriasis,False,UNIQUE,PASS,PSD_00001168.jpg,224,224
PSD_00001169,DermNet,DermNet,train,original,Psoriasis,Psoriasis-infant-3.jpg,C:\Users\manis\Desktop\Final_Year_Project\PapuloNet\datasets\dermnet\train\Psoriasis pictures Lichen Planus and related diseases\Psoriasis-infant-3.jpg,Psoriasis,False,UNIQUE,PASS,PSD_00001169.jpg,224,224
PSD_00001170,DermNet,DermNet,train,original,Psoriasis,Psoriasis-infant-4.jpg,C:\Users\manis\Desktop\Final_Year_Project\PapuloNet\datasets\dermnet\train\Psoriasis pictures Lichen Planus and related diseases\Psoriasis-infant-4.jpg,Psoriasis,False,UNIQUE,PASS,PSD_00001170.jpg,224,224
PSD_00001171,DermNet,DermNet,train,original,Psoriasis,Psoriasis-infant-5.jpg,C:\Users\manis\Desktop\Final_Year_Project\PapuloNet\datasets\dermnet\train\Psoriasis pictures Lichen Planus and related diseases\Psoriasis-infant-5.jpg,Psoriasis,False,UNIQUE,PASS,PSD_00001171.jpg,224,224
PSD_00001172,DermNet,DermNet,train,original,Psoriasis,Psoriasis-infant-6.jpg,C:\Users\manis\Desktop\Final_Year_Project\PapuloNet\datasets\dermnet\train\Psoriasis pictures Lichen Planus and related diseases\Psoriasis-infant-6.jpg,Psoriasis,False,UNIQUE,PASS,PSD_00001172.jpg,224,224
PSD_00001173,DermNet,DermNet,train,original,Psoriasis,Psoriasis-Interferon-Injection-0823042.jpg,C:\Users\manis\Desktop\Final_Year_Project\PapuloNet\datasets\dermnet\train\Psoriasis pictures Lichen Planus and related diseases\Psoriasis-Interferon-Injection-0823042.jpg,Psoriasis,False,UNIQUE,PASS,PSD_00001173.jpg,224,224
PSD_00001174,DermNet,DermNet,train,original,Psoriasis,Psoriasis-Interferon-Injection-08230424.jpg,C:\Users\manis\Desktop\Final_Year_Project\PapuloNet\datasets\dermnet\train\Psoriasis pictures Lichen Planus and related diseases\Psoriasis-Interferon-Injection-08230424.jpg,Psoriasis,False,UNIQUE,PASS,PSD_00001174.jpg,224,224
PSD_00001175,DermNet,DermNet,train,original,Psoriasis,Psoriasis-Interferon-Injection-08230425.jpg,C:\Users\manis\Desktop\Final_Year_Project\PapuloNet\datasets\dermnet\train\Psoriasis pictures Lichen Planus and related diseases\Psoriasis-Interferon-Injection-08230425.jpg,Psoriasis,False,UNIQUE,PASS,PSD_00001175.jpg,224,224
PSD_00001176,DermNet,DermNet,train,original,Psoriasis,Psoriasis-Interferon-Injection-08230426.jpg,C:\Users\manis\Desktop\Final_Year_Project\PapuloNet\datasets\dermnet\train\Psoriasis pictures Lichen Planus and related diseases\Psoriasis-Interferon-Injection-08230426.jpg,Psoriasis,False,UNIQUE,PASS,PSD_00001176.jpg,224,224
PSD_00001177,DermNet,DermNet,train,original,Psoriasis,Psoriasis-inversus-1.jpg,C:\Users\manis\Desktop\Final_Year_Project\PapuloNet\datasets\dermnet\train\Psoriasis pictures Lichen Planus and related diseases\Psoriasis-inversus-1.jpg,Psoriasis,False,UNIQUE,PASS,PSD_00001177.jpg,224,224
PSD_00001178,DermNet,DermNet,train,original,Psoriasis,Psoriasis-inversus-10.jpg,C:\Users\manis\Desktop\Final_Year_Project\PapuloNet\datasets\dermnet\train\Psoriasis pictures Lichen Planus and related diseases\Psoriasis-inversus-10.jpg,Psoriasis,False,UNIQUE,PASS,PSD_00001178.jpg,224,224
PSD_00001179,DermNet,DermNet,train,original,Psoriasis,Psoriasis-inversus-11.jpg,C:\Users\manis\Desktop\Final_Year_Project\PapuloNet\datasets\dermnet\train\Psoriasis pictures Lichen Planus and related diseases\Psoriasis-inversus-11.jpg,Psoriasis,False,UNIQUE,PASS,PSD_00001179.jpg,224,224
PSD_00001180,DermNet,DermNet,train,original,Psoriasis,Psoriasis-inversus-12.jpg,C:\Users\manis\Desktop\Final_Year_Project\PapuloNet\datasets\dermnet\train\Psoriasis pictures Lichen Planus and related diseases\Psoriasis-inversus-12.jpg,Psoriasis,False,UNIQUE,PASS,PSD_00001180.jpg,224,224
PSD_00001181,DermNet,DermNet,train,original,Psoriasis,Psoriasis-inversus-14.jpg,C:\Users\manis\Desktop\Final_Year_Project\PapuloNet\datasets\dermnet\train\Psoriasis pictures Lichen Planus and related diseases\Psoriasis-inversus-14.jpg,Psoriasis,False,UNIQUE,PASS,PSD_00001181.jpg,224,224
PSD_00001182,DermNet,DermNet,train,original,Psoriasis,Psoriasis-inversus-15.jpg,C:\Users\manis\Desktop\Final_Year_Project\PapuloNet\datasets\dermnet\train\Psoriasis pictures Lichen Planus and related diseases\Psoriasis-inversus-15.jpg,Psoriasis,False,UNIQUE,PASS,PSD_00001182.jpg,224,224
PSD_00001183,DermNet,DermNet,train,original,Psoriasis,Psoriasis-inversus-16.jpg,C:\Users\manis\Desktop\Final_Year_Project\PapuloNet\datasets\dermnet\train\Psoriasis pictures Lichen Planus and related diseases\Psoriasis-inversus-16.jpg,Psoriasis,False,UNIQUE,FAIL: blur variance 85.0 below threshold 100.0,,,
PSD_00001184,DermNet,DermNet,train,original,Psoriasis,Psoriasis-inversus-19.jpg,C:\Users\manis\Desktop\Final_Year_Project\PapuloNet\datasets\dermnet\train\Psoriasis pictures Lichen Planus and related diseases\Psoriasis-inversus-19.jpg,Psoriasis,False,UNIQUE,FAIL: blur variance 17.5 below threshold 100.0,,,
PSD_00001185,DermNet,DermNet,train,original,Psoriasis,Psoriasis-inversus-2.jpg,C:\Users\manis\Desktop\Final_Year_Project\PapuloNet\datasets\dermnet\train\Psoriasis pictures Lichen Planus and related diseases\Psoriasis-inversus-2.jpg,Psoriasis,False,UNIQUE,PASS,PSD_00001185.jpg,224,224
PSD_00001186,DermNet,DermNet,train,original,Psoriasis,Psoriasis-inversus-20.jpg,C:\Users\manis\Desktop\Final_Year_Project\PapuloNet\datasets\dermnet\train\Psoriasis pictures Lichen Planus and related diseases\Psoriasis-inversus-20.jpg,Psoriasis,False,UNIQUE,FAIL: blur variance 48.6 below threshold 100.0,,,
PSD_00001187,DermNet,DermNet,train,original,Psoriasis,Psoriasis-inversus-21.jpg,C:\Users\manis\Desktop\Final_Year_Project\PapuloNet\datasets\dermnet\train\Psoriasis pictures Lichen Planus and related diseases\Psoriasis-inversus-21.jpg,Psoriasis,False,UNIQUE,PASS,PSD_00001187.jpg,224,224
PSD_00001188,DermNet,DermNet,train,original,Psoriasis,Psoriasis-inversus-22.jpg,C:\Users\manis\Desktop\Final_Year_Project\PapuloNet\datasets\dermnet\train\Psoriasis pictures Lichen Planus and related diseases\Psoriasis-inversus-22.jpg,Psoriasis,False,UNIQUE,PASS,PSD_00001188.jpg,224,224
PSD_00001189,DermNet,DermNet,train,original,Psoriasis,Psoriasis-inversus-24.jpg,C:\Users\manis\Desktop\Final_Year_Project\PapuloNet\datasets\dermnet\train\Psoriasis pictures Lichen Planus and related diseases\Psoriasis-inversus-24.jpg,Psoriasis,False,UNIQUE,PASS,PSD_00001189.jpg,224,224
PSD_00001190,DermNet,DermNet,train,original,Psoriasis,Psoriasis-inversus-26.jpg,C:\Users\manis\Desktop\Final_Year_Project\PapuloNet\datasets\dermnet\train\Psoriasis pictures Lichen Planus and related diseases\Psoriasis-inversus-26.jpg,Psoriasis,False,UNIQUE,PASS,PSD_00001190.jpg,224,224
PSD_00001191,DermNet,DermNet,train,original,Psoriasis,Psoriasis-inversus-27.jpg,C:\Users\manis\Desktop\Final_Year_Project\PapuloNet\datasets\dermnet\train\Psoriasis pictures Lichen Planus and related diseases\Psoriasis-inversus-27.jpg,Psoriasis,False,UNIQUE,PASS,PSD_00001191.jpg,224,224
PSD_00001192,DermNet,DermNet,train,original,Psoriasis,Psoriasis-inversus-28.jpg,C:\Users\manis\Desktop\Final_Year_Project\PapuloNet\datasets\dermnet\train\Psoriasis pictures Lichen Planus and related diseases\Psoriasis-inversus-28.jpg,Psoriasis,False,UNIQUE,PASS,PSD_00001192.jpg,224,224
PSD_00001193,DermNet,DermNet,train,original,Psoriasis,Psoriasis-inversus-3.jpg,C:\Users\manis\Desktop\Final_Year_Project\PapuloNet\datasets\dermnet\train\Psoriasis pictures Lichen Planus and related diseases\Psoriasis-inversus-3.jpg,Psoriasis,False,UNIQUE,PASS,PSD_00001193.jpg,224,224
PSD_00001194,DermNet,DermNet,train,original,Psoriasis,Psoriasis-inversus-30.jpg,C:\Users\manis\Desktop\Final_Year_Project\PapuloNet\datasets\dermnet\train\Psoriasis pictures Lichen Planus and related diseases\Psoriasis-inversus-30.jpg,Psoriasis,False,UNIQUE,PASS,PSD_00001194.jpg,224,224
PSD_00001195,DermNet,DermNet,train,original,Psoriasis,Psoriasis-inversus-32.jpg,C:\Users\manis\Desktop\Final_Year_Project\PapuloNet\datasets\dermnet\train\Psoriasis pictures Lichen Planus and related diseases\Psoriasis-inversus-32.jpg,Psoriasis,False,UNIQUE,PASS,PSD_00001195.jpg,224,224
PSD_00001196,DermNet,DermNet,train,original,Psoriasis,Psoriasis-inversus-33.jpg,C:\Users\manis\Desktop\Final_Year_Project\PapuloNet\datasets\dermnet\train\Psoriasis pictures Lichen Planus and related diseases\Psoriasis-inversus-33.jpg,Psoriasis,False,UNIQUE,PASS,PSD_00001196.jpg,224,224
PSD_00001197,DermNet,DermNet,train,original,Psoriasis,Psoriasis-inversus-5.jpg,C:\Users\manis\Desktop\Final_Year_Project\PapuloNet\datasets\dermnet\train\Psoriasis pictures Lichen Planus and related diseases\Psoriasis-inversus-5.jpg,Psoriasis,False,UNIQUE,PASS,PSD_00001197.jpg,224,224
PSD_00001198,DermNet,DermNet,train,original,Psoriasis,Psoriasis-inversus-6.jpg,C:\Users\manis\Desktop\Final_Year_Project\PapuloNet\datasets\dermnet\train\Psoriasis pictures Lichen Planus and related diseases\Psoriasis-inversus-6.jpg,Psoriasis,False,UNIQUE,PASS,PSD_00001198.jpg,224,224
PSD_00001199,DermNet,DermNet,train,original,Psoriasis,Psoriasis-inversus-7.jpg,C:\Users\manis\Desktop\Final_Year_Project\PapuloNet\datasets\dermnet\train\Psoriasis pictures Lichen Planus and related diseases\Psoriasis-inversus-7.jpg,Psoriasis,False,UNIQUE,PASS,PSD_00001199.jpg,224,224
PSD_00001200,DermNet,DermNet,train,original,Psoriasis,Psoriasis-inversus-8.jpg,C:\Users\manis\Desktop\Final_Year_Project\PapuloNet\datasets\dermnet\train\Psoriasis pictures Lichen Planus and related diseases\Psoriasis-inversus-8.jpg,Psoriasis,False,UNIQUE,PASS,PSD_00001200.jpg,224,224
PSD_00001201,DermNet,DermNet,train,original,Psoriasis,Psoriasis-inversus-9.jpg,C:\Users\manis\Desktop\Final_Year_Project\PapuloNet\datasets\dermnet\train\Psoriasis pictures Lichen Planus and related diseases\Psoriasis-inversus-9.jpg,Psoriasis,False,UNIQUE,PASS,PSD_00001201.jpg,224,224
PSD_00001202,DermNet,DermNet,train,original,Psoriasis,Psoriasis-Light-Sensative-1.jpg,C:\Users\manis\Desktop\Final_Year_Project\PapuloNet\datasets\dermnet\train\Psoriasis pictures Lichen Planus and related diseases\Psoriasis-Light-Sensative-1.jpg,Psoriasis,False,UNIQUE,PASS,PSD_00001202.jpg,224,224
PSD_00001203,DermNet,DermNet,train,original,Psoriasis,Psoriasis-Light-Sensative-2.jpg,C:\Users\manis\Desktop\Final_Year_Project\PapuloNet\datasets\dermnet\train\Psoriasis pictures Lichen Planus and related diseases\Psoriasis-Light-Sensative-2.jpg,Psoriasis,False,UNIQUE,PASS,PSD_00001203.jpg,224,224
PSD_00001204,DermNet,DermNet,train,original,Psoriasis,Psoriasis-Light-Sensative-3.jpg,C:\Users\manis\Desktop\Final_Year_Project\PapuloNet\datasets\dermnet\train\Psoriasis pictures Lichen Planus and related diseases\Psoriasis-Light-Sensative-3.jpg,Psoriasis,False,UNIQUE,PASS,PSD_00001204.jpg,224,224
PSD_00001205,DermNet,DermNet,train,original,Psoriasis,Psoriasis-Light-Sensative-4.jpg,C:\Users\manis\Desktop\Final_Year_Project\PapuloNet\datasets\dermnet\train\Psoriasis pictures Lichen Planus and related diseases\Psoriasis-Light-Sensative-4.jpg,Psoriasis,False,UNIQUE,PASS,PSD_00001205.jpg,224,224
PSD_00001206,DermNet,DermNet,train,original,Psoriasis,Psoriasis-Light-Sensative-5.jpg,C:\Users\manis\Desktop\Final_Year_Project\PapuloNet\datasets\dermnet\train\Psoriasis pictures Lichen Planus and related diseases\Psoriasis-Light-Sensative-5.jpg,Psoriasis,False,UNIQUE,PASS,PSD_00001206.jpg,224,224
PSD_00001207,DermNet,DermNet,train,original,Psoriasis,Psoriasis-Light-Sensative-6.jpg,C:\Users\manis\Desktop\Final_Year_Project\PapuloNet\datasets\dermnet\train\Psoriasis pictures Lichen Planus and related diseases\Psoriasis-Light-Sensative-6.jpg,Psoriasis,False,DUPLICATE_OF:PSD_00001202,PENDING,,,
PSD_00001208,DermNet,DermNet,train,original,Psoriasis,Psoriasis-Light-Sensative-7.jpg,C:\Users\manis\Desktop\Final_Year_Project\PapuloNet\datasets\dermnet\train\Psoriasis pictures Lichen Planus and related diseases\Psoriasis-Light-Sensative-7.jpg,Psoriasis,False,UNIQUE,PASS,PSD_00001208.jpg,224,224
PSD_00001209,DermNet,DermNet,train,original,Psoriasis,Psoriasis-Light-Sensative-8.jpg,C:\Users\manis\Desktop\Final_Year_Project\PapuloNet\datasets\dermnet\train\Psoriasis pictures Lichen Planus and related diseases\Psoriasis-Light-Sensative-8.jpg,Psoriasis,False,UNIQUE,PASS,PSD_00001209.jpg,224,224
PSD_00001210,DermNet,DermNet,train,original,Psoriasis,Psoriasis-nails-1.jpg,C:\Users\manis\Desktop\Final_Year_Project\PapuloNet\datasets\dermnet\train\Psoriasis pictures Lichen Planus and related diseases\Psoriasis-nails-1.jpg,Psoriasis,False,UNIQUE,PASS,PSD_00001210.jpg,224,224
PSD_00001211,DermNet,DermNet,train,original,Psoriasis,Psoriasis-nails-11.jpg,C:\Users\manis\Desktop\Final_Year_Project\PapuloNet\datasets\dermnet\train\Psoriasis pictures Lichen Planus and related diseases\Psoriasis-nails-11.jpg,Psoriasis,False,UNIQUE,PASS,PSD_00001211.jpg,224,224
PSD_00001212,DermNet,DermNet,train,original,Psoriasis,Psoriasis-nails-12.jpg,C:\Users\manis\Desktop\Final_Year_Project\PapuloNet\datasets\dermnet\train\Psoriasis pictures Lichen Planus and related diseases\Psoriasis-nails-12.jpg,Psoriasis,False,UNIQUE,PASS,PSD_00001212.jpg,224,224
PSD_00001213,DermNet,DermNet,train,original,Psoriasis,Psoriasis-nails-13.jpg,C:\Users\manis\Desktop\Final_Year_Project\PapuloNet\datasets\dermnet\train\Psoriasis pictures Lichen Planus and related diseases\Psoriasis-nails-13.jpg,Psoriasis,False,UNIQUE,PASS,PSD_00001213.jpg,224,224
PSD_00001214,DermNet,DermNet,train,original,Psoriasis,Psoriasis-nails-14.jpg,C:\Users\manis\Desktop\Final_Year_Project\PapuloNet\datasets\dermnet\train\Psoriasis pictures Lichen Planus and related diseases\Psoriasis-nails-14.jpg,Psoriasis,False,UNIQUE,PASS,PSD_00001214.jpg,224,224
PSD_00001215,DermNet,DermNet,train,original,Psoriasis,Psoriasis-nails-15.jpg,C:\Users\manis\Desktop\Final_Year_Project\PapuloNet\datasets\dermnet\train\Psoriasis pictures Lichen Planus and related diseases\Psoriasis-nails-15.jpg,Psoriasis,False,UNIQUE,PASS,PSD_00001215.jpg,224,224
PSD_00001216,DermNet,DermNet,train,original,Psoriasis,Psoriasis-nails-16.jpg,C:\Users\manis\Desktop\Final_Year_Project\PapuloNet\datasets\dermnet\train\Psoriasis pictures Lichen Planus and related diseases\Psoriasis-nails-16.jpg,Psoriasis,False,UNIQUE,PASS,PSD_00001216.jpg,224,224
PSD_00001217,DermNet,DermNet,train,original,Psoriasis,Psoriasis-nails-19.jpg,C:\Users\manis\Desktop\Final_Year_Project\PapuloNet\datasets\dermnet\train\Psoriasis pictures Lichen Planus and related diseases\Psoriasis-nails-19.jpg,Psoriasis,False,UNIQUE,PASS,PSD_00001217.jpg,224,224
PSD_00001218,DermNet,DermNet,train,original,Psoriasis,Psoriasis-nails-20.jpg,C:\Users\manis\Desktop\Final_Year_Project\PapuloNet\datasets\dermnet\train\Psoriasis pictures Lichen Planus and related diseases\Psoriasis-nails-20.jpg,Psoriasis,False,UNIQUE,PASS,PSD_00001218.jpg,224,224
PSD_00001219,DermNet,DermNet,train,original,Psoriasis,Psoriasis-nails-21.jpg,C:\Users\manis\Desktop\Final_Year_Project\PapuloNet\datasets\dermnet\train\Psoriasis pictures Lichen Planus and related diseases\Psoriasis-nails-21.jpg,Psoriasis,False,UNIQUE,PASS,PSD_00001219.jpg,224,224
PSD_00001220,DermNet,DermNet,train,original,Psoriasis,Psoriasis-nails-22.jpg,C:\Users\manis\Desktop\Final_Year_Project\PapuloNet\datasets\dermnet\train\Psoriasis pictures Lichen Planus and related diseases\Psoriasis-nails-22.jpg,Psoriasis,False,UNIQUE,PASS,PSD_00001220.jpg,224,224
PSD_00001221,DermNet,DermNet,train,original,Psoriasis,Psoriasis-nails-23.jpg,C:\Users\manis\Desktop\Final_Year_Project\PapuloNet\datasets\dermnet\train\Psoriasis pictures Lichen Planus and related diseases\Psoriasis-nails-23.jpg,Psoriasis,False,UNIQUE,PASS,PSD_00001221.jpg,224,224
PSD_00001222,DermNet,DermNet,train,original,Psoriasis,Psoriasis-nails-24.jpg,C:\Users\manis\Desktop\Final_Year_Project\PapuloNet\datasets\dermnet\train\Psoriasis pictures Lichen Planus and related diseases\Psoriasis-nails-24.jpg,Psoriasis,False,UNIQUE,PASS,PSD_00001222.jpg,224,224
PSD_00001223,DermNet,DermNet,train,original,Psoriasis,Psoriasis-nails-25.jpg,C:\Users\manis\Desktop\Final_Year_Project\PapuloNet\datasets\dermnet\train\Psoriasis pictures Lichen Planus and related diseases\Psoriasis-nails-25.jpg,Psoriasis,False,UNIQUE,PASS,PSD_00001223.jpg,224,224
PSD_00001224,DermNet,DermNet,train,original,Psoriasis,Psoriasis-nails-26.jpg,C:\Users\manis\Desktop\Final_Year_Project\PapuloNet\datasets\dermnet\train\Psoriasis pictures Lichen Planus and related diseases\Psoriasis-nails-26.jpg,Psoriasis,False,UNIQUE,PASS,PSD_00001224.jpg,224,224
PSD_00001225,DermNet,DermNet,train,original,Psoriasis,Psoriasis-nails-27.jpg,C:\Users\manis\Desktop\Final_Year_Project\PapuloNet\datasets\dermnet\train\Psoriasis pictures Lichen Planus and related diseases\Psoriasis-nails-27.jpg,Psoriasis,False,UNIQUE,PASS,PSD_00001225.jpg,224,224
PSD_00001226,DermNet,DermNet,train,original,Psoriasis,Psoriasis-nails-28.jpg,C:\Users\manis\Desktop\Final_Year_Project\PapuloNet\datasets\dermnet\train\Psoriasis pictures Lichen Planus and related diseases\Psoriasis-nails-28.jpg,Psoriasis,False,UNIQUE,PASS,PSD_00001226.jpg,224,224
PSD_00001227,DermNet,DermNet,train,original,Psoriasis,Psoriasis-nails-29.jpg,C:\Users\manis\Desktop\Final_Year_Project\PapuloNet\datasets\dermnet\train\Psoriasis pictures Lichen Planus and related diseases\Psoriasis-nails-29.jpg,Psoriasis,False,UNIQUE,PASS,PSD_00001227.jpg,224,224
PSD_00001228,DermNet,DermNet,train,original,Psoriasis,Psoriasis-nails-30.jpg,C:\Users\manis\Desktop\Final_Year_Project\PapuloNet\datasets\dermnet\train\Psoriasis pictures Lichen Planus and related diseases\Psoriasis-nails-30.jpg,Psoriasis,False,UNIQUE,PASS,PSD_00001228.jpg,224,224
PSD_00001229,DermNet,DermNet,train,original,Psoriasis,Psoriasis-nails-32.jpg,C:\Users\manis\Desktop\Final_Year_Project\PapuloNet\datasets\dermnet\train\Psoriasis pictures Lichen Planus and related diseases\Psoriasis-nails-32.jpg,Psoriasis,False,UNIQUE,PASS,PSD_00001229.jpg,224,224
PSD_00001230,DermNet,DermNet,train,original,Psoriasis,Psoriasis-nails-4.jpg,C:\Users\manis\Desktop\Final_Year_Project\PapuloNet\datasets\dermnet\train\Psoriasis pictures Lichen Planus and related diseases\Psoriasis-nails-4.jpg,Psoriasis,False,UNIQUE,PASS,PSD_00001230.jpg,224,224
PSD_00001231,DermNet,DermNet,train,original,Psoriasis,Psoriasis-nails-5.jpg,C:\Users\manis\Desktop\Final_Year_Project\PapuloNet\datasets\dermnet\train\Psoriasis pictures Lichen Planus and related diseases\Psoriasis-nails-5.jpg,Psoriasis,False,UNIQUE,PASS,PSD_00001231.jpg,224,224
PSD_00001232,DermNet,DermNet,train,original,Psoriasis,Psoriasis-nails-6.jpg,C:\Users\manis\Desktop\Final_Year_Project\PapuloNet\datasets\dermnet\train\Psoriasis pictures Lichen Planus and related diseases\Psoriasis-nails-6.jpg,Psoriasis,False,UNIQUE,PASS,PSD_00001232.jpg,224,224
PSD_00001233,DermNet,DermNet,train,original,Psoriasis,Psoriasis-nails-7.jpg,C:\Users\manis\Desktop\Final_Year_Project\PapuloNet\datasets\dermnet\train\Psoriasis pictures Lichen Planus and related diseases\Psoriasis-nails-7.jpg,Psoriasis,False,UNIQUE,PASS,PSD_00001233.jpg,224,224
PSD_00001234,DermNet,DermNet,train,original,Psoriasis,Psoriasis-nails-8.jpg,C:\Users\manis\Desktop\Final_Year_Project\PapuloNet\datasets\dermnet\train\Psoriasis pictures Lichen Planus and related diseases\Psoriasis-nails-8.jpg,Psoriasis,False,UNIQUE,PASS,PSD_00001234.jpg,224,224
PSD_00001235,DermNet,DermNet,train,original,Psoriasis,psoriasis-palms-soles-1.jpg,C:\Users\manis\Desktop\Final_Year_Project\PapuloNet\datasets\dermnet\train\Psoriasis pictures Lichen Planus and related diseases\psoriasis-palms-soles-1.jpg,Psoriasis,False,UNIQUE,PASS,PSD_00001235.jpg,224,224
PSD_00001236,DermNet,DermNet,train,original,Psoriasis,psoriasis-palms-soles-10.jpg,C:\Users\manis\Desktop\Final_Year_Project\PapuloNet\datasets\dermnet\train\Psoriasis pictures Lichen Planus and related diseases\psoriasis-palms-soles-10.jpg,Psoriasis,False,UNIQUE,PASS,PSD_00001236.jpg,224,224
PSD_00001237,DermNet,DermNet,train,original,Psoriasis,psoriasis-palms-soles-100.jpg,C:\Users\manis\Desktop\Final_Year_Project\PapuloNet\datasets\dermnet\train\Psoriasis pictures Lichen Planus and related diseases\psoriasis-palms-soles-100.jpg,Psoriasis,False,UNIQUE,PASS,PSD_00001237.jpg,224,224
PSD_00001238,DermNet,DermNet,train,original,Psoriasis,psoriasis-palms-soles-101.jpg,C:\Users\manis\Desktop\Final_Year_Project\PapuloNet\datasets\dermnet\train\Psoriasis pictures Lichen Planus and related diseases\psoriasis-palms-soles-101.jpg,Psoriasis,False,UNIQUE,PASS,PSD_00001238.jpg,224,224
PSD_00001239,DermNet,DermNet,train,original,Psoriasis,psoriasis-palms-soles-102.jpg,C:\Users\manis\Desktop\Final_Year_Project\PapuloNet\datasets\dermnet\train\Psoriasis pictures Lichen Planus and related diseases\psoriasis-palms-soles-102.jpg,Psoriasis,False,UNIQUE,PASS,PSD_00001239.jpg,224,224
PSD_00001240,DermNet,DermNet,train,original,Psoriasis,psoriasis-palms-soles-103.jpg,C:\Users\manis\Desktop\Final_Year_Project\PapuloNet\datasets\dermnet\train\Psoriasis pictures Lichen Planus and related diseases\psoriasis-palms-soles-103.jpg,Psoriasis,False,DUPLICATE_OF:PSD_00001125,PENDING,,,
PSD_00001241,DermNet,DermNet,train,original,Psoriasis,psoriasis-palms-soles-104.jpg,C:\Users\manis\Desktop\Final_Year_Project\PapuloNet\datasets\dermnet\train\Psoriasis pictures Lichen Planus and related diseases\psoriasis-palms-soles-104.jpg,Psoriasis,False,UNIQUE,PASS,PSD_00001241.jpg,224,224
PSD_00001242,DermNet,DermNet,train,original,Psoriasis,psoriasis-palms-soles-105.jpg,C:\Users\manis\Desktop\Final_Year_Project\PapuloNet\datasets\dermnet\train\Psoriasis pictures Lichen Planus and related diseases\psoriasis-palms-soles-105.jpg,Psoriasis,False,UNIQUE,PASS,PSD_00001242.jpg,224,224
PSD_00001243,DermNet,DermNet,train,original,Psoriasis,psoriasis-palms-soles-106.jpg,C:\Users\manis\Desktop\Final_Year_Project\PapuloNet\datasets\dermnet\train\Psoriasis pictures Lichen Planus and related diseases\psoriasis-palms-soles-106.jpg,Psoriasis,False,UNIQUE,PASS,PSD_00001243.jpg,224,224
PSD_00001244,DermNet,DermNet,train,original,Psoriasis,psoriasis-palms-soles-107.jpg,C:\Users\manis\Desktop\Final_Year_Project\PapuloNet\datasets\dermnet\train\Psoriasis pictures Lichen Planus and related diseases\psoriasis-palms-soles-107.jpg,Psoriasis,False,UNIQUE,PASS,PSD_00001244.jpg,224,224
PSD_00001245,DermNet,DermNet,train,original,Psoriasis,psoriasis-palms-soles-108.jpg,C:\Users\manis\Desktop\Final_Year_Project\PapuloNet\datasets\dermnet\train\Psoriasis pictures Lichen Planus and related diseases\psoriasis-palms-soles-108.jpg,Psoriasis,False,UNIQUE,PASS,PSD_00001245.jpg,224,224
PSD_00001246,DermNet,DermNet,train,original,Psoriasis,psoriasis-palms-soles-110.jpg,C:\Users\manis\Desktop\Final_Year_Project\PapuloNet\datasets\dermnet\train\Psoriasis pictures Lichen Planus and related diseases\psoriasis-palms-soles-110.jpg,Psoriasis,False,UNIQUE,PASS,PSD_00001246.jpg,224,224
PSD_00001247,DermNet,DermNet,train,original,Psoriasis,psoriasis-palms-soles-112.jpg,C:\Users\manis\Desktop\Final_Year_Project\PapuloNet\datasets\dermnet\train\Psoriasis pictures Lichen Planus and related diseases\psoriasis-palms-soles-112.jpg,Psoriasis,False,UNIQUE,PASS,PSD_00001247.jpg,224,224
PSD_00001248,DermNet,DermNet,train,original,Psoriasis,psoriasis-palms-soles-113.jpg,C:\Users\manis\Desktop\Final_Year_Project\PapuloNet\datasets\dermnet\train\Psoriasis pictures Lichen Planus and related diseases\psoriasis-palms-soles-113.jpg,Psoriasis,False,UNIQUE,PASS,PSD_00001248.jpg,224,224
PSD_00001249,DermNet,DermNet,train,original,Psoriasis,psoriasis-palms-soles-115.jpg,C:\Users\manis\Desktop\Final_Year_Project\PapuloNet\datasets\dermnet\train\Psoriasis pictures Lichen Planus and related diseases\psoriasis-palms-soles-115.jpg,Psoriasis,False,UNIQUE,PASS,PSD_00001249.jpg,224,224
PSD_00001250,DermNet,DermNet,train,original,Psoriasis,psoriasis-palms-soles-116.jpg,C:\Users\manis\Desktop\Final_Year_Project\PapuloNet\datasets\dermnet\train\Psoriasis pictures Lichen Planus and related diseases\psoriasis-palms-soles-116.jpg,Psoriasis,False,UNIQUE,PASS,PSD_00001250.jpg,224,224
PSD_00001251,DermNet,DermNet,train,original,Psoriasis,psoriasis-palms-soles-117.jpg,C:\Users\manis\Desktop\Final_Year_Project\PapuloNet\datasets\dermnet\train\Psoriasis pictures Lichen Planus and related diseases\psoriasis-palms-soles-117.jpg,Psoriasis,False,UNIQUE,PASS,PSD_00001251.jpg,224,224
PSD_00001252,DermNet,DermNet,train,original,Psoriasis,psoriasis-palms-soles-118.jpg,C:\Users\manis\Desktop\Final_Year_Project\PapuloNet\datasets\dermnet\train\Psoriasis pictures Lichen Planus and related diseases\psoriasis-palms-soles-118.jpg,Psoriasis,False,UNIQUE,PASS,PSD_00001252.jpg,224,224
PSD_00001253,DermNet,DermNet,train,original,Psoriasis,psoriasis-palms-soles-119.jpg,C:\Users\manis\Desktop\Final_Year_Project\PapuloNet\datasets\dermnet\train\Psoriasis pictures Lichen Planus and related diseases\psoriasis-palms-soles-119.jpg,Psoriasis,False,UNIQUE,PASS,PSD_00001253.jpg,224,224
PSD_00001254,DermNet,DermNet,train,original,Psoriasis,psoriasis-palms-soles-120.jpg,C:\Users\manis\Desktop\Final_Year_Project\PapuloNet\datasets\dermnet\train\Psoriasis pictures Lichen Planus and related diseases\psoriasis-palms-soles-120.jpg,Psoriasis,False,UNIQUE,PASS,PSD_00001254.jpg,224,224
PSD_00001255,DermNet,DermNet,train,original,Psoriasis,psoriasis-palms-soles-121.jpg,C:\Users\manis\Desktop\Final_Year_Project\PapuloNet\datasets\dermnet\train\Psoriasis pictures Lichen Planus and related diseases\psoriasis-palms-soles-121.jpg,Psoriasis,False,UNIQUE,PASS,PSD_00001255.jpg,224,224
PSD_00001256,DermNet,DermNet,train,original,Psoriasis,psoriasis-palms-soles-124.jpg,C:\Users\manis\Desktop\Final_Year_Project\PapuloNet\datasets\dermnet\train\Psoriasis pictures Lichen Planus and related diseases\psoriasis-palms-soles-124.jpg,Psoriasis,False,UNIQUE,PASS,PSD_00001256.jpg,224,224
PSD_00001257,DermNet,DermNet,train,original,Psoriasis,psoriasis-palms-soles-126.jpg,C:\Users\manis\Desktop\Final_Year_Project\PapuloNet\datasets\dermnet\train\Psoriasis pictures Lichen Planus and related diseases\psoriasis-palms-soles-126.jpg,Psoriasis,False,UNIQUE,PASS,PSD_00001257.jpg,224,224
PSD_00001258,DermNet,DermNet,train,original,Psoriasis,psoriasis-palms-soles-127.jpg,C:\Users\manis\Desktop\Final_Year_Project\PapuloNet\datasets\dermnet\train\Psoriasis pictures Lichen Planus and related diseases\psoriasis-palms-soles-127.jpg,Psoriasis,False,UNIQUE,PASS,PSD_00001258.jpg,224,224
PSD_00001259,DermNet,DermNet,train,original,Psoriasis,psoriasis-palms-soles-128.jpg,C:\Users\manis\Desktop\Final_Year_Project\PapuloNet\datasets\dermnet\train\Psoriasis pictures Lichen Planus and related diseases\psoriasis-palms-soles-128.jpg,Psoriasis,False,UNIQUE,PASS,PSD_00001259.jpg,224,224
PSD_00001260,DermNet,DermNet,train,original,Psoriasis,psoriasis-palms-soles-13.jpg,C:\Users\manis\Desktop\Final_Year_Project\PapuloNet\datasets\dermnet\train\Psoriasis pictures Lichen Planus and related diseases\psoriasis-palms-soles-13.jpg,Psoriasis,False,UNIQUE,PASS,PSD_00001260.jpg,224,224
PSD_00001261,DermNet,DermNet,train,original,Psoriasis,psoriasis-palms-soles-130.jpg,C:\Users\manis\Desktop\Final_Year_Project\PapuloNet\datasets\dermnet\train\Psoriasis pictures Lichen Planus and related diseases\psoriasis-palms-soles-130.jpg,Psoriasis,False,UNIQUE,PASS,PSD_00001261.jpg,224,224
PSD_00001262,DermNet,DermNet,train,original,Psoriasis,psoriasis-palms-soles-131.jpg,C:\Users\manis\Desktop\Final_Year_Project\PapuloNet\datasets\dermnet\train\Psoriasis pictures Lichen Planus and related diseases\psoriasis-palms-soles-131.jpg,Psoriasis,False,UNIQUE,PASS,PSD_00001262.jpg,224,224
PSD_00001263,DermNet,DermNet,train,original,Psoriasis,psoriasis-palms-soles-133.jpg,C:\Users\manis\Desktop\Final_Year_Project\PapuloNet\datasets\dermnet\train\Psoriasis pictures Lichen Planus and related diseases\psoriasis-palms-soles-133.jpg,Psoriasis,False,UNIQUE,PASS,PSD_00001263.jpg,224,224
PSD_00001264,DermNet,DermNet,train,original,Psoriasis,psoriasis-palms-soles-134.jpg,C:\Users\manis\Desktop\Final_Year_Project\PapuloNet\datasets\dermnet\train\Psoriasis pictures Lichen Planus and related diseases\psoriasis-palms-soles-134.jpg,Psoriasis,False,UNIQUE,PASS,PSD_00001264.jpg,224,224
PSD_00001265,DermNet,DermNet,train,original,Psoriasis,psoriasis-palms-soles-135.jpg,C:\Users\manis\Desktop\Final_Year_Project\PapuloNet\datasets\dermnet\train\Psoriasis pictures Lichen Planus and related diseases\psoriasis-palms-soles-135.jpg,Psoriasis,False,UNIQUE,PASS,PSD_00001265.jpg,224,224
PSD_00001266,DermNet,DermNet,train,original,Psoriasis,psoriasis-palms-soles-137.jpg,C:\Users\manis\Desktop\Final_Year_Project\PapuloNet\datasets\dermnet\train\Psoriasis pictures Lichen Planus and related diseases\psoriasis-palms-soles-137.jpg,Psoriasis,False,DUPLICATE_OF:PSD_00001101,PENDING,,,
PSD_00001267,DermNet,DermNet,train,original,Psoriasis,psoriasis-palms-soles-138.jpg,C:\Users\manis\Desktop\Final_Year_Project\PapuloNet\datasets\dermnet\train\Psoriasis pictures Lichen Planus and related diseases\psoriasis-palms-soles-138.jpg,Psoriasis,False,DUPLICATE_OF:PSD_00001257,PENDING,,,
PSD_00001268,DermNet,DermNet,train,original,Psoriasis,psoriasis-palms-soles-139.jpg,C:\Users\manis\Desktop\Final_Year_Project\PapuloNet\datasets\dermnet\train\Psoriasis pictures Lichen Planus and related diseases\psoriasis-palms-soles-139.jpg,Psoriasis,False,UNIQUE,PASS,PSD_00001268.jpg,224,224
PSD_00001269,DermNet,DermNet,train,original,Psoriasis,psoriasis-palms-soles-141.jpg,C:\Users\manis\Desktop\Final_Year_Project\PapuloNet\datasets\dermnet\train\Psoriasis pictures Lichen Planus and related diseases\psoriasis-palms-soles-141.jpg,Psoriasis,False,UNIQUE,PASS,PSD_00001269.jpg,224,224
PSD_00001270,DermNet,DermNet,train,original,Psoriasis,psoriasis-palms-soles-143.jpg,C:\Users\manis\Desktop\Final_Year_Project\PapuloNet\datasets\dermnet\train\Psoriasis pictures Lichen Planus and related diseases\psoriasis-palms-soles-143.jpg,Psoriasis,False,UNIQUE,PASS,PSD_00001270.jpg,224,224
PSD_00001271,DermNet,DermNet,train,original,Psoriasis,psoriasis-palms-soles-144.jpg,C:\Users\manis\Desktop\Final_Year_Project\PapuloNet\datasets\dermnet\train\Psoriasis pictures Lichen Planus and related diseases\psoriasis-palms-soles-144.jpg,Psoriasis,False,UNIQUE,PASS,PSD_00001271.jpg,224,224
PSD_00001272,DermNet,DermNet,train,original,Psoriasis,psoriasis-palms-soles-145.jpg,C:\Users\manis\Desktop\Final_Year_Project\PapuloNet\datasets\dermnet\train\Psoriasis pictures Lichen Planus and related diseases\psoriasis-palms-soles-145.jpg,Psoriasis,False,UNIQUE,PASS,PSD_00001272.jpg,224,224
PSD_00001273,DermNet,DermNet,train,original,Psoriasis,psoriasis-palms-soles-146.jpg,C:\Users\manis\Desktop\Final_Year_Project\PapuloNet\datasets\dermnet\train\Psoriasis pictures Lichen Planus and related diseases\psoriasis-palms-soles-146.jpg,Psoriasis,False,UNIQUE,PASS,PSD_00001273.jpg,224,224
PSD_00001274,DermNet,DermNet,train,original,Psoriasis,psoriasis-palms-soles-148.jpg,C:\Users\manis\Desktop\Final_Year_Project\PapuloNet\datasets\dermnet\train\Psoriasis pictures Lichen Planus and related diseases\psoriasis-palms-soles-148.jpg,Psoriasis,False,UNIQUE,PASS,PSD_00001274.jpg,224,224
PSD_00001275,DermNet,DermNet,train,original,Psoriasis,psoriasis-palms-soles-149.jpg,C:\Users\manis\Desktop\Final_Year_Project\PapuloNet\datasets\dermnet\train\Psoriasis pictures Lichen Planus and related diseases\psoriasis-palms-soles-149.jpg,Psoriasis,False,UNIQUE,PASS,PSD_00001275.jpg,224,224
PSD_00001276,DermNet,DermNet,train,original,Psoriasis,psoriasis-palms-soles-15.jpg,C:\Users\manis\Desktop\Final_Year_Project\PapuloNet\datasets\dermnet\train\Psoriasis pictures Lichen Planus and related diseases\psoriasis-palms-soles-15.jpg,Psoriasis,False,UNIQUE,PASS,PSD_00001276.jpg,224,224
PSD_00001277,DermNet,DermNet,train,original,Psoriasis,psoriasis-palms-soles-150.jpg,C:\Users\manis\Desktop\Final_Year_Project\PapuloNet\datasets\dermnet\train\Psoriasis pictures Lichen Planus and related diseases\psoriasis-palms-soles-150.jpg,Psoriasis,False,UNIQUE,PASS,PSD_00001277.jpg,224,224
PSD_00001278,DermNet,DermNet,train,original,Psoriasis,psoriasis-palms-soles-151.jpg,C:\Users\manis\Desktop\Final_Year_Project\PapuloNet\datasets\dermnet\train\Psoriasis pictures Lichen Planus and related diseases\psoriasis-palms-soles-151.jpg,Psoriasis,False,UNIQUE,PASS,PSD_00001278.jpg,224,224
PSD_00001279,DermNet,DermNet,train,original,Psoriasis,psoriasis-palms-soles-152.jpg,C:\Users\manis\Desktop\Final_Year_Project\PapuloNet\datasets\dermnet\train\Psoriasis pictures Lichen Planus and related diseases\psoriasis-palms-soles-152.jpg,Psoriasis,False,UNIQUE,PASS,PSD_00001279.jpg,224,224
PSD_00001280,DermNet,DermNet,train,original,Psoriasis,psoriasis-palms-soles-154.jpg,C:\Users\manis\Desktop\Final_Year_Project\PapuloNet\datasets\dermnet\train\Psoriasis pictures Lichen Planus and related diseases\psoriasis-palms-soles-154.jpg,Psoriasis,False,UNIQUE,PASS,PSD_00001280.jpg,224,224
PSD_00001281,DermNet,DermNet,train,original,Psoriasis,psoriasis-palms-soles-155.jpg,C:\Users\manis\Desktop\Final_Year_Project\PapuloNet\datasets\dermnet\train\Psoriasis pictures Lichen Planus and related diseases\psoriasis-palms-soles-155.jpg,Psoriasis,False,UNIQUE,PASS,PSD_00001281.jpg,224,224
PSD_00001282,DermNet,DermNet,train,original,Psoriasis,psoriasis-palms-soles-156.jpg,C:\Users\manis\Desktop\Final_Year_Project\PapuloNet\datasets\dermnet\train\Psoriasis pictures Lichen Planus and related diseases\psoriasis-palms-soles-156.jpg,Psoriasis,False,UNIQUE,PASS,PSD_00001282.jpg,224,224
PSD_00001283,DermNet,DermNet,train,original,Psoriasis,psoriasis-palms-soles-157.jpg,C:\Users\manis\Desktop\Final_Year_Project\PapuloNet\datasets\dermnet\train\Psoriasis pictures Lichen Planus and related diseases\psoriasis-palms-soles-157.jpg,Psoriasis,False,UNIQUE,PASS,PSD_00001283.jpg,224,224
PSD_00001284,DermNet,DermNet,train,original,Psoriasis,psoriasis-palms-soles-158.jpg,C:\Users\manis\Desktop\Final_Year_Project\PapuloNet\datasets\dermnet\train\Psoriasis pictures Lichen Planus and related diseases\psoriasis-palms-soles-158.jpg,Psoriasis,False,UNIQUE,PASS,PSD_00001284.jpg,224,224
PSD_00001285,DermNet,DermNet,train,original,Psoriasis,psoriasis-palms-soles-159.jpg,C:\Users\manis\Desktop\Final_Year_Project\PapuloNet\datasets\dermnet\train\Psoriasis pictures Lichen Planus and related diseases\psoriasis-palms-soles-159.jpg,Psoriasis,False,UNIQUE,PASS,PSD_00001285.jpg,224,224
PSD_00001286,DermNet,DermNet,train,original,Psoriasis,psoriasis-palms-soles-16.jpg,C:\Users\manis\Desktop\Final_Year_Project\PapuloNet\datasets\dermnet\train\Psoriasis pictures Lichen Planus and related diseases\psoriasis-palms-soles-16.jpg,Psoriasis,False,UNIQUE,PASS,PSD_00001286.jpg,224,224
PSD_00001287,DermNet,DermNet,train,original,Psoriasis,psoriasis-palms-soles-160.jpg,C:\Users\manis\Desktop\Final_Year_Project\PapuloNet\datasets\dermnet\train\Psoriasis pictures Lichen Planus and related diseases\psoriasis-palms-soles-160.jpg,Psoriasis,False,UNIQUE,PASS,PSD_00001287.jpg,224,224
PSD_00001288,DermNet,DermNet,train,original,Psoriasis,psoriasis-palms-soles-161.jpg,C:\Users\manis\Desktop\Final_Year_Project\PapuloNet\datasets\dermnet\train\Psoriasis pictures Lichen Planus and related diseases\psoriasis-palms-soles-161.jpg,Psoriasis,False,UNIQUE,PASS,PSD_00001288.jpg,224,224
PSD_00001289,DermNet,DermNet,train,original,Psoriasis,psoriasis-palms-soles-162.jpg,C:\Users\manis\Desktop\Final_Year_Project\PapuloNet\datasets\dermnet\train\Psoriasis pictures Lichen Planus and related diseases\psoriasis-palms-soles-162.jpg,Psoriasis,False,UNIQUE,PASS,PSD_00001289.jpg,224,224
PSD_00001290,DermNet,DermNet,train,original,Psoriasis,psoriasis-palms-soles-163.jpg,C:\Users\manis\Desktop\Final_Year_Project\PapuloNet\datasets\dermnet\train\Psoriasis pictures Lichen Planus and related diseases\psoriasis-palms-soles-163.jpg,Psoriasis,False,UNIQUE,PASS,PSD_00001290.jpg,224,224
PSD_00001291,DermNet,DermNet,train,original,Psoriasis,psoriasis-palms-soles-165.jpg,C:\Users\manis\Desktop\Final_Year_Project\PapuloNet\datasets\dermnet\train\Psoriasis pictures Lichen Planus and related diseases\psoriasis-palms-soles-165.jpg,Psoriasis,False,UNIQUE,PASS,PSD_00001291.jpg,224,224
PSD_00001292,DermNet,DermNet,train,original,Psoriasis,psoriasis-palms-soles-166.jpg,C:\Users\manis\Desktop\Final_Year_Project\PapuloNet\datasets\dermnet\train\Psoriasis pictures Lichen Planus and related diseases\psoriasis-palms-soles-166.jpg,Psoriasis,False,UNIQUE,PASS,PSD_00001292.jpg,224,224
PSD_00001293,DermNet,DermNet,train,original,Psoriasis,psoriasis-palms-soles-167.jpg,C:\Users\manis\Desktop\Final_Year_Project\PapuloNet\datasets\dermnet\train\Psoriasis pictures Lichen Planus and related diseases\psoriasis-palms-soles-167.jpg,Psoriasis,False,UNIQUE,PASS,PSD_00001293.jpg,224,224
PSD_00001294,DermNet,DermNet,train,original,Psoriasis,psoriasis-palms-soles-168.jpg,C:\Users\manis\Desktop\Final_Year_Project\PapuloNet\datasets\dermnet\train\Psoriasis pictures Lichen Planus and related diseases\psoriasis-palms-soles-168.jpg,Psoriasis,False,UNIQUE,PASS,PSD_00001294.jpg,224,224
PSD_00001295,DermNet,DermNet,train,original,Psoriasis,psoriasis-palms-soles-17.jpg,C:\Users\manis\Desktop\Final_Year_Project\PapuloNet\datasets\dermnet\train\Psoriasis pictures Lichen Planus and related diseases\psoriasis-palms-soles-17.jpg,Psoriasis,False,UNIQUE,PASS,PSD_00001295.jpg,224,224
PSD_00001296,DermNet,DermNet,train,original,Psoriasis,psoriasis-palms-soles-170.jpg,C:\Users\manis\Desktop\Final_Year_Project\PapuloNet\datasets\dermnet\train\Psoriasis pictures Lichen Planus and related diseases\psoriasis-palms-soles-170.jpg,Psoriasis,False,UNIQUE,PASS,PSD_00001296.jpg,224,224
PSD_00001297,DermNet,DermNet,train,original,Psoriasis,psoriasis-palms-soles-171.jpg,C:\Users\manis\Desktop\Final_Year_Project\PapuloNet\datasets\dermnet\train\Psoriasis pictures Lichen Planus and related diseases\psoriasis-palms-soles-171.jpg,Psoriasis,False,UNIQUE,PASS,PSD_00001297.jpg,224,224
PSD_00001298,DermNet,DermNet,train,original,Psoriasis,psoriasis-palms-soles-172.jpg,C:\Users\manis\Desktop\Final_Year_Project\PapuloNet\datasets\dermnet\train\Psoriasis pictures Lichen Planus and related diseases\psoriasis-palms-soles-172.jpg,Psoriasis,False,UNIQUE,PASS,PSD_00001298.jpg,224,224
PSD_00001299,DermNet,DermNet,train,original,Psoriasis,psoriasis-palms-soles-173.jpg,C:\Users\manis\Desktop\Final_Year_Project\PapuloNet\datasets\dermnet\train\Psoriasis pictures Lichen Planus and related diseases\psoriasis-palms-soles-173.jpg,Psoriasis,False,UNIQUE,PASS,PSD_00001299.jpg,224,224
PSD_00001300,DermNet,DermNet,train,original,Psoriasis,psoriasis-palms-soles-174.jpg,C:\Users\manis\Desktop\Final_Year_Project\PapuloNet\datasets\dermnet\train\Psoriasis pictures Lichen Planus and related diseases\psoriasis-palms-soles-174.jpg,Psoriasis,False,UNIQUE,PASS,PSD_00001300.jpg,224,224
PSD_00001301,DermNet,DermNet,train,original,Psoriasis,psoriasis-palms-soles-175.jpg,C:\Users\manis\Desktop\Final_Year_Project\PapuloNet\datasets\dermnet\train\Psoriasis pictures Lichen Planus and related diseases\psoriasis-palms-soles-175.jpg,Psoriasis,False,UNIQUE,PASS,PSD_00001301.jpg,224,224
PSD_00001302,DermNet,DermNet,train,original,Psoriasis,psoriasis-palms-soles-176.jpg,C:\Users\manis\Desktop\Final_Year_Project\PapuloNet\datasets\dermnet\train\Psoriasis pictures Lichen Planus and related diseases\psoriasis-palms-soles-176.jpg,Psoriasis,False,UNIQUE,PASS,PSD_00001302.jpg,224,224
PSD_00001303,DermNet,DermNet,train,original,Psoriasis,psoriasis-palms-soles-178.jpg,C:\Users\manis\Desktop\Final_Year_Project\PapuloNet\datasets\dermnet\train\Psoriasis pictures Lichen Planus and related diseases\psoriasis-palms-soles-178.jpg,Psoriasis,False,UNIQUE,PASS,PSD_00001303.jpg,224,224
PSD_00001304,DermNet,DermNet,train,original,Psoriasis,psoriasis-palms-soles-179.jpg,C:\Users\manis\Desktop\Final_Year_Project\PapuloNet\datasets\dermnet\train\Psoriasis pictures Lichen Planus and related diseases\psoriasis-palms-soles-179.jpg,Psoriasis,False,UNIQUE,PASS,PSD_00001304.jpg,224,224
PSD_00001305,DermNet,DermNet,train,original,Psoriasis,psoriasis-palms-soles-18.jpg,C:\Users\manis\Desktop\Final_Year_Project\PapuloNet\datasets\dermnet\train\Psoriasis pictures Lichen Planus and related diseases\psoriasis-palms-soles-18.jpg,Psoriasis,False,UNIQUE,PASS,PSD_00001305.jpg,224,224
PSD_00001306,DermNet,DermNet,train,original,Psoriasis,psoriasis-palms-soles-180.jpg,C:\Users\manis\Desktop\Final_Year_Project\PapuloNet\datasets\dermnet\train\Psoriasis pictures Lichen Planus and related diseases\psoriasis-palms-soles-180.jpg,Psoriasis,False,UNIQUE,PASS,PSD_00001306.jpg,224,224
PSD_00001307,DermNet,DermNet,train,original,Psoriasis,psoriasis-palms-soles-181.jpg,C:\Users\manis\Desktop\Final_Year_Project\PapuloNet\datasets\dermnet\train\Psoriasis pictures Lichen Planus and related diseases\psoriasis-palms-soles-181.jpg,Psoriasis,False,UNIQUE,PASS,PSD_00001307.jpg,224,224
PSD_00001308,DermNet,DermNet,train,original,Psoriasis,psoriasis-palms-soles-182.jpg,C:\Users\manis\Desktop\Final_Year_Project\PapuloNet\datasets\dermnet\train\Psoriasis pictures Lichen Planus and related diseases\psoriasis-palms-soles-182.jpg,Psoriasis,False,UNIQUE,PASS,PSD_00001308.jpg,224,224
PSD_00001309,DermNet,DermNet,train,original,Psoriasis,psoriasis-palms-soles-183.jpg,C:\Users\manis\Desktop\Final_Year_Project\PapuloNet\datasets\dermnet\train\Psoriasis pictures Lichen Planus and related diseases\psoriasis-palms-soles-183.jpg,Psoriasis,False,UNIQUE,PASS,PSD_00001309.jpg,224,224
PSD_00001310,DermNet,DermNet,train,original,Psoriasis,psoriasis-palms-soles-184.jpg,C:\Users\manis\Desktop\Final_Year_Project\PapuloNet\datasets\dermnet\train\Psoriasis pictures Lichen Planus and related diseases\psoriasis-palms-soles-184.jpg,Psoriasis,False,UNIQUE,PASS,PSD_00001310.jpg,224,224
PSD_00001311,DermNet,DermNet,train,original,Psoriasis,psoriasis-palms-soles-186.jpg,C:\Users\manis\Desktop\Final_Year_Project\PapuloNet\datasets\dermnet\train\Psoriasis pictures Lichen Planus and related diseases\psoriasis-palms-soles-186.jpg,Psoriasis,False,UNIQUE,PASS,PSD_00001311.jpg,224,224
PSD_00001312,DermNet,DermNet,train,original,Psoriasis,psoriasis-palms-soles-187.jpg,C:\Users\manis\Desktop\Final_Year_Project\PapuloNet\datasets\dermnet\train\Psoriasis pictures Lichen Planus and related diseases\psoriasis-palms-soles-187.jpg,Psoriasis,False,UNIQUE,PASS,PSD_00001312.jpg,224,224
PSD_00001313,DermNet,DermNet,train,original,Psoriasis,psoriasis-palms-soles-188.jpg,C:\Users\manis\Desktop\Final_Year_Project\PapuloNet\datasets\dermnet\train\Psoriasis pictures Lichen Planus and related diseases\psoriasis-palms-soles-188.jpg,Psoriasis,False,UNIQUE,PASS,PSD_00001313.jpg,224,224
PSD_00001314,DermNet,DermNet,train,original,Psoriasis,psoriasis-palms-soles-189.jpg,C:\Users\manis\Desktop\Final_Year_Project\PapuloNet\datasets\dermnet\train\Psoriasis pictures Lichen Planus and related diseases\psoriasis-palms-soles-189.jpg,Psoriasis,False,UNIQUE,PASS,PSD_00001314.jpg,224,224
PSD_00001315,DermNet,DermNet,train,original,Psoriasis,psoriasis-palms-soles-19.jpg,C:\Users\manis\Desktop\Final_Year_Project\PapuloNet\datasets\dermnet\train\Psoriasis pictures Lichen Planus and related diseases\psoriasis-palms-soles-19.jpg,Psoriasis,False,UNIQUE,PASS,PSD_00001315.jpg,224,224
PSD_00001316,DermNet,DermNet,train,original,Psoriasis,psoriasis-palms-soles-190.jpg,C:\Users\manis\Desktop\Final_Year_Project\PapuloNet\datasets\dermnet\train\Psoriasis pictures Lichen Planus and related diseases\psoriasis-palms-soles-190.jpg,Psoriasis,False,UNIQUE,PASS,PSD_00001316.jpg,224,224
PSD_00001317,DermNet,DermNet,train,original,Psoriasis,psoriasis-palms-soles-191.jpg,C:\Users\manis\Desktop\Final_Year_Project\PapuloNet\datasets\dermnet\train\Psoriasis pictures Lichen Planus and related diseases\psoriasis-palms-soles-191.jpg,Psoriasis,False,UNIQUE,PASS,PSD_00001317.jpg,224,224
PSD_00001318,DermNet,DermNet,train,original,Psoriasis,psoriasis-palms-soles-192.jpg,C:\Users\manis\Desktop\Final_Year_Project\PapuloNet\datasets\dermnet\train\Psoriasis pictures Lichen Planus and related diseases\psoriasis-palms-soles-192.jpg,Psoriasis,False,UNIQUE,PASS,PSD_00001318.jpg,224,224
PSD_00001319,DermNet,DermNet,train,original,Psoriasis,psoriasis-palms-soles-194.jpg,C:\Users\manis\Desktop\Final_Year_Project\PapuloNet\datasets\dermnet\train\Psoriasis pictures Lichen Planus and related diseases\psoriasis-palms-soles-194.jpg,Psoriasis,False,UNIQUE,PASS,PSD_00001319.jpg,224,224
PSD_00001320,DermNet,DermNet,train,original,Psoriasis,psoriasis-palms-soles-195.jpg,C:\Users\manis\Desktop\Final_Year_Project\PapuloNet\datasets\dermnet\train\Psoriasis pictures Lichen Planus and related diseases\psoriasis-palms-soles-195.jpg,Psoriasis,False,UNIQUE,PASS,PSD_00001320.jpg,224,224
PSD_00001321,DermNet,DermNet,train,original,Psoriasis,psoriasis-palms-soles-196.jpg,C:\Users\manis\Desktop\Final_Year_Project\PapuloNet\datasets\dermnet\train\Psoriasis pictures Lichen Planus and related diseases\psoriasis-palms-soles-196.jpg,Psoriasis,False,UNIQUE,PASS,PSD_00001321.jpg,224,224
PSD_00001322,DermNet,DermNet,train,original,Psoriasis,psoriasis-palms-soles-197.jpg,C:\Users\manis\Desktop\Final_Year_Project\PapuloNet\datasets\dermnet\train\Psoriasis pictures Lichen Planus and related diseases\psoriasis-palms-soles-197.jpg,Psoriasis,False,UNIQUE,FAIL: blur variance 89.1 below threshold 100.0,,,
PSD_00001323,DermNet,DermNet,train,original,Psoriasis,psoriasis-palms-soles-79.jpg,C:\Users\manis\Desktop\Final_Year_Project\PapuloNet\datasets\dermnet\train\Psoriasis pictures Lichen Planus and related diseases\psoriasis-palms-soles-79.jpg,Psoriasis,False,UNIQUE,PASS,PSD_00001323.jpg,224,224
PSD_00001324,DermNet,DermNet,train,original,Psoriasis,psoriasis-palms-soles-8.jpg,C:\Users\manis\Desktop\Final_Year_Project\PapuloNet\datasets\dermnet\train\Psoriasis pictures Lichen Planus and related diseases\psoriasis-palms-soles-8.jpg,Psoriasis,False,UNIQUE,PASS,PSD_00001324.jpg,224,224
PSD_00001325,DermNet,DermNet,train,original,Psoriasis,psoriasis-palms-soles-80.jpg,C:\Users\manis\Desktop\Final_Year_Project\PapuloNet\datasets\dermnet\train\Psoriasis pictures Lichen Planus and related diseases\psoriasis-palms-soles-80.jpg,Psoriasis,False,DUPLICATE_OF:PSD_00001323,PENDING,,,
PSD_00001326,DermNet,DermNet,train,original,Psoriasis,psoriasis-palms-soles-82.jpg,C:\Users\manis\Desktop\Final_Year_Project\PapuloNet\datasets\dermnet\train\Psoriasis pictures Lichen Planus and related diseases\psoriasis-palms-soles-82.jpg,Psoriasis,False,UNIQUE,PASS,PSD_00001326.jpg,224,224
PSD_00001327,DermNet,DermNet,train,original,Psoriasis,psoriasis-palms-soles-83.jpg,C:\Users\manis\Desktop\Final_Year_Project\PapuloNet\datasets\dermnet\train\Psoriasis pictures Lichen Planus and related diseases\psoriasis-palms-soles-83.jpg,Psoriasis,False,UNIQUE,PASS,PSD_00001327.jpg,224,224
PSD_00001328,DermNet,DermNet,train,original,Psoriasis,psoriasis-palms-soles-84.jpg,C:\Users\manis\Desktop\Final_Year_Project\PapuloNet\datasets\dermnet\train\Psoriasis pictures Lichen Planus and related diseases\psoriasis-palms-soles-84.jpg,Psoriasis,False,UNIQUE,PASS,PSD_00001328.jpg,224,224
PSD_00001329,DermNet,DermNet,train,original,Psoriasis,psoriasis-palms-soles-85.jpg,C:\Users\manis\Desktop\Final_Year_Project\PapuloNet\datasets\dermnet\train\Psoriasis pictures Lichen Planus and related diseases\psoriasis-palms-soles-85.jpg,Psoriasis,False,UNIQUE,PASS,PSD_00001329.jpg,224,224
PSD_00001330,DermNet,DermNet,train,original,Psoriasis,psoriasis-palms-soles-89.jpg,C:\Users\manis\Desktop\Final_Year_Project\PapuloNet\datasets\dermnet\train\Psoriasis pictures Lichen Planus and related diseases\psoriasis-palms-soles-89.jpg,Psoriasis,False,UNIQUE,PASS,PSD_00001330.jpg,224,224
PSD_00001331,DermNet,DermNet,train,original,Psoriasis,psoriasis-palms-soles-90.jpg,C:\Users\manis\Desktop\Final_Year_Project\PapuloNet\datasets\dermnet\train\Psoriasis pictures Lichen Planus and related diseases\psoriasis-palms-soles-90.jpg,Psoriasis,False,UNIQUE,PASS,PSD_00001331.jpg,224,224
PSD_00001332,DermNet,DermNet,train,original,Psoriasis,psoriasis-palms-soles-91.jpg,C:\Users\manis\Desktop\Final_Year_Project\PapuloNet\datasets\dermnet\train\Psoriasis pictures Lichen Planus and related diseases\psoriasis-palms-soles-91.jpg,Psoriasis,False,DUPLICATE_OF:PSD_00001331,PENDING,,,
PSD_00001333,DermNet,DermNet,train,original,Psoriasis,psoriasis-palms-soles-92.jpg,C:\Users\manis\Desktop\Final_Year_Project\PapuloNet\datasets\dermnet\train\Psoriasis pictures Lichen Planus and related diseases\psoriasis-palms-soles-92.jpg,Psoriasis,False,UNIQUE,PASS,PSD_00001333.jpg,224,224
PSD_00001334,DermNet,DermNet,train,original,Psoriasis,psoriasis-palms-soles-93.jpg,C:\Users\manis\Desktop\Final_Year_Project\PapuloNet\datasets\dermnet\train\Psoriasis pictures Lichen Planus and related diseases\psoriasis-palms-soles-93.jpg,Psoriasis,False,UNIQUE,PASS,PSD_00001334.jpg,224,224
PSD_00001335,DermNet,DermNet,train,original,Psoriasis,psoriasis-palms-soles-94.jpg,C:\Users\manis\Desktop\Final_Year_Project\PapuloNet\datasets\dermnet\train\Psoriasis pictures Lichen Planus and related diseases\psoriasis-palms-soles-94.jpg,Psoriasis,False,UNIQUE,PASS,PSD_00001335.jpg,224,224
PSD_00001336,DermNet,DermNet,train,original,Psoriasis,psoriasis-palms-soles-96.jpg,C:\Users\manis\Desktop\Final_Year_Project\PapuloNet\datasets\dermnet\train\Psoriasis pictures Lichen Planus and related diseases\psoriasis-palms-soles-96.jpg,Psoriasis,False,UNIQUE,PASS,PSD_00001336.jpg,224,224
PSD_00001337,DermNet,DermNet,train,original,Psoriasis,psoriasis-palms-soles-97.jpg,C:\Users\manis\Desktop\Final_Year_Project\PapuloNet\datasets\dermnet\train\Psoriasis pictures Lichen Planus and related diseases\psoriasis-palms-soles-97.jpg,Psoriasis,False,UNIQUE,PASS,PSD_00001337.jpg,224,224
PSD_00001338,DermNet,DermNet,train,original,Psoriasis,psoriasis-palms-soles-98.jpg,C:\Users\manis\Desktop\Final_Year_Project\PapuloNet\datasets\dermnet\train\Psoriasis pictures Lichen Planus and related diseases\psoriasis-palms-soles-98.jpg,Psoriasis,False,UNIQUE,PASS,PSD_00001338.jpg,224,224
PSD_00001339,DermNet,DermNet,train,original,Psoriasis,psoriasis-palms-soles-99.jpg,C:\Users\manis\Desktop\Final_Year_Project\PapuloNet\datasets\dermnet\train\Psoriasis pictures Lichen Planus and related diseases\psoriasis-palms-soles-99.jpg,Psoriasis,False,UNIQUE,PASS,PSD_00001339.jpg,224,224
PSD_00001340,DermNet,DermNet,train,original,Psoriasis,Psoriasis-penis-1.jpg,C:\Users\manis\Desktop\Final_Year_Project\PapuloNet\datasets\dermnet\train\Psoriasis pictures Lichen Planus and related diseases\Psoriasis-penis-1.jpg,Psoriasis,False,UNIQUE,PASS,PSD_00001340.jpg,224,224
PSD_00001341,DermNet,DermNet,train,original,Psoriasis,Psoriasis-penis-10.jpg,C:\Users\manis\Desktop\Final_Year_Project\PapuloNet\datasets\dermnet\train\Psoriasis pictures Lichen Planus and related diseases\Psoriasis-penis-10.jpg,Psoriasis,False,UNIQUE,PASS,PSD_00001341.jpg,224,224
PSD_00001342,DermNet,DermNet,train,original,Psoriasis,Psoriasis-penis-11.jpg,C:\Users\manis\Desktop\Final_Year_Project\PapuloNet\datasets\dermnet\train\Psoriasis pictures Lichen Planus and related diseases\Psoriasis-penis-11.jpg,Psoriasis,False,UNIQUE,PASS,PSD_00001342.jpg,224,224
PSD_00001343,DermNet,DermNet,train,original,Psoriasis,Psoriasis-penis-14.jpg,C:\Users\manis\Desktop\Final_Year_Project\PapuloNet\datasets\dermnet\train\Psoriasis pictures Lichen Planus and related diseases\Psoriasis-penis-14.jpg,Psoriasis,False,UNIQUE,PASS,PSD_00001343.jpg,224,224
PSD_00001344,DermNet,DermNet,train,original,Psoriasis,Psoriasis-penis-15.jpg,C:\Users\manis\Desktop\Final_Year_Project\PapuloNet\datasets\dermnet\train\Psoriasis pictures Lichen Planus and related diseases\Psoriasis-penis-15.jpg,Psoriasis,False,UNIQUE,PASS,PSD_00001344.jpg,224,224
PSD_00001345,DermNet,DermNet,train,original,Psoriasis,Psoriasis-penis-16.jpg,C:\Users\manis\Desktop\Final_Year_Project\PapuloNet\datasets\dermnet\train\Psoriasis pictures Lichen Planus and related diseases\Psoriasis-penis-16.jpg,Psoriasis,False,UNIQUE,PASS,PSD_00001345.jpg,224,224
PSD_00001346,DermNet,DermNet,train,original,Psoriasis,Psoriasis-penis-18.jpg,C:\Users\manis\Desktop\Final_Year_Project\PapuloNet\datasets\dermnet\train\Psoriasis pictures Lichen Planus and related diseases\Psoriasis-penis-18.jpg,Psoriasis,False,UNIQUE,PASS,PSD_00001346.jpg,224,224
PSD_00001347,DermNet,DermNet,train,original,Psoriasis,Psoriasis-penis-19.jpg,C:\Users\manis\Desktop\Final_Year_Project\PapuloNet\datasets\dermnet\train\Psoriasis pictures Lichen Planus and related diseases\Psoriasis-penis-19.jpg,Psoriasis,False,UNIQUE,PASS,PSD_00001347.jpg,224,224
PSD_00001348,DermNet,DermNet,train,original,Psoriasis,Psoriasis-penis-2.jpg,C:\Users\manis\Desktop\Final_Year_Project\PapuloNet\datasets\dermnet\train\Psoriasis pictures Lichen Planus and related diseases\Psoriasis-penis-2.jpg,Psoriasis,False,UNIQUE,PASS,PSD_00001348.jpg,224,224
PSD_00001349,DermNet,DermNet,train,original,Psoriasis,Psoriasis-penis-20.jpg,C:\Users\manis\Desktop\Final_Year_Project\PapuloNet\datasets\dermnet\train\Psoriasis pictures Lichen Planus and related diseases\Psoriasis-penis-20.jpg,Psoriasis,False,UNIQUE,PASS,PSD_00001349.jpg,224,224
PSD_00001350,DermNet,DermNet,train,original,Psoriasis,Psoriasis-penis-21.jpg,C:\Users\manis\Desktop\Final_Year_Project\PapuloNet\datasets\dermnet\train\Psoriasis pictures Lichen Planus and related diseases\Psoriasis-penis-21.jpg,Psoriasis,False,UNIQUE,PASS,PSD_00001350.jpg,224,224
PSD_00001351,DermNet,DermNet,train,original,Psoriasis,Psoriasis-penis-22.jpg,C:\Users\manis\Desktop\Final_Year_Project\PapuloNet\datasets\dermnet\train\Psoriasis pictures Lichen Planus and related diseases\Psoriasis-penis-22.jpg,Psoriasis,False,UNIQUE,PASS,PSD_00001351.jpg,224,224
PSD_00001352,DermNet,DermNet,train,original,Psoriasis,Psoriasis-penis-23.jpg,C:\Users\manis\Desktop\Final_Year_Project\PapuloNet\datasets\dermnet\train\Psoriasis pictures Lichen Planus and related diseases\Psoriasis-penis-23.jpg,Psoriasis,False,UNIQUE,PASS,PSD_00001352.jpg,224,224
PSD_00001353,DermNet,DermNet,train,original,Psoriasis,Psoriasis-penis-24.jpg,C:\Users\manis\Desktop\Final_Year_Project\PapuloNet\datasets\dermnet\train\Psoriasis pictures Lichen Planus and related diseases\Psoriasis-penis-24.jpg,Psoriasis,False,UNIQUE,PASS,PSD_00001353.jpg,224,224
PSD_00001354,DermNet,DermNet,train,original,Psoriasis,Psoriasis-penis-25.jpg,C:\Users\manis\Desktop\Final_Year_Project\PapuloNet\datasets\dermnet\train\Psoriasis pictures Lichen Planus and related diseases\Psoriasis-penis-25.jpg,Psoriasis,False,DUPLICATE_OF:PSD_00001349,PENDING,,,
PSD_00001355,DermNet,DermNet,train,original,Psoriasis,Psoriasis-penis-27.jpg,C:\Users\manis\Desktop\Final_Year_Project\PapuloNet\datasets\dermnet\train\Psoriasis pictures Lichen Planus and related diseases\Psoriasis-penis-27.jpg,Psoriasis,False,UNIQUE,PASS,PSD_00001355.jpg,224,224
PSD_00001356,DermNet,DermNet,train,original,Psoriasis,Psoriasis-penis-28.jpg,C:\Users\manis\Desktop\Final_Year_Project\PapuloNet\datasets\dermnet\train\Psoriasis pictures Lichen Planus and related diseases\Psoriasis-penis-28.jpg,Psoriasis,False,UNIQUE,PASS,PSD_00001356.jpg,224,224
PSD_00001357,DermNet,DermNet,train,original,Psoriasis,Psoriasis-penis-29.jpg,C:\Users\manis\Desktop\Final_Year_Project\PapuloNet\datasets\dermnet\train\Psoriasis pictures Lichen Planus and related diseases\Psoriasis-penis-29.jpg,Psoriasis,False,UNIQUE,PASS,PSD_00001357.jpg,224,224
PSD_00001358,DermNet,DermNet,train,original,Psoriasis,Psoriasis-penis-3.jpg,C:\Users\manis\Desktop\Final_Year_Project\PapuloNet\datasets\dermnet\train\Psoriasis pictures Lichen Planus and related diseases\Psoriasis-penis-3.jpg,Psoriasis,False,UNIQUE,PASS,PSD_00001358.jpg,224,224
PSD_00001359,DermNet,DermNet,train,original,Psoriasis,Psoriasis-penis-5.jpg,C:\Users\manis\Desktop\Final_Year_Project\PapuloNet\datasets\dermnet\train\Psoriasis pictures Lichen Planus and related diseases\Psoriasis-penis-5.jpg,Psoriasis,False,UNIQUE,PASS,PSD_00001359.jpg,224,224
PSD_00001360,DermNet,DermNet,train,original,Psoriasis,Psoriasis-penis-6.jpg,C:\Users\manis\Desktop\Final_Year_Project\PapuloNet\datasets\dermnet\train\Psoriasis pictures Lichen Planus and related diseases\Psoriasis-penis-6.jpg,Psoriasis,False,UNIQUE,PASS,PSD_00001360.jpg,224,224
PSD_00001361,DermNet,DermNet,train,original,Psoriasis,Psoriasis-penis-7.jpg,C:\Users\manis\Desktop\Final_Year_Project\PapuloNet\datasets\dermnet\train\Psoriasis pictures Lichen Planus and related diseases\Psoriasis-penis-7.jpg,Psoriasis,False,UNIQUE,PASS,PSD_00001361.jpg,224,224
PSD_00001362,DermNet,DermNet,train,original,Psoriasis,Psoriasis-penis-8.jpg,C:\Users\manis\Desktop\Final_Year_Project\PapuloNet\datasets\dermnet\train\Psoriasis pictures Lichen Planus and related diseases\Psoriasis-penis-8.jpg,Psoriasis,False,UNIQUE,PASS,PSD_00001362.jpg,224,224
PSD_00001363,DermNet,DermNet,train,original,Psoriasis,Psoriasis-penis-9.jpg,C:\Users\manis\Desktop\Final_Year_Project\PapuloNet\datasets\dermnet\train\Psoriasis pictures Lichen Planus and related diseases\Psoriasis-penis-9.jpg,Psoriasis,False,UNIQUE,PASS,PSD_00001363.jpg,224,224
PSD_00001364,DermNet,DermNet,train,original,Psoriasis,Psoriasis-Post-Ampicillian-060704.jpg,C:\Users\manis\Desktop\Final_Year_Project\PapuloNet\datasets\dermnet\train\Psoriasis pictures Lichen Planus and related diseases\Psoriasis-Post-Ampicillian-060704.jpg,Psoriasis,False,UNIQUE,PASS,PSD_00001364.jpg,224,224
PSD_00001365,DermNet,DermNet,train,original,Psoriasis,psoriasis-pustular-generalized-10.jpg,C:\Users\manis\Desktop\Final_Year_Project\PapuloNet\datasets\dermnet\train\Psoriasis pictures Lichen Planus and related diseases\psoriasis-pustular-generalized-10.jpg,Psoriasis,False,UNIQUE,PASS,PSD_00001365.jpg,224,224
PSD_00001366,DermNet,DermNet,train,original,Psoriasis,psoriasis-pustular-generalized-11.jpg,C:\Users\manis\Desktop\Final_Year_Project\PapuloNet\datasets\dermnet\train\Psoriasis pictures Lichen Planus and related diseases\psoriasis-pustular-generalized-11.jpg,Psoriasis,False,UNIQUE,PASS,PSD_00001366.jpg,224,224
PSD_00001367,DermNet,DermNet,train,original,Psoriasis,psoriasis-pustular-generalized-13.jpg,C:\Users\manis\Desktop\Final_Year_Project\PapuloNet\datasets\dermnet\train\Psoriasis pictures Lichen Planus and related diseases\psoriasis-pustular-generalized-13.jpg,Psoriasis,False,UNIQUE,PASS,PSD_00001367.jpg,224,224
PSD_00001368,DermNet,DermNet,train,original,Psoriasis,psoriasis-pustular-generalized-14.jpg,C:\Users\manis\Desktop\Final_Year_Project\PapuloNet\datasets\dermnet\train\Psoriasis pictures Lichen Planus and related diseases\psoriasis-pustular-generalized-14.jpg,Psoriasis,False,UNIQUE,PASS,PSD_00001368.jpg,224,224
PSD_00001369,DermNet,DermNet,train,original,Psoriasis,psoriasis-pustular-generalized-15.jpg,C:\Users\manis\Desktop\Final_Year_Project\PapuloNet\datasets\dermnet\train\Psoriasis pictures Lichen Planus and related diseases\psoriasis-pustular-generalized-15.jpg,Psoriasis,False,UNIQUE,PASS,PSD_00001369.jpg,224,224
PSD_00001370,DermNet,DermNet,train,original,Psoriasis,psoriasis-pustular-generalized-16.jpg,C:\Users\manis\Desktop\Final_Year_Project\PapuloNet\datasets\dermnet\train\Psoriasis pictures Lichen Planus and related diseases\psoriasis-pustular-generalized-16.jpg,Psoriasis,False,UNIQUE,PASS,PSD_00001370.jpg,224,224
PSD_00001371,DermNet,DermNet,train,original,Psoriasis,psoriasis-pustular-generalized-17.jpg,C:\Users\manis\Desktop\Final_Year_Project\PapuloNet\datasets\dermnet\train\Psoriasis pictures Lichen Planus and related diseases\psoriasis-pustular-generalized-17.jpg,Psoriasis,False,UNIQUE,PASS,PSD_00001371.jpg,224,224
PSD_00001372,DermNet,DermNet,train,original,Psoriasis,psoriasis-pustular-generalized-19.jpg,C:\Users\manis\Desktop\Final_Year_Project\PapuloNet\datasets\dermnet\train\Psoriasis pictures Lichen Planus and related diseases\psoriasis-pustular-generalized-19.jpg,Psoriasis,False,UNIQUE,PASS,PSD_00001372.jpg,224,224
PSD_00001373,DermNet,DermNet,train,original,Psoriasis,psoriasis-pustular-generalized-22.jpg,C:\Users\manis\Desktop\Final_Year_Project\PapuloNet\datasets\dermnet\train\Psoriasis pictures Lichen Planus and related diseases\psoriasis-pustular-generalized-22.jpg,Psoriasis,False,UNIQUE,PASS,PSD_00001373.jpg,224,224
PSD_00001374,DermNet,DermNet,train,original,Psoriasis,psoriasis-pustular-generalized-24.jpg,C:\Users\manis\Desktop\Final_Year_Project\PapuloNet\datasets\dermnet\train\Psoriasis pictures Lichen Planus and related diseases\psoriasis-pustular-generalized-24.jpg,Psoriasis,False,UNIQUE,PASS,PSD_00001374.jpg,224,224
PSD_00001375,DermNet,DermNet,train,original,Psoriasis,psoriasis-pustular-generalized-25.jpg,C:\Users\manis\Desktop\Final_Year_Project\PapuloNet\datasets\dermnet\train\Psoriasis pictures Lichen Planus and related diseases\psoriasis-pustular-generalized-25.jpg,Psoriasis,False,UNIQUE,PASS,PSD_00001375.jpg,224,224
PSD_00001376,DermNet,DermNet,train,original,Psoriasis,psoriasis-pustular-generalized-27.jpg,C:\Users\manis\Desktop\Final_Year_Project\PapuloNet\datasets\dermnet\train\Psoriasis pictures Lichen Planus and related diseases\psoriasis-pustular-generalized-27.jpg,Psoriasis,False,UNIQUE,PASS,PSD_00001376.jpg,224,224
PSD_00001377,DermNet,DermNet,train,original,Psoriasis,psoriasis-pustular-generalized-29.jpg,C:\Users\manis\Desktop\Final_Year_Project\PapuloNet\datasets\dermnet\train\Psoriasis pictures Lichen Planus and related diseases\psoriasis-pustular-generalized-29.jpg,Psoriasis,False,UNIQUE,PASS,PSD_00001377.jpg,224,224
PSD_00001378,DermNet,DermNet,train,original,Psoriasis,psoriasis-pustular-generalized-3.jpg,C:\Users\manis\Desktop\Final_Year_Project\PapuloNet\datasets\dermnet\train\Psoriasis pictures Lichen Planus and related diseases\psoriasis-pustular-generalized-3.jpg,Psoriasis,False,UNIQUE,PASS,PSD_00001378.jpg,224,224
PSD_00001379,DermNet,DermNet,train,original,Psoriasis,psoriasis-pustular-generalized-30.jpg,C:\Users\manis\Desktop\Final_Year_Project\PapuloNet\datasets\dermnet\train\Psoriasis pictures Lichen Planus and related diseases\psoriasis-pustular-generalized-30.jpg,Psoriasis,False,UNIQUE,PASS,PSD_00001379.jpg,224,224
PSD_00001380,DermNet,DermNet,train,original,Psoriasis,psoriasis-pustular-generalized-32.jpg,C:\Users\manis\Desktop\Final_Year_Project\PapuloNet\datasets\dermnet\train\Psoriasis pictures Lichen Planus and related diseases\psoriasis-pustular-generalized-32.jpg,Psoriasis,False,UNIQUE,PASS,PSD_00001380.jpg,224,224
PSD_00001381,DermNet,DermNet,train,original,Psoriasis,psoriasis-pustular-generalized-33.jpg,C:\Users\manis\Desktop\Final_Year_Project\PapuloNet\datasets\dermnet\train\Psoriasis pictures Lichen Planus and related diseases\psoriasis-pustular-generalized-33.jpg,Psoriasis,False,UNIQUE,PASS,PSD_00001381.jpg,224,224
PSD_00001382,DermNet,DermNet,train,original,Psoriasis,psoriasis-pustular-generalized-34.jpg,C:\Users\manis\Desktop\Final_Year_Project\PapuloNet\datasets\dermnet\train\Psoriasis pictures Lichen Planus and related diseases\psoriasis-pustular-generalized-34.jpg,Psoriasis,False,UNIQUE,PASS,PSD_00001382.jpg,224,224
PSD_00001383,DermNet,DermNet,train,original,Psoriasis,psoriasis-pustular-generalized-35.jpg,C:\Users\manis\Desktop\Final_Year_Project\PapuloNet\datasets\dermnet\train\Psoriasis pictures Lichen Planus and related diseases\psoriasis-pustular-generalized-35.jpg,Psoriasis,False,UNIQUE,PASS,PSD_00001383.jpg,224,224
PSD_00001384,DermNet,DermNet,train,original,Psoriasis,psoriasis-pustular-generalized-36.jpg,C:\Users\manis\Desktop\Final_Year_Project\PapuloNet\datasets\dermnet\train\Psoriasis pictures Lichen Planus and related diseases\psoriasis-pustular-generalized-36.jpg,Psoriasis,False,UNIQUE,PASS,PSD_00001384.jpg,224,224
PSD_00001385,DermNet,DermNet,train,original,Psoriasis,psoriasis-pustular-generalized-37.jpg,C:\Users\manis\Desktop\Final_Year_Project\PapuloNet\datasets\dermnet\train\Psoriasis pictures Lichen Planus and related diseases\psoriasis-pustular-generalized-37.jpg,Psoriasis,False,UNIQUE,PASS,PSD_00001385.jpg,224,224
PSD_00001386,DermNet,DermNet,train,original,Psoriasis,psoriasis-pustular-generalized-38.jpg,C:\Users\manis\Desktop\Final_Year_Project\PapuloNet\datasets\dermnet\train\Psoriasis pictures Lichen Planus and related diseases\psoriasis-pustular-generalized-38.jpg,Psoriasis,False,UNIQUE,PASS,PSD_00001386.jpg,224,224
PSD_00001387,DermNet,DermNet,train,original,Psoriasis,psoriasis-pustular-generalized-39.jpg,C:\Users\manis\Desktop\Final_Year_Project\PapuloNet\datasets\dermnet\train\Psoriasis pictures Lichen Planus and related diseases\psoriasis-pustular-generalized-39.jpg,Psoriasis,False,UNIQUE,PASS,PSD_00001387.jpg,224,224
PSD_00001388,DermNet,DermNet,train,original,Psoriasis,psoriasis-pustular-generalized-4.jpg,C:\Users\manis\Desktop\Final_Year_Project\PapuloNet\datasets\dermnet\train\Psoriasis pictures Lichen Planus and related diseases\psoriasis-pustular-generalized-4.jpg,Psoriasis,False,UNIQUE,PASS,PSD_00001388.jpg,224,224
PSD_00001389,DermNet,DermNet,train,original,Psoriasis,psoriasis-pustular-generalized-40.jpg,C:\Users\manis\Desktop\Final_Year_Project\PapuloNet\datasets\dermnet\train\Psoriasis pictures Lichen Planus and related diseases\psoriasis-pustular-generalized-40.jpg,Psoriasis,False,UNIQUE,PASS,PSD_00001389.jpg,224,224
PSD_00001390,DermNet,DermNet,train,original,Psoriasis,psoriasis-pustular-generalized-41.jpg,C:\Users\manis\Desktop\Final_Year_Project\PapuloNet\datasets\dermnet\train\Psoriasis pictures Lichen Planus and related diseases\psoriasis-pustular-generalized-41.jpg,Psoriasis,False,UNIQUE,PASS,PSD_00001390.jpg,224,224
PSD_00001391,DermNet,DermNet,train,original,Psoriasis,psoriasis-pustular-generalized-42.jpg,C:\Users\manis\Desktop\Final_Year_Project\PapuloNet\datasets\dermnet\train\Psoriasis pictures Lichen Planus and related diseases\psoriasis-pustular-generalized-42.jpg,Psoriasis,False,UNIQUE,PASS,PSD_00001391.jpg,224,224
PSD_00001392,DermNet,DermNet,train,original,Psoriasis,psoriasis-pustular-generalized-43.jpg,C:\Users\manis\Desktop\Final_Year_Project\PapuloNet\datasets\dermnet\train\Psoriasis pictures Lichen Planus and related diseases\psoriasis-pustular-generalized-43.jpg,Psoriasis,False,UNIQUE,PASS,PSD_00001392.jpg,224,224
PSD_00001393,DermNet,DermNet,train,original,Psoriasis,psoriasis-pustular-generalized-46.jpg,C:\Users\manis\Desktop\Final_Year_Project\PapuloNet\datasets\dermnet\train\Psoriasis pictures Lichen Planus and related diseases\psoriasis-pustular-generalized-46.jpg,Psoriasis,False,UNIQUE,PASS,PSD_00001393.jpg,224,224
PSD_00001394,DermNet,DermNet,train,original,Psoriasis,psoriasis-pustular-generalized-47.jpg,C:\Users\manis\Desktop\Final_Year_Project\PapuloNet\datasets\dermnet\train\Psoriasis pictures Lichen Planus and related diseases\psoriasis-pustular-generalized-47.jpg,Psoriasis,False,UNIQUE,PASS,PSD_00001394.jpg,224,224
PSD_00001395,DermNet,DermNet,train,original,Psoriasis,psoriasis-pustular-generalized-48.jpg,C:\Users\manis\Desktop\Final_Year_Project\PapuloNet\datasets\dermnet\train\Psoriasis pictures Lichen Planus and related diseases\psoriasis-pustular-generalized-48.jpg,Psoriasis,False,UNIQUE,PASS,PSD_00001395.jpg,224,224
PSD_00001396,DermNet,DermNet,train,original,Psoriasis,psoriasis-pustular-generalized-49.jpg,C:\Users\manis\Desktop\Final_Year_Project\PapuloNet\datasets\dermnet\train\Psoriasis pictures Lichen Planus and related diseases\psoriasis-pustular-generalized-49.jpg,Psoriasis,False,UNIQUE,PASS,PSD_00001396.jpg,224,224
PSD_00001397,DermNet,DermNet,train,original,Psoriasis,psoriasis-pustular-generalized-52.jpg,C:\Users\manis\Desktop\Final_Year_Project\PapuloNet\datasets\dermnet\train\Psoriasis pictures Lichen Planus and related diseases\psoriasis-pustular-generalized-52.jpg,Psoriasis,False,UNIQUE,PASS,PSD_00001397.jpg,224,224
PSD_00001398,DermNet,DermNet,train,original,Psoriasis,psoriasis-pustular-generalized-53.jpg,C:\Users\manis\Desktop\Final_Year_Project\PapuloNet\datasets\dermnet\train\Psoriasis pictures Lichen Planus and related diseases\psoriasis-pustular-generalized-53.jpg,Psoriasis,False,UNIQUE,PASS,PSD_00001398.jpg,224,224
PSD_00001399,DermNet,DermNet,train,original,Psoriasis,psoriasis-pustular-generalized-55.jpg,C:\Users\manis\Desktop\Final_Year_Project\PapuloNet\datasets\dermnet\train\Psoriasis pictures Lichen Planus and related diseases\psoriasis-pustular-generalized-55.jpg,Psoriasis,False,UNIQUE,PASS,PSD_00001399.jpg,224,224
PSD_00001400,DermNet,DermNet,train,original,Psoriasis,psoriasis-pustular-generalized-56.jpg,C:\Users\manis\Desktop\Final_Year_Project\PapuloNet\datasets\dermnet\train\Psoriasis pictures Lichen Planus and related diseases\psoriasis-pustular-generalized-56.jpg,Psoriasis,False,UNIQUE,PASS,PSD_00001400.jpg,224,224
PSD_00001401,DermNet,DermNet,train,original,Psoriasis,psoriasis-pustular-generalized-58.jpg,C:\Users\manis\Desktop\Final_Year_Project\PapuloNet\datasets\dermnet\train\Psoriasis pictures Lichen Planus and related diseases\psoriasis-pustular-generalized-58.jpg,Psoriasis,False,UNIQUE,PASS,PSD_00001401.jpg,224,224
PSD_00001402,DermNet,DermNet,train,original,Psoriasis,psoriasis-pustular-generalized-59.jpg,C:\Users\manis\Desktop\Final_Year_Project\PapuloNet\datasets\dermnet\train\Psoriasis pictures Lichen Planus and related diseases\psoriasis-pustular-generalized-59.jpg,Psoriasis,False,UNIQUE,PASS,PSD_00001402.jpg,224,224
PSD_00001403,DermNet,DermNet,train,original,Psoriasis,psoriasis-pustular-generalized-6.jpg,C:\Users\manis\Desktop\Final_Year_Project\PapuloNet\datasets\dermnet\train\Psoriasis pictures Lichen Planus and related diseases\psoriasis-pustular-generalized-6.jpg,Psoriasis,False,UNIQUE,PASS,PSD_00001403.jpg,224,224
PSD_00001404,DermNet,DermNet,train,original,Psoriasis,psoriasis-pustular-generalized-60.jpg,C:\Users\manis\Desktop\Final_Year_Project\PapuloNet\datasets\dermnet\train\Psoriasis pictures Lichen Planus and related diseases\psoriasis-pustular-generalized-60.jpg,Psoriasis,False,UNIQUE,PASS,PSD_00001404.jpg,224,224
PSD_00001405,DermNet,DermNet,train,original,Psoriasis,psoriasis-pustular-generalized-61.jpg,C:\Users\manis\Desktop\Final_Year_Project\PapuloNet\datasets\dermnet\train\Psoriasis pictures Lichen Planus and related diseases\psoriasis-pustular-generalized-61.jpg,Psoriasis,False,UNIQUE,PASS,PSD_00001405.jpg,224,224
PSD_00001406,DermNet,DermNet,train,original,Psoriasis,psoriasis-pustular-generalized-62.jpg,C:\Users\manis\Desktop\Final_Year_Project\PapuloNet\datasets\dermnet\train\Psoriasis pictures Lichen Planus and related diseases\psoriasis-pustular-generalized-62.jpg,Psoriasis,False,UNIQUE,PASS,PSD_00001406.jpg,224,224
PSD_00001407,DermNet,DermNet,train,original,Psoriasis,psoriasis-pustular-generalized-63.jpg,C:\Users\manis\Desktop\Final_Year_Project\PapuloNet\datasets\dermnet\train\Psoriasis pictures Lichen Planus and related diseases\psoriasis-pustular-generalized-63.jpg,Psoriasis,False,UNIQUE,PASS,PSD_00001407.jpg,224,224
PSD_00001408,DermNet,DermNet,train,original,Psoriasis,psoriasis-pustular-generalized-64.jpg,C:\Users\manis\Desktop\Final_Year_Project\PapuloNet\datasets\dermnet\train\Psoriasis pictures Lichen Planus and related diseases\psoriasis-pustular-generalized-64.jpg,Psoriasis,False,UNIQUE,PASS,PSD_00001408.jpg,224,224
PSD_00001409,DermNet,DermNet,train,original,Psoriasis,psoriasis-pustular-generalized-65.jpg,C:\Users\manis\Desktop\Final_Year_Project\PapuloNet\datasets\dermnet\train\Psoriasis pictures Lichen Planus and related diseases\psoriasis-pustular-generalized-65.jpg,Psoriasis,False,DUPLICATE_OF:PSD_00000982,PENDING,,,
PSD_00001410,DermNet,DermNet,train,original,Psoriasis,psoriasis-pustular-generalized-66.jpg,C:\Users\manis\Desktop\Final_Year_Project\PapuloNet\datasets\dermnet\train\Psoriasis pictures Lichen Planus and related diseases\psoriasis-pustular-generalized-66.jpg,Psoriasis,False,UNIQUE,PASS,PSD_00001410.jpg,224,224
PSD_00001411,DermNet,DermNet,train,original,Psoriasis,psoriasis-pustular-generalized-7.jpg,C:\Users\manis\Desktop\Final_Year_Project\PapuloNet\datasets\dermnet\train\Psoriasis pictures Lichen Planus and related diseases\psoriasis-pustular-generalized-7.jpg,Psoriasis,False,UNIQUE,PASS,PSD_00001411.jpg,224,224
PSD_00001412,DermNet,DermNet,train,original,Psoriasis,psoriasis-pustular-generalized-8.jpg,C:\Users\manis\Desktop\Final_Year_Project\PapuloNet\datasets\dermnet\train\Psoriasis pictures Lichen Planus and related diseases\psoriasis-pustular-generalized-8.jpg,Psoriasis,False,UNIQUE,PASS,PSD_00001412.jpg,224,224
PSD_00001413,DermNet,DermNet,train,original,Psoriasis,psoriasis-pustular-generalized-9.jpg,C:\Users\manis\Desktop\Final_Year_Project\PapuloNet\datasets\dermnet\train\Psoriasis pictures Lichen Planus and related diseases\psoriasis-pustular-generalized-9.jpg,Psoriasis,False,UNIQUE,PASS,PSD_00001413.jpg,224,224
PSD_00001414,DermNet,DermNet,train,original,Psoriasis,psoriasis-scalp-1.jpg,C:\Users\manis\Desktop\Final_Year_Project\PapuloNet\datasets\dermnet\train\Psoriasis pictures Lichen Planus and related diseases\psoriasis-scalp-1.jpg,Psoriasis,False,UNIQUE,PASS,PSD_00001414.jpg,224,224
PSD_00001415,DermNet,DermNet,train,original,Psoriasis,psoriasis-scalp-10.jpg,C:\Users\manis\Desktop\Final_Year_Project\PapuloNet\datasets\dermnet\train\Psoriasis pictures Lichen Planus and related diseases\psoriasis-scalp-10.jpg,Psoriasis,False,UNIQUE,PASS,PSD_00001415.jpg,224,224
PSD_00001416,DermNet,DermNet,train,original,Psoriasis,psoriasis-scalp-100.jpg,C:\Users\manis\Desktop\Final_Year_Project\PapuloNet\datasets\dermnet\train\Psoriasis pictures Lichen Planus and related diseases\psoriasis-scalp-100.jpg,Psoriasis,False,UNIQUE,PASS,PSD_00001416.jpg,224,224
PSD_00001417,DermNet,DermNet,train,original,Psoriasis,psoriasis-scalp-101.jpg,C:\Users\manis\Desktop\Final_Year_Project\PapuloNet\datasets\dermnet\train\Psoriasis pictures Lichen Planus and related diseases\psoriasis-scalp-101.jpg,Psoriasis,False,UNIQUE,PASS,PSD_00001417.jpg,224,224
PSD_00001418,DermNet,DermNet,train,original,Psoriasis,psoriasis-scalp-102.jpg,C:\Users\manis\Desktop\Final_Year_Project\PapuloNet\datasets\dermnet\train\Psoriasis pictures Lichen Planus and related diseases\psoriasis-scalp-102.jpg,Psoriasis,False,UNIQUE,PASS,PSD_00001418.jpg,224,224
PSD_00001419,DermNet,DermNet,train,original,Psoriasis,psoriasis-scalp-103.jpg,C:\Users\manis\Desktop\Final_Year_Project\PapuloNet\datasets\dermnet\train\Psoriasis pictures Lichen Planus and related diseases\psoriasis-scalp-103.jpg,Psoriasis,False,UNIQUE,PASS,PSD_00001419.jpg,224,224
PSD_00001420,DermNet,DermNet,train,original,Psoriasis,psoriasis-scalp-104.jpg,C:\Users\manis\Desktop\Final_Year_Project\PapuloNet\datasets\dermnet\train\Psoriasis pictures Lichen Planus and related diseases\psoriasis-scalp-104.jpg,Psoriasis,False,UNIQUE,PASS,PSD_00001420.jpg,224,224
PSD_00001421,DermNet,DermNet,train,original,Psoriasis,psoriasis-scalp-105.jpg,C:\Users\manis\Desktop\Final_Year_Project\PapuloNet\datasets\dermnet\train\Psoriasis pictures Lichen Planus and related diseases\psoriasis-scalp-105.jpg,Psoriasis,False,UNIQUE,PASS,PSD_00001421.jpg,224,224
PSD_00001422,DermNet,DermNet,train,original,Psoriasis,psoriasis-scalp-106.jpg,C:\Users\manis\Desktop\Final_Year_Project\PapuloNet\datasets\dermnet\train\Psoriasis pictures Lichen Planus and related diseases\psoriasis-scalp-106.jpg,Psoriasis,False,UNIQUE,PASS,PSD_00001422.jpg,224,224
PSD_00001423,DermNet,DermNet,train,original,Psoriasis,psoriasis-scalp-107.jpg,C:\Users\manis\Desktop\Final_Year_Project\PapuloNet\datasets\dermnet\train\Psoriasis pictures Lichen Planus and related diseases\psoriasis-scalp-107.jpg,Psoriasis,False,UNIQUE,PASS,PSD_00001423.jpg,224,224
PSD_00001424,DermNet,DermNet,train,original,Psoriasis,psoriasis-scalp-108.jpg,C:\Users\manis\Desktop\Final_Year_Project\PapuloNet\datasets\dermnet\train\Psoriasis pictures Lichen Planus and related diseases\psoriasis-scalp-108.jpg,Psoriasis,False,UNIQUE,PASS,PSD_00001424.jpg,224,224
PSD_00001425,DermNet,DermNet,train,original,Psoriasis,psoriasis-scalp-11.jpg,C:\Users\manis\Desktop\Final_Year_Project\PapuloNet\datasets\dermnet\train\Psoriasis pictures Lichen Planus and related diseases\psoriasis-scalp-11.jpg,Psoriasis,False,UNIQUE,PASS,PSD_00001425.jpg,224,224
PSD_00001426,DermNet,DermNet,train,original,Psoriasis,psoriasis-scalp-110.jpg,C:\Users\manis\Desktop\Final_Year_Project\PapuloNet\datasets\dermnet\train\Psoriasis pictures Lichen Planus and related diseases\psoriasis-scalp-110.jpg,Psoriasis,False,UNIQUE,PASS,PSD_00001426.jpg,224,224
PSD_00001427,DermNet,DermNet,train,original,Psoriasis,psoriasis-scalp-13.jpg,C:\Users\manis\Desktop\Final_Year_Project\PapuloNet\datasets\dermnet\train\Psoriasis pictures Lichen Planus and related diseases\psoriasis-scalp-13.jpg,Psoriasis,False,UNIQUE,PASS,PSD_00001427.jpg,224,224
PSD_00001428,DermNet,DermNet,train,original,Psoriasis,psoriasis-scalp-15.jpg,C:\Users\manis\Desktop\Final_Year_Project\PapuloNet\datasets\dermnet\train\Psoriasis pictures Lichen Planus and related diseases\psoriasis-scalp-15.jpg,Psoriasis,False,UNIQUE,PASS,PSD_00001428.jpg,224,224
PSD_00001429,DermNet,DermNet,train,original,Psoriasis,psoriasis-scalp-19.jpg,C:\Users\manis\Desktop\Final_Year_Project\PapuloNet\datasets\dermnet\train\Psoriasis pictures Lichen Planus and related diseases\psoriasis-scalp-19.jpg,Psoriasis,False,UNIQUE,PASS,PSD_00001429.jpg,224,224
PSD_00001430,DermNet,DermNet,train,original,Psoriasis,psoriasis-scalp-2.jpg,C:\Users\manis\Desktop\Final_Year_Project\PapuloNet\datasets\dermnet\train\Psoriasis pictures Lichen Planus and related diseases\psoriasis-scalp-2.jpg,Psoriasis,False,UNIQUE,PASS,PSD_00001430.jpg,224,224
PSD_00001431,DermNet,DermNet,train,original,Psoriasis,psoriasis-scalp-20.jpg,C:\Users\manis\Desktop\Final_Year_Project\PapuloNet\datasets\dermnet\train\Psoriasis pictures Lichen Planus and related diseases\psoriasis-scalp-20.jpg,Psoriasis,False,UNIQUE,PASS,PSD_00001431.jpg,224,224
PSD_00001432,DermNet,DermNet,train,original,Psoriasis,psoriasis-scalp-21.jpg,C:\Users\manis\Desktop\Final_Year_Project\PapuloNet\datasets\dermnet\train\Psoriasis pictures Lichen Planus and related diseases\psoriasis-scalp-21.jpg,Psoriasis,False,UNIQUE,PASS,PSD_00001432.jpg,224,224
PSD_00001433,DermNet,DermNet,train,original,Psoriasis,psoriasis-scalp-22.jpg,C:\Users\manis\Desktop\Final_Year_Project\PapuloNet\datasets\dermnet\train\Psoriasis pictures Lichen Planus and related diseases\psoriasis-scalp-22.jpg,Psoriasis,False,UNIQUE,PASS,PSD_00001433.jpg,224,224
PSD_00001434,DermNet,DermNet,train,original,Psoriasis,psoriasis-scalp-23.jpg,C:\Users\manis\Desktop\Final_Year_Project\PapuloNet\datasets\dermnet\train\Psoriasis pictures Lichen Planus and related diseases\psoriasis-scalp-23.jpg,Psoriasis,False,UNIQUE,PASS,PSD_00001434.jpg,224,224
PSD_00001435,DermNet,DermNet,train,original,Psoriasis,psoriasis-scalp-24.jpg,C:\Users\manis\Desktop\Final_Year_Project\PapuloNet\datasets\dermnet\train\Psoriasis pictures Lichen Planus and related diseases\psoriasis-scalp-24.jpg,Psoriasis,False,UNIQUE,PASS,PSD_00001435.jpg,224,224
PSD_00001436,DermNet,DermNet,train,original,Psoriasis,psoriasis-scalp-25.jpg,C:\Users\manis\Desktop\Final_Year_Project\PapuloNet\datasets\dermnet\train\Psoriasis pictures Lichen Planus and related diseases\psoriasis-scalp-25.jpg,Psoriasis,False,UNIQUE,PASS,PSD_00001436.jpg,224,224
PSD_00001437,DermNet,DermNet,train,original,Psoriasis,psoriasis-scalp-26.jpg,C:\Users\manis\Desktop\Final_Year_Project\PapuloNet\datasets\dermnet\train\Psoriasis pictures Lichen Planus and related diseases\psoriasis-scalp-26.jpg,Psoriasis,False,UNIQUE,PASS,PSD_00001437.jpg,224,224
PSD_00001438,DermNet,DermNet,train,original,Psoriasis,psoriasis-scalp-27.jpg,C:\Users\manis\Desktop\Final_Year_Project\PapuloNet\datasets\dermnet\train\Psoriasis pictures Lichen Planus and related diseases\psoriasis-scalp-27.jpg,Psoriasis,False,UNIQUE,PASS,PSD_00001438.jpg,224,224
PSD_00001439,DermNet,DermNet,train,original,Psoriasis,psoriasis-scalp-28.jpg,C:\Users\manis\Desktop\Final_Year_Project\PapuloNet\datasets\dermnet\train\Psoriasis pictures Lichen Planus and related diseases\psoriasis-scalp-28.jpg,Psoriasis,False,UNIQUE,PASS,PSD_00001439.jpg,224,224
PSD_00001440,DermNet,DermNet,train,original,Psoriasis,psoriasis-scalp-29.jpg,C:\Users\manis\Desktop\Final_Year_Project\PapuloNet\datasets\dermnet\train\Psoriasis pictures Lichen Planus and related diseases\psoriasis-scalp-29.jpg,Psoriasis,False,UNIQUE,PASS,PSD_00001440.jpg,224,224
PSD_00001441,DermNet,DermNet,train,original,Psoriasis,psoriasis-scalp-3.jpg,C:\Users\manis\Desktop\Final_Year_Project\PapuloNet\datasets\dermnet\train\Psoriasis pictures Lichen Planus and related diseases\psoriasis-scalp-3.jpg,Psoriasis,False,UNIQUE,PASS,PSD_00001441.jpg,224,224
PSD_00001442,DermNet,DermNet,train,original,Psoriasis,psoriasis-scalp-30.jpg,C:\Users\manis\Desktop\Final_Year_Project\PapuloNet\datasets\dermnet\train\Psoriasis pictures Lichen Planus and related diseases\psoriasis-scalp-30.jpg,Psoriasis,False,UNIQUE,PASS,PSD_00001442.jpg,224,224
PSD_00001443,DermNet,DermNet,train,original,Psoriasis,psoriasis-scalp-31.jpg,C:\Users\manis\Desktop\Final_Year_Project\PapuloNet\datasets\dermnet\train\Psoriasis pictures Lichen Planus and related diseases\psoriasis-scalp-31.jpg,Psoriasis,False,UNIQUE,PASS,PSD_00001443.jpg,224,224
PSD_00001444,DermNet,DermNet,train,original,Psoriasis,psoriasis-scalp-32.jpg,C:\Users\manis\Desktop\Final_Year_Project\PapuloNet\datasets\dermnet\train\Psoriasis pictures Lichen Planus and related diseases\psoriasis-scalp-32.jpg,Psoriasis,False,UNIQUE,PASS,PSD_00001444.jpg,224,224
PSD_00001445,DermNet,DermNet,train,original,Psoriasis,psoriasis-scalp-33.jpg,C:\Users\manis\Desktop\Final_Year_Project\PapuloNet\datasets\dermnet\train\Psoriasis pictures Lichen Planus and related diseases\psoriasis-scalp-33.jpg,Psoriasis,False,UNIQUE,PASS,PSD_00001445.jpg,224,224
PSD_00001446,DermNet,DermNet,train,original,Psoriasis,psoriasis-scalp-34.jpg,C:\Users\manis\Desktop\Final_Year_Project\PapuloNet\datasets\dermnet\train\Psoriasis pictures Lichen Planus and related diseases\psoriasis-scalp-34.jpg,Psoriasis,False,UNIQUE,PASS,PSD_00001446.jpg,224,224
PSD_00001447,DermNet,DermNet,train,original,Psoriasis,psoriasis-scalp-35.jpg,C:\Users\manis\Desktop\Final_Year_Project\PapuloNet\datasets\dermnet\train\Psoriasis pictures Lichen Planus and related diseases\psoriasis-scalp-35.jpg,Psoriasis,False,UNIQUE,PASS,PSD_00001447.jpg,224,224
PSD_00001448,DermNet,DermNet,train,original,Psoriasis,psoriasis-scalp-36.jpg,C:\Users\manis\Desktop\Final_Year_Project\PapuloNet\datasets\dermnet\train\Psoriasis pictures Lichen Planus and related diseases\psoriasis-scalp-36.jpg,Psoriasis,False,UNIQUE,PASS,PSD_00001448.jpg,224,224
PSD_00001449,DermNet,DermNet,train,original,Psoriasis,psoriasis-scalp-37.jpg,C:\Users\manis\Desktop\Final_Year_Project\PapuloNet\datasets\dermnet\train\Psoriasis pictures Lichen Planus and related diseases\psoriasis-scalp-37.jpg,Psoriasis,False,UNIQUE,PASS,PSD_00001449.jpg,224,224
PSD_00001450,DermNet,DermNet,train,original,Psoriasis,psoriasis-scalp-39.jpg,C:\Users\manis\Desktop\Final_Year_Project\PapuloNet\datasets\dermnet\train\Psoriasis pictures Lichen Planus and related diseases\psoriasis-scalp-39.jpg,Psoriasis,False,UNIQUE,PASS,PSD_00001450.jpg,224,224
PSD_00001451,DermNet,DermNet,train,original,Psoriasis,psoriasis-scalp-40.jpg,C:\Users\manis\Desktop\Final_Year_Project\PapuloNet\datasets\dermnet\train\Psoriasis pictures Lichen Planus and related diseases\psoriasis-scalp-40.jpg,Psoriasis,False,UNIQUE,PASS,PSD_00001451.jpg,224,224
PSD_00001452,DermNet,DermNet,train,original,Psoriasis,psoriasis-scalp-41.jpg,C:\Users\manis\Desktop\Final_Year_Project\PapuloNet\datasets\dermnet\train\Psoriasis pictures Lichen Planus and related diseases\psoriasis-scalp-41.jpg,Psoriasis,False,UNIQUE,PASS,PSD_00001452.jpg,224,224
PSD_00001453,DermNet,DermNet,train,original,Psoriasis,psoriasis-scalp-42.jpg,C:\Users\manis\Desktop\Final_Year_Project\PapuloNet\datasets\dermnet\train\Psoriasis pictures Lichen Planus and related diseases\psoriasis-scalp-42.jpg,Psoriasis,False,UNIQUE,PASS,PSD_00001453.jpg,224,224
PSD_00001454,DermNet,DermNet,train,original,Psoriasis,psoriasis-scalp-43.jpg,C:\Users\manis\Desktop\Final_Year_Project\PapuloNet\datasets\dermnet\train\Psoriasis pictures Lichen Planus and related diseases\psoriasis-scalp-43.jpg,Psoriasis,False,UNIQUE,PASS,PSD_00001454.jpg,224,224
PSD_00001455,DermNet,DermNet,train,original,Psoriasis,psoriasis-scalp-47.jpg,C:\Users\manis\Desktop\Final_Year_Project\PapuloNet\datasets\dermnet\train\Psoriasis pictures Lichen Planus and related diseases\psoriasis-scalp-47.jpg,Psoriasis,False,UNIQUE,PASS,PSD_00001455.jpg,224,224
PSD_00001456,DermNet,DermNet,train,original,Psoriasis,psoriasis-scalp-48.jpg,C:\Users\manis\Desktop\Final_Year_Project\PapuloNet\datasets\dermnet\train\Psoriasis pictures Lichen Planus and related diseases\psoriasis-scalp-48.jpg,Psoriasis,False,UNIQUE,PASS,PSD_00001456.jpg,224,224
PSD_00001457,DermNet,DermNet,train,original,Psoriasis,psoriasis-scalp-49.jpg,C:\Users\manis\Desktop\Final_Year_Project\PapuloNet\datasets\dermnet\train\Psoriasis pictures Lichen Planus and related diseases\psoriasis-scalp-49.jpg,Psoriasis,False,UNIQUE,PASS,PSD_00001457.jpg,224,224
PSD_00001458,DermNet,DermNet,train,original,Psoriasis,psoriasis-scalp-5.jpg,C:\Users\manis\Desktop\Final_Year_Project\PapuloNet\datasets\dermnet\train\Psoriasis pictures Lichen Planus and related diseases\psoriasis-scalp-5.jpg,Psoriasis,False,UNIQUE,PASS,PSD_00001458.jpg,224,224
PSD_00001459,DermNet,DermNet,train,original,Psoriasis,psoriasis-scalp-50.jpg,C:\Users\manis\Desktop\Final_Year_Project\PapuloNet\datasets\dermnet\train\Psoriasis pictures Lichen Planus and related diseases\psoriasis-scalp-50.jpg,Psoriasis,False,UNIQUE,PASS,PSD_00001459.jpg,224,224
PSD_00001460,DermNet,DermNet,train,original,Psoriasis,psoriasis-scalp-52.jpg,C:\Users\manis\Desktop\Final_Year_Project\PapuloNet\datasets\dermnet\train\Psoriasis pictures Lichen Planus and related diseases\psoriasis-scalp-52.jpg,Psoriasis,False,UNIQUE,PASS,PSD_00001460.jpg,224,224
PSD_00001461,DermNet,DermNet,train,original,Psoriasis,psoriasis-scalp-53.jpg,C:\Users\manis\Desktop\Final_Year_Project\PapuloNet\datasets\dermnet\train\Psoriasis pictures Lichen Planus and related diseases\psoriasis-scalp-53.jpg,Psoriasis,False,UNIQUE,PASS,PSD_00001461.jpg,224,224
PSD_00001462,DermNet,DermNet,train,original,Psoriasis,psoriasis-scalp-54.jpg,C:\Users\manis\Desktop\Final_Year_Project\PapuloNet\datasets\dermnet\train\Psoriasis pictures Lichen Planus and related diseases\psoriasis-scalp-54.jpg,Psoriasis,False,UNIQUE,PASS,PSD_00001462.jpg,224,224
PSD_00001463,DermNet,DermNet,train,original,Psoriasis,psoriasis-scalp-55.jpg,C:\Users\manis\Desktop\Final_Year_Project\PapuloNet\datasets\dermnet\train\Psoriasis pictures Lichen Planus and related diseases\psoriasis-scalp-55.jpg,Psoriasis,False,UNIQUE,PASS,PSD_00001463.jpg,224,224
PSD_00001464,DermNet,DermNet,train,original,Psoriasis,psoriasis-scalp-57.jpg,C:\Users\manis\Desktop\Final_Year_Project\PapuloNet\datasets\dermnet\train\Psoriasis pictures Lichen Planus and related diseases\psoriasis-scalp-57.jpg,Psoriasis,False,UNIQUE,PASS,PSD_00001464.jpg,224,224
PSD_00001465,DermNet,DermNet,train,original,Psoriasis,psoriasis-scalp-59.jpg,C:\Users\manis\Desktop\Final_Year_Project\PapuloNet\datasets\dermnet\train\Psoriasis pictures Lichen Planus and related diseases\psoriasis-scalp-59.jpg,Psoriasis,False,UNIQUE,PASS,PSD_00001465.jpg,224,224
PSD_00001466,DermNet,DermNet,train,original,Psoriasis,psoriasis-scalp-6.jpg,C:\Users\manis\Desktop\Final_Year_Project\PapuloNet\datasets\dermnet\train\Psoriasis pictures Lichen Planus and related diseases\psoriasis-scalp-6.jpg,Psoriasis,False,UNIQUE,PASS,PSD_00001466.jpg,224,224
PSD_00001467,DermNet,DermNet,train,original,Psoriasis,psoriasis-scalp-61.jpg,C:\Users\manis\Desktop\Final_Year_Project\PapuloNet\datasets\dermnet\train\Psoriasis pictures Lichen Planus and related diseases\psoriasis-scalp-61.jpg,Psoriasis,False,UNIQUE,PASS,PSD_00001467.jpg,224,224
PSD_00001468,DermNet,DermNet,train,original,Psoriasis,psoriasis-scalp-62.jpg,C:\Users\manis\Desktop\Final_Year_Project\PapuloNet\datasets\dermnet\train\Psoriasis pictures Lichen Planus and related diseases\psoriasis-scalp-62.jpg,Psoriasis,False,UNIQUE,PASS,PSD_00001468.jpg,224,224
PSD_00001469,DermNet,DermNet,train,original,Psoriasis,psoriasis-scalp-63.jpg,C:\Users\manis\Desktop\Final_Year_Project\PapuloNet\datasets\dermnet\train\Psoriasis pictures Lichen Planus and related diseases\psoriasis-scalp-63.jpg,Psoriasis,False,UNIQUE,PASS,PSD_00001469.jpg,224,224
PSD_00001470,DermNet,DermNet,train,original,Psoriasis,psoriasis-scalp-66.jpg,C:\Users\manis\Desktop\Final_Year_Project\PapuloNet\datasets\dermnet\train\Psoriasis pictures Lichen Planus and related diseases\psoriasis-scalp-66.jpg,Psoriasis,False,UNIQUE,PASS,PSD_00001470.jpg,224,224
PSD_00001471,DermNet,DermNet,train,original,Psoriasis,psoriasis-scalp-67.jpg,C:\Users\manis\Desktop\Final_Year_Project\PapuloNet\datasets\dermnet\train\Psoriasis pictures Lichen Planus and related diseases\psoriasis-scalp-67.jpg,Psoriasis,False,UNIQUE,PASS,PSD_00001471.jpg,224,224
PSD_00001472,DermNet,DermNet,train,original,Psoriasis,psoriasis-scalp-68.jpg,C:\Users\manis\Desktop\Final_Year_Project\PapuloNet\datasets\dermnet\train\Psoriasis pictures Lichen Planus and related diseases\psoriasis-scalp-68.jpg,Psoriasis,False,UNIQUE,PASS,PSD_00001472.jpg,224,224
PSD_00001473,DermNet,DermNet,train,original,Psoriasis,psoriasis-scalp-69.jpg,C:\Users\manis\Desktop\Final_Year_Project\PapuloNet\datasets\dermnet\train\Psoriasis pictures Lichen Planus and related diseases\psoriasis-scalp-69.jpg,Psoriasis,False,UNIQUE,PASS,PSD_00001473.jpg,224,224
PSD_00001474,DermNet,DermNet,train,original,Psoriasis,psoriasis-scalp-7.jpg,C:\Users\manis\Desktop\Final_Year_Project\PapuloNet\datasets\dermnet\train\Psoriasis pictures Lichen Planus and related diseases\psoriasis-scalp-7.jpg,Psoriasis,False,DUPLICATE_OF:PSD_00001467,PENDING,,,
PSD_00001475,DermNet,DermNet,train,original,Psoriasis,psoriasis-scalp-70.jpg,C:\Users\manis\Desktop\Final_Year_Project\PapuloNet\datasets\dermnet\train\Psoriasis pictures Lichen Planus and related diseases\psoriasis-scalp-70.jpg,Psoriasis,False,UNIQUE,PASS,PSD_00001475.jpg,224,224
PSD_00001476,DermNet,DermNet,train,original,Psoriasis,psoriasis-scalp-71.jpg,C:\Users\manis\Desktop\Final_Year_Project\PapuloNet\datasets\dermnet\train\Psoriasis pictures Lichen Planus and related diseases\psoriasis-scalp-71.jpg,Psoriasis,False,UNIQUE,PASS,PSD_00001476.jpg,224,224
PSD_00001477,DermNet,DermNet,train,original,Psoriasis,psoriasis-scalp-72.jpg,C:\Users\manis\Desktop\Final_Year_Project\PapuloNet\datasets\dermnet\train\Psoriasis pictures Lichen Planus and related diseases\psoriasis-scalp-72.jpg,Psoriasis,False,UNIQUE,PASS,PSD_00001477.jpg,224,224
PSD_00001478,DermNet,DermNet,train,original,Psoriasis,psoriasis-scalp-73.jpg,C:\Users\manis\Desktop\Final_Year_Project\PapuloNet\datasets\dermnet\train\Psoriasis pictures Lichen Planus and related diseases\psoriasis-scalp-73.jpg,Psoriasis,False,UNIQUE,PASS,PSD_00001478.jpg,224,224
PSD_00001479,DermNet,DermNet,train,original,Psoriasis,psoriasis-scalp-74.jpg,C:\Users\manis\Desktop\Final_Year_Project\PapuloNet\datasets\dermnet\train\Psoriasis pictures Lichen Planus and related diseases\psoriasis-scalp-74.jpg,Psoriasis,False,UNIQUE,PASS,PSD_00001479.jpg,224,224
PSD_00001480,DermNet,DermNet,train,original,Psoriasis,psoriasis-scalp-75.jpg,C:\Users\manis\Desktop\Final_Year_Project\PapuloNet\datasets\dermnet\train\Psoriasis pictures Lichen Planus and related diseases\psoriasis-scalp-75.jpg,Psoriasis,False,UNIQUE,PASS,PSD_00001480.jpg,224,224
PSD_00001481,DermNet,DermNet,train,original,Psoriasis,psoriasis-scalp-76.jpg,C:\Users\manis\Desktop\Final_Year_Project\PapuloNet\datasets\dermnet\train\Psoriasis pictures Lichen Planus and related diseases\psoriasis-scalp-76.jpg,Psoriasis,False,UNIQUE,PASS,PSD_00001481.jpg,224,224
PSD_00001482,DermNet,DermNet,train,original,Psoriasis,psoriasis-scalp-77.jpg,C:\Users\manis\Desktop\Final_Year_Project\PapuloNet\datasets\dermnet\train\Psoriasis pictures Lichen Planus and related diseases\psoriasis-scalp-77.jpg,Psoriasis,False,UNIQUE,PASS,PSD_00001482.jpg,224,224
PSD_00001483,DermNet,DermNet,train,original,Psoriasis,psoriasis-scalp-78.jpg,C:\Users\manis\Desktop\Final_Year_Project\PapuloNet\datasets\dermnet\train\Psoriasis pictures Lichen Planus and related diseases\psoriasis-scalp-78.jpg,Psoriasis,False,UNIQUE,PASS,PSD_00001483.jpg,224,224
PSD_00001484,DermNet,DermNet,train,original,Psoriasis,psoriasis-scalp-8.jpg,C:\Users\manis\Desktop\Final_Year_Project\PapuloNet\datasets\dermnet\train\Psoriasis pictures Lichen Planus and related diseases\psoriasis-scalp-8.jpg,Psoriasis,False,UNIQUE,PASS,PSD_00001484.jpg,224,224
PSD_00001485,DermNet,DermNet,train,original,Psoriasis,psoriasis-scalp-80.jpg,C:\Users\manis\Desktop\Final_Year_Project\PapuloNet\datasets\dermnet\train\Psoriasis pictures Lichen Planus and related diseases\psoriasis-scalp-80.jpg,Psoriasis,False,UNIQUE,PASS,PSD_00001485.jpg,224,224
PSD_00001486,DermNet,DermNet,train,original,Psoriasis,psoriasis-scalp-81.jpg,C:\Users\manis\Desktop\Final_Year_Project\PapuloNet\datasets\dermnet\train\Psoriasis pictures Lichen Planus and related diseases\psoriasis-scalp-81.jpg,Psoriasis,False,UNIQUE,PASS,PSD_00001486.jpg,224,224
PSD_00001487,DermNet,DermNet,train,original,Psoriasis,psoriasis-scalp-84.jpg,C:\Users\manis\Desktop\Final_Year_Project\PapuloNet\datasets\dermnet\train\Psoriasis pictures Lichen Planus and related diseases\psoriasis-scalp-84.jpg,Psoriasis,False,UNIQUE,PASS,PSD_00001487.jpg,224,224
PSD_00001488,DermNet,DermNet,train,original,Psoriasis,psoriasis-scalp-85.jpg,C:\Users\manis\Desktop\Final_Year_Project\PapuloNet\datasets\dermnet\train\Psoriasis pictures Lichen Planus and related diseases\psoriasis-scalp-85.jpg,Psoriasis,False,UNIQUE,PASS,PSD_00001488.jpg,224,224
PSD_00001489,DermNet,DermNet,train,original,Psoriasis,psoriasis-scalp-86.jpg,C:\Users\manis\Desktop\Final_Year_Project\PapuloNet\datasets\dermnet\train\Psoriasis pictures Lichen Planus and related diseases\psoriasis-scalp-86.jpg,Psoriasis,False,UNIQUE,PASS,PSD_00001489.jpg,224,224
PSD_00001490,DermNet,DermNet,train,original,Psoriasis,psoriasis-scalp-87.jpg,C:\Users\manis\Desktop\Final_Year_Project\PapuloNet\datasets\dermnet\train\Psoriasis pictures Lichen Planus and related diseases\psoriasis-scalp-87.jpg,Psoriasis,False,UNIQUE,PASS,PSD_00001490.jpg,224,224
PSD_00001491,DermNet,DermNet,train,original,Psoriasis,psoriasis-scalp-88.jpg,C:\Users\manis\Desktop\Final_Year_Project\PapuloNet\datasets\dermnet\train\Psoriasis pictures Lichen Planus and related diseases\psoriasis-scalp-88.jpg,Psoriasis,False,UNIQUE,PASS,PSD_00001491.jpg,224,224
PSD_00001492,DermNet,DermNet,train,original,Psoriasis,psoriasis-scalp-9.jpg,C:\Users\manis\Desktop\Final_Year_Project\PapuloNet\datasets\dermnet\train\Psoriasis pictures Lichen Planus and related diseases\psoriasis-scalp-9.jpg,Psoriasis,False,UNIQUE,PASS,PSD_00001492.jpg,224,224
PSD_00001493,DermNet,DermNet,train,original,Psoriasis,psoriasis-scalp-90.jpg,C:\Users\manis\Desktop\Final_Year_Project\PapuloNet\datasets\dermnet\train\Psoriasis pictures Lichen Planus and related diseases\psoriasis-scalp-90.jpg,Psoriasis,False,UNIQUE,PASS,PSD_00001493.jpg,224,224
PSD_00001494,DermNet,DermNet,train,original,Psoriasis,psoriasis-scalp-91.jpg,C:\Users\manis\Desktop\Final_Year_Project\PapuloNet\datasets\dermnet\train\Psoriasis pictures Lichen Planus and related diseases\psoriasis-scalp-91.jpg,Psoriasis,False,UNIQUE,PASS,PSD_00001494.jpg,224,224
PSD_00001495,DermNet,DermNet,train,original,Psoriasis,psoriasis-scalp-92.jpg,C:\Users\manis\Desktop\Final_Year_Project\PapuloNet\datasets\dermnet\train\Psoriasis pictures Lichen Planus and related diseases\psoriasis-scalp-92.jpg,Psoriasis,False,UNIQUE,PASS,PSD_00001495.jpg,224,224
PSD_00001496,DermNet,DermNet,train,original,Psoriasis,psoriasis-scalp-93.jpg,C:\Users\manis\Desktop\Final_Year_Project\PapuloNet\datasets\dermnet\train\Psoriasis pictures Lichen Planus and related diseases\psoriasis-scalp-93.jpg,Psoriasis,False,UNIQUE,PASS,PSD_00001496.jpg,224,224
PSD_00001497,DermNet,DermNet,train,original,Psoriasis,psoriasis-scalp-94.jpg,C:\Users\manis\Desktop\Final_Year_Project\PapuloNet\datasets\dermnet\train\Psoriasis pictures Lichen Planus and related diseases\psoriasis-scalp-94.jpg,Psoriasis,False,UNIQUE,PASS,PSD_00001497.jpg,224,224
PSD_00001498,DermNet,DermNet,train,original,Psoriasis,psoriasis-scalp-95.jpg,C:\Users\manis\Desktop\Final_Year_Project\PapuloNet\datasets\dermnet\train\Psoriasis pictures Lichen Planus and related diseases\psoriasis-scalp-95.jpg,Psoriasis,False,UNIQUE,PASS,PSD_00001498.jpg,224,224
PSD_00001499,DermNet,DermNet,train,original,Psoriasis,psoriasis-scalp-96.jpg,C:\Users\manis\Desktop\Final_Year_Project\PapuloNet\datasets\dermnet\train\Psoriasis pictures Lichen Planus and related diseases\psoriasis-scalp-96.jpg,Psoriasis,False,UNIQUE,PASS,PSD_00001499.jpg,224,224
PSD_00001500,DermNet,DermNet,train,original,Psoriasis,psoriasis-scalp-97.jpg,C:\Users\manis\Desktop\Final_Year_Project\PapuloNet\datasets\dermnet\train\Psoriasis pictures Lichen Planus and related diseases\psoriasis-scalp-97.jpg,Psoriasis,False,UNIQUE,PASS,PSD_00001500.jpg,224,224
PSD_00001501,DermNet,DermNet,train,original,Psoriasis,psoriasis-scalp-99.jpg,C:\Users\manis\Desktop\Final_Year_Project\PapuloNet\datasets\dermnet\train\Psoriasis pictures Lichen Planus and related diseases\psoriasis-scalp-99.jpg,Psoriasis,False,UNIQUE,PASS,PSD_00001501.jpg,224,224
PSD_00001502,DermNet,DermNet,train,original,Psoriasis,Psoriasis-sunburn-1.jpg,C:\Users\manis\Desktop\Final_Year_Project\PapuloNet\datasets\dermnet\train\Psoriasis pictures Lichen Planus and related diseases\Psoriasis-sunburn-1.jpg,Psoriasis,False,UNIQUE,PASS,PSD_00001502.jpg,224,224
PSD_00001503,DermNet,DermNet,train,original,Psoriasis,Psoriasis-sunburn-2.jpg,C:\Users\manis\Desktop\Final_Year_Project\PapuloNet\datasets\dermnet\train\Psoriasis pictures Lichen Planus and related diseases\Psoriasis-sunburn-2.jpg,Psoriasis,False,UNIQUE,PASS,PSD_00001503.jpg,224,224
PSD_00001504,DermNet,DermNet,train,original,Psoriasis,Psoriasis-sunburn-3.jpg,C:\Users\manis\Desktop\Final_Year_Project\PapuloNet\datasets\dermnet\train\Psoriasis pictures Lichen Planus and related diseases\Psoriasis-sunburn-3.jpg,Psoriasis,False,UNIQUE,PASS,PSD_00001504.jpg,224,224
PSD_00001505,DermNet,DermNet,train,original,Psoriasis,Psoriasis-sunburn-4.jpg,C:\Users\manis\Desktop\Final_Year_Project\PapuloNet\datasets\dermnet\train\Psoriasis pictures Lichen Planus and related diseases\Psoriasis-sunburn-4.jpg,Psoriasis,False,UNIQUE,PASS,PSD_00001505.jpg,224,224
PSD_00001506,DermNet,DermNet,train,original,Psoriasis,Psoriasis-treatment-1.jpg,C:\Users\manis\Desktop\Final_Year_Project\PapuloNet\datasets\dermnet\train\Psoriasis pictures Lichen Planus and related diseases\Psoriasis-treatment-1.jpg,Psoriasis,False,UNIQUE,PASS,PSD_00001506.jpg,224,224
PSD_00001507,DermNet,DermNet,train,original,Psoriasis,Psoriasis-treatment-10.jpg,C:\Users\manis\Desktop\Final_Year_Project\PapuloNet\datasets\dermnet\train\Psoriasis pictures Lichen Planus and related diseases\Psoriasis-treatment-10.jpg,Psoriasis,False,UNIQUE,PASS,PSD_00001507.jpg,224,224
PSD_00001508,DermNet,DermNet,train,original,Psoriasis,Psoriasis-treatment-2.jpg,C:\Users\manis\Desktop\Final_Year_Project\PapuloNet\datasets\dermnet\train\Psoriasis pictures Lichen Planus and related diseases\Psoriasis-treatment-2.jpg,Psoriasis,False,UNIQUE,PASS,PSD_00001508.jpg,224,224
PSD_00001509,DermNet,DermNet,train,original,Psoriasis,Psoriasis-treatment-3.jpg,C:\Users\manis\Desktop\Final_Year_Project\PapuloNet\datasets\dermnet\train\Psoriasis pictures Lichen Planus and related diseases\Psoriasis-treatment-3.jpg,Psoriasis,False,UNIQUE,PASS,PSD_00001509.jpg,224,224
PSD_00001510,DermNet,DermNet,train,original,Psoriasis,Psoriasis-treatment-4.jpg,C:\Users\manis\Desktop\Final_Year_Project\PapuloNet\datasets\dermnet\train\Psoriasis pictures Lichen Planus and related diseases\Psoriasis-treatment-4.jpg,Psoriasis,False,UNIQUE,PASS,PSD_00001510.jpg,224,224
PSD_00001511,DermNet,DermNet,train,original,Psoriasis,Psoriasis-treatment-5.jpg,C:\Users\manis\Desktop\Final_Year_Project\PapuloNet\datasets\dermnet\train\Psoriasis pictures Lichen Planus and related diseases\Psoriasis-treatment-5.jpg,Psoriasis,False,UNIQUE,PASS,PSD_00001511.jpg,224,224
PSD_00001512,DermNet,DermNet,train,original,Psoriasis,Psoriasis-treatment-6.jpg,C:\Users\manis\Desktop\Final_Year_Project\PapuloNet\datasets\dermnet\train\Psoriasis pictures Lichen Planus and related diseases\Psoriasis-treatment-6.jpg,Psoriasis,False,UNIQUE,PASS,PSD_00001512.jpg,224,224
PSD_00001513,DermNet,DermNet,train,original,Psoriasis,Psoriasis-treatment-7.jpg,C:\Users\manis\Desktop\Final_Year_Project\PapuloNet\datasets\dermnet\train\Psoriasis pictures Lichen Planus and related diseases\Psoriasis-treatment-7.jpg,Psoriasis,False,DUPLICATE_OF:PSD_00001509,PENDING,,,
PSD_00001514,DermNet,DermNet,train,original,Psoriasis,Psoriasis-treatment-8.jpg,C:\Users\manis\Desktop\Final_Year_Project\PapuloNet\datasets\dermnet\train\Psoriasis pictures Lichen Planus and related diseases\Psoriasis-treatment-8.jpg,Psoriasis,False,UNIQUE,PASS,PSD_00001514.jpg,224,224
PSD_00001515,DermNet,DermNet,train,original,Psoriasis,Psoriasis-treatment-9.jpg,C:\Users\manis\Desktop\Final_Year_Project\PapuloNet\datasets\dermnet\train\Psoriasis pictures Lichen Planus and related diseases\Psoriasis-treatment-9.jpg,Psoriasis,False,UNIQUE,PASS,PSD_00001515.jpg,224,224
PSD_00001516,DermNet,DermNet,train,original,Psoriasis,Psoriasis-Trunk-052504.jpg,C:\Users\manis\Desktop\Final_Year_Project\PapuloNet\datasets\dermnet\train\Psoriasis pictures Lichen Planus and related diseases\Psoriasis-Trunk-052504.jpg,Psoriasis,False,UNIQUE,PASS,PSD_00001516.jpg,224,224
PSD_00001517,DermNet,DermNet,train,original,Psoriasis,Psoriasis-Trunk-0525041.jpg,C:\Users\manis\Desktop\Final_Year_Project\PapuloNet\datasets\dermnet\train\Psoriasis pictures Lichen Planus and related diseases\Psoriasis-Trunk-0525041.jpg,Psoriasis,False,UNIQUE,PASS,PSD_00001517.jpg,224,224
PSD_00001518,DermNet,DermNet,train,original,Psoriasis,Psoriasis-vulva-1.jpg,C:\Users\manis\Desktop\Final_Year_Project\PapuloNet\datasets\dermnet\train\Psoriasis pictures Lichen Planus and related diseases\Psoriasis-vulva-1.jpg,Psoriasis,False,UNIQUE,PASS,PSD_00001518.jpg,224,224
PSD_00001519,DermNet,DermNet,train,original,Psoriasis,Psoriasis-vulva-2.jpg,C:\Users\manis\Desktop\Final_Year_Project\PapuloNet\datasets\dermnet\train\Psoriasis pictures Lichen Planus and related diseases\Psoriasis-vulva-2.jpg,Psoriasis,False,UNIQUE,PASS,PSD_00001519.jpg,224,224
PSD_00001520,DermNet,DermNet,train,original,Psoriasis,PsoriasisScrotumNail.jpg,C:\Users\manis\Desktop\Final_Year_Project\PapuloNet\datasets\dermnet\train\Psoriasis pictures Lichen Planus and related diseases\PsoriasisScrotumNail.jpg,Psoriasis,False,DUPLICATE_OF:PSD_00001195,PENDING,,,
PSD_00001521,DermNet,DermNet,test,original,Psoriasis,Psoriasis-Anus-15.jpg,C:\Users\manis\Desktop\Final_Year_Project\PapuloNet\datasets\dermnet\test\Psoriasis pictures Lichen Planus and related diseases\Psoriasis-Anus-15.jpg,Psoriasis,False,UNIQUE,PASS,PSD_00001521.jpg,224,224
PSD_00001522,DermNet,DermNet,test,original,Psoriasis,Psoriasis-Anus-18.jpg,C:\Users\manis\Desktop\Final_Year_Project\PapuloNet\datasets\dermnet\test\Psoriasis pictures Lichen Planus and related diseases\Psoriasis-Anus-18.jpg,Psoriasis,False,UNIQUE,PASS,PSD_00001522.jpg,224,224
PSD_00001523,DermNet,DermNet,test,original,Psoriasis,Psoriasis-Cellulitis-2.jpg,C:\Users\manis\Desktop\Final_Year_Project\PapuloNet\datasets\dermnet\test\Psoriasis pictures Lichen Planus and related diseases\Psoriasis-Cellulitis-2.jpg,Psoriasis,False,UNIQUE,PASS,PSD_00001523.jpg,224,224
PSD_00001524,DermNet,DermNet,test,original,Psoriasis,psoriasis-Chronic-plaque-00316.jpg,C:\Users\manis\Desktop\Final_Year_Project\PapuloNet\datasets\dermnet\test\Psoriasis pictures Lichen Planus and related diseases\psoriasis-Chronic-plaque-00316.jpg,Psoriasis,False,UNIQUE,PASS,PSD_00001524.jpg,224,224
PSD_00001525,DermNet,DermNet,test,original,Psoriasis,Psoriasis-Chronic-Plaque-1.jpg,C:\Users\manis\Desktop\Final_Year_Project\PapuloNet\datasets\dermnet\test\Psoriasis pictures Lichen Planus and related diseases\Psoriasis-Chronic-Plaque-1.jpg,Psoriasis,False,UNIQUE,PASS,PSD_00001525.jpg,224,224
PSD_00001526,DermNet,DermNet,test,original,Psoriasis,Psoriasis-Chronic-Plaque-108.jpg,C:\Users\manis\Desktop\Final_Year_Project\PapuloNet\datasets\dermnet\test\Psoriasis pictures Lichen Planus and related diseases\Psoriasis-Chronic-Plaque-108.jpg,Psoriasis,False,UNIQUE,PASS,PSD_00001526.jpg,224,224
PSD_00001527,DermNet,DermNet,test,original,Psoriasis,Psoriasis-Chronic-Plaque-121.jpg,C:\Users\manis\Desktop\Final_Year_Project\PapuloNet\datasets\dermnet\test\Psoriasis pictures Lichen Planus and related diseases\Psoriasis-Chronic-Plaque-121.jpg,Psoriasis,False,UNIQUE,PASS,PSD_00001527.jpg,224,224
PSD_00001528,DermNet,DermNet,test,original,Psoriasis,Psoriasis-Chronic-Plaque-122.jpg,C:\Users\manis\Desktop\Final_Year_Project\PapuloNet\datasets\dermnet\test\Psoriasis pictures Lichen Planus and related diseases\Psoriasis-Chronic-Plaque-122.jpg,Psoriasis,False,UNIQUE,PASS,PSD_00001528.jpg,224,224
PSD_00001529,DermNet,DermNet,test,original,Psoriasis,Psoriasis-Chronic-Plaque-123.jpg,C:\Users\manis\Desktop\Final_Year_Project\PapuloNet\datasets\dermnet\test\Psoriasis pictures Lichen Planus and related diseases\Psoriasis-Chronic-Plaque-123.jpg,Psoriasis,False,UNIQUE,PASS,PSD_00001529.jpg,224,224
PSD_00001530,DermNet,DermNet,test,original,Psoriasis,Psoriasis-Chronic-Plaque-131.jpg,C:\Users\manis\Desktop\Final_Year_Project\PapuloNet\datasets\dermnet\test\Psoriasis pictures Lichen Planus and related diseases\Psoriasis-Chronic-Plaque-131.jpg,Psoriasis,False,UNIQUE,PASS,PSD_00001530.jpg,224,224
PSD_00001531,DermNet,DermNet,test,original,Psoriasis,Psoriasis-Chronic-Plaque-132.jpg,C:\Users\manis\Desktop\Final_Year_Project\PapuloNet\datasets\dermnet\test\Psoriasis pictures Lichen Planus and related diseases\Psoriasis-Chronic-Plaque-132.jpg,Psoriasis,False,UNIQUE,PASS,PSD_00001531.jpg,224,224
PSD_00001532,DermNet,DermNet,test,original,Psoriasis,Psoriasis-Chronic-Plaque-134.jpg,C:\Users\manis\Desktop\Final_Year_Project\PapuloNet\datasets\dermnet\test\Psoriasis pictures Lichen Planus and related diseases\Psoriasis-Chronic-Plaque-134.jpg,Psoriasis,False,UNIQUE,PASS,PSD_00001532.jpg,224,224
PSD_00001533,DermNet,DermNet,test,original,Psoriasis,Psoriasis-Chronic-Plaque-14.jpg,C:\Users\manis\Desktop\Final_Year_Project\PapuloNet\datasets\dermnet\test\Psoriasis pictures Lichen Planus and related diseases\Psoriasis-Chronic-Plaque-14.jpg,Psoriasis,False,UNIQUE,PASS,PSD_00001533.jpg,224,224
PSD_00001534,DermNet,DermNet,test,original,Psoriasis,Psoriasis-Chronic-Plaque-159.jpg,C:\Users\manis\Desktop\Final_Year_Project\PapuloNet\datasets\dermnet\test\Psoriasis pictures Lichen Planus and related diseases\Psoriasis-Chronic-Plaque-159.jpg,Psoriasis,False,UNIQUE,PASS,PSD_00001534.jpg,224,224
PSD_00001535,DermNet,DermNet,test,original,Psoriasis,Psoriasis-Chronic-Plaque-160.jpg,C:\Users\manis\Desktop\Final_Year_Project\PapuloNet\datasets\dermnet\test\Psoriasis pictures Lichen Planus and related diseases\Psoriasis-Chronic-Plaque-160.jpg,Psoriasis,False,UNIQUE,PASS,PSD_00001535.jpg,224,224
PSD_00001536,DermNet,DermNet,test,original,Psoriasis,Psoriasis-Chronic-Plaque-176.jpg,C:\Users\manis\Desktop\Final_Year_Project\PapuloNet\datasets\dermnet\test\Psoriasis pictures Lichen Planus and related diseases\Psoriasis-Chronic-Plaque-176.jpg,Psoriasis,False,UNIQUE,PASS,PSD_00001536.jpg,224,224
PSD_00001537,DermNet,DermNet,test,original,Psoriasis,Psoriasis-Chronic-Plaque-181.jpg,C:\Users\manis\Desktop\Final_Year_Project\PapuloNet\datasets\dermnet\test\Psoriasis pictures Lichen Planus and related diseases\Psoriasis-Chronic-Plaque-181.jpg,Psoriasis,False,UNIQUE,PASS,PSD_00001537.jpg,224,224
PSD_00001538,DermNet,DermNet,test,original,Psoriasis,Psoriasis-Chronic-Plaque-183.jpg,C:\Users\manis\Desktop\Final_Year_Project\PapuloNet\datasets\dermnet\test\Psoriasis pictures Lichen Planus and related diseases\Psoriasis-Chronic-Plaque-183.jpg,Psoriasis,False,UNIQUE,PASS,PSD_00001538.jpg,224,224
PSD_00001539,DermNet,DermNet,test,original,Psoriasis,Psoriasis-Chronic-Plaque-19.jpg,C:\Users\manis\Desktop\Final_Year_Project\PapuloNet\datasets\dermnet\test\Psoriasis pictures Lichen Planus and related diseases\Psoriasis-Chronic-Plaque-19.jpg,Psoriasis,False,UNIQUE,PASS,PSD_00001539.jpg,224,224
PSD_00001540,DermNet,DermNet,test,original,Psoriasis,Psoriasis-Chronic-Plaque-191.jpg,C:\Users\manis\Desktop\Final_Year_Project\PapuloNet\datasets\dermnet\test\Psoriasis pictures Lichen Planus and related diseases\Psoriasis-Chronic-Plaque-191.jpg,Psoriasis,False,UNIQUE,PASS,PSD_00001540.jpg,224,224
PSD_00001541,DermNet,DermNet,test,original,Psoriasis,Psoriasis-Chronic-Plaque-194.jpg,C:\Users\manis\Desktop\Final_Year_Project\PapuloNet\datasets\dermnet\test\Psoriasis pictures Lichen Planus and related diseases\Psoriasis-Chronic-Plaque-194.jpg,Psoriasis,False,UNIQUE,PASS,PSD_00001541.jpg,224,224
PSD_00001542,DermNet,DermNet,test,original,Psoriasis,Psoriasis-Chronic-Plaque-93.jpg,C:\Users\manis\Desktop\Final_Year_Project\PapuloNet\datasets\dermnet\test\Psoriasis pictures Lichen Planus and related diseases\Psoriasis-Chronic-Plaque-93.jpg,Psoriasis,False,UNIQUE,PASS,PSD_00001542.jpg,224,224
PSD_00001543,DermNet,DermNet,test,original,Psoriasis,Psoriasis-Chronic-Plaque-95.jpg,C:\Users\manis\Desktop\Final_Year_Project\PapuloNet\datasets\dermnet\test\Psoriasis pictures Lichen Planus and related diseases\Psoriasis-Chronic-Plaque-95.jpg,Psoriasis,False,UNIQUE,PASS,PSD_00001543.jpg,224,224
PSD_00001544,DermNet,DermNet,test,original,Psoriasis,Psoriasis-Chronic-Plaque-96.jpg,C:\Users\manis\Desktop\Final_Year_Project\PapuloNet\datasets\dermnet\test\Psoriasis pictures Lichen Planus and related diseases\Psoriasis-Chronic-Plaque-96.jpg,Psoriasis,False,UNIQUE,PASS,PSD_00001544.jpg,224,224
PSD_00001545,DermNet,DermNet,test,original,Psoriasis,psoriasis-digits-2.jpg,C:\Users\manis\Desktop\Final_Year_Project\PapuloNet\datasets\dermnet\test\Psoriasis pictures Lichen Planus and related diseases\psoriasis-digits-2.jpg,Psoriasis,False,UNIQUE,PASS,PSD_00001545.jpg,224,224
PSD_00001546,DermNet,DermNet,test,original,Psoriasis,psoriasis-erythrodermic-14.jpg,C:\Users\manis\Desktop\Final_Year_Project\PapuloNet\datasets\dermnet\test\Psoriasis pictures Lichen Planus and related diseases\psoriasis-erythrodermic-14.jpg,Psoriasis,False,UNIQUE,PASS,PSD_00001546.jpg,224,224
PSD_00001547,DermNet,DermNet,test,original,Psoriasis,psoriasis-erythrodermic-15.jpg,C:\Users\manis\Desktop\Final_Year_Project\PapuloNet\datasets\dermnet\test\Psoriasis pictures Lichen Planus and related diseases\psoriasis-erythrodermic-15.jpg,Psoriasis,False,UNIQUE,PASS,PSD_00001547.jpg,224,224
PSD_00001548,DermNet,DermNet,test,original,Psoriasis,psoriasis-erythrodermic-17.jpg,C:\Users\manis\Desktop\Final_Year_Project\PapuloNet\datasets\dermnet\test\Psoriasis pictures Lichen Planus and related diseases\psoriasis-erythrodermic-17.jpg,Psoriasis,False,UNIQUE,PASS,PSD_00001548.jpg,224,224
PSD_00001549,DermNet,DermNet,test,original,Psoriasis,psoriasis-erythrodermic-33.jpg,C:\Users\manis\Desktop\Final_Year_Project\PapuloNet\datasets\dermnet\test\Psoriasis pictures Lichen Planus and related diseases\psoriasis-erythrodermic-33.jpg,Psoriasis,False,DUPLICATE_OF:PSD_00001105,PENDING,,,
PSD_00001550,DermNet,DermNet,test,original,Psoriasis,psoriasis-erythrodermic-6.jpg,C:\Users\manis\Desktop\Final_Year_Project\PapuloNet\datasets\dermnet\test\Psoriasis pictures Lichen Planus and related diseases\psoriasis-erythrodermic-6.jpg,Psoriasis,False,UNIQUE,PASS,PSD_00001550.jpg,224,224
PSD_00001551,DermNet,DermNet,test,original,Psoriasis,psoriasis-erythrodermic-8.jpg,C:\Users\manis\Desktop\Final_Year_Project\PapuloNet\datasets\dermnet\test\Psoriasis pictures Lichen Planus and related diseases\psoriasis-erythrodermic-8.jpg,Psoriasis,False,UNIQUE,PASS,PSD_00001551.jpg,224,224
PSD_00001552,DermNet,DermNet,test,original,Psoriasis,Psoriasis-Guttate-1.jpg,C:\Users\manis\Desktop\Final_Year_Project\PapuloNet\datasets\dermnet\test\Psoriasis pictures Lichen Planus and related diseases\Psoriasis-Guttate-1.jpg,Psoriasis,False,UNIQUE,PASS,PSD_00001552.jpg,224,224
PSD_00001553,DermNet,DermNet,test,original,Psoriasis,Psoriasis-Guttate-102.jpg,C:\Users\manis\Desktop\Final_Year_Project\PapuloNet\datasets\dermnet\test\Psoriasis pictures Lichen Planus and related diseases\Psoriasis-Guttate-102.jpg,Psoriasis,False,UNIQUE,PASS,PSD_00001553.jpg,224,224
PSD_00001554,DermNet,DermNet,test,original,Psoriasis,Psoriasis-Guttate-105.jpg,C:\Users\manis\Desktop\Final_Year_Project\PapuloNet\datasets\dermnet\test\Psoriasis pictures Lichen Planus and related diseases\Psoriasis-Guttate-105.jpg,Psoriasis,False,UNIQUE,PASS,PSD_00001554.jpg,224,224
PSD_00001555,DermNet,DermNet,test,original,Psoriasis,Psoriasis-Guttate-109.jpg,C:\Users\manis\Desktop\Final_Year_Project\PapuloNet\datasets\dermnet\test\Psoriasis pictures Lichen Planus and related diseases\Psoriasis-Guttate-109.jpg,Psoriasis,False,UNIQUE,PASS,PSD_00001555.jpg,224,224
PSD_00001556,DermNet,DermNet,test,original,Psoriasis,Psoriasis-Guttate-110.jpg,C:\Users\manis\Desktop\Final_Year_Project\PapuloNet\datasets\dermnet\test\Psoriasis pictures Lichen Planus and related diseases\Psoriasis-Guttate-110.jpg,Psoriasis,False,UNIQUE,PASS,PSD_00001556.jpg,224,224
PSD_00001557,DermNet,DermNet,test,original,Psoriasis,Psoriasis-Guttate-113.jpg,C:\Users\manis\Desktop\Final_Year_Project\PapuloNet\datasets\dermnet\test\Psoriasis pictures Lichen Planus and related diseases\Psoriasis-Guttate-113.jpg,Psoriasis,False,UNIQUE,PASS,PSD_00001557.jpg,224,224
PSD_00001558,DermNet,DermNet,test,original,Psoriasis,Psoriasis-Guttate-117.jpg,C:\Users\manis\Desktop\Final_Year_Project\PapuloNet\datasets\dermnet\test\Psoriasis pictures Lichen Planus and related diseases\Psoriasis-Guttate-117.jpg,Psoriasis,False,UNIQUE,PASS,PSD_00001558.jpg,224,224
PSD_00001559,DermNet,DermNet,test,original,Psoriasis,Psoriasis-Guttate-124.jpg,C:\Users\manis\Desktop\Final_Year_Project\PapuloNet\datasets\dermnet\test\Psoriasis pictures Lichen Planus and related diseases\Psoriasis-Guttate-124.jpg,Psoriasis,False,UNIQUE,PASS,PSD_00001559.jpg,224,224
PSD_00001560,DermNet,DermNet,test,original,Psoriasis,Psoriasis-Guttate-21.jpg,C:\Users\manis\Desktop\Final_Year_Project\PapuloNet\datasets\dermnet\test\Psoriasis pictures Lichen Planus and related diseases\Psoriasis-Guttate-21.jpg,Psoriasis,False,UNIQUE,PASS,PSD_00001560.jpg,224,224
PSD_00001561,DermNet,DermNet,test,original,Psoriasis,Psoriasis-Guttate-47.jpg,C:\Users\manis\Desktop\Final_Year_Project\PapuloNet\datasets\dermnet\test\Psoriasis pictures Lichen Planus and related diseases\Psoriasis-Guttate-47.jpg,Psoriasis,False,UNIQUE,PASS,PSD_00001561.jpg,224,224
PSD_00001562,DermNet,DermNet,test,original,Psoriasis,Psoriasis-Guttate-48.jpg,C:\Users\manis\Desktop\Final_Year_Project\PapuloNet\datasets\dermnet\test\Psoriasis pictures Lichen Planus and related diseases\Psoriasis-Guttate-48.jpg,Psoriasis,False,UNIQUE,PASS,PSD_00001562.jpg,224,224
PSD_00001563,DermNet,DermNet,test,original,Psoriasis,Psoriasis-Guttate-55.jpg,C:\Users\manis\Desktop\Final_Year_Project\PapuloNet\datasets\dermnet\test\Psoriasis pictures Lichen Planus and related diseases\Psoriasis-Guttate-55.jpg,Psoriasis,False,UNIQUE,PASS,PSD_00001563.jpg,224,224
PSD_00001564,DermNet,DermNet,test,original,Psoriasis,Psoriasis-Guttate-59.jpg,C:\Users\manis\Desktop\Final_Year_Project\PapuloNet\datasets\dermnet\test\Psoriasis pictures Lichen Planus and related diseases\Psoriasis-Guttate-59.jpg,Psoriasis,False,UNIQUE,PASS,PSD_00001564.jpg,224,224
PSD_00001565,DermNet,DermNet,test,original,Psoriasis,Psoriasis-Guttate-6.jpg,C:\Users\manis\Desktop\Final_Year_Project\PapuloNet\datasets\dermnet\test\Psoriasis pictures Lichen Planus and related diseases\Psoriasis-Guttate-6.jpg,Psoriasis,False,UNIQUE,PASS,PSD_00001565.jpg,224,224
PSD_00001566,DermNet,DermNet,test,original,Psoriasis,Psoriasis-Guttate-65.jpg,C:\Users\manis\Desktop\Final_Year_Project\PapuloNet\datasets\dermnet\test\Psoriasis pictures Lichen Planus and related diseases\Psoriasis-Guttate-65.jpg,Psoriasis,False,UNIQUE,PASS,PSD_00001566.jpg,224,224
PSD_00001567,DermNet,DermNet,test,original,Psoriasis,Psoriasis-Guttate-74.jpg,C:\Users\manis\Desktop\Final_Year_Project\PapuloNet\datasets\dermnet\test\Psoriasis pictures Lichen Planus and related diseases\Psoriasis-Guttate-74.jpg,Psoriasis,False,UNIQUE,PASS,PSD_00001567.jpg,224,224
PSD_00001568,DermNet,DermNet,test,original,Psoriasis,Psoriasis-Guttate-79.jpg,C:\Users\manis\Desktop\Final_Year_Project\PapuloNet\datasets\dermnet\test\Psoriasis pictures Lichen Planus and related diseases\Psoriasis-Guttate-79.jpg,Psoriasis,False,UNIQUE,PASS,PSD_00001568.jpg,224,224
PSD_00001569,DermNet,DermNet,test,original,Psoriasis,Psoriasis-Guttate-84.jpg,C:\Users\manis\Desktop\Final_Year_Project\PapuloNet\datasets\dermnet\test\Psoriasis pictures Lichen Planus and related diseases\Psoriasis-Guttate-84.jpg,Psoriasis,False,UNIQUE,PASS,PSD_00001569.jpg,224,224
PSD_00001570,DermNet,DermNet,test,original,Psoriasis,Psoriasis-Guttate-88.jpg,C:\Users\manis\Desktop\Final_Year_Project\PapuloNet\datasets\dermnet\test\Psoriasis pictures Lichen Planus and related diseases\Psoriasis-Guttate-88.jpg,Psoriasis,False,UNIQUE,PASS,PSD_00001570.jpg,224,224
PSD_00001571,DermNet,DermNet,test,original,Psoriasis,Psoriasis-Guttate-93.jpg,C:\Users\manis\Desktop\Final_Year_Project\PapuloNet\datasets\dermnet\test\Psoriasis pictures Lichen Planus and related diseases\Psoriasis-Guttate-93.jpg,Psoriasis,False,UNIQUE,PASS,PSD_00001571.jpg,224,224
PSD_00001572,DermNet,DermNet,test,original,Psoriasis,Psoriasis-Guttate-94.jpg,C:\Users\manis\Desktop\Final_Year_Project\PapuloNet\datasets\dermnet\test\Psoriasis pictures Lichen Planus and related diseases\Psoriasis-Guttate-94.jpg,Psoriasis,False,UNIQUE,PASS,PSD_00001572.jpg,224,224
PSD_00001573,DermNet,DermNet,test,original,Psoriasis,Psoriasis-Guttate-96.jpg,C:\Users\manis\Desktop\Final_Year_Project\PapuloNet\datasets\dermnet\test\Psoriasis pictures Lichen Planus and related diseases\Psoriasis-Guttate-96.jpg,Psoriasis,False,UNIQUE,PASS,PSD_00001573.jpg,224,224
PSD_00001574,DermNet,DermNet,test,original,Psoriasis,Psoriasis-Hand-34.jpg,C:\Users\manis\Desktop\Final_Year_Project\PapuloNet\datasets\dermnet\test\Psoriasis pictures Lichen Planus and related diseases\Psoriasis-Hand-34.jpg,Psoriasis,False,DUPLICATE_OF:PSD_00000982,PENDING,,,
PSD_00001575,DermNet,DermNet,test,original,Psoriasis,Psoriasis-Hand-35.jpg,C:\Users\manis\Desktop\Final_Year_Project\PapuloNet\datasets\dermnet\test\Psoriasis pictures Lichen Planus and related diseases\Psoriasis-Hand-35.jpg,Psoriasis,False,UNIQUE,PASS,PSD_00001575.jpg,224,224
PSD_00001576,DermNet,DermNet,test,original,Psoriasis,Psoriasis-Hand-4.jpg,C:\Users\manis\Desktop\Final_Year_Project\PapuloNet\datasets\dermnet\test\Psoriasis pictures Lichen Planus and related diseases\Psoriasis-Hand-4.jpg,Psoriasis,False,UNIQUE,PASS,PSD_00001576.jpg,224,224
PSD_00001577,DermNet,DermNet,test,original,Psoriasis,Psoriasis-Hand-40.jpg,C:\Users\manis\Desktop\Final_Year_Project\PapuloNet\datasets\dermnet\test\Psoriasis pictures Lichen Planus and related diseases\Psoriasis-Hand-40.jpg,Psoriasis,False,UNIQUE,PASS,PSD_00001577.jpg,224,224
PSD_00001578,DermNet,DermNet,test,original,Psoriasis,Psoriasis-Hand-43.jpg,C:\Users\manis\Desktop\Final_Year_Project\PapuloNet\datasets\dermnet\test\Psoriasis pictures Lichen Planus and related diseases\Psoriasis-Hand-43.jpg,Psoriasis,False,UNIQUE,PASS,PSD_00001578.jpg,224,224
PSD_00001579,DermNet,DermNet,test,original,Psoriasis,Psoriasis-Hand-44.jpg,C:\Users\manis\Desktop\Final_Year_Project\PapuloNet\datasets\dermnet\test\Psoriasis pictures Lichen Planus and related diseases\Psoriasis-Hand-44.jpg,Psoriasis,False,DUPLICATE_OF:PSD_00001246,PENDING,,,
PSD_00001580,DermNet,DermNet,test,original,Psoriasis,Psoriasis-Hand-48.jpg,C:\Users\manis\Desktop\Final_Year_Project\PapuloNet\datasets\dermnet\test\Psoriasis pictures Lichen Planus and related diseases\Psoriasis-Hand-48.jpg,Psoriasis,False,UNIQUE,PASS,PSD_00001580.jpg,224,224
PSD_00001581,DermNet,DermNet,test,original,Psoriasis,Psoriasis-Hand-5.jpg,C:\Users\manis\Desktop\Final_Year_Project\PapuloNet\datasets\dermnet\test\Psoriasis pictures Lichen Planus and related diseases\Psoriasis-Hand-5.jpg,Psoriasis,False,UNIQUE,PASS,PSD_00001581.jpg,224,224
PSD_00001582,DermNet,DermNet,test,original,Psoriasis,Psoriasis-Hand-55.jpg,C:\Users\manis\Desktop\Final_Year_Project\PapuloNet\datasets\dermnet\test\Psoriasis pictures Lichen Planus and related diseases\Psoriasis-Hand-55.jpg,Psoriasis,False,UNIQUE,PASS,PSD_00001582.jpg,224,224
PSD_00001583,DermNet,DermNet,test,original,Psoriasis,Psoriasis-Hand-7.jpg,C:\Users\manis\Desktop\Final_Year_Project\PapuloNet\datasets\dermnet\test\Psoriasis pictures Lichen Planus and related diseases\Psoriasis-Hand-7.jpg,Psoriasis,False,DUPLICATE_OF:PSD_00001304,PENDING,,,
PSD_00001584,DermNet,DermNet,test,original,Psoriasis,Psoriasis-Histology-11.jpg,C:\Users\manis\Desktop\Final_Year_Project\PapuloNet\datasets\dermnet\test\Psoriasis pictures Lichen Planus and related diseases\Psoriasis-Histology-11.jpg,Psoriasis,False,UNIQUE,PASS,PSD_00001584.jpg,224,224
PSD_00001585,DermNet,DermNet,test,original,Psoriasis,Psoriasis-Histology-2.jpg,C:\Users\manis\Desktop\Final_Year_Project\PapuloNet\datasets\dermnet\test\Psoriasis pictures Lichen Planus and related diseases\Psoriasis-Histology-2.jpg,Psoriasis,False,UNIQUE,PASS,PSD_00001585.jpg,224,224
PSD_00001586,DermNet,DermNet,test,original,Psoriasis,Psoriasis-Histology-4.jpg,C:\Users\manis\Desktop\Final_Year_Project\PapuloNet\datasets\dermnet\test\Psoriasis pictures Lichen Planus and related diseases\Psoriasis-Histology-4.jpg,Psoriasis,False,UNIQUE,PASS,PSD_00001586.jpg,224,224
PSD_00001587,DermNet,DermNet,test,original,Psoriasis,Psoriasis-Histology-8.jpg,C:\Users\manis\Desktop\Final_Year_Project\PapuloNet\datasets\dermnet\test\Psoriasis pictures Lichen Planus and related diseases\Psoriasis-Histology-8.jpg,Psoriasis,False,UNIQUE,PASS,PSD_00001587.jpg,224,224
PSD_00001588,DermNet,DermNet,test,original,Psoriasis,Psoriasis-Histology-9.jpg,C:\Users\manis\Desktop\Final_Year_Project\PapuloNet\datasets\dermnet\test\Psoriasis pictures Lichen Planus and related diseases\Psoriasis-Histology-9.jpg,Psoriasis,False,UNIQUE,PASS,PSD_00001588.jpg,224,224
PSD_00001589,DermNet,DermNet,test,original,Psoriasis,Psoriasis-Interferon-Injection-08230423.jpg,C:\Users\manis\Desktop\Final_Year_Project\PapuloNet\datasets\dermnet\test\Psoriasis pictures Lichen Planus and related diseases\Psoriasis-Interferon-Injection-08230423.jpg,Psoriasis,False,UNIQUE,PASS,PSD_00001589.jpg,224,224
PSD_00001590,DermNet,DermNet,test,original,Psoriasis,Psoriasis-inversus-13.jpg,C:\Users\manis\Desktop\Final_Year_Project\PapuloNet\datasets\dermnet\test\Psoriasis pictures Lichen Planus and related diseases\Psoriasis-inversus-13.jpg,Psoriasis,False,UNIQUE,PASS,PSD_00001590.jpg,224,224
PSD_00001591,DermNet,DermNet,test,original,Psoriasis,Psoriasis-inversus-17.jpg,C:\Users\manis\Desktop\Final_Year_Project\PapuloNet\datasets\dermnet\test\Psoriasis pictures Lichen Planus and related diseases\Psoriasis-inversus-17.jpg,Psoriasis,False,UNIQUE,PASS,PSD_00001591.jpg,224,224
PSD_00001592,DermNet,DermNet,test,original,Psoriasis,Psoriasis-inversus-18.jpg,C:\Users\manis\Desktop\Final_Year_Project\PapuloNet\datasets\dermnet\test\Psoriasis pictures Lichen Planus and related diseases\Psoriasis-inversus-18.jpg,Psoriasis,False,UNIQUE,FAIL: blur variance 47.7 below threshold 100.0,,,
PSD_00001593,DermNet,DermNet,test,original,Psoriasis,Psoriasis-inversus-23.jpg,C:\Users\manis\Desktop\Final_Year_Project\PapuloNet\datasets\dermnet\test\Psoriasis pictures Lichen Planus and related diseases\Psoriasis-inversus-23.jpg,Psoriasis,False,UNIQUE,PASS,PSD_00001593.jpg,224,224
PSD_00001594,DermNet,DermNet,test,original,Psoriasis,Psoriasis-inversus-25.jpg,C:\Users\manis\Desktop\Final_Year_Project\PapuloNet\datasets\dermnet\test\Psoriasis pictures Lichen Planus and related diseases\Psoriasis-inversus-25.jpg,Psoriasis,False,UNIQUE,PASS,PSD_00001594.jpg,224,224
PSD_00001595,DermNet,DermNet,test,original,Psoriasis,Psoriasis-inversus-29.jpg,C:\Users\manis\Desktop\Final_Year_Project\PapuloNet\datasets\dermnet\test\Psoriasis pictures Lichen Planus and related diseases\Psoriasis-inversus-29.jpg,Psoriasis,False,UNIQUE,PASS,PSD_00001595.jpg,224,224
PSD_00001596,DermNet,DermNet,test,original,Psoriasis,Psoriasis-inversus-31.jpg,C:\Users\manis\Desktop\Final_Year_Project\PapuloNet\datasets\dermnet\test\Psoriasis pictures Lichen Planus and related diseases\Psoriasis-inversus-31.jpg,Psoriasis,False,UNIQUE,PASS,PSD_00001596.jpg,224,224
PSD_00001597,DermNet,DermNet,test,original,Psoriasis,Psoriasis-inversus-4.jpg,C:\Users\manis\Desktop\Final_Year_Project\PapuloNet\datasets\dermnet\test\Psoriasis pictures Lichen Planus and related diseases\Psoriasis-inversus-4.jpg,Psoriasis,False,UNIQUE,PASS,PSD_00001597.jpg,224,224
PSD_00001598,DermNet,DermNet,test,original,Psoriasis,Psoriasis-nails-10.jpg,C:\Users\manis\Desktop\Final_Year_Project\PapuloNet\datasets\dermnet\test\Psoriasis pictures Lichen Planus and related diseases\Psoriasis-nails-10.jpg,Psoriasis,False,UNIQUE,PASS,PSD_00001598.jpg,224,224
PSD_00001599,DermNet,DermNet,test,original,Psoriasis,Psoriasis-nails-17.jpg,C:\Users\manis\Desktop\Final_Year_Project\PapuloNet\datasets\dermnet\test\Psoriasis pictures Lichen Planus and related diseases\Psoriasis-nails-17.jpg,Psoriasis,False,UNIQUE,PASS,PSD_00001599.jpg,224,224
PSD_00001600,DermNet,DermNet,test,original,Psoriasis,Psoriasis-nails-18.jpg,C:\Users\manis\Desktop\Final_Year_Project\PapuloNet\datasets\dermnet\test\Psoriasis pictures Lichen Planus and related diseases\Psoriasis-nails-18.jpg,Psoriasis,False,UNIQUE,PASS,PSD_00001600.jpg,224,224
PSD_00001601,DermNet,DermNet,test,original,Psoriasis,Psoriasis-nails-2.jpg,C:\Users\manis\Desktop\Final_Year_Project\PapuloNet\datasets\dermnet\test\Psoriasis pictures Lichen Planus and related diseases\Psoriasis-nails-2.jpg,Psoriasis,False,DUPLICATE_OF:PSD_00001210,PENDING,,,
PSD_00001602,DermNet,DermNet,test,original,Psoriasis,Psoriasis-nails-3.jpg,C:\Users\manis\Desktop\Final_Year_Project\PapuloNet\datasets\dermnet\test\Psoriasis pictures Lichen Planus and related diseases\Psoriasis-nails-3.jpg,Psoriasis,False,DUPLICATE_OF:PSD_00001230,PENDING,,,
PSD_00001603,DermNet,DermNet,test,original,Psoriasis,Psoriasis-nails-31.jpg,C:\Users\manis\Desktop\Final_Year_Project\PapuloNet\datasets\dermnet\test\Psoriasis pictures Lichen Planus and related diseases\Psoriasis-nails-31.jpg,Psoriasis,False,UNIQUE,PASS,PSD_00001603.jpg,224,224
PSD_00001604,DermNet,DermNet,test,original,Psoriasis,Psoriasis-nails-9.jpg,C:\Users\manis\Desktop\Final_Year_Project\PapuloNet\datasets\dermnet\test\Psoriasis pictures Lichen Planus and related diseases\Psoriasis-nails-9.jpg,Psoriasis,False,UNIQUE,PASS,PSD_00001604.jpg,224,224
PSD_00001605,DermNet,DermNet,test,original,Psoriasis,psoriasis-palms-soles-109.jpg,C:\Users\manis\Desktop\Final_Year_Project\PapuloNet\datasets\dermnet\test\Psoriasis pictures Lichen Planus and related diseases\psoriasis-palms-soles-109.jpg,Psoriasis,False,UNIQUE,PASS,PSD_00001605.jpg,224,224
PSD_00001606,DermNet,DermNet,test,original,Psoriasis,psoriasis-palms-soles-11.jpg,C:\Users\manis\Desktop\Final_Year_Project\PapuloNet\datasets\dermnet\test\Psoriasis pictures Lichen Planus and related diseases\psoriasis-palms-soles-11.jpg,Psoriasis,False,UNIQUE,PASS,PSD_00001606.jpg,224,224
PSD_00001607,DermNet,DermNet,test,original,Psoriasis,psoriasis-palms-soles-111.jpg,C:\Users\manis\Desktop\Final_Year_Project\PapuloNet\datasets\dermnet\test\Psoriasis pictures Lichen Planus and related diseases\psoriasis-palms-soles-111.jpg,Psoriasis,False,UNIQUE,PASS,PSD_00001607.jpg,224,224
PSD_00001608,DermNet,DermNet,test,original,Psoriasis,psoriasis-palms-soles-114.jpg,C:\Users\manis\Desktop\Final_Year_Project\PapuloNet\datasets\dermnet\test\Psoriasis pictures Lichen Planus and related diseases\psoriasis-palms-soles-114.jpg,Psoriasis,False,UNIQUE,PASS,PSD_00001608.jpg,224,224
PSD_00001609,DermNet,DermNet,test,original,Psoriasis,psoriasis-palms-soles-12.jpg,C:\Users\manis\Desktop\Final_Year_Project\PapuloNet\datasets\dermnet\test\Psoriasis pictures Lichen Planus and related diseases\psoriasis-palms-soles-12.jpg,Psoriasis,False,UNIQUE,PASS,PSD_00001609.jpg,224,224
PSD_00001610,DermNet,DermNet,test,original,Psoriasis,psoriasis-palms-soles-123.jpg,C:\Users\manis\Desktop\Final_Year_Project\PapuloNet\datasets\dermnet\test\Psoriasis pictures Lichen Planus and related diseases\psoriasis-palms-soles-123.jpg,Psoriasis,False,UNIQUE,PASS,PSD_00001610.jpg,224,224
PSD_00001611,DermNet,DermNet,test,original,Psoriasis,psoriasis-palms-soles-125.jpg,C:\Users\manis\Desktop\Final_Year_Project\PapuloNet\datasets\dermnet\test\Psoriasis pictures Lichen Planus and related diseases\psoriasis-palms-soles-125.jpg,Psoriasis,False,DUPLICATE_OF:PSD_00001123,PENDING,,,
PSD_00001612,DermNet,DermNet,test,original,Psoriasis,psoriasis-palms-soles-129.jpg,C:\Users\manis\Desktop\Final_Year_Project\PapuloNet\datasets\dermnet\test\Psoriasis pictures Lichen Planus and related diseases\psoriasis-palms-soles-129.jpg,Psoriasis,False,UNIQUE,PASS,PSD_00001612.jpg,224,224
PSD_00001613,DermNet,DermNet,test,original,Psoriasis,psoriasis-palms-soles-132.jpg,C:\Users\manis\Desktop\Final_Year_Project\PapuloNet\datasets\dermnet\test\Psoriasis pictures Lichen Planus and related diseases\psoriasis-palms-soles-132.jpg,Psoriasis,False,UNIQUE,PASS,PSD_00001613.jpg,224,224
PSD_00001614,DermNet,DermNet,test,original,Psoriasis,psoriasis-palms-soles-136.jpg,C:\Users\manis\Desktop\Final_Year_Project\PapuloNet\datasets\dermnet\test\Psoriasis pictures Lichen Planus and related diseases\psoriasis-palms-soles-136.jpg,Psoriasis,False,UNIQUE,PASS,PSD_00001614.jpg,224,224
PSD_00001615,DermNet,DermNet,test,original,Psoriasis,psoriasis-palms-soles-14.jpg,C:\Users\manis\Desktop\Final_Year_Project\PapuloNet\datasets\dermnet\test\Psoriasis pictures Lichen Planus and related diseases\psoriasis-palms-soles-14.jpg,Psoriasis,False,UNIQUE,PASS,PSD_00001615.jpg,224,224
PSD_00001616,DermNet,DermNet,test,original,Psoriasis,psoriasis-palms-soles-140.jpg,C:\Users\manis\Desktop\Final_Year_Project\PapuloNet\datasets\dermnet\test\Psoriasis pictures Lichen Planus and related diseases\psoriasis-palms-soles-140.jpg,Psoriasis,False,UNIQUE,PASS,PSD_00001616.jpg,224,224
PSD_00001617,DermNet,DermNet,test,original,Psoriasis,psoriasis-palms-soles-142.jpg,C:\Users\manis\Desktop\Final_Year_Project\PapuloNet\datasets\dermnet\test\Psoriasis pictures Lichen Planus and related diseases\psoriasis-palms-soles-142.jpg,Psoriasis,False,UNIQUE,PASS,PSD_00001617.jpg,224,224
PSD_00001618,DermNet,DermNet,test,original,Psoriasis,psoriasis-palms-soles-147.jpg,C:\Users\manis\Desktop\Final_Year_Project\PapuloNet\datasets\dermnet\test\Psoriasis pictures Lichen Planus and related diseases\psoriasis-palms-soles-147.jpg,Psoriasis,False,UNIQUE,PASS,PSD_00001618.jpg,224,224
PSD_00001619,DermNet,DermNet,test,original,Psoriasis,psoriasis-palms-soles-153.jpg,C:\Users\manis\Desktop\Final_Year_Project\PapuloNet\datasets\dermnet\test\Psoriasis pictures Lichen Planus and related diseases\psoriasis-palms-soles-153.jpg,Psoriasis,False,UNIQUE,PASS,PSD_00001619.jpg,224,224
PSD_00001620,DermNet,DermNet,test,original,Psoriasis,psoriasis-palms-soles-164.jpg,C:\Users\manis\Desktop\Final_Year_Project\PapuloNet\datasets\dermnet\test\Psoriasis pictures Lichen Planus and related diseases\psoriasis-palms-soles-164.jpg,Psoriasis,False,UNIQUE,PASS,PSD_00001620.jpg,224,224
PSD_00001621,DermNet,DermNet,test,original,Psoriasis,psoriasis-palms-soles-169.jpg,C:\Users\manis\Desktop\Final_Year_Project\PapuloNet\datasets\dermnet\test\Psoriasis pictures Lichen Planus and related diseases\psoriasis-palms-soles-169.jpg,Psoriasis,False,UNIQUE,PASS,PSD_00001621.jpg,224,224
PSD_00001622,DermNet,DermNet,test,original,Psoriasis,psoriasis-palms-soles-177.jpg,C:\Users\manis\Desktop\Final_Year_Project\PapuloNet\datasets\dermnet\test\Psoriasis pictures Lichen Planus and related diseases\psoriasis-palms-soles-177.jpg,Psoriasis,False,UNIQUE,PASS,PSD_00001622.jpg,224,224
PSD_00001623,DermNet,DermNet,test,original,Psoriasis,psoriasis-palms-soles-185.jpg,C:\Users\manis\Desktop\Final_Year_Project\PapuloNet\datasets\dermnet\test\Psoriasis pictures Lichen Planus and related diseases\psoriasis-palms-soles-185.jpg,Psoriasis,False,UNIQUE,FAIL: blur variance 92.6 below threshold 100.0,,,
PSD_00001624,DermNet,DermNet,test,original,Psoriasis,psoriasis-palms-soles-193.jpg,C:\Users\manis\Desktop\Final_Year_Project\PapuloNet\datasets\dermnet\test\Psoriasis pictures Lichen Planus and related diseases\psoriasis-palms-soles-193.jpg,Psoriasis,False,DUPLICATE_OF:PSD_00001095,PENDING,,,
PSD_00001625,DermNet,DermNet,test,original,Psoriasis,psoriasis-palms-soles-81.jpg,C:\Users\manis\Desktop\Final_Year_Project\PapuloNet\datasets\dermnet\test\Psoriasis pictures Lichen Planus and related diseases\psoriasis-palms-soles-81.jpg,Psoriasis,False,DUPLICATE_OF:PSD_00001326,PENDING,,,
PSD_00001626,DermNet,DermNet,test,original,Psoriasis,psoriasis-palms-soles-86.jpg,C:\Users\manis\Desktop\Final_Year_Project\PapuloNet\datasets\dermnet\test\Psoriasis pictures Lichen Planus and related diseases\psoriasis-palms-soles-86.jpg,Psoriasis,False,UNIQUE,PASS,PSD_00001626.jpg,224,224
PSD_00001627,DermNet,DermNet,test,original,Psoriasis,psoriasis-palms-soles-87.jpg,C:\Users\manis\Desktop\Final_Year_Project\PapuloNet\datasets\dermnet\test\Psoriasis pictures Lichen Planus and related diseases\psoriasis-palms-soles-87.jpg,Psoriasis,False,DUPLICATE_OF:PSD_00001530,PENDING,,,
PSD_00001628,DermNet,DermNet,test,original,Psoriasis,psoriasis-palms-soles-88.jpg,C:\Users\manis\Desktop\Final_Year_Project\PapuloNet\datasets\dermnet\test\Psoriasis pictures Lichen Planus and related diseases\psoriasis-palms-soles-88.jpg,Psoriasis,False,DUPLICATE_OF:PSD_00001333,PENDING,,,
PSD_00001629,DermNet,DermNet,test,original,Psoriasis,psoriasis-palms-soles-9.jpg,C:\Users\manis\Desktop\Final_Year_Project\PapuloNet\datasets\dermnet\test\Psoriasis pictures Lichen Planus and related diseases\psoriasis-palms-soles-9.jpg,Psoriasis,False,UNIQUE,PASS,PSD_00001629.jpg,224,224
PSD_00001630,DermNet,DermNet,test,original,Psoriasis,psoriasis-palms-soles-95.jpg,C:\Users\manis\Desktop\Final_Year_Project\PapuloNet\datasets\dermnet\test\Psoriasis pictures Lichen Planus and related diseases\psoriasis-palms-soles-95.jpg,Psoriasis,False,UNIQUE,PASS,PSD_00001630.jpg,224,224
PSD_00001631,DermNet,DermNet,test,original,Psoriasis,Psoriasis-penis-12.jpg,C:\Users\manis\Desktop\Final_Year_Project\PapuloNet\datasets\dermnet\test\Psoriasis pictures Lichen Planus and related diseases\Psoriasis-penis-12.jpg,Psoriasis,False,UNIQUE,PASS,PSD_00001631.jpg,224,224
PSD_00001632,DermNet,DermNet,test,original,Psoriasis,Psoriasis-penis-13.jpg,C:\Users\manis\Desktop\Final_Year_Project\PapuloNet\datasets\dermnet\test\Psoriasis pictures Lichen Planus and related diseases\Psoriasis-penis-13.jpg,Psoriasis,False,UNIQUE,PASS,PSD_00001632.jpg,224,224
PSD_00001633,DermNet,DermNet,test,original,Psoriasis,Psoriasis-penis-17.jpg,C:\Users\manis\Desktop\Final_Year_Project\PapuloNet\datasets\dermnet\test\Psoriasis pictures Lichen Planus and related diseases\Psoriasis-penis-17.jpg,Psoriasis,False,UNIQUE,PASS,PSD_00001633.jpg,224,224
PSD_00001634,DermNet,DermNet,test,original,Psoriasis,Psoriasis-penis-26.jpg,C:\Users\manis\Desktop\Final_Year_Project\PapuloNet\datasets\dermnet\test\Psoriasis pictures Lichen Planus and related diseases\Psoriasis-penis-26.jpg,Psoriasis,False,UNIQUE,PASS,PSD_00001634.jpg,224,224
PSD_00001635,DermNet,DermNet,test,original,Psoriasis,Psoriasis-penis-4.jpg,C:\Users\manis\Desktop\Final_Year_Project\PapuloNet\datasets\dermnet\test\Psoriasis pictures Lichen Planus and related diseases\Psoriasis-penis-4.jpg,Psoriasis,False,UNIQUE,PASS,PSD_00001635.jpg,224,224
PSD_00001636,DermNet,DermNet,test,original,Psoriasis,psoriasis-pustular-generalized-1.jpg,C:\Users\manis\Desktop\Final_Year_Project\PapuloNet\datasets\dermnet\test\Psoriasis pictures Lichen Planus and related diseases\psoriasis-pustular-generalized-1.jpg,Psoriasis,False,UNIQUE,PASS,PSD_00001636.jpg,224,224
PSD_00001637,DermNet,DermNet,test,original,Psoriasis,psoriasis-pustular-generalized-12.jpg,C:\Users\manis\Desktop\Final_Year_Project\PapuloNet\datasets\dermnet\test\Psoriasis pictures Lichen Planus and related diseases\psoriasis-pustular-generalized-12.jpg,Psoriasis,False,UNIQUE,PASS,PSD_00001637.jpg,224,224
PSD_00001638,DermNet,DermNet,test,original,Psoriasis,psoriasis-pustular-generalized-18.jpg,C:\Users\manis\Desktop\Final_Year_Project\PapuloNet\datasets\dermnet\test\Psoriasis pictures Lichen Planus and related diseases\psoriasis-pustular-generalized-18.jpg,Psoriasis,False,UNIQUE,PASS,PSD_00001638.jpg,224,224
PSD_00001639,DermNet,DermNet,test,original,Psoriasis,psoriasis-pustular-generalized-2.jpg,C:\Users\manis\Desktop\Final_Year_Project\PapuloNet\datasets\dermnet\test\Psoriasis pictures Lichen Planus and related diseases\psoriasis-pustular-generalized-2.jpg,Psoriasis,False,UNIQUE,PASS,PSD_00001639.jpg,224,224
PSD_00001640,DermNet,DermNet,test,original,Psoriasis,psoriasis-pustular-generalized-20.jpg,C:\Users\manis\Desktop\Final_Year_Project\PapuloNet\datasets\dermnet\test\Psoriasis pictures Lichen Planus and related diseases\psoriasis-pustular-generalized-20.jpg,Psoriasis,False,UNIQUE,PASS,PSD_00001640.jpg,224,224
PSD_00001641,DermNet,DermNet,test,original,Psoriasis,psoriasis-pustular-generalized-21.jpg,C:\Users\manis\Desktop\Final_Year_Project\PapuloNet\datasets\dermnet\test\Psoriasis pictures Lichen Planus and related diseases\psoriasis-pustular-generalized-21.jpg,Psoriasis,False,UNIQUE,PASS,PSD_00001641.jpg,224,224
PSD_00001642,DermNet,DermNet,test,original,Psoriasis,psoriasis-pustular-generalized-23.jpg,C:\Users\manis\Desktop\Final_Year_Project\PapuloNet\datasets\dermnet\test\Psoriasis pictures Lichen Planus and related diseases\psoriasis-pustular-generalized-23.jpg,Psoriasis,False,UNIQUE,PASS,PSD_00001642.jpg,224,224
PSD_00001643,DermNet,DermNet,test,original,Psoriasis,psoriasis-pustular-generalized-26.jpg,C:\Users\manis\Desktop\Final_Year_Project\PapuloNet\datasets\dermnet\test\Psoriasis pictures Lichen Planus and related diseases\psoriasis-pustular-generalized-26.jpg,Psoriasis,False,UNIQUE,PASS,PSD_00001643.jpg,224,224
PSD_00001644,DermNet,DermNet,test,original,Psoriasis,psoriasis-pustular-generalized-28.jpg,C:\Users\manis\Desktop\Final_Year_Project\PapuloNet\datasets\dermnet\test\Psoriasis pictures Lichen Planus and related diseases\psoriasis-pustular-generalized-28.jpg,Psoriasis,False,UNIQUE,PASS,PSD_00001644.jpg,224,224
PSD_00001645,DermNet,DermNet,test,original,Psoriasis,psoriasis-pustular-generalized-31.jpg,C:\Users\manis\Desktop\Final_Year_Project\PapuloNet\datasets\dermnet\test\Psoriasis pictures Lichen Planus and related diseases\psoriasis-pustular-generalized-31.jpg,Psoriasis,False,UNIQUE,PASS,PSD_00001645.jpg,224,224
PSD_00001646,DermNet,DermNet,test,original,Psoriasis,psoriasis-pustular-generalized-44.jpg,C:\Users\manis\Desktop\Final_Year_Project\PapuloNet\datasets\dermnet\test\Psoriasis pictures Lichen Planus and related diseases\psoriasis-pustular-generalized-44.jpg,Psoriasis,False,UNIQUE,PASS,PSD_00001646.jpg,224,224
PSD_00001647,DermNet,DermNet,test,original,Psoriasis,psoriasis-pustular-generalized-45.jpg,C:\Users\manis\Desktop\Final_Year_Project\PapuloNet\datasets\dermnet\test\Psoriasis pictures Lichen Planus and related diseases\psoriasis-pustular-generalized-45.jpg,Psoriasis,False,UNIQUE,PASS,PSD_00001647.jpg,224,224
PSD_00001648,DermNet,DermNet,test,original,Psoriasis,psoriasis-pustular-generalized-5.jpg,C:\Users\manis\Desktop\Final_Year_Project\PapuloNet\datasets\dermnet\test\Psoriasis pictures Lichen Planus and related diseases\psoriasis-pustular-generalized-5.jpg,Psoriasis,False,UNIQUE,PASS,PSD_00001648.jpg,224,224
PSD_00001649,DermNet,DermNet,test,original,Psoriasis,psoriasis-pustular-generalized-54.jpg,C:\Users\manis\Desktop\Final_Year_Project\PapuloNet\datasets\dermnet\test\Psoriasis pictures Lichen Planus and related diseases\psoriasis-pustular-generalized-54.jpg,Psoriasis,False,UNIQUE,PASS,PSD_00001649.jpg,224,224
PSD_00001650,DermNet,DermNet,test,original,Psoriasis,psoriasis-pustular-generalized-57.jpg,C:\Users\manis\Desktop\Final_Year_Project\PapuloNet\datasets\dermnet\test\Psoriasis pictures Lichen Planus and related diseases\psoriasis-pustular-generalized-57.jpg,Psoriasis,False,UNIQUE,PASS,PSD_00001650.jpg,224,224
PSD_00001651,DermNet,DermNet,test,original,Psoriasis,psoriasis-scalp-109.jpg,C:\Users\manis\Desktop\Final_Year_Project\PapuloNet\datasets\dermnet\test\Psoriasis pictures Lichen Planus and related diseases\psoriasis-scalp-109.jpg,Psoriasis,False,UNIQUE,PASS,PSD_00001651.jpg,224,224
PSD_00001652,DermNet,DermNet,test,original,Psoriasis,psoriasis-scalp-12.jpg,C:\Users\manis\Desktop\Final_Year_Project\PapuloNet\datasets\dermnet\test\Psoriasis pictures Lichen Planus and related diseases\psoriasis-scalp-12.jpg,Psoriasis,False,UNIQUE,PASS,PSD_00001652.jpg,224,224
PSD_00001653,DermNet,DermNet,test,original,Psoriasis,psoriasis-scalp-16.jpg,C:\Users\manis\Desktop\Final_Year_Project\PapuloNet\datasets\dermnet\test\Psoriasis pictures Lichen Planus and related diseases\psoriasis-scalp-16.jpg,Psoriasis,False,UNIQUE,PASS,PSD_00001653.jpg,224,224
PSD_00001654,DermNet,DermNet,test,original,Psoriasis,psoriasis-scalp-17.jpg,C:\Users\manis\Desktop\Final_Year_Project\PapuloNet\datasets\dermnet\test\Psoriasis pictures Lichen Planus and related diseases\psoriasis-scalp-17.jpg,Psoriasis,False,UNIQUE,PASS,PSD_00001654.jpg,224,224
PSD_00001655,DermNet,DermNet,test,original,Psoriasis,psoriasis-scalp-18.jpg,C:\Users\manis\Desktop\Final_Year_Project\PapuloNet\datasets\dermnet\test\Psoriasis pictures Lichen Planus and related diseases\psoriasis-scalp-18.jpg,Psoriasis,False,UNIQUE,PASS,PSD_00001655.jpg,224,224
PSD_00001656,DermNet,DermNet,test,original,Psoriasis,psoriasis-scalp-38.jpg,C:\Users\manis\Desktop\Final_Year_Project\PapuloNet\datasets\dermnet\test\Psoriasis pictures Lichen Planus and related diseases\psoriasis-scalp-38.jpg,Psoriasis,False,UNIQUE,PASS,PSD_00001656.jpg,224,224
PSD_00001657,DermNet,DermNet,test,original,Psoriasis,psoriasis-scalp-4.jpg,C:\Users\manis\Desktop\Final_Year_Project\PapuloNet\datasets\dermnet\test\Psoriasis pictures Lichen Planus and related diseases\psoriasis-scalp-4.jpg,Psoriasis,False,UNIQUE,PASS,PSD_00001657.jpg,224,224
PSD_00001658,DermNet,DermNet,test,original,Psoriasis,psoriasis-scalp-44.jpg,C:\Users\manis\Desktop\Final_Year_Project\PapuloNet\datasets\dermnet\test\Psoriasis pictures Lichen Planus and related diseases\psoriasis-scalp-44.jpg,Psoriasis,False,UNIQUE,PASS,PSD_00001658.jpg,224,224
PSD_00001659,DermNet,DermNet,test,original,Psoriasis,psoriasis-scalp-45.jpg,C:\Users\manis\Desktop\Final_Year_Project\PapuloNet\datasets\dermnet\test\Psoriasis pictures Lichen Planus and related diseases\psoriasis-scalp-45.jpg,Psoriasis,False,UNIQUE,PASS,PSD_00001659.jpg,224,224
PSD_00001660,DermNet,DermNet,test,original,Psoriasis,psoriasis-scalp-46.jpg,C:\Users\manis\Desktop\Final_Year_Project\PapuloNet\datasets\dermnet\test\Psoriasis pictures Lichen Planus and related diseases\psoriasis-scalp-46.jpg,Psoriasis,False,UNIQUE,PASS,PSD_00001660.jpg,224,224
PSD_00001661,DermNet,DermNet,test,original,Psoriasis,psoriasis-scalp-51.jpg,C:\Users\manis\Desktop\Final_Year_Project\PapuloNet\datasets\dermnet\test\Psoriasis pictures Lichen Planus and related diseases\psoriasis-scalp-51.jpg,Psoriasis,False,UNIQUE,PASS,PSD_00001661.jpg,224,224
PSD_00001662,DermNet,DermNet,test,original,Psoriasis,psoriasis-scalp-56.jpg,C:\Users\manis\Desktop\Final_Year_Project\PapuloNet\datasets\dermnet\test\Psoriasis pictures Lichen Planus and related diseases\psoriasis-scalp-56.jpg,Psoriasis,False,UNIQUE,PASS,PSD_00001662.jpg,224,224
PSD_00001663,DermNet,DermNet,test,original,Psoriasis,psoriasis-scalp-58.jpg,C:\Users\manis\Desktop\Final_Year_Project\PapuloNet\datasets\dermnet\test\Psoriasis pictures Lichen Planus and related diseases\psoriasis-scalp-58.jpg,Psoriasis,False,UNIQUE,PASS,PSD_00001663.jpg,224,224
PSD_00001664,DermNet,DermNet,test,original,Psoriasis,psoriasis-scalp-60.jpg,C:\Users\manis\Desktop\Final_Year_Project\PapuloNet\datasets\dermnet\test\Psoriasis pictures Lichen Planus and related diseases\psoriasis-scalp-60.jpg,Psoriasis,False,UNIQUE,PASS,PSD_00001664.jpg,224,224
PSD_00001665,DermNet,DermNet,test,original,Psoriasis,psoriasis-scalp-64.jpg,C:\Users\manis\Desktop\Final_Year_Project\PapuloNet\datasets\dermnet\test\Psoriasis pictures Lichen Planus and related diseases\psoriasis-scalp-64.jpg,Psoriasis,False,UNIQUE,PASS,PSD_00001665.jpg,224,224
PSD_00001666,DermNet,DermNet,test,original,Psoriasis,psoriasis-scalp-65.jpg,C:\Users\manis\Desktop\Final_Year_Project\PapuloNet\datasets\dermnet\test\Psoriasis pictures Lichen Planus and related diseases\psoriasis-scalp-65.jpg,Psoriasis,False,UNIQUE,PASS,PSD_00001666.jpg,224,224
PSD_00001667,DermNet,DermNet,test,original,Psoriasis,psoriasis-scalp-79.jpg,C:\Users\manis\Desktop\Final_Year_Project\PapuloNet\datasets\dermnet\test\Psoriasis pictures Lichen Planus and related diseases\psoriasis-scalp-79.jpg,Psoriasis,False,UNIQUE,PASS,PSD_00001667.jpg,224,224
PSD_00001668,DermNet,DermNet,test,original,Psoriasis,psoriasis-scalp-82.jpg,C:\Users\manis\Desktop\Final_Year_Project\PapuloNet\datasets\dermnet\test\Psoriasis pictures Lichen Planus and related diseases\psoriasis-scalp-82.jpg,Psoriasis,False,UNIQUE,PASS,PSD_00001668.jpg,224,224
PSD_00001669,DermNet,DermNet,test,original,Psoriasis,psoriasis-scalp-83.jpg,C:\Users\manis\Desktop\Final_Year_Project\PapuloNet\datasets\dermnet\test\Psoriasis pictures Lichen Planus and related diseases\psoriasis-scalp-83.jpg,Psoriasis,False,UNIQUE,PASS,PSD_00001669.jpg,224,224
PSD_00001670,DermNet,DermNet,test,original,Psoriasis,psoriasis-scalp-89.jpg,C:\Users\manis\Desktop\Final_Year_Project\PapuloNet\datasets\dermnet\test\Psoriasis pictures Lichen Planus and related diseases\psoriasis-scalp-89.jpg,Psoriasis,False,UNIQUE,PASS,PSD_00001670.jpg,224,224
PSD_00001671,DermNet,DermNet,test,original,Psoriasis,psoriasis-scalp-98.jpg,C:\Users\manis\Desktop\Final_Year_Project\PapuloNet\datasets\dermnet\test\Psoriasis pictures Lichen Planus and related diseases\psoriasis-scalp-98.jpg,Psoriasis,False,UNIQUE,PASS,PSD_00001671.jpg,224,224
PSD_00001672,DermNet,DermNet,test,original,Psoriasis,Psoriasis-sunburn-6.jpg,C:\Users\manis\Desktop\Final_Year_Project\PapuloNet\datasets\dermnet\test\Psoriasis pictures Lichen Planus and related diseases\Psoriasis-sunburn-6.jpg,Psoriasis,False,UNIQUE,PASS,PSD_00001672.jpg,224,224
PSD_00001673,DermNet,DermNet,train,original,Seborrheic_Dermatitis,seborrheic-dermatitis-10.jpg,C:\Users\manis\Desktop\Final_Year_Project\PapuloNet\datasets\dermnet\train\Psoriasis pictures Lichen Planus and related diseases\seborrheic-dermatitis-10.jpg,Seborrheic_Dermatitis,False,UNIQUE,PASS,PSD_00001673.jpg,224,224
PSD_00001674,DermNet,DermNet,train,original,Seborrheic_Dermatitis,seborrheic-dermatitis-101.jpg,C:\Users\manis\Desktop\Final_Year_Project\PapuloNet\datasets\dermnet\train\Psoriasis pictures Lichen Planus and related diseases\seborrheic-dermatitis-101.jpg,Seborrheic_Dermatitis,False,UNIQUE,PASS,PSD_00001674.jpg,224,224
PSD_00001675,DermNet,DermNet,train,original,Seborrheic_Dermatitis,seborrheic-dermatitis-102.jpg,C:\Users\manis\Desktop\Final_Year_Project\PapuloNet\datasets\dermnet\train\Psoriasis pictures Lichen Planus and related diseases\seborrheic-dermatitis-102.jpg,Seborrheic_Dermatitis,False,UNIQUE,PASS,PSD_00001675.jpg,224,224
PSD_00001676,DermNet,DermNet,train,original,Seborrheic_Dermatitis,seborrheic-dermatitis-103.jpg,C:\Users\manis\Desktop\Final_Year_Project\PapuloNet\datasets\dermnet\train\Psoriasis pictures Lichen Planus and related diseases\seborrheic-dermatitis-103.jpg,Seborrheic_Dermatitis,False,UNIQUE,PASS,PSD_00001676.jpg,224,224
PSD_00001677,DermNet,DermNet,train,original,Seborrheic_Dermatitis,seborrheic-dermatitis-104.jpg,C:\Users\manis\Desktop\Final_Year_Project\PapuloNet\datasets\dermnet\train\Psoriasis pictures Lichen Planus and related diseases\seborrheic-dermatitis-104.jpg,Seborrheic_Dermatitis,False,UNIQUE,PASS,PSD_00001677.jpg,224,224
PSD_00001678,DermNet,DermNet,train,original,Seborrheic_Dermatitis,seborrheic-dermatitis-106.jpg,C:\Users\manis\Desktop\Final_Year_Project\PapuloNet\datasets\dermnet\train\Psoriasis pictures Lichen Planus and related diseases\seborrheic-dermatitis-106.jpg,Seborrheic_Dermatitis,False,UNIQUE,PASS,PSD_00001678.jpg,224,224
PSD_00001679,DermNet,DermNet,train,original,Seborrheic_Dermatitis,seborrheic-dermatitis-109.jpg,C:\Users\manis\Desktop\Final_Year_Project\PapuloNet\datasets\dermnet\train\Psoriasis pictures Lichen Planus and related diseases\seborrheic-dermatitis-109.jpg,Seborrheic_Dermatitis,False,UNIQUE,PASS,PSD_00001679.jpg,224,224
PSD_00001680,DermNet,DermNet,train,original,Seborrheic_Dermatitis,seborrheic-dermatitis-110.jpg,C:\Users\manis\Desktop\Final_Year_Project\PapuloNet\datasets\dermnet\train\Psoriasis pictures Lichen Planus and related diseases\seborrheic-dermatitis-110.jpg,Seborrheic_Dermatitis,False,UNIQUE,PASS,PSD_00001680.jpg,224,224
PSD_00001681,DermNet,DermNet,train,original,Seborrheic_Dermatitis,seborrheic-dermatitis-111.jpg,C:\Users\manis\Desktop\Final_Year_Project\PapuloNet\datasets\dermnet\train\Psoriasis pictures Lichen Planus and related diseases\seborrheic-dermatitis-111.jpg,Seborrheic_Dermatitis,False,UNIQUE,PASS,PSD_00001681.jpg,224,224
PSD_00001682,DermNet,DermNet,train,original,Seborrheic_Dermatitis,seborrheic-dermatitis-112.jpg,C:\Users\manis\Desktop\Final_Year_Project\PapuloNet\datasets\dermnet\train\Psoriasis pictures Lichen Planus and related diseases\seborrheic-dermatitis-112.jpg,Seborrheic_Dermatitis,False,UNIQUE,PASS,PSD_00001682.jpg,224,224
PSD_00001683,DermNet,DermNet,train,original,Seborrheic_Dermatitis,seborrheic-dermatitis-114.jpg,C:\Users\manis\Desktop\Final_Year_Project\PapuloNet\datasets\dermnet\train\Psoriasis pictures Lichen Planus and related diseases\seborrheic-dermatitis-114.jpg,Seborrheic_Dermatitis,False,UNIQUE,PASS,PSD_00001683.jpg,224,224
PSD_00001684,DermNet,DermNet,train,original,Seborrheic_Dermatitis,seborrheic-dermatitis-115.jpg,C:\Users\manis\Desktop\Final_Year_Project\PapuloNet\datasets\dermnet\train\Psoriasis pictures Lichen Planus and related diseases\seborrheic-dermatitis-115.jpg,Seborrheic_Dermatitis,False,UNIQUE,PASS,PSD_00001684.jpg,224,224
PSD_00001685,DermNet,DermNet,train,original,Seborrheic_Dermatitis,seborrheic-dermatitis-116.jpg,C:\Users\manis\Desktop\Final_Year_Project\PapuloNet\datasets\dermnet\train\Psoriasis pictures Lichen Planus and related diseases\seborrheic-dermatitis-116.jpg,Seborrheic_Dermatitis,False,UNIQUE,PASS,PSD_00001685.jpg,224,224
PSD_00001686,DermNet,DermNet,train,original,Seborrheic_Dermatitis,seborrheic-dermatitis-118.jpg,C:\Users\manis\Desktop\Final_Year_Project\PapuloNet\datasets\dermnet\train\Psoriasis pictures Lichen Planus and related diseases\seborrheic-dermatitis-118.jpg,Seborrheic_Dermatitis,False,UNIQUE,PASS,PSD_00001686.jpg,224,224
PSD_00001687,DermNet,DermNet,train,original,Seborrheic_Dermatitis,seborrheic-dermatitis-119.jpg,C:\Users\manis\Desktop\Final_Year_Project\PapuloNet\datasets\dermnet\train\Psoriasis pictures Lichen Planus and related diseases\seborrheic-dermatitis-119.jpg,Seborrheic_Dermatitis,False,UNIQUE,PASS,PSD_00001687.jpg,224,224
PSD_00001688,DermNet,DermNet,train,original,Seborrheic_Dermatitis,seborrheic-dermatitis-12.jpg,C:\Users\manis\Desktop\Final_Year_Project\PapuloNet\datasets\dermnet\train\Psoriasis pictures Lichen Planus and related diseases\seborrheic-dermatitis-12.jpg,Seborrheic_Dermatitis,False,UNIQUE,PASS,PSD_00001688.jpg,224,224
PSD_00001689,DermNet,DermNet,train,original,Seborrheic_Dermatitis,seborrheic-dermatitis-120.jpg,C:\Users\manis\Desktop\Final_Year_Project\PapuloNet\datasets\dermnet\train\Psoriasis pictures Lichen Planus and related diseases\seborrheic-dermatitis-120.jpg,Seborrheic_Dermatitis,False,UNIQUE,PASS,PSD_00001689.jpg,224,224
PSD_00001690,DermNet,DermNet,train,original,Seborrheic_Dermatitis,seborrheic-dermatitis-121.jpg,C:\Users\manis\Desktop\Final_Year_Project\PapuloNet\datasets\dermnet\train\Psoriasis pictures Lichen Planus and related diseases\seborrheic-dermatitis-121.jpg,Seborrheic_Dermatitis,False,UNIQUE,PASS,PSD_00001690.jpg,224,224
PSD_00001691,DermNet,DermNet,train,original,Seborrheic_Dermatitis,seborrheic-dermatitis-123.jpg,C:\Users\manis\Desktop\Final_Year_Project\PapuloNet\datasets\dermnet\train\Psoriasis pictures Lichen Planus and related diseases\seborrheic-dermatitis-123.jpg,Seborrheic_Dermatitis,False,UNIQUE,PASS,PSD_00001691.jpg,224,224
PSD_00001692,DermNet,DermNet,train,original,Seborrheic_Dermatitis,seborrheic-dermatitis-124.jpg,C:\Users\manis\Desktop\Final_Year_Project\PapuloNet\datasets\dermnet\train\Psoriasis pictures Lichen Planus and related diseases\seborrheic-dermatitis-124.jpg,Seborrheic_Dermatitis,False,UNIQUE,PASS,PSD_00001692.jpg,224,224
PSD_00001693,DermNet,DermNet,train,original,Seborrheic_Dermatitis,seborrheic-dermatitis-125.jpg,C:\Users\manis\Desktop\Final_Year_Project\PapuloNet\datasets\dermnet\train\Psoriasis pictures Lichen Planus and related diseases\seborrheic-dermatitis-125.jpg,Seborrheic_Dermatitis,False,UNIQUE,PASS,PSD_00001693.jpg,224,224
PSD_00001694,DermNet,DermNet,train,original,Seborrheic_Dermatitis,seborrheic-dermatitis-126.jpg,C:\Users\manis\Desktop\Final_Year_Project\PapuloNet\datasets\dermnet\train\Psoriasis pictures Lichen Planus and related diseases\seborrheic-dermatitis-126.jpg,Seborrheic_Dermatitis,False,UNIQUE,PASS,PSD_00001694.jpg,224,224
PSD_00001695,DermNet,DermNet,train,original,Seborrheic_Dermatitis,seborrheic-dermatitis-127.jpg,C:\Users\manis\Desktop\Final_Year_Project\PapuloNet\datasets\dermnet\train\Psoriasis pictures Lichen Planus and related diseases\seborrheic-dermatitis-127.jpg,Seborrheic_Dermatitis,False,UNIQUE,PASS,PSD_00001695.jpg,224,224
PSD_00001696,DermNet,DermNet,train,original,Seborrheic_Dermatitis,seborrheic-dermatitis-128.jpg,C:\Users\manis\Desktop\Final_Year_Project\PapuloNet\datasets\dermnet\train\Psoriasis pictures Lichen Planus and related diseases\seborrheic-dermatitis-128.jpg,Seborrheic_Dermatitis,False,UNIQUE,PASS,PSD_00001696.jpg,224,224
PSD_00001697,DermNet,DermNet,train,original,Seborrheic_Dermatitis,seborrheic-dermatitis-13.jpg,C:\Users\manis\Desktop\Final_Year_Project\PapuloNet\datasets\dermnet\train\Psoriasis pictures Lichen Planus and related diseases\seborrheic-dermatitis-13.jpg,Seborrheic_Dermatitis,False,UNIQUE,PASS,PSD_00001697.jpg,224,224
PSD_00001698,DermNet,DermNet,train,original,Seborrheic_Dermatitis,seborrheic-dermatitis-130.jpg,C:\Users\manis\Desktop\Final_Year_Project\PapuloNet\datasets\dermnet\train\Psoriasis pictures Lichen Planus and related diseases\seborrheic-dermatitis-130.jpg,Seborrheic_Dermatitis,False,UNIQUE,PASS,PSD_00001698.jpg,224,224
PSD_00001699,DermNet,DermNet,train,original,Seborrheic_Dermatitis,seborrheic-dermatitis-131.jpg,C:\Users\manis\Desktop\Final_Year_Project\PapuloNet\datasets\dermnet\train\Psoriasis pictures Lichen Planus and related diseases\seborrheic-dermatitis-131.jpg,Seborrheic_Dermatitis,False,UNIQUE,PASS,PSD_00001699.jpg,224,224
PSD_00001700,DermNet,DermNet,train,original,Seborrheic_Dermatitis,seborrheic-dermatitis-133.jpg,C:\Users\manis\Desktop\Final_Year_Project\PapuloNet\datasets\dermnet\train\Psoriasis pictures Lichen Planus and related diseases\seborrheic-dermatitis-133.jpg,Seborrheic_Dermatitis,False,UNIQUE,PASS,PSD_00001700.jpg,224,224
PSD_00001701,DermNet,DermNet,train,original,Seborrheic_Dermatitis,seborrheic-dermatitis-134.jpg,C:\Users\manis\Desktop\Final_Year_Project\PapuloNet\datasets\dermnet\train\Psoriasis pictures Lichen Planus and related diseases\seborrheic-dermatitis-134.jpg,Seborrheic_Dermatitis,False,UNIQUE,PASS,PSD_00001701.jpg,224,224
PSD_00001702,DermNet,DermNet,train,original,Seborrheic_Dermatitis,seborrheic-dermatitis-136.jpg,C:\Users\manis\Desktop\Final_Year_Project\PapuloNet\datasets\dermnet\train\Psoriasis pictures Lichen Planus and related diseases\seborrheic-dermatitis-136.jpg,Seborrheic_Dermatitis,False,UNIQUE,PASS,PSD_00001702.jpg,224,224
PSD_00001703,DermNet,DermNet,train,original,Seborrheic_Dermatitis,seborrheic-dermatitis-138.jpg,C:\Users\manis\Desktop\Final_Year_Project\PapuloNet\datasets\dermnet\train\Psoriasis pictures Lichen Planus and related diseases\seborrheic-dermatitis-138.jpg,Seborrheic_Dermatitis,False,UNIQUE,PASS,PSD_00001703.jpg,224,224
PSD_00001704,DermNet,DermNet,train,original,Seborrheic_Dermatitis,seborrheic-dermatitis-139.jpg,C:\Users\manis\Desktop\Final_Year_Project\PapuloNet\datasets\dermnet\train\Psoriasis pictures Lichen Planus and related diseases\seborrheic-dermatitis-139.jpg,Seborrheic_Dermatitis,False,UNIQUE,PASS,PSD_00001704.jpg,224,224
PSD_00001705,DermNet,DermNet,train,original,Seborrheic_Dermatitis,seborrheic-dermatitis-14.jpg,C:\Users\manis\Desktop\Final_Year_Project\PapuloNet\datasets\dermnet\train\Psoriasis pictures Lichen Planus and related diseases\seborrheic-dermatitis-14.jpg,Seborrheic_Dermatitis,False,UNIQUE,PASS,PSD_00001705.jpg,224,224
PSD_00001706,DermNet,DermNet,train,original,Seborrheic_Dermatitis,seborrheic-dermatitis-140.jpg,C:\Users\manis\Desktop\Final_Year_Project\PapuloNet\datasets\dermnet\train\Psoriasis pictures Lichen Planus and related diseases\seborrheic-dermatitis-140.jpg,Seborrheic_Dermatitis,False,UNIQUE,PASS,PSD_00001706.jpg,224,224
PSD_00001707,DermNet,DermNet,train,original,Seborrheic_Dermatitis,seborrheic-dermatitis-141.jpg,C:\Users\manis\Desktop\Final_Year_Project\PapuloNet\datasets\dermnet\train\Psoriasis pictures Lichen Planus and related diseases\seborrheic-dermatitis-141.jpg,Seborrheic_Dermatitis,False,UNIQUE,PASS,PSD_00001707.jpg,224,224
PSD_00001708,DermNet,DermNet,train,original,Seborrheic_Dermatitis,seborrheic-dermatitis-142.jpg,C:\Users\manis\Desktop\Final_Year_Project\PapuloNet\datasets\dermnet\train\Psoriasis pictures Lichen Planus and related diseases\seborrheic-dermatitis-142.jpg,Seborrheic_Dermatitis,False,UNIQUE,PASS,PSD_00001708.jpg,224,224
PSD_00001709,DermNet,DermNet,train,original,Seborrheic_Dermatitis,seborrheic-dermatitis-143.jpg,C:\Users\manis\Desktop\Final_Year_Project\PapuloNet\datasets\dermnet\train\Psoriasis pictures Lichen Planus and related diseases\seborrheic-dermatitis-143.jpg,Seborrheic_Dermatitis,False,UNIQUE,PASS,PSD_00001709.jpg,224,224
PSD_00001710,DermNet,DermNet,train,original,Seborrheic_Dermatitis,seborrheic-dermatitis-144.jpg,C:\Users\manis\Desktop\Final_Year_Project\PapuloNet\datasets\dermnet\train\Psoriasis pictures Lichen Planus and related diseases\seborrheic-dermatitis-144.jpg,Seborrheic_Dermatitis,False,UNIQUE,PASS,PSD_00001710.jpg,224,224
PSD_00001711,DermNet,DermNet,train,original,Seborrheic_Dermatitis,seborrheic-dermatitis-145.jpg,C:\Users\manis\Desktop\Final_Year_Project\PapuloNet\datasets\dermnet\train\Psoriasis pictures Lichen Planus and related diseases\seborrheic-dermatitis-145.jpg,Seborrheic_Dermatitis,False,UNIQUE,FAIL: blur variance 82.3 below threshold 100.0,,,
PSD_00001712,DermNet,DermNet,train,original,Seborrheic_Dermatitis,seborrheic-dermatitis-147.jpg,C:\Users\manis\Desktop\Final_Year_Project\PapuloNet\datasets\dermnet\train\Psoriasis pictures Lichen Planus and related diseases\seborrheic-dermatitis-147.jpg,Seborrheic_Dermatitis,False,UNIQUE,PASS,PSD_00001712.jpg,224,224
PSD_00001713,DermNet,DermNet,train,original,Seborrheic_Dermatitis,seborrheic-dermatitis-148.jpg,C:\Users\manis\Desktop\Final_Year_Project\PapuloNet\datasets\dermnet\train\Psoriasis pictures Lichen Planus and related diseases\seborrheic-dermatitis-148.jpg,Seborrheic_Dermatitis,False,UNIQUE,PASS,PSD_00001713.jpg,224,224
PSD_00001714,DermNet,DermNet,train,original,Seborrheic_Dermatitis,seborrheic-dermatitis-149.jpg,C:\Users\manis\Desktop\Final_Year_Project\PapuloNet\datasets\dermnet\train\Psoriasis pictures Lichen Planus and related diseases\seborrheic-dermatitis-149.jpg,Seborrheic_Dermatitis,False,UNIQUE,PASS,PSD_00001714.jpg,224,224
PSD_00001715,DermNet,DermNet,train,original,Seborrheic_Dermatitis,seborrheic-dermatitis-150.jpg,C:\Users\manis\Desktop\Final_Year_Project\PapuloNet\datasets\dermnet\train\Psoriasis pictures Lichen Planus and related diseases\seborrheic-dermatitis-150.jpg,Seborrheic_Dermatitis,False,UNIQUE,PASS,PSD_00001715.jpg,224,224
PSD_00001716,DermNet,DermNet,train,original,Seborrheic_Dermatitis,seborrheic-dermatitis-151.jpg,C:\Users\manis\Desktop\Final_Year_Project\PapuloNet\datasets\dermnet\train\Psoriasis pictures Lichen Planus and related diseases\seborrheic-dermatitis-151.jpg,Seborrheic_Dermatitis,False,UNIQUE,PASS,PSD_00001716.jpg,224,224
PSD_00001717,DermNet,DermNet,train,original,Seborrheic_Dermatitis,seborrheic-dermatitis-152.jpg,C:\Users\manis\Desktop\Final_Year_Project\PapuloNet\datasets\dermnet\train\Psoriasis pictures Lichen Planus and related diseases\seborrheic-dermatitis-152.jpg,Seborrheic_Dermatitis,False,UNIQUE,PASS,PSD_00001717.jpg,224,224
PSD_00001718,DermNet,DermNet,train,original,Seborrheic_Dermatitis,seborrheic-dermatitis-153.jpg,C:\Users\manis\Desktop\Final_Year_Project\PapuloNet\datasets\dermnet\train\Psoriasis pictures Lichen Planus and related diseases\seborrheic-dermatitis-153.jpg,Seborrheic_Dermatitis,False,UNIQUE,PASS,PSD_00001718.jpg,224,224
PSD_00001719,DermNet,DermNet,train,original,Seborrheic_Dermatitis,seborrheic-dermatitis-154.jpg,C:\Users\manis\Desktop\Final_Year_Project\PapuloNet\datasets\dermnet\train\Psoriasis pictures Lichen Planus and related diseases\seborrheic-dermatitis-154.jpg,Seborrheic_Dermatitis,False,UNIQUE,PASS,PSD_00001719.jpg,224,224
PSD_00001720,DermNet,DermNet,train,original,Seborrheic_Dermatitis,seborrheic-dermatitis-155.jpg,C:\Users\manis\Desktop\Final_Year_Project\PapuloNet\datasets\dermnet\train\Psoriasis pictures Lichen Planus and related diseases\seborrheic-dermatitis-155.jpg,Seborrheic_Dermatitis,False,UNIQUE,PASS,PSD_00001720.jpg,224,224
PSD_00001721,DermNet,DermNet,train,original,Seborrheic_Dermatitis,seborrheic-dermatitis-76.jpg,C:\Users\manis\Desktop\Final_Year_Project\PapuloNet\datasets\dermnet\train\Psoriasis pictures Lichen Planus and related diseases\seborrheic-dermatitis-76.jpg,Seborrheic_Dermatitis,False,UNIQUE,PASS,PSD_00001721.jpg,224,224
PSD_00001722,DermNet,DermNet,train,original,Seborrheic_Dermatitis,seborrheic-dermatitis-77.jpg,C:\Users\manis\Desktop\Final_Year_Project\PapuloNet\datasets\dermnet\train\Psoriasis pictures Lichen Planus and related diseases\seborrheic-dermatitis-77.jpg,Seborrheic_Dermatitis,False,UNIQUE,PASS,PSD_00001722.jpg,224,224
PSD_00001723,DermNet,DermNet,train,original,Seborrheic_Dermatitis,seborrheic-dermatitis-79.jpg,C:\Users\manis\Desktop\Final_Year_Project\PapuloNet\datasets\dermnet\train\Psoriasis pictures Lichen Planus and related diseases\seborrheic-dermatitis-79.jpg,Seborrheic_Dermatitis,False,UNIQUE,PASS,PSD_00001723.jpg,224,224
PSD_00001724,DermNet,DermNet,train,original,Seborrheic_Dermatitis,seborrheic-dermatitis-8.jpg,C:\Users\manis\Desktop\Final_Year_Project\PapuloNet\datasets\dermnet\train\Psoriasis pictures Lichen Planus and related diseases\seborrheic-dermatitis-8.jpg,Seborrheic_Dermatitis,False,UNIQUE,PASS,PSD_00001724.jpg,224,224
PSD_00001725,DermNet,DermNet,train,original,Seborrheic_Dermatitis,seborrheic-dermatitis-80.jpg,C:\Users\manis\Desktop\Final_Year_Project\PapuloNet\datasets\dermnet\train\Psoriasis pictures Lichen Planus and related diseases\seborrheic-dermatitis-80.jpg,Seborrheic_Dermatitis,False,UNIQUE,PASS,PSD_00001725.jpg,224,224
PSD_00001726,DermNet,DermNet,train,original,Seborrheic_Dermatitis,seborrheic-dermatitis-81.jpg,C:\Users\manis\Desktop\Final_Year_Project\PapuloNet\datasets\dermnet\train\Psoriasis pictures Lichen Planus and related diseases\seborrheic-dermatitis-81.jpg,Seborrheic_Dermatitis,False,UNIQUE,PASS,PSD_00001726.jpg,224,224
PSD_00001727,DermNet,DermNet,train,original,Seborrheic_Dermatitis,seborrheic-dermatitis-83.jpg,C:\Users\manis\Desktop\Final_Year_Project\PapuloNet\datasets\dermnet\train\Psoriasis pictures Lichen Planus and related diseases\seborrheic-dermatitis-83.jpg,Seborrheic_Dermatitis,False,UNIQUE,PASS,PSD_00001727.jpg,224,224
PSD_00001728,DermNet,DermNet,train,original,Seborrheic_Dermatitis,seborrheic-dermatitis-85.jpg,C:\Users\manis\Desktop\Final_Year_Project\PapuloNet\datasets\dermnet\train\Psoriasis pictures Lichen Planus and related diseases\seborrheic-dermatitis-85.jpg,Seborrheic_Dermatitis,False,UNIQUE,PASS,PSD_00001728.jpg,224,224
PSD_00001729,DermNet,DermNet,train,original,Seborrheic_Dermatitis,seborrheic-dermatitis-86.jpg,C:\Users\manis\Desktop\Final_Year_Project\PapuloNet\datasets\dermnet\train\Psoriasis pictures Lichen Planus and related diseases\seborrheic-dermatitis-86.jpg,Seborrheic_Dermatitis,False,UNIQUE,PASS,PSD_00001729.jpg,224,224
PSD_00001730,DermNet,DermNet,train,original,Seborrheic_Dermatitis,seborrheic-dermatitis-88.jpg,C:\Users\manis\Desktop\Final_Year_Project\PapuloNet\datasets\dermnet\train\Psoriasis pictures Lichen Planus and related diseases\seborrheic-dermatitis-88.jpg,Seborrheic_Dermatitis,False,UNIQUE,PASS,PSD_00001730.jpg,224,224
PSD_00001731,DermNet,DermNet,train,original,Seborrheic_Dermatitis,seborrheic-dermatitis-92.jpg,C:\Users\manis\Desktop\Final_Year_Project\PapuloNet\datasets\dermnet\train\Psoriasis pictures Lichen Planus and related diseases\seborrheic-dermatitis-92.jpg,Seborrheic_Dermatitis,False,UNIQUE,PASS,PSD_00001731.jpg,224,224
PSD_00001732,DermNet,DermNet,train,original,Seborrheic_Dermatitis,seborrheic-dermatitis-93.jpg,C:\Users\manis\Desktop\Final_Year_Project\PapuloNet\datasets\dermnet\train\Psoriasis pictures Lichen Planus and related diseases\seborrheic-dermatitis-93.jpg,Seborrheic_Dermatitis,False,UNIQUE,PASS,PSD_00001732.jpg,224,224
PSD_00001733,DermNet,DermNet,train,original,Seborrheic_Dermatitis,seborrheic-dermatitis-94.jpg,C:\Users\manis\Desktop\Final_Year_Project\PapuloNet\datasets\dermnet\train\Psoriasis pictures Lichen Planus and related diseases\seborrheic-dermatitis-94.jpg,Seborrheic_Dermatitis,False,UNIQUE,PASS,PSD_00001733.jpg,224,224
PSD_00001734,DermNet,DermNet,train,original,Seborrheic_Dermatitis,seborrheic-dermatitis-95.jpg,C:\Users\manis\Desktop\Final_Year_Project\PapuloNet\datasets\dermnet\train\Psoriasis pictures Lichen Planus and related diseases\seborrheic-dermatitis-95.jpg,Seborrheic_Dermatitis,False,UNIQUE,PASS,PSD_00001734.jpg,224,224
PSD_00001735,DermNet,DermNet,train,original,Seborrheic_Dermatitis,seborrheic-dermatitis-96.jpg,C:\Users\manis\Desktop\Final_Year_Project\PapuloNet\datasets\dermnet\train\Psoriasis pictures Lichen Planus and related diseases\seborrheic-dermatitis-96.jpg,Seborrheic_Dermatitis,False,UNIQUE,PASS,PSD_00001735.jpg,224,224
PSD_00001736,DermNet,DermNet,train,original,Seborrheic_Dermatitis,seborrheic-dermatitis-98.jpg,C:\Users\manis\Desktop\Final_Year_Project\PapuloNet\datasets\dermnet\train\Psoriasis pictures Lichen Planus and related diseases\seborrheic-dermatitis-98.jpg,Seborrheic_Dermatitis,False,UNIQUE,PASS,PSD_00001736.jpg,224,224
PSD_00001737,DermNet,DermNet,train,original,Seborrheic_Dermatitis,seborrheic-dermatitis-99.jpg,C:\Users\manis\Desktop\Final_Year_Project\PapuloNet\datasets\dermnet\train\Psoriasis pictures Lichen Planus and related diseases\seborrheic-dermatitis-99.jpg,Seborrheic_Dermatitis,False,UNIQUE,PASS,PSD_00001737.jpg,224,224
PSD_00001738,DermNet,DermNet,test,original,Seborrheic_Dermatitis,seborrheic-dermatitis-100.jpg,C:\Users\manis\Desktop\Final_Year_Project\PapuloNet\datasets\dermnet\test\Psoriasis pictures Lichen Planus and related diseases\seborrheic-dermatitis-100.jpg,Seborrheic_Dermatitis,False,UNIQUE,PASS,PSD_00001738.jpg,224,224
PSD_00001739,DermNet,DermNet,test,original,Seborrheic_Dermatitis,seborrheic-dermatitis-107.jpg,C:\Users\manis\Desktop\Final_Year_Project\PapuloNet\datasets\dermnet\test\Psoriasis pictures Lichen Planus and related diseases\seborrheic-dermatitis-107.jpg,Seborrheic_Dermatitis,False,UNIQUE,PASS,PSD_00001739.jpg,224,224
PSD_00001740,DermNet,DermNet,test,original,Seborrheic_Dermatitis,seborrheic-dermatitis-108.jpg,C:\Users\manis\Desktop\Final_Year_Project\PapuloNet\datasets\dermnet\test\Psoriasis pictures Lichen Planus and related diseases\seborrheic-dermatitis-108.jpg,Seborrheic_Dermatitis,False,UNIQUE,PASS,PSD_00001740.jpg,224,224
PSD_00001741,DermNet,DermNet,test,original,Seborrheic_Dermatitis,seborrheic-dermatitis-11.jpg,C:\Users\manis\Desktop\Final_Year_Project\PapuloNet\datasets\dermnet\test\Psoriasis pictures Lichen Planus and related diseases\seborrheic-dermatitis-11.jpg,Seborrheic_Dermatitis,False,UNIQUE,PASS,PSD_00001741.jpg,224,224
PSD_00001742,DermNet,DermNet,test,original,Seborrheic_Dermatitis,seborrheic-dermatitis-113.jpg,C:\Users\manis\Desktop\Final_Year_Project\PapuloNet\datasets\dermnet\test\Psoriasis pictures Lichen Planus and related diseases\seborrheic-dermatitis-113.jpg,Seborrheic_Dermatitis,False,UNIQUE,PASS,PSD_00001742.jpg,224,224
PSD_00001743,DermNet,DermNet,test,original,Seborrheic_Dermatitis,seborrheic-dermatitis-117.jpg,C:\Users\manis\Desktop\Final_Year_Project\PapuloNet\datasets\dermnet\test\Psoriasis pictures Lichen Planus and related diseases\seborrheic-dermatitis-117.jpg,Seborrheic_Dermatitis,False,UNIQUE,PASS,PSD_00001743.jpg,224,224
PSD_00001744,DermNet,DermNet,test,original,Seborrheic_Dermatitis,seborrheic-dermatitis-122.jpg,C:\Users\manis\Desktop\Final_Year_Project\PapuloNet\datasets\dermnet\test\Psoriasis pictures Lichen Planus and related diseases\seborrheic-dermatitis-122.jpg,Seborrheic_Dermatitis,False,UNIQUE,PASS,PSD_00001744.jpg,224,224
PSD_00001745,DermNet,DermNet,test,original,Seborrheic_Dermatitis,seborrheic-dermatitis-129.jpg,C:\Users\manis\Desktop\Final_Year_Project\PapuloNet\datasets\dermnet\test\Psoriasis pictures Lichen Planus and related diseases\seborrheic-dermatitis-129.jpg,Seborrheic_Dermatitis,False,UNIQUE,PASS,PSD_00001745.jpg,224,224
PSD_00001746,DermNet,DermNet,test,original,Seborrheic_Dermatitis,seborrheic-dermatitis-132.jpg,C:\Users\manis\Desktop\Final_Year_Project\PapuloNet\datasets\dermnet\test\Psoriasis pictures Lichen Planus and related diseases\seborrheic-dermatitis-132.jpg,Seborrheic_Dermatitis,False,UNIQUE,PASS,PSD_00001746.jpg,224,224
PSD_00001747,DermNet,DermNet,test,original,Seborrheic_Dermatitis,seborrheic-dermatitis-135.jpg,C:\Users\manis\Desktop\Final_Year_Project\PapuloNet\datasets\dermnet\test\Psoriasis pictures Lichen Planus and related diseases\seborrheic-dermatitis-135.jpg,Seborrheic_Dermatitis,False,UNIQUE,PASS,PSD_00001747.jpg,224,224
PSD_00001748,DermNet,DermNet,test,original,Seborrheic_Dermatitis,seborrheic-dermatitis-137.jpg,C:\Users\manis\Desktop\Final_Year_Project\PapuloNet\datasets\dermnet\test\Psoriasis pictures Lichen Planus and related diseases\seborrheic-dermatitis-137.jpg,Seborrheic_Dermatitis,False,UNIQUE,PASS,PSD_00001748.jpg,224,224
PSD_00001749,DermNet,DermNet,test,original,Seborrheic_Dermatitis,seborrheic-dermatitis-146.jpg,C:\Users\manis\Desktop\Final_Year_Project\PapuloNet\datasets\dermnet\test\Psoriasis pictures Lichen Planus and related diseases\seborrheic-dermatitis-146.jpg,Seborrheic_Dermatitis,False,UNIQUE,PASS,PSD_00001749.jpg,224,224
PSD_00001750,DermNet,DermNet,test,original,Seborrheic_Dermatitis,seborrheic-dermatitis-15.jpg,C:\Users\manis\Desktop\Final_Year_Project\PapuloNet\datasets\dermnet\test\Psoriasis pictures Lichen Planus and related diseases\seborrheic-dermatitis-15.jpg,Seborrheic_Dermatitis,False,UNIQUE,PASS,PSD_00001750.jpg,224,224
PSD_00001751,DermNet,DermNet,test,original,Seborrheic_Dermatitis,seborrheic-dermatitis-78.jpg,C:\Users\manis\Desktop\Final_Year_Project\PapuloNet\datasets\dermnet\test\Psoriasis pictures Lichen Planus and related diseases\seborrheic-dermatitis-78.jpg,Seborrheic_Dermatitis,False,UNIQUE,PASS,PSD_00001751.jpg,224,224
PSD_00001752,DermNet,DermNet,test,original,Seborrheic_Dermatitis,seborrheic-dermatitis-82.jpg,C:\Users\manis\Desktop\Final_Year_Project\PapuloNet\datasets\dermnet\test\Psoriasis pictures Lichen Planus and related diseases\seborrheic-dermatitis-82.jpg,Seborrheic_Dermatitis,False,UNIQUE,PASS,PSD_00001752.jpg,224,224
PSD_00001753,DermNet,DermNet,test,original,Seborrheic_Dermatitis,seborrheic-dermatitis-84.jpg,C:\Users\manis\Desktop\Final_Year_Project\PapuloNet\datasets\dermnet\test\Psoriasis pictures Lichen Planus and related diseases\seborrheic-dermatitis-84.jpg,Seborrheic_Dermatitis,False,UNIQUE,PASS,PSD_00001753.jpg,224,224
PSD_00001754,DermNet,DermNet,test,original,Seborrheic_Dermatitis,seborrheic-dermatitis-87.jpg,C:\Users\manis\Desktop\Final_Year_Project\PapuloNet\datasets\dermnet\test\Psoriasis pictures Lichen Planus and related diseases\seborrheic-dermatitis-87.jpg,Seborrheic_Dermatitis,False,UNIQUE,PASS,PSD_00001754.jpg,224,224
PSD_00001755,DermNet,DermNet,test,original,Seborrheic_Dermatitis,seborrheic-dermatitis-89.jpg,C:\Users\manis\Desktop\Final_Year_Project\PapuloNet\datasets\dermnet\test\Psoriasis pictures Lichen Planus and related diseases\seborrheic-dermatitis-89.jpg,Seborrheic_Dermatitis,False,DUPLICATE_OF:PSD_00001751,PENDING,,,
PSD_00001756,DermNet,DermNet,test,original,Seborrheic_Dermatitis,seborrheic-dermatitis-9.jpg,C:\Users\manis\Desktop\Final_Year_Project\PapuloNet\datasets\dermnet\test\Psoriasis pictures Lichen Planus and related diseases\seborrheic-dermatitis-9.jpg,Seborrheic_Dermatitis,False,UNIQUE,PASS,PSD_00001756.jpg,224,224
PSD_00001757,DermNet,DermNet,test,original,Seborrheic_Dermatitis,seborrheic-dermatitis-97.jpg,C:\Users\manis\Desktop\Final_Year_Project\PapuloNet\datasets\dermnet\test\Psoriasis pictures Lichen Planus and related diseases\seborrheic-dermatitis-97.jpg,Seborrheic_Dermatitis,False,UNIQUE,PASS,PSD_00001757.jpg,224,224
PSD_00001758,SkinDisNet,SkinDisNet,n/a,original,Seborrheic_Dermatitis,SD_01.jpg,C:\Users\manis\Desktop\Final_Year_Project\PapuloNet\datasets\skindisnet\SkinDisNet\Preprocessed\SD\SD_01.jpg,Seborrheic_Dermatitis,False,UNIQUE,FAIL: blur variance 58.8 below threshold 100.0,,,
PSD_00001759,SkinDisNet,SkinDisNet,n/a,original,Seborrheic_Dermatitis,SD_02.jpg,C:\Users\manis\Desktop\Final_Year_Project\PapuloNet\datasets\skindisnet\SkinDisNet\Preprocessed\SD\SD_02.jpg,Seborrheic_Dermatitis,False,UNIQUE,FAIL: blur variance 18.4 below threshold 100.0,,,
PSD_00001760,SkinDisNet,SkinDisNet,n/a,original,Seborrheic_Dermatitis,SD_03.jpg,C:\Users\manis\Desktop\Final_Year_Project\PapuloNet\datasets\skindisnet\SkinDisNet\Preprocessed\SD\SD_03.jpg,Seborrheic_Dermatitis,False,UNIQUE,PASS,PSD_00001760.jpg,224,224
PSD_00001761,SkinDisNet,SkinDisNet,n/a,original,Seborrheic_Dermatitis,SD_04.jpg,C:\Users\manis\Desktop\Final_Year_Project\PapuloNet\datasets\skindisnet\SkinDisNet\Preprocessed\SD\SD_04.jpg,Seborrheic_Dermatitis,False,UNIQUE,PASS,PSD_00001761.jpg,224,224
PSD_00001762,SkinDisNet,SkinDisNet,n/a,original,Seborrheic_Dermatitis,SD_05.jpg,C:\Users\manis\Desktop\Final_Year_Project\PapuloNet\datasets\skindisnet\SkinDisNet\Preprocessed\SD\SD_05.jpg,Seborrheic_Dermatitis,False,UNIQUE,FAIL: blur variance 67.0 below threshold 100.0,,,
PSD_00001763,SkinDisNet,SkinDisNet,n/a,original,Seborrheic_Dermatitis,SD_06.jpg,C:\Users\manis\Desktop\Final_Year_Project\PapuloNet\datasets\skindisnet\SkinDisNet\Preprocessed\SD\SD_06.jpg,Seborrheic_Dermatitis,False,UNIQUE,PASS,PSD_00001763.jpg,224,224
PSD_00001764,SkinDisNet,SkinDisNet,n/a,original,Seborrheic_Dermatitis,SD_07.jpg,C:\Users\manis\Desktop\Final_Year_Project\PapuloNet\datasets\skindisnet\SkinDisNet\Preprocessed\SD\SD_07.jpg,Seborrheic_Dermatitis,False,UNIQUE,PASS,PSD_00001764.jpg,224,224
PSD_00001765,SkinDisNet,SkinDisNet,n/a,original,Seborrheic_Dermatitis,SD_08.jpg,C:\Users\manis\Desktop\Final_Year_Project\PapuloNet\datasets\skindisnet\SkinDisNet\Preprocessed\SD\SD_08.jpg,Seborrheic_Dermatitis,False,UNIQUE,PASS,PSD_00001765.jpg,224,224
PSD_00001766,SkinDisNet,SkinDisNet,n/a,original,Seborrheic_Dermatitis,SD_09.jpg,C:\Users\manis\Desktop\Final_Year_Project\PapuloNet\datasets\skindisnet\SkinDisNet\Preprocessed\SD\SD_09.jpg,Seborrheic_Dermatitis,False,UNIQUE,PASS,PSD_00001766.jpg,224,224
PSD_00001767,SkinDisNet,SkinDisNet,n/a,original,Seborrheic_Dermatitis,SD_10.jpg,C:\Users\manis\Desktop\Final_Year_Project\PapuloNet\datasets\skindisnet\SkinDisNet\Preprocessed\SD\SD_10.jpg,Seborrheic_Dermatitis,False,UNIQUE,PASS,PSD_00001767.jpg,224,224
PSD_00001768,SkinDisNet,SkinDisNet,n/a,original,Seborrheic_Dermatitis,SD_11.jpg,C:\Users\manis\Desktop\Final_Year_Project\PapuloNet\datasets\skindisnet\SkinDisNet\Preprocessed\SD\SD_11.jpg,Seborrheic_Dermatitis,False,UNIQUE,PASS,PSD_00001768.jpg,224,224
PSD_00001769,SkinDisNet,SkinDisNet,n/a,original,Seborrheic_Dermatitis,SD_12.jpg,C:\Users\manis\Desktop\Final_Year_Project\PapuloNet\datasets\skindisnet\SkinDisNet\Preprocessed\SD\SD_12.jpg,Seborrheic_Dermatitis,False,UNIQUE,PASS,PSD_00001769.jpg,224,224
PSD_00001770,SkinDisNet,SkinDisNet,n/a,original,Seborrheic_Dermatitis,SD_13.jpg,C:\Users\manis\Desktop\Final_Year_Project\PapuloNet\datasets\skindisnet\SkinDisNet\Preprocessed\SD\SD_13.jpg,Seborrheic_Dermatitis,False,UNIQUE,FAIL: blur variance 26.9 below threshold 100.0,,,
PSD_00001771,SkinDisNet,SkinDisNet,n/a,original,Seborrheic_Dermatitis,SD_14.jpg,C:\Users\manis\Desktop\Final_Year_Project\PapuloNet\datasets\skindisnet\SkinDisNet\Preprocessed\SD\SD_14.jpg,Seborrheic_Dermatitis,False,UNIQUE,FAIL: blur variance 37.6 below threshold 100.0,,,
PSD_00001772,SkinDisNet,SkinDisNet,n/a,original,Seborrheic_Dermatitis,SD_15.jpg,C:\Users\manis\Desktop\Final_Year_Project\PapuloNet\datasets\skindisnet\SkinDisNet\Preprocessed\SD\SD_15.jpg,Seborrheic_Dermatitis,False,UNIQUE,FAIL: blur variance 8.1 below threshold 100.0,,,
PSD_00001773,SkinDisNet,SkinDisNet,n/a,original,Seborrheic_Dermatitis,SD_16.jpg,C:\Users\manis\Desktop\Final_Year_Project\PapuloNet\datasets\skindisnet\SkinDisNet\Preprocessed\SD\SD_16.jpg,Seborrheic_Dermatitis,False,UNIQUE,PASS,PSD_00001773.jpg,224,224
PSD_00001774,SkinDisNet,SkinDisNet,n/a,original,Seborrheic_Dermatitis,SD_17.jpg,C:\Users\manis\Desktop\Final_Year_Project\PapuloNet\datasets\skindisnet\SkinDisNet\Preprocessed\SD\SD_17.jpg,Seborrheic_Dermatitis,False,UNIQUE,PASS,PSD_00001774.jpg,224,224
PSD_00001775,SkinDisNet,SkinDisNet,n/a,original,Seborrheic_Dermatitis,SD_18.jpg,C:\Users\manis\Desktop\Final_Year_Project\PapuloNet\datasets\skindisnet\SkinDisNet\Preprocessed\SD\SD_18.jpg,Seborrheic_Dermatitis,False,UNIQUE,PASS,PSD_00001775.jpg,224,224
PSD_00001776,SkinDisNet,SkinDisNet,n/a,original,Seborrheic_Dermatitis,SD_19.jpg,C:\Users\manis\Desktop\Final_Year_Project\PapuloNet\datasets\skindisnet\SkinDisNet\Preprocessed\SD\SD_19.jpg,Seborrheic_Dermatitis,False,UNIQUE,FAIL: blur variance 49.8 below threshold 100.0,,,
PSD_00001777,SkinDisNet,SkinDisNet,n/a,original,Seborrheic_Dermatitis,SD_20.jpg,C:\Users\manis\Desktop\Final_Year_Project\PapuloNet\datasets\skindisnet\SkinDisNet\Preprocessed\SD\SD_20.jpg,Seborrheic_Dermatitis,False,UNIQUE,PASS,PSD_00001777.jpg,224,224
PSD_00001778,SkinDisNet,SkinDisNet,n/a,original,Seborrheic_Dermatitis,SD_21.jpg,C:\Users\manis\Desktop\Final_Year_Project\PapuloNet\datasets\skindisnet\SkinDisNet\Preprocessed\SD\SD_21.jpg,Seborrheic_Dermatitis,False,UNIQUE,FAIL: blur variance 73.3 below threshold 100.0,,,
PSD_00001779,SkinDisNet,SkinDisNet,n/a,original,Seborrheic_Dermatitis,SD_22.jpg,C:\Users\manis\Desktop\Final_Year_Project\PapuloNet\datasets\skindisnet\SkinDisNet\Preprocessed\SD\SD_22.jpg,Seborrheic_Dermatitis,False,UNIQUE,PASS,PSD_00001779.jpg,224,224
PSD_00001780,SkinDisNet,SkinDisNet,n/a,original,Seborrheic_Dermatitis,SD_23.jpg,C:\Users\manis\Desktop\Final_Year_Project\PapuloNet\datasets\skindisnet\SkinDisNet\Preprocessed\SD\SD_23.jpg,Seborrheic_Dermatitis,False,UNIQUE,PASS,PSD_00001780.jpg,224,224
PSD_00001781,SkinDisNet,SkinDisNet,n/a,original,Seborrheic_Dermatitis,SD_24.jpg,C:\Users\manis\Desktop\Final_Year_Project\PapuloNet\datasets\skindisnet\SkinDisNet\Preprocessed\SD\SD_24.jpg,Seborrheic_Dermatitis,False,UNIQUE,PASS,PSD_00001781.jpg,224,224
PSD_00001782,SkinDisNet,SkinDisNet,n/a,original,Seborrheic_Dermatitis,SD_25.jpg,C:\Users\manis\Desktop\Final_Year_Project\PapuloNet\datasets\skindisnet\SkinDisNet\Preprocessed\SD\SD_25.jpg,Seborrheic_Dermatitis,False,UNIQUE,FAIL: blur variance 18.9 below threshold 100.0,,,
PSD_00001783,SkinDisNet,SkinDisNet,n/a,original,Seborrheic_Dermatitis,SD_26.jpg,C:\Users\manis\Desktop\Final_Year_Project\PapuloNet\datasets\skindisnet\SkinDisNet\Preprocessed\SD\SD_26.jpg,Seborrheic_Dermatitis,False,UNIQUE,PASS,PSD_00001783.jpg,224,224
PSD_00001784,SkinDisNet,SkinDisNet,n/a,original,Seborrheic_Dermatitis,SD_27.jpg,C:\Users\manis\Desktop\Final_Year_Project\PapuloNet\datasets\skindisnet\SkinDisNet\Preprocessed\SD\SD_27.jpg,Seborrheic_Dermatitis,False,UNIQUE,FAIL: blur variance 43.0 below threshold 100.0,,,
PSD_00001785,SkinDisNet,SkinDisNet,n/a,original,Seborrheic_Dermatitis,SD_28.jpg,C:\Users\manis\Desktop\Final_Year_Project\PapuloNet\datasets\skindisnet\SkinDisNet\Preprocessed\SD\SD_28.jpg,Seborrheic_Dermatitis,False,UNIQUE,FAIL: blur variance 99.6 below threshold 100.0,,,
PSD_00001786,SkinDisNet,SkinDisNet,n/a,original,Seborrheic_Dermatitis,SD_29.jpg,C:\Users\manis\Desktop\Final_Year_Project\PapuloNet\datasets\skindisnet\SkinDisNet\Preprocessed\SD\SD_29.jpg,Seborrheic_Dermatitis,False,UNIQUE,PASS,PSD_00001786.jpg,224,224
PSD_00001787,SkinDisNet,SkinDisNet,n/a,original,Seborrheic_Dermatitis,SD_30.jpg,C:\Users\manis\Desktop\Final_Year_Project\PapuloNet\datasets\skindisnet\SkinDisNet\Preprocessed\SD\SD_30.jpg,Seborrheic_Dermatitis,False,UNIQUE,PASS,PSD_00001787.jpg,224,224
PSD_00001788,SkinDisNet,SkinDisNet,n/a,original,Seborrheic_Dermatitis,SD_31.jpg,C:\Users\manis\Desktop\Final_Year_Project\PapuloNet\datasets\skindisnet\SkinDisNet\Preprocessed\SD\SD_31.jpg,Seborrheic_Dermatitis,False,UNIQUE,PASS,PSD_00001788.jpg,224,224
PSD_00001789,SkinDisNet,SkinDisNet,n/a,original,Seborrheic_Dermatitis,SD_32.jpg,C:\Users\manis\Desktop\Final_Year_Project\PapuloNet\datasets\skindisnet\SkinDisNet\Preprocessed\SD\SD_32.jpg,Seborrheic_Dermatitis,False,UNIQUE,PASS,PSD_00001789.jpg,224,224
PSD_00001790,SkinDisNet,SkinDisNet,n/a,original,Seborrheic_Dermatitis,SD_33.jpg,C:\Users\manis\Desktop\Final_Year_Project\PapuloNet\datasets\skindisnet\SkinDisNet\Preprocessed\SD\SD_33.jpg,Seborrheic_Dermatitis,False,UNIQUE,FAIL: blur variance 33.0 below threshold 100.0,,,
PSD_00001791,SkinDisNet,SkinDisNet,n/a,original,Seborrheic_Dermatitis,SD_34.jpg,C:\Users\manis\Desktop\Final_Year_Project\PapuloNet\datasets\skindisnet\SkinDisNet\Preprocessed\SD\SD_34.jpg,Seborrheic_Dermatitis,False,UNIQUE,PASS,PSD_00001791.jpg,224,224
PSD_00001792,SkinDisNet,SkinDisNet,n/a,original,Seborrheic_Dermatitis,SD_35.jpg,C:\Users\manis\Desktop\Final_Year_Project\PapuloNet\datasets\skindisnet\SkinDisNet\Preprocessed\SD\SD_35.jpg,Seborrheic_Dermatitis,False,UNIQUE,PASS,PSD_00001792.jpg,224,224
PSD_00001793,SkinDisNet,SkinDisNet,n/a,original,Seborrheic_Dermatitis,SD_36.jpg,C:\Users\manis\Desktop\Final_Year_Project\PapuloNet\datasets\skindisnet\SkinDisNet\Preprocessed\SD\SD_36.jpg,Seborrheic_Dermatitis,False,UNIQUE,FAIL: blur variance 71.6 below threshold 100.0,,,
PSD_00001794,SkinDisNet,SkinDisNet,n/a,original,Seborrheic_Dermatitis,SD_37.jpg,C:\Users\manis\Desktop\Final_Year_Project\PapuloNet\datasets\skindisnet\SkinDisNet\Preprocessed\SD\SD_37.jpg,Seborrheic_Dermatitis,False,UNIQUE,PASS,PSD_00001794.jpg,224,224
PSD_00001795,SkinDisNet,SkinDisNet,n/a,original,Seborrheic_Dermatitis,SD_38.jpg,C:\Users\manis\Desktop\Final_Year_Project\PapuloNet\datasets\skindisnet\SkinDisNet\Preprocessed\SD\SD_38.jpg,Seborrheic_Dermatitis,False,UNIQUE,PASS,PSD_00001795.jpg,224,224
PSD_00001796,SkinDisNet,SkinDisNet,n/a,original,Seborrheic_Dermatitis,SD_39.jpg,C:\Users\manis\Desktop\Final_Year_Project\PapuloNet\datasets\skindisnet\SkinDisNet\Preprocessed\SD\SD_39.jpg,Seborrheic_Dermatitis,False,UNIQUE,PASS,PSD_00001796.jpg,224,224
PSD_00001797,SkinDisNet,SkinDisNet,n/a,original,Seborrheic_Dermatitis,SD_40.jpg,C:\Users\manis\Desktop\Final_Year_Project\PapuloNet\datasets\skindisnet\SkinDisNet\Preprocessed\SD\SD_40.jpg,Seborrheic_Dermatitis,False,UNIQUE,FAIL: blur variance 19.0 below threshold 100.0,,,
PSD_00001798,SkinDisNet,SkinDisNet,n/a,original,Seborrheic_Dermatitis,SD_41.jpg,C:\Users\manis\Desktop\Final_Year_Project\PapuloNet\datasets\skindisnet\SkinDisNet\Preprocessed\SD\SD_41.jpg,Seborrheic_Dermatitis,False,UNIQUE,PASS,PSD_00001798.jpg,224,224
PSD_00001799,SkinDisNet,SkinDisNet,n/a,original,Seborrheic_Dermatitis,SD_42.jpg,C:\Users\manis\Desktop\Final_Year_Project\PapuloNet\datasets\skindisnet\SkinDisNet\Preprocessed\SD\SD_42.jpg,Seborrheic_Dermatitis,False,UNIQUE,PASS,PSD_00001799.jpg,224,224
PSD_00001800,SkinDisNet,SkinDisNet,n/a,original,Seborrheic_Dermatitis,SD_43.jpg,C:\Users\manis\Desktop\Final_Year_Project\PapuloNet\datasets\skindisnet\SkinDisNet\Preprocessed\SD\SD_43.jpg,Seborrheic_Dermatitis,False,UNIQUE,PASS,PSD_00001800.jpg,224,224
PSD_00001801,SkinDisNet,SkinDisNet,n/a,original,Seborrheic_Dermatitis,SD_44.jpg,C:\Users\manis\Desktop\Final_Year_Project\PapuloNet\datasets\skindisnet\SkinDisNet\Preprocessed\SD\SD_44.jpg,Seborrheic_Dermatitis,False,UNIQUE,PASS,PSD_00001801.jpg,224,224
PSD_00001802,SkinDisNet,SkinDisNet,n/a,original,Seborrheic_Dermatitis,SD_45.jpg,C:\Users\manis\Desktop\Final_Year_Project\PapuloNet\datasets\skindisnet\SkinDisNet\Preprocessed\SD\SD_45.jpg,Seborrheic_Dermatitis,False,UNIQUE,FAIL: blur variance 10.0 below threshold 100.0,,,
PSD_00001803,SkinDisNet,SkinDisNet,n/a,original,Seborrheic_Dermatitis,SD_46.jpg,C:\Users\manis\Desktop\Final_Year_Project\PapuloNet\datasets\skindisnet\SkinDisNet\Preprocessed\SD\SD_46.jpg,Seborrheic_Dermatitis,False,UNIQUE,FAIL: blur variance 54.5 below threshold 100.0,,,
PSD_00001804,SkinDisNet,SkinDisNet,n/a,original,Seborrheic_Dermatitis,SD_47.jpg,C:\Users\manis\Desktop\Final_Year_Project\PapuloNet\datasets\skindisnet\SkinDisNet\Preprocessed\SD\SD_47.jpg,Seborrheic_Dermatitis,False,UNIQUE,PASS,PSD_00001804.jpg,224,224
PSD_00001805,SkinDisNet,SkinDisNet,n/a,original,Seborrheic_Dermatitis,SD_48.jpg,C:\Users\manis\Desktop\Final_Year_Project\PapuloNet\datasets\skindisnet\SkinDisNet\Preprocessed\SD\SD_48.jpg,Seborrheic_Dermatitis,False,UNIQUE,PASS,PSD_00001805.jpg,224,224
PSD_00001806,SkinDisNet,SkinDisNet,n/a,original,Seborrheic_Dermatitis,SD_49.jpg,C:\Users\manis\Desktop\Final_Year_Project\PapuloNet\datasets\skindisnet\SkinDisNet\Preprocessed\SD\SD_49.jpg,Seborrheic_Dermatitis,False,UNIQUE,FAIL: blur variance 21.6 below threshold 100.0,,,
PSD_00001807,SkinDisNet,SkinDisNet,n/a,original,Seborrheic_Dermatitis,SD_50.jpg,C:\Users\manis\Desktop\Final_Year_Project\PapuloNet\datasets\skindisnet\SkinDisNet\Preprocessed\SD\SD_50.jpg,Seborrheic_Dermatitis,False,UNIQUE,FAIL: blur variance 50.3 below threshold 100.0,,,
PSD_00001808,SkinDisNet,SkinDisNet,n/a,original,Seborrheic_Dermatitis,SD_51.jpg,C:\Users\manis\Desktop\Final_Year_Project\PapuloNet\datasets\skindisnet\SkinDisNet\Preprocessed\SD\SD_51.jpg,Seborrheic_Dermatitis,False,UNIQUE,PASS,PSD_00001808.jpg,224,224
PSD_00001809,SkinDisNet,SkinDisNet,n/a,original,Seborrheic_Dermatitis,SD_52.jpg,C:\Users\manis\Desktop\Final_Year_Project\PapuloNet\datasets\skindisnet\SkinDisNet\Preprocessed\SD\SD_52.jpg,Seborrheic_Dermatitis,False,UNIQUE,PASS,PSD_00001809.jpg,224,224
PSD_00001810,SkinDisNet,SkinDisNet,n/a,original,Seborrheic_Dermatitis,SD_53.jpg,C:\Users\manis\Desktop\Final_Year_Project\PapuloNet\datasets\skindisnet\SkinDisNet\Preprocessed\SD\SD_53.jpg,Seborrheic_Dermatitis,False,UNIQUE,FAIL: blur variance 23.7 below threshold 100.0,,,
PSD_00001811,SkinDisNet,SkinDisNet,n/a,original,Seborrheic_Dermatitis,SD_54.jpg,C:\Users\manis\Desktop\Final_Year_Project\PapuloNet\datasets\skindisnet\SkinDisNet\Preprocessed\SD\SD_54.jpg,Seborrheic_Dermatitis,False,UNIQUE,FAIL: blur variance 43.1 below threshold 100.0,,,
PSD_00001812,SkinDisNet,SkinDisNet,n/a,original,Seborrheic_Dermatitis,SD_55.jpg,C:\Users\manis\Desktop\Final_Year_Project\PapuloNet\datasets\skindisnet\SkinDisNet\Preprocessed\SD\SD_55.jpg,Seborrheic_Dermatitis,False,UNIQUE,FAIL: blur variance 64.9 below threshold 100.0,,,
PSD_00001813,SkinDisNet,SkinDisNet,n/a,original,Seborrheic_Dermatitis,SD_56.jpg,C:\Users\manis\Desktop\Final_Year_Project\PapuloNet\datasets\skindisnet\SkinDisNet\Preprocessed\SD\SD_56.jpg,Seborrheic_Dermatitis,False,UNIQUE,PASS,PSD_00001813.jpg,224,224
PSD_00001814,SkinDisNet,SkinDisNet,n/a,original,Seborrheic_Dermatitis,SD_57.jpg,C:\Users\manis\Desktop\Final_Year_Project\PapuloNet\datasets\skindisnet\SkinDisNet\Preprocessed\SD\SD_57.jpg,Seborrheic_Dermatitis,False,UNIQUE,FAIL: blur variance 83.7 below threshold 100.0,,,
PSD_00001815,SkinDisNet,SkinDisNet,n/a,original,Seborrheic_Dermatitis,SD_58.jpg,C:\Users\manis\Desktop\Final_Year_Project\PapuloNet\datasets\skindisnet\SkinDisNet\Preprocessed\SD\SD_58.jpg,Seborrheic_Dermatitis,False,UNIQUE,FAIL: blur variance 21.4 below threshold 100.0,,,
PSD_00001816,SkinDisNet,SkinDisNet,n/a,original,Seborrheic_Dermatitis,SD_59.jpg,C:\Users\manis\Desktop\Final_Year_Project\PapuloNet\datasets\skindisnet\SkinDisNet\Preprocessed\SD\SD_59.jpg,Seborrheic_Dermatitis,False,UNIQUE,FAIL: blur variance 65.7 below threshold 100.0,,,
PSD_00001817,SkinDisNet,SkinDisNet,n/a,original,Seborrheic_Dermatitis,SD_60.jpg,C:\Users\manis\Desktop\Final_Year_Project\PapuloNet\datasets\skindisnet\SkinDisNet\Preprocessed\SD\SD_60.jpg,Seborrheic_Dermatitis,False,UNIQUE,FAIL: blur variance 20.6 below threshold 100.0,,,
PSD_00001818,SkinDisNet,SkinDisNet,n/a,original,Seborrheic_Dermatitis,SD_61.jpg,C:\Users\manis\Desktop\Final_Year_Project\PapuloNet\datasets\skindisnet\SkinDisNet\Preprocessed\SD\SD_61.jpg,Seborrheic_Dermatitis,False,UNIQUE,FAIL: blur variance 14.7 below threshold 100.0,,,
PSD_00001819,SkinDisNet,SkinDisNet,n/a,original,Seborrheic_Dermatitis,SD_62.jpg,C:\Users\manis\Desktop\Final_Year_Project\PapuloNet\datasets\skindisnet\SkinDisNet\Preprocessed\SD\SD_62.jpg,Seborrheic_Dermatitis,False,UNIQUE,FAIL: blur variance 12.9 below threshold 100.0,,,
PSD_00001820,SkinDisNet,SkinDisNet,n/a,original,Seborrheic_Dermatitis,SD_63.jpg,C:\Users\manis\Desktop\Final_Year_Project\PapuloNet\datasets\skindisnet\SkinDisNet\Preprocessed\SD\SD_63.jpg,Seborrheic_Dermatitis,False,UNIQUE,FAIL: blur variance 66.5 below threshold 100.0,,,
PSD_00001821,SkinDisNet,SkinDisNet,n/a,original,Seborrheic_Dermatitis,SD_64.jpg,C:\Users\manis\Desktop\Final_Year_Project\PapuloNet\datasets\skindisnet\SkinDisNet\Preprocessed\SD\SD_64.jpg,Seborrheic_Dermatitis,False,UNIQUE,FAIL: blur variance 37.1 below threshold 100.0,,,
PSD_00001822,SkinDisNet,SkinDisNet,n/a,original,Seborrheic_Dermatitis,SD_65.jpg,C:\Users\manis\Desktop\Final_Year_Project\PapuloNet\datasets\skindisnet\SkinDisNet\Preprocessed\SD\SD_65.jpg,Seborrheic_Dermatitis,False,UNIQUE,PASS,PSD_00001822.jpg,224,224
PSD_00001823,SkinDisNet,SkinDisNet,n/a,original,Seborrheic_Dermatitis,SD_66.jpg,C:\Users\manis\Desktop\Final_Year_Project\PapuloNet\datasets\skindisnet\SkinDisNet\Preprocessed\SD\SD_66.jpg,Seborrheic_Dermatitis,False,UNIQUE,FAIL: blur variance 96.5 below threshold 100.0,,,
PSD_00001824,SkinDisNet,SkinDisNet,n/a,original,Seborrheic_Dermatitis,SD_67.jpg,C:\Users\manis\Desktop\Final_Year_Project\PapuloNet\datasets\skindisnet\SkinDisNet\Preprocessed\SD\SD_67.jpg,Seborrheic_Dermatitis,False,UNIQUE,PASS,PSD_00001824.jpg,224,224
PSD_00001825,SkinDisNet,SkinDisNet,n/a,original,Seborrheic_Dermatitis,SD_68.jpg,C:\Users\manis\Desktop\Final_Year_Project\PapuloNet\datasets\skindisnet\SkinDisNet\Preprocessed\SD\SD_68.jpg,Seborrheic_Dermatitis,False,UNIQUE,PASS,PSD_00001825.jpg,224,224
PSD_00001826,SkinDisNet,SkinDisNet,n/a,original,Seborrheic_Dermatitis,SD_69.jpg,C:\Users\manis\Desktop\Final_Year_Project\PapuloNet\datasets\skindisnet\SkinDisNet\Preprocessed\SD\SD_69.jpg,Seborrheic_Dermatitis,False,UNIQUE,PASS,PSD_00001826.jpg,224,224
PSD_00001827,SkinDisNet,SkinDisNet,n/a,original,Seborrheic_Dermatitis,SD_70.jpg,C:\Users\manis\Desktop\Final_Year_Project\PapuloNet\datasets\skindisnet\SkinDisNet\Preprocessed\SD\SD_70.jpg,Seborrheic_Dermatitis,False,UNIQUE,FAIL: blur variance 41.1 below threshold 100.0,,,
PSD_00001828,SkinDisNet,SkinDisNet,n/a,original,Seborrheic_Dermatitis,SD_71.jpg,C:\Users\manis\Desktop\Final_Year_Project\PapuloNet\datasets\skindisnet\SkinDisNet\Preprocessed\SD\SD_71.jpg,Seborrheic_Dermatitis,False,DUPLICATE_OF:PSD_00001760,PENDING,,,
PSD_00001829,SkinDisNet,SkinDisNet,n/a,original,Seborrheic_Dermatitis,SD_72.jpg,C:\Users\manis\Desktop\Final_Year_Project\PapuloNet\datasets\skindisnet\SkinDisNet\Preprocessed\SD\SD_72.jpg,Seborrheic_Dermatitis,False,UNIQUE,FAIL: blur variance 10.7 below threshold 100.0,,,
PSD_00001830,SkinDisNet,SkinDisNet,n/a,original,Seborrheic_Dermatitis,SD_73.jpg,C:\Users\manis\Desktop\Final_Year_Project\PapuloNet\datasets\skindisnet\SkinDisNet\Preprocessed\SD\SD_73.jpg,Seborrheic_Dermatitis,False,UNIQUE,FAIL: blur variance 16.3 below threshold 100.0,,,
PSD_00001831,SkinDisNet,SkinDisNet,n/a,original,Seborrheic_Dermatitis,SD_74.jpg,C:\Users\manis\Desktop\Final_Year_Project\PapuloNet\datasets\skindisnet\SkinDisNet\Preprocessed\SD\SD_74.jpg,Seborrheic_Dermatitis,False,UNIQUE,PASS,PSD_00001831.jpg,224,224
PSD_00001832,SkinDisNet,SkinDisNet,n/a,original,Seborrheic_Dermatitis,SD_75.jpg,C:\Users\manis\Desktop\Final_Year_Project\PapuloNet\datasets\skindisnet\SkinDisNet\Preprocessed\SD\SD_75.jpg,Seborrheic_Dermatitis,False,UNIQUE,FAIL: blur variance 67.4 below threshold 100.0,,,
PSD_00001833,SkinDisNet,SkinDisNet,n/a,original,Seborrheic_Dermatitis,SD_76.jpg,C:\Users\manis\Desktop\Final_Year_Project\PapuloNet\datasets\skindisnet\SkinDisNet\Preprocessed\SD\SD_76.jpg,Seborrheic_Dermatitis,False,UNIQUE,FAIL: blur variance 47.3 below threshold 100.0,,,
PSD_00001834,SkinDisNet,SkinDisNet,n/a,original,Seborrheic_Dermatitis,SD_77.jpg,C:\Users\manis\Desktop\Final_Year_Project\PapuloNet\datasets\skindisnet\SkinDisNet\Preprocessed\SD\SD_77.jpg,Seborrheic_Dermatitis,False,UNIQUE,FAIL: blur variance 21.3 below threshold 100.0,,,
PSD_00001835,SkinDisNet,SkinDisNet,n/a,original,Seborrheic_Dermatitis,SD_78.jpg,C:\Users\manis\Desktop\Final_Year_Project\PapuloNet\datasets\skindisnet\SkinDisNet\Preprocessed\SD\SD_78.jpg,Seborrheic_Dermatitis,False,DUPLICATE_OF:PSD_00001766,PENDING,,,
PSD_00001836,SkinDisNet,SkinDisNet,n/a,original,Seborrheic_Dermatitis,SD_79.jpg,C:\Users\manis\Desktop\Final_Year_Project\PapuloNet\datasets\skindisnet\SkinDisNet\Preprocessed\SD\SD_79.jpg,Seborrheic_Dermatitis,False,UNIQUE,PASS,PSD_00001836.jpg,224,224
PSD_00001837,SkinDisNet,SkinDisNet,n/a,augmented,Seborrheic_Dermatitis,SD_01_01.jpg,C:\Users\manis\Desktop\Final_Year_Project\PapuloNet\datasets\skindisnet\SkinDisNet\Augmented\SD\SD_01_01.jpg,Seborrheic_Dermatitis,False,UNIQUE,FAIL: blur variance 35.7 below threshold 100.0,,,
PSD_00001838,SkinDisNet,SkinDisNet,n/a,augmented,Seborrheic_Dermatitis,SD_01_02.jpg,C:\Users\manis\Desktop\Final_Year_Project\PapuloNet\datasets\skindisnet\SkinDisNet\Augmented\SD\SD_01_02.jpg,Seborrheic_Dermatitis,False,UNIQUE,FAIL: blur variance 59.9 below threshold 100.0,,,
PSD_00001839,SkinDisNet,SkinDisNet,n/a,augmented,Seborrheic_Dermatitis,SD_01_03.jpg,C:\Users\manis\Desktop\Final_Year_Project\PapuloNet\datasets\skindisnet\SkinDisNet\Augmented\SD\SD_01_03.jpg,Seborrheic_Dermatitis,False,UNIQUE,FAIL: blur variance 27.7 below threshold 100.0,,,
PSD_00001840,SkinDisNet,SkinDisNet,n/a,augmented,Seborrheic_Dermatitis,SD_01_04.jpg,C:\Users\manis\Desktop\Final_Year_Project\PapuloNet\datasets\skindisnet\SkinDisNet\Augmented\SD\SD_01_04.jpg,Seborrheic_Dermatitis,False,UNIQUE,FAIL: blur variance 24.5 below threshold 100.0,,,
PSD_00001841,SkinDisNet,SkinDisNet,n/a,augmented,Seborrheic_Dermatitis,SD_01_05.jpg,C:\Users\manis\Desktop\Final_Year_Project\PapuloNet\datasets\skindisnet\SkinDisNet\Augmented\SD\SD_01_05.jpg,Seborrheic_Dermatitis,False,DUPLICATE_OF:PSD_00001758,PENDING,,,
PSD_00001842,SkinDisNet,SkinDisNet,n/a,augmented,Seborrheic_Dermatitis,SD_01_06.jpg,C:\Users\manis\Desktop\Final_Year_Project\PapuloNet\datasets\skindisnet\SkinDisNet\Augmented\SD\SD_01_06.jpg,Seborrheic_Dermatitis,False,DUPLICATE_OF:PSD_00001758,PENDING,,,
PSD_00001843,SkinDisNet,SkinDisNet,n/a,augmented,Seborrheic_Dermatitis,SD_01_07.jpg,C:\Users\manis\Desktop\Final_Year_Project\PapuloNet\datasets\skindisnet\SkinDisNet\Augmented\SD\SD_01_07.jpg,Seborrheic_Dermatitis,False,UNIQUE,PASS,PSD_00001843.jpg,224,224
PSD_00001844,SkinDisNet,SkinDisNet,n/a,augmented,Seborrheic_Dermatitis,SD_02_01.jpg,C:\Users\manis\Desktop\Final_Year_Project\PapuloNet\datasets\skindisnet\SkinDisNet\Augmented\SD\SD_02_01.jpg,Seborrheic_Dermatitis,False,UNIQUE,FAIL: blur variance 14.5 below threshold 100.0,,,
PSD_00001845,SkinDisNet,SkinDisNet,n/a,augmented,Seborrheic_Dermatitis,SD_02_02.jpg,C:\Users\manis\Desktop\Final_Year_Project\PapuloNet\datasets\skindisnet\SkinDisNet\Augmented\SD\SD_02_02.jpg,Seborrheic_Dermatitis,False,DUPLICATE_OF:PSD_00001759,PENDING,,,
PSD_00001846,SkinDisNet,SkinDisNet,n/a,augmented,Seborrheic_Dermatitis,SD_02_03.jpg,C:\Users\manis\Desktop\Final_Year_Project\PapuloNet\datasets\skindisnet\SkinDisNet\Augmented\SD\SD_02_03.jpg,Seborrheic_Dermatitis,False,UNIQUE,FAIL: blur variance 10.8 below threshold 100.0,,,
PSD_00001847,SkinDisNet,SkinDisNet,n/a,augmented,Seborrheic_Dermatitis,SD_02_04.jpg,C:\Users\manis\Desktop\Final_Year_Project\PapuloNet\datasets\skindisnet\SkinDisNet\Augmented\SD\SD_02_04.jpg,Seborrheic_Dermatitis,False,UNIQUE,FAIL: blur variance 14.4 below threshold 100.0,,,
PSD_00001848,SkinDisNet,SkinDisNet,n/a,augmented,Seborrheic_Dermatitis,SD_02_05.jpg,C:\Users\manis\Desktop\Final_Year_Project\PapuloNet\datasets\skindisnet\SkinDisNet\Augmented\SD\SD_02_05.jpg,Seborrheic_Dermatitis,False,DUPLICATE_OF:PSD_00001759,PENDING,,,
PSD_00001849,SkinDisNet,SkinDisNet,n/a,augmented,Seborrheic_Dermatitis,SD_02_06.jpg,C:\Users\manis\Desktop\Final_Year_Project\PapuloNet\datasets\skindisnet\SkinDisNet\Augmented\SD\SD_02_06.jpg,Seborrheic_Dermatitis,False,DUPLICATE_OF:PSD_00001759,PENDING,,,
PSD_00001850,SkinDisNet,SkinDisNet,n/a,augmented,Seborrheic_Dermatitis,SD_02_07.jpg,C:\Users\manis\Desktop\Final_Year_Project\PapuloNet\datasets\skindisnet\SkinDisNet\Augmented\SD\SD_02_07.jpg,Seborrheic_Dermatitis,False,UNIQUE,PASS,PSD_00001850.jpg,224,224
PSD_00001851,SkinDisNet,SkinDisNet,n/a,augmented,Seborrheic_Dermatitis,SD_03_01.jpg,C:\Users\manis\Desktop\Final_Year_Project\PapuloNet\datasets\skindisnet\SkinDisNet\Augmented\SD\SD_03_01.jpg,Seborrheic_Dermatitis,False,DUPLICATE_OF:PSD_00001760,PENDING,,,
PSD_00001852,SkinDisNet,SkinDisNet,n/a,augmented,Seborrheic_Dermatitis,SD_03_02.jpg,C:\Users\manis\Desktop\Final_Year_Project\PapuloNet\datasets\skindisnet\SkinDisNet\Augmented\SD\SD_03_02.jpg,Seborrheic_Dermatitis,False,UNIQUE,PASS,PSD_00001852.jpg,224,224
PSD_00001853,SkinDisNet,SkinDisNet,n/a,augmented,Seborrheic_Dermatitis,SD_03_03.jpg,C:\Users\manis\Desktop\Final_Year_Project\PapuloNet\datasets\skindisnet\SkinDisNet\Augmented\SD\SD_03_03.jpg,Seborrheic_Dermatitis,False,UNIQUE,FAIL: blur variance 50.6 below threshold 100.0,,,
PSD_00001854,SkinDisNet,SkinDisNet,n/a,augmented,Seborrheic_Dermatitis,SD_03_04.jpg,C:\Users\manis\Desktop\Final_Year_Project\PapuloNet\datasets\skindisnet\SkinDisNet\Augmented\SD\SD_03_04.jpg,Seborrheic_Dermatitis,False,UNIQUE,FAIL: blur variance 43.5 below threshold 100.0,,,
PSD_00001855,SkinDisNet,SkinDisNet,n/a,augmented,Seborrheic_Dermatitis,SD_03_05.jpg,C:\Users\manis\Desktop\Final_Year_Project\PapuloNet\datasets\skindisnet\SkinDisNet\Augmented\SD\SD_03_05.jpg,Seborrheic_Dermatitis,False,DUPLICATE_OF:PSD_00001760,PENDING,,,
PSD_00001856,SkinDisNet,SkinDisNet,n/a,augmented,Seborrheic_Dermatitis,SD_03_06.jpg,C:\Users\manis\Desktop\Final_Year_Project\PapuloNet\datasets\skindisnet\SkinDisNet\Augmented\SD\SD_03_06.jpg,Seborrheic_Dermatitis,False,DUPLICATE_OF:PSD_00001760,PENDING,,,
PSD_00001857,SkinDisNet,SkinDisNet,n/a,augmented,Seborrheic_Dermatitis,SD_03_07.jpg,C:\Users\manis\Desktop\Final_Year_Project\PapuloNet\datasets\skindisnet\SkinDisNet\Augmented\SD\SD_03_07.jpg,Seborrheic_Dermatitis,False,UNIQUE,PASS,PSD_00001857.jpg,224,224
PSD_00001858,SkinDisNet,SkinDisNet,n/a,augmented,Seborrheic_Dermatitis,SD_04_01.jpg,C:\Users\manis\Desktop\Final_Year_Project\PapuloNet\datasets\skindisnet\SkinDisNet\Augmented\SD\SD_04_01.jpg,Seborrheic_Dermatitis,False,UNIQUE,FAIL: blur variance 76.3 below threshold 100.0,,,
PSD_00001859,SkinDisNet,SkinDisNet,n/a,augmented,Seborrheic_Dermatitis,SD_04_02.jpg,C:\Users\manis\Desktop\Final_Year_Project\PapuloNet\datasets\skindisnet\SkinDisNet\Augmented\SD\SD_04_02.jpg,Seborrheic_Dermatitis,False,DUPLICATE_OF:PSD_00001761,PENDING,,,
PSD_00001860,SkinDisNet,SkinDisNet,n/a,augmented,Seborrheic_Dermatitis,SD_04_03.jpg,C:\Users\manis\Desktop\Final_Year_Project\PapuloNet\datasets\skindisnet\SkinDisNet\Augmented\SD\SD_04_03.jpg,Seborrheic_Dermatitis,False,DUPLICATE_OF:PSD_00001761,PENDING,,,
PSD_00001861,SkinDisNet,SkinDisNet,n/a,augmented,Seborrheic_Dermatitis,SD_04_04.jpg,C:\Users\manis\Desktop\Final_Year_Project\PapuloNet\datasets\skindisnet\SkinDisNet\Augmented\SD\SD_04_04.jpg,Seborrheic_Dermatitis,False,UNIQUE,FAIL: blur variance 32.4 below threshold 100.0,,,
PSD_00001862,SkinDisNet,SkinDisNet,n/a,augmented,Seborrheic_Dermatitis,SD_04_05.jpg,C:\Users\manis\Desktop\Final_Year_Project\PapuloNet\datasets\skindisnet\SkinDisNet\Augmented\SD\SD_04_05.jpg,Seborrheic_Dermatitis,False,DUPLICATE_OF:PSD_00001761,PENDING,,,
PSD_00001863,SkinDisNet,SkinDisNet,n/a,augmented,Seborrheic_Dermatitis,SD_04_06.jpg,C:\Users\manis\Desktop\Final_Year_Project\PapuloNet\datasets\skindisnet\SkinDisNet\Augmented\SD\SD_04_06.jpg,Seborrheic_Dermatitis,False,DUPLICATE_OF:PSD_00001761,PENDING,,,
PSD_00001864,SkinDisNet,SkinDisNet,n/a,augmented,Seborrheic_Dermatitis,SD_04_07.jpg,C:\Users\manis\Desktop\Final_Year_Project\PapuloNet\datasets\skindisnet\SkinDisNet\Augmented\SD\SD_04_07.jpg,Seborrheic_Dermatitis,False,UNIQUE,PASS,PSD_00001864.jpg,224,224
PSD_00001865,SkinDisNet,SkinDisNet,n/a,augmented,Seborrheic_Dermatitis,SD_05_01.jpg,C:\Users\manis\Desktop\Final_Year_Project\PapuloNet\datasets\skindisnet\SkinDisNet\Augmented\SD\SD_05_01.jpg,Seborrheic_Dermatitis,False,UNIQUE,FAIL: blur variance 40.2 below threshold 100.0,,,
PSD_00001866,SkinDisNet,SkinDisNet,n/a,augmented,Seborrheic_Dermatitis,SD_05_02.jpg,C:\Users\manis\Desktop\Final_Year_Project\PapuloNet\datasets\skindisnet\SkinDisNet\Augmented\SD\SD_05_02.jpg,Seborrheic_Dermatitis,False,UNIQUE,FAIL: blur variance 67.5 below threshold 100.0,,,
PSD_00001867,SkinDisNet,SkinDisNet,n/a,augmented,Seborrheic_Dermatitis,SD_05_03.jpg,C:\Users\manis\Desktop\Final_Year_Project\PapuloNet\datasets\skindisnet\SkinDisNet\Augmented\SD\SD_05_03.jpg,Seborrheic_Dermatitis,False,UNIQUE,FAIL: blur variance 33.9 below threshold 100.0,,,
PSD_00001868,SkinDisNet,SkinDisNet,n/a,augmented,Seborrheic_Dermatitis,SD_05_04.jpg,C:\Users\manis\Desktop\Final_Year_Project\PapuloNet\datasets\skindisnet\SkinDisNet\Augmented\SD\SD_05_04.jpg,Seborrheic_Dermatitis,False,UNIQUE,FAIL: blur variance 33.5 below threshold 100.0,,,
PSD_00001869,SkinDisNet,SkinDisNet,n/a,augmented,Seborrheic_Dermatitis,SD_05_05.jpg,C:\Users\manis\Desktop\Final_Year_Project\PapuloNet\datasets\skindisnet\SkinDisNet\Augmented\SD\SD_05_05.jpg,Seborrheic_Dermatitis,False,DUPLICATE_OF:PSD_00001762,PENDING,,,
PSD_00001870,SkinDisNet,SkinDisNet,n/a,augmented,Seborrheic_Dermatitis,SD_05_06.jpg,C:\Users\manis\Desktop\Final_Year_Project\PapuloNet\datasets\skindisnet\SkinDisNet\Augmented\SD\SD_05_06.jpg,Seborrheic_Dermatitis,False,DUPLICATE_OF:PSD_00001762,PENDING,,,
PSD_00001871,SkinDisNet,SkinDisNet,n/a,augmented,Seborrheic_Dermatitis,SD_05_07.jpg,C:\Users\manis\Desktop\Final_Year_Project\PapuloNet\datasets\skindisnet\SkinDisNet\Augmented\SD\SD_05_07.jpg,Seborrheic_Dermatitis,False,UNIQUE,PASS,PSD_00001871.jpg,224,224
PSD_00001872,SkinDisNet,SkinDisNet,n/a,augmented,Seborrheic_Dermatitis,SD_06_01.jpg,C:\Users\manis\Desktop\Final_Year_Project\PapuloNet\datasets\skindisnet\SkinDisNet\Augmented\SD\SD_06_01.jpg,Seborrheic_Dermatitis,False,UNIQUE,PASS,PSD_00001872.jpg,224,224
PSD_00001873,SkinDisNet,SkinDisNet,n/a,augmented,Seborrheic_Dermatitis,SD_06_02.jpg,C:\Users\manis\Desktop\Final_Year_Project\PapuloNet\datasets\skindisnet\SkinDisNet\Augmented\SD\SD_06_02.jpg,Seborrheic_Dermatitis,False,DUPLICATE_OF:PSD_00001763,PENDING,,,
PSD_00001874,SkinDisNet,SkinDisNet,n/a,augmented,Seborrheic_Dermatitis,SD_06_03.jpg,C:\Users\manis\Desktop\Final_Year_Project\PapuloNet\datasets\skindisnet\SkinDisNet\Augmented\SD\SD_06_03.jpg,Seborrheic_Dermatitis,False,DUPLICATE_OF:PSD_00001763,PENDING,,,
PSD_00001875,SkinDisNet,SkinDisNet,n/a,augmented,Seborrheic_Dermatitis,SD_06_04.jpg,C:\Users\manis\Desktop\Final_Year_Project\PapuloNet\datasets\skindisnet\SkinDisNet\Augmented\SD\SD_06_04.jpg,Seborrheic_Dermatitis,False,UNIQUE,PASS,PSD_00001875.jpg,224,224
PSD_00001876,SkinDisNet,SkinDisNet,n/a,augmented,Seborrheic_Dermatitis,SD_06_05.jpg,C:\Users\manis\Desktop\Final_Year_Project\PapuloNet\datasets\skindisnet\SkinDisNet\Augmented\SD\SD_06_05.jpg,Seborrheic_Dermatitis,False,DUPLICATE_OF:PSD_00001763,PENDING,,,
PSD_00001877,SkinDisNet,SkinDisNet,n/a,augmented,Seborrheic_Dermatitis,SD_06_06.jpg,C:\Users\manis\Desktop\Final_Year_Project\PapuloNet\datasets\skindisnet\SkinDisNet\Augmented\SD\SD_06_06.jpg,Seborrheic_Dermatitis,False,DUPLICATE_OF:PSD_00001763,PENDING,,,
PSD_00001878,SkinDisNet,SkinDisNet,n/a,augmented,Seborrheic_Dermatitis,SD_06_07.jpg,C:\Users\manis\Desktop\Final_Year_Project\PapuloNet\datasets\skindisnet\SkinDisNet\Augmented\SD\SD_06_07.jpg,Seborrheic_Dermatitis,False,UNIQUE,PASS,PSD_00001878.jpg,224,224
PSD_00001879,SkinDisNet,SkinDisNet,n/a,augmented,Seborrheic_Dermatitis,SD_07_01.jpg,C:\Users\manis\Desktop\Final_Year_Project\PapuloNet\datasets\skindisnet\SkinDisNet\Augmented\SD\SD_07_01.jpg,Seborrheic_Dermatitis,False,UNIQUE,PASS,PSD_00001879.jpg,224,224
PSD_00001880,SkinDisNet,SkinDisNet,n/a,augmented,Seborrheic_Dermatitis,SD_07_02.jpg,C:\Users\manis\Desktop\Final_Year_Project\PapuloNet\datasets\skindisnet\SkinDisNet\Augmented\SD\SD_07_02.jpg,Seborrheic_Dermatitis,False,DUPLICATE_OF:PSD_00001764,PENDING,,,
PSD_00001881,SkinDisNet,SkinDisNet,n/a,augmented,Seborrheic_Dermatitis,SD_07_03.jpg,C:\Users\manis\Desktop\Final_Year_Project\PapuloNet\datasets\skindisnet\SkinDisNet\Augmented\SD\SD_07_03.jpg,Seborrheic_Dermatitis,False,DUPLICATE_OF:PSD_00001764,PENDING,,,
PSD_00001882,SkinDisNet,SkinDisNet,n/a,augmented,Seborrheic_Dermatitis,SD_07_04.jpg,C:\Users\manis\Desktop\Final_Year_Project\PapuloNet\datasets\skindisnet\SkinDisNet\Augmented\SD\SD_07_04.jpg,Seborrheic_Dermatitis,False,UNIQUE,PASS,PSD_00001882.jpg,224,224
PSD_00001883,SkinDisNet,SkinDisNet,n/a,augmented,Seborrheic_Dermatitis,SD_07_05.jpg,C:\Users\manis\Desktop\Final_Year_Project\PapuloNet\datasets\skindisnet\SkinDisNet\Augmented\SD\SD_07_05.jpg,Seborrheic_Dermatitis,False,DUPLICATE_OF:PSD_00001764,PENDING,,,
PSD_00001884,SkinDisNet,SkinDisNet,n/a,augmented,Seborrheic_Dermatitis,SD_07_06.jpg,C:\Users\manis\Desktop\Final_Year_Project\PapuloNet\datasets\skindisnet\SkinDisNet\Augmented\SD\SD_07_06.jpg,Seborrheic_Dermatitis,False,DUPLICATE_OF:PSD_00001764,PENDING,,,
PSD_00001885,SkinDisNet,SkinDisNet,n/a,augmented,Seborrheic_Dermatitis,SD_07_07.jpg,C:\Users\manis\Desktop\Final_Year_Project\PapuloNet\datasets\skindisnet\SkinDisNet\Augmented\SD\SD_07_07.jpg,Seborrheic_Dermatitis,False,UNIQUE,PASS,PSD_00001885.jpg,224,224
PSD_00001886,SkinDisNet,SkinDisNet,n/a,augmented,Seborrheic_Dermatitis,SD_08_01.jpg,C:\Users\manis\Desktop\Final_Year_Project\PapuloNet\datasets\skindisnet\SkinDisNet\Augmented\SD\SD_08_01.jpg,Seborrheic_Dermatitis,False,UNIQUE,PASS,PSD_00001886.jpg,224,224
PSD_00001887,SkinDisNet,SkinDisNet,n/a,augmented,Seborrheic_Dermatitis,SD_08_02.jpg,C:\Users\manis\Desktop\Final_Year_Project\PapuloNet\datasets\skindisnet\SkinDisNet\Augmented\SD\SD_08_02.jpg,Seborrheic_Dermatitis,False,UNIQUE,PASS,PSD_00001887.jpg,224,224
PSD_00001888,SkinDisNet,SkinDisNet,n/a,augmented,Seborrheic_Dermatitis,SD_08_03.jpg,C:\Users\manis\Desktop\Final_Year_Project\PapuloNet\datasets\skindisnet\SkinDisNet\Augmented\SD\SD_08_03.jpg,Seborrheic_Dermatitis,False,UNIQUE,PASS,PSD_00001888.jpg,224,224
PSD_00001889,SkinDisNet,SkinDisNet,n/a,augmented,Seborrheic_Dermatitis,SD_08_04.jpg,C:\Users\manis\Desktop\Final_Year_Project\PapuloNet\datasets\skindisnet\SkinDisNet\Augmented\SD\SD_08_04.jpg,Seborrheic_Dermatitis,False,UNIQUE,PASS,PSD_00001889.jpg,224,224
PSD_00001890,SkinDisNet,SkinDisNet,n/a,augmented,Seborrheic_Dermatitis,SD_08_05.jpg,C:\Users\manis\Desktop\Final_Year_Project\PapuloNet\datasets\skindisnet\SkinDisNet\Augmented\SD\SD_08_05.jpg,Seborrheic_Dermatitis,False,DUPLICATE_OF:PSD_00001765,PENDING,,,
PSD_00001891,SkinDisNet,SkinDisNet,n/a,augmented,Seborrheic_Dermatitis,SD_08_06.jpg,C:\Users\manis\Desktop\Final_Year_Project\PapuloNet\datasets\skindisnet\SkinDisNet\Augmented\SD\SD_08_06.jpg,Seborrheic_Dermatitis,False,DUPLICATE_OF:PSD_00001765,PENDING,,,
PSD_00001892,SkinDisNet,SkinDisNet,n/a,augmented,Seborrheic_Dermatitis,SD_08_07.jpg,C:\Users\manis\Desktop\Final_Year_Project\PapuloNet\datasets\skindisnet\SkinDisNet\Augmented\SD\SD_08_07.jpg,Seborrheic_Dermatitis,False,UNIQUE,PASS,PSD_00001892.jpg,224,224
PSD_00001893,SkinDisNet,SkinDisNet,n/a,augmented,Seborrheic_Dermatitis,SD_09_01.jpg,C:\Users\manis\Desktop\Final_Year_Project\PapuloNet\datasets\skindisnet\SkinDisNet\Augmented\SD\SD_09_01.jpg,Seborrheic_Dermatitis,False,UNIQUE,FAIL: blur variance 70.6 below threshold 100.0,,,
PSD_00001894,SkinDisNet,SkinDisNet,n/a,augmented,Seborrheic_Dermatitis,SD_09_02.jpg,C:\Users\manis\Desktop\Final_Year_Project\PapuloNet\datasets\skindisnet\SkinDisNet\Augmented\SD\SD_09_02.jpg,Seborrheic_Dermatitis,False,DUPLICATE_OF:PSD_00001766,PENDING,,,
PSD_00001895,SkinDisNet,SkinDisNet,n/a,augmented,Seborrheic_Dermatitis,SD_09_03.jpg,C:\Users\manis\Desktop\Final_Year_Project\PapuloNet\datasets\skindisnet\SkinDisNet\Augmented\SD\SD_09_03.jpg,Seborrheic_Dermatitis,False,UNIQUE,FAIL: blur variance 70.6 below threshold 100.0,,,
PSD_00001896,SkinDisNet,SkinDisNet,n/a,augmented,Seborrheic_Dermatitis,SD_09_04.jpg,C:\Users\manis\Desktop\Final_Year_Project\PapuloNet\datasets\skindisnet\SkinDisNet\Augmented\SD\SD_09_04.jpg,Seborrheic_Dermatitis,False,UNIQUE,FAIL: blur variance 34.0 below threshold 100.0,,,
PSD_00001897,SkinDisNet,SkinDisNet,n/a,augmented,Seborrheic_Dermatitis,SD_09_05.jpg,C:\Users\manis\Desktop\Final_Year_Project\PapuloNet\datasets\skindisnet\SkinDisNet\Augmented\SD\SD_09_05.jpg,Seborrheic_Dermatitis,False,DUPLICATE_OF:PSD_00001766,PENDING,,,
PSD_00001898,SkinDisNet,SkinDisNet,n/a,augmented,Seborrheic_Dermatitis,SD_09_06.jpg,C:\Users\manis\Desktop\Final_Year_Project\PapuloNet\datasets\skindisnet\SkinDisNet\Augmented\SD\SD_09_06.jpg,Seborrheic_Dermatitis,False,DUPLICATE_OF:PSD_00001766,PENDING,,,
PSD_00001899,SkinDisNet,SkinDisNet,n/a,augmented,Seborrheic_Dermatitis,SD_09_07.jpg,C:\Users\manis\Desktop\Final_Year_Project\PapuloNet\datasets\skindisnet\SkinDisNet\Augmented\SD\SD_09_07.jpg,Seborrheic_Dermatitis,False,UNIQUE,PASS,PSD_00001899.jpg,224,224
PSD_00001900,SkinDisNet,SkinDisNet,n/a,augmented,Seborrheic_Dermatitis,SD_10_01.jpg,C:\Users\manis\Desktop\Final_Year_Project\PapuloNet\datasets\skindisnet\SkinDisNet\Augmented\SD\SD_10_01.jpg,Seborrheic_Dermatitis,False,UNIQUE,FAIL: blur variance 66.4 below threshold 100.0,,,
PSD_00001901,SkinDisNet,SkinDisNet,n/a,augmented,Seborrheic_Dermatitis,SD_10_02.jpg,C:\Users\manis\Desktop\Final_Year_Project\PapuloNet\datasets\skindisnet\SkinDisNet\Augmented\SD\SD_10_02.jpg,Seborrheic_Dermatitis,False,DUPLICATE_OF:PSD_00001767,PENDING,,,
PSD_00001902,SkinDisNet,SkinDisNet,n/a,augmented,Seborrheic_Dermatitis,SD_10_03.jpg,C:\Users\manis\Desktop\Final_Year_Project\PapuloNet\datasets\skindisnet\SkinDisNet\Augmented\SD\SD_10_03.jpg,Seborrheic_Dermatitis,False,UNIQUE,FAIL: blur variance 78.4 below threshold 100.0,,,
PSD_00001903,SkinDisNet,SkinDisNet,n/a,augmented,Seborrheic_Dermatitis,SD_10_04.jpg,C:\Users\manis\Desktop\Final_Year_Project\PapuloNet\datasets\skindisnet\SkinDisNet\Augmented\SD\SD_10_04.jpg,Seborrheic_Dermatitis,False,UNIQUE,FAIL: blur variance 63.8 below threshold 100.0,,,
PSD_00001904,SkinDisNet,SkinDisNet,n/a,augmented,Seborrheic_Dermatitis,SD_10_05.jpg,C:\Users\manis\Desktop\Final_Year_Project\PapuloNet\datasets\skindisnet\SkinDisNet\Augmented\SD\SD_10_05.jpg,Seborrheic_Dermatitis,False,DUPLICATE_OF:PSD_00001767,PENDING,,,
PSD_00001905,SkinDisNet,SkinDisNet,n/a,augmented,Seborrheic_Dermatitis,SD_10_06.jpg,C:\Users\manis\Desktop\Final_Year_Project\PapuloNet\datasets\skindisnet\SkinDisNet\Augmented\SD\SD_10_06.jpg,Seborrheic_Dermatitis,False,DUPLICATE_OF:PSD_00001767,PENDING,,,
PSD_00001906,SkinDisNet,SkinDisNet,n/a,augmented,Seborrheic_Dermatitis,SD_10_07.jpg,C:\Users\manis\Desktop\Final_Year_Project\PapuloNet\datasets\skindisnet\SkinDisNet\Augmented\SD\SD_10_07.jpg,Seborrheic_Dermatitis,False,UNIQUE,PASS,PSD_00001906.jpg,224,224
PSD_00001907,SkinDisNet,SkinDisNet,n/a,augmented,Seborrheic_Dermatitis,SD_11_01.jpg,C:\Users\manis\Desktop\Final_Year_Project\PapuloNet\datasets\skindisnet\SkinDisNet\Augmented\SD\SD_11_01.jpg,Seborrheic_Dermatitis,False,UNIQUE,PASS,PSD_00001907.jpg,224,224
PSD_00001908,SkinDisNet,SkinDisNet,n/a,augmented,Seborrheic_Dermatitis,SD_11_02.jpg,C:\Users\manis\Desktop\Final_Year_Project\PapuloNet\datasets\skindisnet\SkinDisNet\Augmented\SD\SD_11_02.jpg,Seborrheic_Dermatitis,False,UNIQUE,PASS,PSD_00001908.jpg,224,224
PSD_00001909,SkinDisNet,SkinDisNet,n/a,augmented,Seborrheic_Dermatitis,SD_11_03.jpg,C:\Users\manis\Desktop\Final_Year_Project\PapuloNet\datasets\skindisnet\SkinDisNet\Augmented\SD\SD_11_03.jpg,Seborrheic_Dermatitis,False,UNIQUE,PASS,PSD_00001909.jpg,224,224
PSD_00001910,SkinDisNet,SkinDisNet,n/a,augmented,Seborrheic_Dermatitis,SD_11_04.jpg,C:\Users\manis\Desktop\Final_Year_Project\PapuloNet\datasets\skindisnet\SkinDisNet\Augmented\SD\SD_11_04.jpg,Seborrheic_Dermatitis,False,UNIQUE,PASS,PSD_00001910.jpg,224,224
PSD_00001911,SkinDisNet,SkinDisNet,n/a,augmented,Seborrheic_Dermatitis,SD_11_05.jpg,C:\Users\manis\Desktop\Final_Year_Project\PapuloNet\datasets\skindisnet\SkinDisNet\Augmented\SD\SD_11_05.jpg,Seborrheic_Dermatitis,False,DUPLICATE_OF:PSD_00001768,PENDING,,,
PSD_00001912,SkinDisNet,SkinDisNet,n/a,augmented,Seborrheic_Dermatitis,SD_11_06.jpg,C:\Users\manis\Desktop\Final_Year_Project\PapuloNet\datasets\skindisnet\SkinDisNet\Augmented\SD\SD_11_06.jpg,Seborrheic_Dermatitis,False,DUPLICATE_OF:PSD_00001768,PENDING,,,
PSD_00001913,SkinDisNet,SkinDisNet,n/a,augmented,Seborrheic_Dermatitis,SD_11_07.jpg,C:\Users\manis\Desktop\Final_Year_Project\PapuloNet\datasets\skindisnet\SkinDisNet\Augmented\SD\SD_11_07.jpg,Seborrheic_Dermatitis,False,UNIQUE,PASS,PSD_00001913.jpg,224,224
PSD_00001914,SkinDisNet,SkinDisNet,n/a,augmented,Seborrheic_Dermatitis,SD_12_01.jpg,C:\Users\manis\Desktop\Final_Year_Project\PapuloNet\datasets\skindisnet\SkinDisNet\Augmented\SD\SD_12_01.jpg,Seborrheic_Dermatitis,False,UNIQUE,PASS,PSD_00001914.jpg,224,224
PSD_00001915,SkinDisNet,SkinDisNet,n/a,augmented,Seborrheic_Dermatitis,SD_12_02.jpg,C:\Users\manis\Desktop\Final_Year_Project\PapuloNet\datasets\skindisnet\SkinDisNet\Augmented\SD\SD_12_02.jpg,Seborrheic_Dermatitis,False,UNIQUE,PASS,PSD_00001915.jpg,224,224
PSD_00001916,SkinDisNet,SkinDisNet,n/a,augmented,Seborrheic_Dermatitis,SD_12_03.jpg,C:\Users\manis\Desktop\Final_Year_Project\PapuloNet\datasets\skindisnet\SkinDisNet\Augmented\SD\SD_12_03.jpg,Seborrheic_Dermatitis,False,UNIQUE,PASS,PSD_00001916.jpg,224,224
PSD_00001917,SkinDisNet,SkinDisNet,n/a,augmented,Seborrheic_Dermatitis,SD_12_04.jpg,C:\Users\manis\Desktop\Final_Year_Project\PapuloNet\datasets\skindisnet\SkinDisNet\Augmented\SD\SD_12_04.jpg,Seborrheic_Dermatitis,False,UNIQUE,FAIL: blur variance 99.5 below threshold 100.0,,,
PSD_00001918,SkinDisNet,SkinDisNet,n/a,augmented,Seborrheic_Dermatitis,SD_12_05.jpg,C:\Users\manis\Desktop\Final_Year_Project\PapuloNet\datasets\skindisnet\SkinDisNet\Augmented\SD\SD_12_05.jpg,Seborrheic_Dermatitis,False,DUPLICATE_OF:PSD_00001769,PENDING,,,
PSD_00001919,SkinDisNet,SkinDisNet,n/a,augmented,Seborrheic_Dermatitis,SD_12_06.jpg,C:\Users\manis\Desktop\Final_Year_Project\PapuloNet\datasets\skindisnet\SkinDisNet\Augmented\SD\SD_12_06.jpg,Seborrheic_Dermatitis,False,UNIQUE,PASS,PSD_00001919.jpg,224,224
PSD_00001920,SkinDisNet,SkinDisNet,n/a,augmented,Seborrheic_Dermatitis,SD_12_07.jpg,C:\Users\manis\Desktop\Final_Year_Project\PapuloNet\datasets\skindisnet\SkinDisNet\Augmented\SD\SD_12_07.jpg,Seborrheic_Dermatitis,False,UNIQUE,PASS,PSD_00001920.jpg,224,224
PSD_00001921,SkinDisNet,SkinDisNet,n/a,augmented,Seborrheic_Dermatitis,SD_13_01.jpg,C:\Users\manis\Desktop\Final_Year_Project\PapuloNet\datasets\skindisnet\SkinDisNet\Augmented\SD\SD_13_01.jpg,Seborrheic_Dermatitis,False,UNIQUE,FAIL: blur variance 18.9 below threshold 100.0,,,
PSD_00001922,SkinDisNet,SkinDisNet,n/a,augmented,Seborrheic_Dermatitis,SD_13_02.jpg,C:\Users\manis\Desktop\Final_Year_Project\PapuloNet\datasets\skindisnet\SkinDisNet\Augmented\SD\SD_13_02.jpg,Seborrheic_Dermatitis,False,DUPLICATE_OF:PSD_00001770,PENDING,,,
PSD_00001923,SkinDisNet,SkinDisNet,n/a,augmented,Seborrheic_Dermatitis,SD_13_03.jpg,C:\Users\manis\Desktop\Final_Year_Project\PapuloNet\datasets\skindisnet\SkinDisNet\Augmented\SD\SD_13_03.jpg,Seborrheic_Dermatitis,False,UNIQUE,FAIL: blur variance 13.4 below threshold 100.0,,,
PSD_00001924,SkinDisNet,SkinDisNet,n/a,augmented,Seborrheic_Dermatitis,SD_13_04.jpg,C:\Users\manis\Desktop\Final_Year_Project\PapuloNet\datasets\skindisnet\SkinDisNet\Augmented\SD\SD_13_04.jpg,Seborrheic_Dermatitis,False,UNIQUE,FAIL: blur variance 17.1 below threshold 100.0,,,
PSD_00001925,SkinDisNet,SkinDisNet,n/a,augmented,Seborrheic_Dermatitis,SD_13_05.jpg,C:\Users\manis\Desktop\Final_Year_Project\PapuloNet\datasets\skindisnet\SkinDisNet\Augmented\SD\SD_13_05.jpg,Seborrheic_Dermatitis,False,DUPLICATE_OF:PSD_00001770,PENDING,,,
PSD_00001926,SkinDisNet,SkinDisNet,n/a,augmented,Seborrheic_Dermatitis,SD_13_06.jpg,C:\Users\manis\Desktop\Final_Year_Project\PapuloNet\datasets\skindisnet\SkinDisNet\Augmented\SD\SD_13_06.jpg,Seborrheic_Dermatitis,False,DUPLICATE_OF:PSD_00001770,PENDING,,,
PSD_00001927,SkinDisNet,SkinDisNet,n/a,augmented,Seborrheic_Dermatitis,SD_13_07.jpg,C:\Users\manis\Desktop\Final_Year_Project\PapuloNet\datasets\skindisnet\SkinDisNet\Augmented\SD\SD_13_07.jpg,Seborrheic_Dermatitis,False,UNIQUE,PASS,PSD_00001927.jpg,224,224
PSD_00001928,SkinDisNet,SkinDisNet,n/a,augmented,Seborrheic_Dermatitis,SD_14_01.jpg,C:\Users\manis\Desktop\Final_Year_Project\PapuloNet\datasets\skindisnet\SkinDisNet\Augmented\SD\SD_14_01.jpg,Seborrheic_Dermatitis,False,UNIQUE,FAIL: blur variance 25.6 below threshold 100.0,,,
PSD_00001929,SkinDisNet,SkinDisNet,n/a,augmented,Seborrheic_Dermatitis,SD_14_02.jpg,C:\Users\manis\Desktop\Final_Year_Project\PapuloNet\datasets\skindisnet\SkinDisNet\Augmented\SD\SD_14_02.jpg,Seborrheic_Dermatitis,False,UNIQUE,FAIL: blur variance 38.5 below threshold 100.0,,,
PSD_00001930,SkinDisNet,SkinDisNet,n/a,augmented,Seborrheic_Dermatitis,SD_14_03.jpg,C:\Users\manis\Desktop\Final_Year_Project\PapuloNet\datasets\skindisnet\SkinDisNet\Augmented\SD\SD_14_03.jpg,Seborrheic_Dermatitis,False,UNIQUE,FAIL: blur variance 24.7 below threshold 100.0,,,
PSD_00001931,SkinDisNet,SkinDisNet,n/a,augmented,Seborrheic_Dermatitis,SD_14_04.jpg,C:\Users\manis\Desktop\Final_Year_Project\PapuloNet\datasets\skindisnet\SkinDisNet\Augmented\SD\SD_14_04.jpg,Seborrheic_Dermatitis,False,UNIQUE,FAIL: blur variance 16.5 below threshold 100.0,,,
PSD_00001932,SkinDisNet,SkinDisNet,n/a,augmented,Seborrheic_Dermatitis,SD_14_05.jpg,C:\Users\manis\Desktop\Final_Year_Project\PapuloNet\datasets\skindisnet\SkinDisNet\Augmented\SD\SD_14_05.jpg,Seborrheic_Dermatitis,False,DUPLICATE_OF:PSD_00001771,PENDING,,,
PSD_00001933,SkinDisNet,SkinDisNet,n/a,augmented,Seborrheic_Dermatitis,SD_14_06.jpg,C:\Users\manis\Desktop\Final_Year_Project\PapuloNet\datasets\skindisnet\SkinDisNet\Augmented\SD\SD_14_06.jpg,Seborrheic_Dermatitis,False,DUPLICATE_OF:PSD_00001771,PENDING,,,
PSD_00001934,SkinDisNet,SkinDisNet,n/a,augmented,Seborrheic_Dermatitis,SD_14_07.jpg,C:\Users\manis\Desktop\Final_Year_Project\PapuloNet\datasets\skindisnet\SkinDisNet\Augmented\SD\SD_14_07.jpg,Seborrheic_Dermatitis,False,DUPLICATE_OF:PSD_00001892,PENDING,,,
PSD_00001935,SkinDisNet,SkinDisNet,n/a,augmented,Seborrheic_Dermatitis,SD_15_01.jpg,C:\Users\manis\Desktop\Final_Year_Project\PapuloNet\datasets\skindisnet\SkinDisNet\Augmented\SD\SD_15_01.jpg,Seborrheic_Dermatitis,False,UNIQUE,FAIL: blur variance 7.6 below threshold 100.0,,,
PSD_00001936,SkinDisNet,SkinDisNet,n/a,augmented,Seborrheic_Dermatitis,SD_15_02.jpg,C:\Users\manis\Desktop\Final_Year_Project\PapuloNet\datasets\skindisnet\SkinDisNet\Augmented\SD\SD_15_02.jpg,Seborrheic_Dermatitis,False,UNIQUE,FAIL: blur variance 8.7 below threshold 100.0,,,
PSD_00001937,SkinDisNet,SkinDisNet,n/a,augmented,Seborrheic_Dermatitis,SD_15_03.jpg,C:\Users\manis\Desktop\Final_Year_Project\PapuloNet\datasets\skindisnet\SkinDisNet\Augmented\SD\SD_15_03.jpg,Seborrheic_Dermatitis,False,UNIQUE,FAIL: blur variance 5.6 below threshold 100.0,,,
PSD_00001938,SkinDisNet,SkinDisNet,n/a,augmented,Seborrheic_Dermatitis,SD_15_04.jpg,C:\Users\manis\Desktop\Final_Year_Project\PapuloNet\datasets\skindisnet\SkinDisNet\Augmented\SD\SD_15_04.jpg,Seborrheic_Dermatitis,False,UNIQUE,FAIL: blur variance 5.8 below threshold 100.0,,,
PSD_00001939,SkinDisNet,SkinDisNet,n/a,augmented,Seborrheic_Dermatitis,SD_15_05.jpg,C:\Users\manis\Desktop\Final_Year_Project\PapuloNet\datasets\skindisnet\SkinDisNet\Augmented\SD\SD_15_05.jpg,Seborrheic_Dermatitis,False,DUPLICATE_OF:PSD_00001772,PENDING,,,
PSD_00001940,SkinDisNet,SkinDisNet,n/a,augmented,Seborrheic_Dermatitis,SD_15_06.jpg,C:\Users\manis\Desktop\Final_Year_Project\PapuloNet\datasets\skindisnet\SkinDisNet\Augmented\SD\SD_15_06.jpg,Seborrheic_Dermatitis,False,DUPLICATE_OF:PSD_00001772,PENDING,,,
PSD_00001941,SkinDisNet,SkinDisNet,n/a,augmented,Seborrheic_Dermatitis,SD_15_07.jpg,C:\Users\manis\Desktop\Final_Year_Project\PapuloNet\datasets\skindisnet\SkinDisNet\Augmented\SD\SD_15_07.jpg,Seborrheic_Dermatitis,False,UNIQUE,PASS,PSD_00001941.jpg,224,224
PSD_00001942,SkinDisNet,SkinDisNet,n/a,augmented,Seborrheic_Dermatitis,SD_16_01.jpg,C:\Users\manis\Desktop\Final_Year_Project\PapuloNet\datasets\skindisnet\SkinDisNet\Augmented\SD\SD_16_01.jpg,Seborrheic_Dermatitis,False,UNIQUE,PASS,PSD_00001942.jpg,224,224
PSD_00001943,SkinDisNet,SkinDisNet,n/a,augmented,Seborrheic_Dermatitis,SD_16_02.jpg,C:\Users\manis\Desktop\Final_Year_Project\PapuloNet\datasets\skindisnet\SkinDisNet\Augmented\SD\SD_16_02.jpg,Seborrheic_Dermatitis,False,UNIQUE,PASS,PSD_00001943.jpg,224,224
PSD_00001944,SkinDisNet,SkinDisNet,n/a,augmented,Seborrheic_Dermatitis,SD_16_03.jpg,C:\Users\manis\Desktop\Final_Year_Project\PapuloNet\datasets\skindisnet\SkinDisNet\Augmented\SD\SD_16_03.jpg,Seborrheic_Dermatitis,False,UNIQUE,PASS,PSD_00001944.jpg,224,224
PSD_00001945,SkinDisNet,SkinDisNet,n/a,augmented,Seborrheic_Dermatitis,SD_16_04.jpg,C:\Users\manis\Desktop\Final_Year_Project\PapuloNet\datasets\skindisnet\SkinDisNet\Augmented\SD\SD_16_04.jpg,Seborrheic_Dermatitis,False,UNIQUE,FAIL: blur variance 63.4 below threshold 100.0,,,
PSD_00001946,SkinDisNet,SkinDisNet,n/a,augmented,Seborrheic_Dermatitis,SD_16_05.jpg,C:\Users\manis\Desktop\Final_Year_Project\PapuloNet\datasets\skindisnet\SkinDisNet\Augmented\SD\SD_16_05.jpg,Seborrheic_Dermatitis,False,DUPLICATE_OF:PSD_00001773,PENDING,,,
PSD_00001947,SkinDisNet,SkinDisNet,n/a,augmented,Seborrheic_Dermatitis,SD_16_06.jpg,C:\Users\manis\Desktop\Final_Year_Project\PapuloNet\datasets\skindisnet\SkinDisNet\Augmented\SD\SD_16_06.jpg,Seborrheic_Dermatitis,False,DUPLICATE_OF:PSD_00001773,PENDING,,,
PSD_00001948,SkinDisNet,SkinDisNet,n/a,augmented,Seborrheic_Dermatitis,SD_16_07.jpg,C:\Users\manis\Desktop\Final_Year_Project\PapuloNet\datasets\skindisnet\SkinDisNet\Augmented\SD\SD_16_07.jpg,Seborrheic_Dermatitis,False,UNIQUE,PASS,PSD_00001948.jpg,224,224
PSD_00001949,SkinDisNet,SkinDisNet,n/a,augmented,Seborrheic_Dermatitis,SD_17_01.jpg,C:\Users\manis\Desktop\Final_Year_Project\PapuloNet\datasets\skindisnet\SkinDisNet\Augmented\SD\SD_17_01.jpg,Seborrheic_Dermatitis,False,UNIQUE,FAIL: blur variance 81.2 below threshold 100.0,,,
PSD_00001950,SkinDisNet,SkinDisNet,n/a,augmented,Seborrheic_Dermatitis,SD_17_02.jpg,C:\Users\manis\Desktop\Final_Year_Project\PapuloNet\datasets\skindisnet\SkinDisNet\Augmented\SD\SD_17_02.jpg,Seborrheic_Dermatitis,False,DUPLICATE_OF:PSD_00001774,PENDING,,,
PSD_00001951,SkinDisNet,SkinDisNet,n/a,augmented,Seborrheic_Dermatitis,SD_17_03.jpg,C:\Users\manis\Desktop\Final_Year_Project\PapuloNet\datasets\skindisnet\SkinDisNet\Augmented\SD\SD_17_03.jpg,Seborrheic_Dermatitis,False,UNIQUE,FAIL: blur variance 70.0 below threshold 100.0,,,
PSD_00001952,SkinDisNet,SkinDisNet,n/a,augmented,Seborrheic_Dermatitis,SD_17_04.jpg,C:\Users\manis\Desktop\Final_Year_Project\PapuloNet\datasets\skindisnet\SkinDisNet\Augmented\SD\SD_17_04.jpg,Seborrheic_Dermatitis,False,UNIQUE,FAIL: blur variance 48.3 below threshold 100.0,,,
PSD_00001953,SkinDisNet,SkinDisNet,n/a,augmented,Seborrheic_Dermatitis,SD_17_05.jpg,C:\Users\manis\Desktop\Final_Year_Project\PapuloNet\datasets\skindisnet\SkinDisNet\Augmented\SD\SD_17_05.jpg,Seborrheic_Dermatitis,False,DUPLICATE_OF:PSD_00001774,PENDING,,,
PSD_00001954,SkinDisNet,SkinDisNet,n/a,augmented,Seborrheic_Dermatitis,SD_17_06.jpg,C:\Users\manis\Desktop\Final_Year_Project\PapuloNet\datasets\skindisnet\SkinDisNet\Augmented\SD\SD_17_06.jpg,Seborrheic_Dermatitis,False,DUPLICATE_OF:PSD_00001774,PENDING,,,
PSD_00001955,SkinDisNet,SkinDisNet,n/a,augmented,Seborrheic_Dermatitis,SD_17_07.jpg,C:\Users\manis\Desktop\Final_Year_Project\PapuloNet\datasets\skindisnet\SkinDisNet\Augmented\SD\SD_17_07.jpg,Seborrheic_Dermatitis,False,UNIQUE,PASS,PSD_00001955.jpg,224,224
PSD_00001956,SkinDisNet,SkinDisNet,n/a,augmented,Seborrheic_Dermatitis,SD_18_01.jpg,C:\Users\manis\Desktop\Final_Year_Project\PapuloNet\datasets\skindisnet\SkinDisNet\Augmented\SD\SD_18_01.jpg,Seborrheic_Dermatitis,False,UNIQUE,PASS,PSD_00001956.jpg,224,224
PSD_00001957,SkinDisNet,SkinDisNet,n/a,augmented,Seborrheic_Dermatitis,SD_18_02.jpg,C:\Users\manis\Desktop\Final_Year_Project\PapuloNet\datasets\skindisnet\SkinDisNet\Augmented\SD\SD_18_02.jpg,Seborrheic_Dermatitis,False,UNIQUE,PASS,PSD_00001957.jpg,224,224
PSD_00001958,SkinDisNet,SkinDisNet,n/a,augmented,Seborrheic_Dermatitis,SD_18_03.jpg,C:\Users\manis\Desktop\Final_Year_Project\PapuloNet\datasets\skindisnet\SkinDisNet\Augmented\SD\SD_18_03.jpg,Seborrheic_Dermatitis,False,UNIQUE,PASS,PSD_00001958.jpg,224,224
PSD_00001959,SkinDisNet,SkinDisNet,n/a,augmented,Seborrheic_Dermatitis,SD_18_04.jpg,C:\Users\manis\Desktop\Final_Year_Project\PapuloNet\datasets\skindisnet\SkinDisNet\Augmented\SD\SD_18_04.jpg,Seborrheic_Dermatitis,False,UNIQUE,PASS,PSD_00001959.jpg,224,224
PSD_00001960,SkinDisNet,SkinDisNet,n/a,augmented,Seborrheic_Dermatitis,SD_18_05.jpg,C:\Users\manis\Desktop\Final_Year_Project\PapuloNet\datasets\skindisnet\SkinDisNet\Augmented\SD\SD_18_05.jpg,Seborrheic_Dermatitis,False,DUPLICATE_OF:PSD_00001775,PENDING,,,
PSD_00001961,SkinDisNet,SkinDisNet,n/a,augmented,Seborrheic_Dermatitis,SD_18_06.jpg,C:\Users\manis\Desktop\Final_Year_Project\PapuloNet\datasets\skindisnet\SkinDisNet\Augmented\SD\SD_18_06.jpg,Seborrheic_Dermatitis,False,DUPLICATE_OF:PSD_00001775,PENDING,,,
PSD_00001962,SkinDisNet,SkinDisNet,n/a,augmented,Seborrheic_Dermatitis,SD_18_07.jpg,C:\Users\manis\Desktop\Final_Year_Project\PapuloNet\datasets\skindisnet\SkinDisNet\Augmented\SD\SD_18_07.jpg,Seborrheic_Dermatitis,False,UNIQUE,PASS,PSD_00001962.jpg,224,224
PSD_00001963,SkinDisNet,SkinDisNet,n/a,augmented,Seborrheic_Dermatitis,SD_19_01.jpg,C:\Users\manis\Desktop\Final_Year_Project\PapuloNet\datasets\skindisnet\SkinDisNet\Augmented\SD\SD_19_01.jpg,Seborrheic_Dermatitis,False,UNIQUE,FAIL: blur variance 33.2 below threshold 100.0,,,
PSD_00001964,SkinDisNet,SkinDisNet,n/a,augmented,Seborrheic_Dermatitis,SD_19_02.jpg,C:\Users\manis\Desktop\Final_Year_Project\PapuloNet\datasets\skindisnet\SkinDisNet\Augmented\SD\SD_19_02.jpg,Seborrheic_Dermatitis,False,UNIQUE,FAIL: blur variance 50.9 below threshold 100.0,,,
PSD_00001965,SkinDisNet,SkinDisNet,n/a,augmented,Seborrheic_Dermatitis,SD_19_03.jpg,C:\Users\manis\Desktop\Final_Year_Project\PapuloNet\datasets\skindisnet\SkinDisNet\Augmented\SD\SD_19_03.jpg,Seborrheic_Dermatitis,False,UNIQUE,FAIL: blur variance 28.0 below threshold 100.0,,,
PSD_00001966,SkinDisNet,SkinDisNet,n/a,augmented,Seborrheic_Dermatitis,SD_19_04.jpg,C:\Users\manis\Desktop\Final_Year_Project\PapuloNet\datasets\skindisnet\SkinDisNet\Augmented\SD\SD_19_04.jpg,Seborrheic_Dermatitis,False,UNIQUE,FAIL: blur variance 29.4 below threshold 100.0,,,
PSD_00001967,SkinDisNet,SkinDisNet,n/a,augmented,Seborrheic_Dermatitis,SD_19_05.jpg,C:\Users\manis\Desktop\Final_Year_Project\PapuloNet\datasets\skindisnet\SkinDisNet\Augmented\SD\SD_19_05.jpg,Seborrheic_Dermatitis,False,DUPLICATE_OF:PSD_00001776,PENDING,,,
PSD_00001968,SkinDisNet,SkinDisNet,n/a,augmented,Seborrheic_Dermatitis,SD_19_06.jpg,C:\Users\manis\Desktop\Final_Year_Project\PapuloNet\datasets\skindisnet\SkinDisNet\Augmented\SD\SD_19_06.jpg,Seborrheic_Dermatitis,False,DUPLICATE_OF:PSD_00001776,PENDING,,,
PSD_00001969,SkinDisNet,SkinDisNet,n/a,augmented,Seborrheic_Dermatitis,SD_19_07.jpg,C:\Users\manis\Desktop\Final_Year_Project\PapuloNet\datasets\skindisnet\SkinDisNet\Augmented\SD\SD_19_07.jpg,Seborrheic_Dermatitis,False,UNIQUE,PASS,PSD_00001969.jpg,224,224
PSD_00001970,SkinDisNet,SkinDisNet,n/a,augmented,Seborrheic_Dermatitis,SD_20_01.jpg,C:\Users\manis\Desktop\Final_Year_Project\PapuloNet\datasets\skindisnet\SkinDisNet\Augmented\SD\SD_20_01.jpg,Seborrheic_Dermatitis,False,UNIQUE,PASS,PSD_00001970.jpg,224,224
PSD_00001971,SkinDisNet,SkinDisNet,n/a,augmented,Seborrheic_Dermatitis,SD_20_02.jpg,C:\Users\manis\Desktop\Final_Year_Project\PapuloNet\datasets\skindisnet\SkinDisNet\Augmented\SD\SD_20_02.jpg,Seborrheic_Dermatitis,False,DUPLICATE_OF:PSD_00001777,PENDING,,,
PSD_00001972,SkinDisNet,SkinDisNet,n/a,augmented,Seborrheic_Dermatitis,SD_20_03.jpg,C:\Users\manis\Desktop\Final_Year_Project\PapuloNet\datasets\skindisnet\SkinDisNet\Augmented\SD\SD_20_03.jpg,Seborrheic_Dermatitis,False,UNIQUE,PASS,PSD_00001972.jpg,224,224
PSD_00001973,SkinDisNet,SkinDisNet,n/a,augmented,Seborrheic_Dermatitis,SD_20_04.jpg,C:\Users\manis\Desktop\Final_Year_Project\PapuloNet\datasets\skindisnet\SkinDisNet\Augmented\SD\SD_20_04.jpg,Seborrheic_Dermatitis,False,UNIQUE,PASS,PSD_00001973.jpg,224,224
PSD_00001974,SkinDisNet,SkinDisNet,n/a,augmented,Seborrheic_Dermatitis,SD_20_05.jpg,C:\Users\manis\Desktop\Final_Year_Project\PapuloNet\datasets\skindisnet\SkinDisNet\Augmented\SD\SD_20_05.jpg,Seborrheic_Dermatitis,False,DUPLICATE_OF:PSD_00001777,PENDING,,,
PSD_00001975,SkinDisNet,SkinDisNet,n/a,augmented,Seborrheic_Dermatitis,SD_20_06.jpg,C:\Users\manis\Desktop\Final_Year_Project\PapuloNet\datasets\skindisnet\SkinDisNet\Augmented\SD\SD_20_06.jpg,Seborrheic_Dermatitis,False,DUPLICATE_OF:PSD_00001777,PENDING,,,
PSD_00001976,SkinDisNet,SkinDisNet,n/a,augmented,Seborrheic_Dermatitis,SD_20_07.jpg,C:\Users\manis\Desktop\Final_Year_Project\PapuloNet\datasets\skindisnet\SkinDisNet\Augmented\SD\SD_20_07.jpg,Seborrheic_Dermatitis,False,DUPLICATE_OF:PSD_00001878,PENDING,,,
PSD_00001977,SkinDisNet,SkinDisNet,n/a,augmented,Seborrheic_Dermatitis,SD_21_01.jpg,C:\Users\manis\Desktop\Final_Year_Project\PapuloNet\datasets\skindisnet\SkinDisNet\Augmented\SD\SD_21_01.jpg,Seborrheic_Dermatitis,False,UNIQUE,FAIL: blur variance 53.1 below threshold 100.0,,,
PSD_00001978,SkinDisNet,SkinDisNet,n/a,augmented,Seborrheic_Dermatitis,SD_21_02.jpg,C:\Users\manis\Desktop\Final_Year_Project\PapuloNet\datasets\skindisnet\SkinDisNet\Augmented\SD\SD_21_02.jpg,Seborrheic_Dermatitis,False,UNIQUE,FAIL: blur variance 73.8 below threshold 100.0,,,
PSD_00001979,SkinDisNet,SkinDisNet,n/a,augmented,Seborrheic_Dermatitis,SD_21_03.jpg,C:\Users\manis\Desktop\Final_Year_Project\PapuloNet\datasets\skindisnet\SkinDisNet\Augmented\SD\SD_21_03.jpg,Seborrheic_Dermatitis,False,UNIQUE,FAIL: blur variance 34.4 below threshold 100.0,,,
PSD_00001980,SkinDisNet,SkinDisNet,n/a,augmented,Seborrheic_Dermatitis,SD_21_04.jpg,C:\Users\manis\Desktop\Final_Year_Project\PapuloNet\datasets\skindisnet\SkinDisNet\Augmented\SD\SD_21_04.jpg,Seborrheic_Dermatitis,False,UNIQUE,FAIL: blur variance 34.6 below threshold 100.0,,,
PSD_00001981,SkinDisNet,SkinDisNet,n/a,augmented,Seborrheic_Dermatitis,SD_21_05.jpg,C:\Users\manis\Desktop\Final_Year_Project\PapuloNet\datasets\skindisnet\SkinDisNet\Augmented\SD\SD_21_05.jpg,Seborrheic_Dermatitis,False,DUPLICATE_OF:PSD_00001778,PENDING,,,
PSD_00001982,SkinDisNet,SkinDisNet,n/a,augmented,Seborrheic_Dermatitis,SD_21_06.jpg,C:\Users\manis\Desktop\Final_Year_Project\PapuloNet\datasets\skindisnet\SkinDisNet\Augmented\SD\SD_21_06.jpg,Seborrheic_Dermatitis,False,DUPLICATE_OF:PSD_00001778,PENDING,,,
PSD_00001983,SkinDisNet,SkinDisNet,n/a,augmented,Seborrheic_Dermatitis,SD_21_07.jpg,C:\Users\manis\Desktop\Final_Year_Project\PapuloNet\datasets\skindisnet\SkinDisNet\Augmented\SD\SD_21_07.jpg,Seborrheic_Dermatitis,False,DUPLICATE_OF:PSD_00001871,PENDING,,,
PSD_00001984,SkinDisNet,SkinDisNet,n/a,augmented,Seborrheic_Dermatitis,SD_22_01.jpg,C:\Users\manis\Desktop\Final_Year_Project\PapuloNet\datasets\skindisnet\SkinDisNet\Augmented\SD\SD_22_01.jpg,Seborrheic_Dermatitis,False,UNIQUE,PASS,PSD_00001984.jpg,224,224
PSD_00001985,SkinDisNet,SkinDisNet,n/a,augmented,Seborrheic_Dermatitis,SD_22_02.jpg,C:\Users\manis\Desktop\Final_Year_Project\PapuloNet\datasets\skindisnet\SkinDisNet\Augmented\SD\SD_22_02.jpg,Seborrheic_Dermatitis,False,UNIQUE,PASS,PSD_00001985.jpg,224,224
PSD_00001986,SkinDisNet,SkinDisNet,n/a,augmented,Seborrheic_Dermatitis,SD_22_03.jpg,C:\Users\manis\Desktop\Final_Year_Project\PapuloNet\datasets\skindisnet\SkinDisNet\Augmented\SD\SD_22_03.jpg,Seborrheic_Dermatitis,False,UNIQUE,PASS,PSD_00001986.jpg,224,224
PSD_00001987,SkinDisNet,SkinDisNet,n/a,augmented,Seborrheic_Dermatitis,SD_22_04.jpg,C:\Users\manis\Desktop\Final_Year_Project\PapuloNet\datasets\skindisnet\SkinDisNet\Augmented\SD\SD_22_04.jpg,Seborrheic_Dermatitis,False,UNIQUE,PASS,PSD_00001987.jpg,224,224
PSD_00001988,SkinDisNet,SkinDisNet,n/a,augmented,Seborrheic_Dermatitis,SD_22_05.jpg,C:\Users\manis\Desktop\Final_Year_Project\PapuloNet\datasets\skindisnet\SkinDisNet\Augmented\SD\SD_22_05.jpg,Seborrheic_Dermatitis,False,DUPLICATE_OF:PSD_00001779,PENDING,,,
PSD_00001989,SkinDisNet,SkinDisNet,n/a,augmented,Seborrheic_Dermatitis,SD_22_06.jpg,C:\Users\manis\Desktop\Final_Year_Project\PapuloNet\datasets\skindisnet\SkinDisNet\Augmented\SD\SD_22_06.jpg,Seborrheic_Dermatitis,False,DUPLICATE_OF:PSD_00001779,PENDING,,,
PSD_00001990,SkinDisNet,SkinDisNet,n/a,augmented,Seborrheic_Dermatitis,SD_22_07.jpg,C:\Users\manis\Desktop\Final_Year_Project\PapuloNet\datasets\skindisnet\SkinDisNet\Augmented\SD\SD_22_07.jpg,Seborrheic_Dermatitis,False,UNIQUE,PASS,PSD_00001990.jpg,224,224
PSD_00001991,SkinDisNet,SkinDisNet,n/a,augmented,Seborrheic_Dermatitis,SD_23_01.jpg,C:\Users\manis\Desktop\Final_Year_Project\PapuloNet\datasets\skindisnet\SkinDisNet\Augmented\SD\SD_23_01.jpg,Seborrheic_Dermatitis,False,UNIQUE,PASS,PSD_00001991.jpg,224,224
PSD_00001992,SkinDisNet,SkinDisNet,n/a,augmented,Seborrheic_Dermatitis,SD_23_02.jpg,C:\Users\manis\Desktop\Final_Year_Project\PapuloNet\datasets\skindisnet\SkinDisNet\Augmented\SD\SD_23_02.jpg,Seborrheic_Dermatitis,False,DUPLICATE_OF:PSD_00001780,PENDING,,,
PSD_00001993,SkinDisNet,SkinDisNet,n/a,augmented,Seborrheic_Dermatitis,SD_23_03.jpg,C:\Users\manis\Desktop\Final_Year_Project\PapuloNet\datasets\skindisnet\SkinDisNet\Augmented\SD\SD_23_03.jpg,Seborrheic_Dermatitis,False,UNIQUE,PASS,PSD_00001993.jpg,224,224
PSD_00001994,SkinDisNet,SkinDisNet,n/a,augmented,Seborrheic_Dermatitis,SD_23_04.jpg,C:\Users\manis\Desktop\Final_Year_Project\PapuloNet\datasets\skindisnet\SkinDisNet\Augmented\SD\SD_23_04.jpg,Seborrheic_Dermatitis,False,UNIQUE,PASS,PSD_00001994.jpg,224,224
PSD_00001995,SkinDisNet,SkinDisNet,n/a,augmented,Seborrheic_Dermatitis,SD_23_05.jpg,C:\Users\manis\Desktop\Final_Year_Project\PapuloNet\datasets\skindisnet\SkinDisNet\Augmented\SD\SD_23_05.jpg,Seborrheic_Dermatitis,False,DUPLICATE_OF:PSD_00001780,PENDING,,,
PSD_00001996,SkinDisNet,SkinDisNet,n/a,augmented,Seborrheic_Dermatitis,SD_23_06.jpg,C:\Users\manis\Desktop\Final_Year_Project\PapuloNet\datasets\skindisnet\SkinDisNet\Augmented\SD\SD_23_06.jpg,Seborrheic_Dermatitis,False,DUPLICATE_OF:PSD_00001780,PENDING,,,
PSD_00001997,SkinDisNet,SkinDisNet,n/a,augmented,Seborrheic_Dermatitis,SD_23_07.jpg,C:\Users\manis\Desktop\Final_Year_Project\PapuloNet\datasets\skindisnet\SkinDisNet\Augmented\SD\SD_23_07.jpg,Seborrheic_Dermatitis,False,UNIQUE,PASS,PSD_00001997.jpg,224,224
PSD_00001998,SkinDisNet,SkinDisNet,n/a,augmented,Seborrheic_Dermatitis,SD_24_01.jpg,C:\Users\manis\Desktop\Final_Year_Project\PapuloNet\datasets\skindisnet\SkinDisNet\Augmented\SD\SD_24_01.jpg,Seborrheic_Dermatitis,False,UNIQUE,FAIL: blur variance 77.1 below threshold 100.0,,,
PSD_00001999,SkinDisNet,SkinDisNet,n/a,augmented,Seborrheic_Dermatitis,SD_24_02.jpg,C:\Users\manis\Desktop\Final_Year_Project\PapuloNet\datasets\skindisnet\SkinDisNet\Augmented\SD\SD_24_02.jpg,Seborrheic_Dermatitis,False,UNIQUE,PASS,PSD_00001999.jpg,224,224
PSD_00002000,SkinDisNet,SkinDisNet,n/a,augmented,Seborrheic_Dermatitis,SD_24_03.jpg,C:\Users\manis\Desktop\Final_Year_Project\PapuloNet\datasets\skindisnet\SkinDisNet\Augmented\SD\SD_24_03.jpg,Seborrheic_Dermatitis,False,UNIQUE,FAIL: blur variance 68.0 below threshold 100.0,,,
PSD_00002001,SkinDisNet,SkinDisNet,n/a,augmented,Seborrheic_Dermatitis,SD_24_04.jpg,C:\Users\manis\Desktop\Final_Year_Project\PapuloNet\datasets\skindisnet\SkinDisNet\Augmented\SD\SD_24_04.jpg,Seborrheic_Dermatitis,False,UNIQUE,FAIL: blur variance 64.1 below threshold 100.0,,,
PSD_00002002,SkinDisNet,SkinDisNet,n/a,augmented,Seborrheic_Dermatitis,SD_24_05.jpg,C:\Users\manis\Desktop\Final_Year_Project\PapuloNet\datasets\skindisnet\SkinDisNet\Augmented\SD\SD_24_05.jpg,Seborrheic_Dermatitis,False,DUPLICATE_OF:PSD_00001781,PENDING,,,
PSD_00002003,SkinDisNet,SkinDisNet,n/a,augmented,Seborrheic_Dermatitis,SD_24_06.jpg,C:\Users\manis\Desktop\Final_Year_Project\PapuloNet\datasets\skindisnet\SkinDisNet\Augmented\SD\SD_24_06.jpg,Seborrheic_Dermatitis,False,UNIQUE,PASS,PSD_00002003.jpg,224,224
PSD_00002004,SkinDisNet,SkinDisNet,n/a,augmented,Seborrheic_Dermatitis,SD_24_07.jpg,C:\Users\manis\Desktop\Final_Year_Project\PapuloNet\datasets\skindisnet\SkinDisNet\Augmented\SD\SD_24_07.jpg,Seborrheic_Dermatitis,False,UNIQUE,PASS,PSD_00002004.jpg,224,224
PSD_00002005,SkinDisNet,SkinDisNet,n/a,augmented,Seborrheic_Dermatitis,SD_25_01.jpg,C:\Users\manis\Desktop\Final_Year_Project\PapuloNet\datasets\skindisnet\SkinDisNet\Augmented\SD\SD_25_01.jpg,Seborrheic_Dermatitis,False,UNIQUE,FAIL: blur variance 14.8 below threshold 100.0,,,
PSD_00002006,SkinDisNet,SkinDisNet,n/a,augmented,Seborrheic_Dermatitis,SD_25_02.jpg,C:\Users\manis\Desktop\Final_Year_Project\PapuloNet\datasets\skindisnet\SkinDisNet\Augmented\SD\SD_25_02.jpg,Seborrheic_Dermatitis,False,UNIQUE,FAIL: blur variance 19.8 below threshold 100.0,,,
PSD_00002007,SkinDisNet,SkinDisNet,n/a,augmented,Seborrheic_Dermatitis,SD_25_03.jpg,C:\Users\manis\Desktop\Final_Year_Project\PapuloNet\datasets\skindisnet\SkinDisNet\Augmented\SD\SD_25_03.jpg,Seborrheic_Dermatitis,False,UNIQUE,FAIL: blur variance 9.5 below threshold 100.0,,,
PSD_00002008,SkinDisNet,SkinDisNet,n/a,augmented,Seborrheic_Dermatitis,SD_25_04.jpg,C:\Users\manis\Desktop\Final_Year_Project\PapuloNet\datasets\skindisnet\SkinDisNet\Augmented\SD\SD_25_04.jpg,Seborrheic_Dermatitis,False,UNIQUE,FAIL: blur variance 8.9 below threshold 100.0,,,
PSD_00002009,SkinDisNet,SkinDisNet,n/a,augmented,Seborrheic_Dermatitis,SD_25_05.jpg,C:\Users\manis\Desktop\Final_Year_Project\PapuloNet\datasets\skindisnet\SkinDisNet\Augmented\SD\SD_25_05.jpg,Seborrheic_Dermatitis,False,DUPLICATE_OF:PSD_00001782,PENDING,,,
PSD_00002010,SkinDisNet,SkinDisNet,n/a,augmented,Seborrheic_Dermatitis,SD_25_06.jpg,C:\Users\manis\Desktop\Final_Year_Project\PapuloNet\datasets\skindisnet\SkinDisNet\Augmented\SD\SD_25_06.jpg,Seborrheic_Dermatitis,False,DUPLICATE_OF:PSD_00001782,PENDING,,,
PSD_00002011,SkinDisNet,SkinDisNet,n/a,augmented,Seborrheic_Dermatitis,SD_25_07.jpg,C:\Users\manis\Desktop\Final_Year_Project\PapuloNet\datasets\skindisnet\SkinDisNet\Augmented\SD\SD_25_07.jpg,Seborrheic_Dermatitis,False,UNIQUE,PASS,PSD_00002011.jpg,224,224
PSD_00002012,SkinDisNet,SkinDisNet,n/a,augmented,Seborrheic_Dermatitis,SD_26_01.jpg,C:\Users\manis\Desktop\Final_Year_Project\PapuloNet\datasets\skindisnet\SkinDisNet\Augmented\SD\SD_26_01.jpg,Seborrheic_Dermatitis,False,DUPLICATE_OF:PSD_00001783,PENDING,,,
PSD_00002013,SkinDisNet,SkinDisNet,n/a,augmented,Seborrheic_Dermatitis,SD_26_02.jpg,C:\Users\manis\Desktop\Final_Year_Project\PapuloNet\datasets\skindisnet\SkinDisNet\Augmented\SD\SD_26_02.jpg,Seborrheic_Dermatitis,False,UNIQUE,PASS,PSD_00002013.jpg,224,224
PSD_00002014,SkinDisNet,SkinDisNet,n/a,augmented,Seborrheic_Dermatitis,SD_26_03.jpg,C:\Users\manis\Desktop\Final_Year_Project\PapuloNet\datasets\skindisnet\SkinDisNet\Augmented\SD\SD_26_03.jpg,Seborrheic_Dermatitis,False,UNIQUE,PASS,PSD_00002014.jpg,224,224
PSD_00002015,SkinDisNet,SkinDisNet,n/a,augmented,Seborrheic_Dermatitis,SD_26_04.jpg,C:\Users\manis\Desktop\Final_Year_Project\PapuloNet\datasets\skindisnet\SkinDisNet\Augmented\SD\SD_26_04.jpg,Seborrheic_Dermatitis,False,UNIQUE,PASS,PSD_00002015.jpg,224,224
PSD_00002016,SkinDisNet,SkinDisNet,n/a,augmented,Seborrheic_Dermatitis,SD_26_05.jpg,C:\Users\manis\Desktop\Final_Year_Project\PapuloNet\datasets\skindisnet\SkinDisNet\Augmented\SD\SD_26_05.jpg,Seborrheic_Dermatitis,False,DUPLICATE_OF:PSD_00001783,PENDING,,,
PSD_00002017,SkinDisNet,SkinDisNet,n/a,augmented,Seborrheic_Dermatitis,SD_26_06.jpg,C:\Users\manis\Desktop\Final_Year_Project\PapuloNet\datasets\skindisnet\SkinDisNet\Augmented\SD\SD_26_06.jpg,Seborrheic_Dermatitis,False,DUPLICATE_OF:PSD_00001783,PENDING,,,
PSD_00002018,SkinDisNet,SkinDisNet,n/a,augmented,Seborrheic_Dermatitis,SD_26_07.jpg,C:\Users\manis\Desktop\Final_Year_Project\PapuloNet\datasets\skindisnet\SkinDisNet\Augmented\SD\SD_26_07.jpg,Seborrheic_Dermatitis,False,DUPLICATE_OF:PSD_00001878,PENDING,,,
PSD_00002019,SkinDisNet,SkinDisNet,n/a,augmented,Seborrheic_Dermatitis,SD_27_01.jpg,C:\Users\manis\Desktop\Final_Year_Project\PapuloNet\datasets\skindisnet\SkinDisNet\Augmented\SD\SD_27_01.jpg,Seborrheic_Dermatitis,False,UNIQUE,FAIL: blur variance 28.9 below threshold 100.0,,,
PSD_00002020,SkinDisNet,SkinDisNet,n/a,augmented,Seborrheic_Dermatitis,SD_27_02.jpg,C:\Users\manis\Desktop\Final_Year_Project\PapuloNet\datasets\skindisnet\SkinDisNet\Augmented\SD\SD_27_02.jpg,Seborrheic_Dermatitis,False,UNIQUE,FAIL: blur variance 44.1 below threshold 100.0,,,
PSD_00002021,SkinDisNet,SkinDisNet,n/a,augmented,Seborrheic_Dermatitis,SD_27_03.jpg,C:\Users\manis\Desktop\Final_Year_Project\PapuloNet\datasets\skindisnet\SkinDisNet\Augmented\SD\SD_27_03.jpg,Seborrheic_Dermatitis,False,UNIQUE,FAIL: blur variance 34.3 below threshold 100.0,,,
PSD_00002022,SkinDisNet,SkinDisNet,n/a,augmented,Seborrheic_Dermatitis,SD_27_04.jpg,C:\Users\manis\Desktop\Final_Year_Project\PapuloNet\datasets\skindisnet\SkinDisNet\Augmented\SD\SD_27_04.jpg,Seborrheic_Dermatitis,False,UNIQUE,FAIL: blur variance 20.2 below threshold 100.0,,,
PSD_00002023,SkinDisNet,SkinDisNet,n/a,augmented,Seborrheic_Dermatitis,SD_27_05.jpg,C:\Users\manis\Desktop\Final_Year_Project\PapuloNet\datasets\skindisnet\SkinDisNet\Augmented\SD\SD_27_05.jpg,Seborrheic_Dermatitis,False,DUPLICATE_OF:PSD_00001784,PENDING,,,
PSD_00002024,SkinDisNet,SkinDisNet,n/a,augmented,Seborrheic_Dermatitis,SD_27_06.jpg,C:\Users\manis\Desktop\Final_Year_Project\PapuloNet\datasets\skindisnet\SkinDisNet\Augmented\SD\SD_27_06.jpg,Seborrheic_Dermatitis,False,DUPLICATE_OF:PSD_00001784,PENDING,,,
PSD_00002025,SkinDisNet,SkinDisNet,n/a,augmented,Seborrheic_Dermatitis,SD_27_07.jpg,C:\Users\manis\Desktop\Final_Year_Project\PapuloNet\datasets\skindisnet\SkinDisNet\Augmented\SD\SD_27_07.jpg,Seborrheic_Dermatitis,False,UNIQUE,PASS,PSD_00002025.jpg,224,224
PSD_00002026,SkinDisNet,SkinDisNet,n/a,augmented,Seborrheic_Dermatitis,SD_28_01.jpg,C:\Users\manis\Desktop\Final_Year_Project\PapuloNet\datasets\skindisnet\SkinDisNet\Augmented\SD\SD_28_01.jpg,Seborrheic_Dermatitis,False,UNIQUE,FAIL: blur variance 57.7 below threshold 100.0,,,
PSD_00002027,SkinDisNet,SkinDisNet,n/a,augmented,Seborrheic_Dermatitis,SD_28_02.jpg,C:\Users\manis\Desktop\Final_Year_Project\PapuloNet\datasets\skindisnet\SkinDisNet\Augmented\SD\SD_28_02.jpg,Seborrheic_Dermatitis,False,UNIQUE,PASS,PSD_00002027.jpg,224,224
PSD_00002028,SkinDisNet,SkinDisNet,n/a,augmented,Seborrheic_Dermatitis,SD_28_03.jpg,C:\Users\manis\Desktop\Final_Year_Project\PapuloNet\datasets\skindisnet\SkinDisNet\Augmented\SD\SD_28_03.jpg,Seborrheic_Dermatitis,False,UNIQUE,FAIL: blur variance 57.4 below threshold 100.0,,,
PSD_00002029,SkinDisNet,SkinDisNet,n/a,augmented,Seborrheic_Dermatitis,SD_28_04.jpg,C:\Users\manis\Desktop\Final_Year_Project\PapuloNet\datasets\skindisnet\SkinDisNet\Augmented\SD\SD_28_04.jpg,Seborrheic_Dermatitis,False,UNIQUE,FAIL: blur variance 33.2 below threshold 100.0,,,
PSD_00002030,SkinDisNet,SkinDisNet,n/a,augmented,Seborrheic_Dermatitis,SD_28_05.jpg,C:\Users\manis\Desktop\Final_Year_Project\PapuloNet\datasets\skindisnet\SkinDisNet\Augmented\SD\SD_28_05.jpg,Seborrheic_Dermatitis,False,DUPLICATE_OF:PSD_00001785,PENDING,,,
PSD_00002031,SkinDisNet,SkinDisNet,n/a,augmented,Seborrheic_Dermatitis,SD_28_06.jpg,C:\Users\manis\Desktop\Final_Year_Project\PapuloNet\datasets\skindisnet\SkinDisNet\Augmented\SD\SD_28_06.jpg,Seborrheic_Dermatitis,False,DUPLICATE_OF:PSD_00001785,PENDING,,,
PSD_00002032,SkinDisNet,SkinDisNet,n/a,augmented,Seborrheic_Dermatitis,SD_28_07.jpg,C:\Users\manis\Desktop\Final_Year_Project\PapuloNet\datasets\skindisnet\SkinDisNet\Augmented\SD\SD_28_07.jpg,Seborrheic_Dermatitis,False,UNIQUE,PASS,PSD_00002032.jpg,224,224
PSD_00002033,SkinDisNet,SkinDisNet,n/a,augmented,Seborrheic_Dermatitis,SD_29_01.jpg,C:\Users\manis\Desktop\Final_Year_Project\PapuloNet\datasets\skindisnet\SkinDisNet\Augmented\SD\SD_29_01.jpg,Seborrheic_Dermatitis,False,UNIQUE,PASS,PSD_00002033.jpg,224,224
PSD_00002034,SkinDisNet,SkinDisNet,n/a,augmented,Seborrheic_Dermatitis,SD_29_02.jpg,C:\Users\manis\Desktop\Final_Year_Project\PapuloNet\datasets\skindisnet\SkinDisNet\Augmented\SD\SD_29_02.jpg,Seborrheic_Dermatitis,False,DUPLICATE_OF:PSD_00001786,PENDING,,,
PSD_00002035,SkinDisNet,SkinDisNet,n/a,augmented,Seborrheic_Dermatitis,SD_29_03.jpg,C:\Users\manis\Desktop\Final_Year_Project\PapuloNet\datasets\skindisnet\SkinDisNet\Augmented\SD\SD_29_03.jpg,Seborrheic_Dermatitis,False,UNIQUE,PASS,PSD_00002035.jpg,224,224
PSD_00002036,SkinDisNet,SkinDisNet,n/a,augmented,Seborrheic_Dermatitis,SD_29_04.jpg,C:\Users\manis\Desktop\Final_Year_Project\PapuloNet\datasets\skindisnet\SkinDisNet\Augmented\SD\SD_29_04.jpg,Seborrheic_Dermatitis,False,UNIQUE,PASS,PSD_00002036.jpg,224,224
PSD_00002037,SkinDisNet,SkinDisNet,n/a,augmented,Seborrheic_Dermatitis,SD_29_05.jpg,C:\Users\manis\Desktop\Final_Year_Project\PapuloNet\datasets\skindisnet\SkinDisNet\Augmented\SD\SD_29_05.jpg,Seborrheic_Dermatitis,False,UNIQUE,PASS,PSD_00002037.jpg,224,224
PSD_00002038,SkinDisNet,SkinDisNet,n/a,augmented,Seborrheic_Dermatitis,SD_29_06.jpg,C:\Users\manis\Desktop\Final_Year_Project\PapuloNet\datasets\skindisnet\SkinDisNet\Augmented\SD\SD_29_06.jpg,Seborrheic_Dermatitis,False,DUPLICATE_OF:PSD_00001786,PENDING,,,
PSD_00002039,SkinDisNet,SkinDisNet,n/a,augmented,Seborrheic_Dermatitis,SD_29_07.jpg,C:\Users\manis\Desktop\Final_Year_Project\PapuloNet\datasets\skindisnet\SkinDisNet\Augmented\SD\SD_29_07.jpg,Seborrheic_Dermatitis,False,UNIQUE,PASS,PSD_00002039.jpg,224,224
PSD_00002040,SkinDisNet,SkinDisNet,n/a,augmented,Seborrheic_Dermatitis,SD_30_01.jpg,C:\Users\manis\Desktop\Final_Year_Project\PapuloNet\datasets\skindisnet\SkinDisNet\Augmented\SD\SD_30_01.jpg,Seborrheic_Dermatitis,False,UNIQUE,PASS,PSD_00002040.jpg,224,224
PSD_00002041,SkinDisNet,SkinDisNet,n/a,augmented,Seborrheic_Dermatitis,SD_30_02.jpg,C:\Users\manis\Desktop\Final_Year_Project\PapuloNet\datasets\skindisnet\SkinDisNet\Augmented\SD\SD_30_02.jpg,Seborrheic_Dermatitis,False,UNIQUE,PASS,PSD_00002041.jpg,224,224
PSD_00002042,SkinDisNet,SkinDisNet,n/a,augmented,Seborrheic_Dermatitis,SD_30_03.jpg,C:\Users\manis\Desktop\Final_Year_Project\PapuloNet\datasets\skindisnet\SkinDisNet\Augmented\SD\SD_30_03.jpg,Seborrheic_Dermatitis,False,UNIQUE,PASS,PSD_00002042.jpg,224,224
PSD_00002043,SkinDisNet,SkinDisNet,n/a,augmented,Seborrheic_Dermatitis,SD_30_04.jpg,C:\Users\manis\Desktop\Final_Year_Project\PapuloNet\datasets\skindisnet\SkinDisNet\Augmented\SD\SD_30_04.jpg,Seborrheic_Dermatitis,False,UNIQUE,PASS,PSD_00002043.jpg,224,224
PSD_00002044,SkinDisNet,SkinDisNet,n/a,augmented,Seborrheic_Dermatitis,SD_30_05.jpg,C:\Users\manis\Desktop\Final_Year_Project\PapuloNet\datasets\skindisnet\SkinDisNet\Augmented\SD\SD_30_05.jpg,Seborrheic_Dermatitis,False,DUPLICATE_OF:PSD_00001787,PENDING,,,
PSD_00002045,SkinDisNet,SkinDisNet,n/a,augmented,Seborrheic_Dermatitis,SD_30_06.jpg,C:\Users\manis\Desktop\Final_Year_Project\PapuloNet\datasets\skindisnet\SkinDisNet\Augmented\SD\SD_30_06.jpg,Seborrheic_Dermatitis,False,UNIQUE,PASS,PSD_00002045.jpg,224,224
PSD_00002046,SkinDisNet,SkinDisNet,n/a,augmented,Seborrheic_Dermatitis,SD_30_07.jpg,C:\Users\manis\Desktop\Final_Year_Project\PapuloNet\datasets\skindisnet\SkinDisNet\Augmented\SD\SD_30_07.jpg,Seborrheic_Dermatitis,False,DUPLICATE_OF:PSD_00001892,PENDING,,,
PSD_00002047,SkinDisNet,SkinDisNet,n/a,augmented,Seborrheic_Dermatitis,SD_31_01.jpg,C:\Users\manis\Desktop\Final_Year_Project\PapuloNet\datasets\skindisnet\SkinDisNet\Augmented\SD\SD_31_01.jpg,Seborrheic_Dermatitis,False,UNIQUE,PASS,PSD_00002047.jpg,224,224
PSD_00002048,SkinDisNet,SkinDisNet,n/a,augmented,Seborrheic_Dermatitis,SD_31_02.jpg,C:\Users\manis\Desktop\Final_Year_Project\PapuloNet\datasets\skindisnet\SkinDisNet\Augmented\SD\SD_31_02.jpg,Seborrheic_Dermatitis,False,UNIQUE,PASS,PSD_00002048.jpg,224,224
PSD_00002049,SkinDisNet,SkinDisNet,n/a,augmented,Seborrheic_Dermatitis,SD_31_03.jpg,C:\Users\manis\Desktop\Final_Year_Project\PapuloNet\datasets\skindisnet\SkinDisNet\Augmented\SD\SD_31_03.jpg,Seborrheic_Dermatitis,False,UNIQUE,FAIL: blur variance 79.7 below threshold 100.0,,,
PSD_00002050,SkinDisNet,SkinDisNet,n/a,augmented,Seborrheic_Dermatitis,SD_31_04.jpg,C:\Users\manis\Desktop\Final_Year_Project\PapuloNet\datasets\skindisnet\SkinDisNet\Augmented\SD\SD_31_04.jpg,Seborrheic_Dermatitis,False,UNIQUE,PASS,PSD_00002050.jpg,224,224
PSD_00002051,SkinDisNet,SkinDisNet,n/a,augmented,Seborrheic_Dermatitis,SD_31_05.jpg,C:\Users\manis\Desktop\Final_Year_Project\PapuloNet\datasets\skindisnet\SkinDisNet\Augmented\SD\SD_31_05.jpg,Seborrheic_Dermatitis,False,DUPLICATE_OF:PSD_00001788,PENDING,,,
PSD_00002052,SkinDisNet,SkinDisNet,n/a,augmented,Seborrheic_Dermatitis,SD_31_06.jpg,C:\Users\manis\Desktop\Final_Year_Project\PapuloNet\datasets\skindisnet\SkinDisNet\Augmented\SD\SD_31_06.jpg,Seborrheic_Dermatitis,False,DUPLICATE_OF:PSD_00001788,PENDING,,,
PSD_00002053,SkinDisNet,SkinDisNet,n/a,augmented,Seborrheic_Dermatitis,SD_31_07.jpg,C:\Users\manis\Desktop\Final_Year_Project\PapuloNet\datasets\skindisnet\SkinDisNet\Augmented\SD\SD_31_07.jpg,Seborrheic_Dermatitis,False,UNIQUE,PASS,PSD_00002053.jpg,224,224
PSD_00002054,SkinDisNet,SkinDisNet,n/a,augmented,Seborrheic_Dermatitis,SD_32_01.jpg,C:\Users\manis\Desktop\Final_Year_Project\PapuloNet\datasets\skindisnet\SkinDisNet\Augmented\SD\SD_32_01.jpg,Seborrheic_Dermatitis,False,UNIQUE,PASS,PSD_00002054.jpg,224,224
PSD_00002055,SkinDisNet,SkinDisNet,n/a,augmented,Seborrheic_Dermatitis,SD_32_02.jpg,C:\Users\manis\Desktop\Final_Year_Project\PapuloNet\datasets\skindisnet\SkinDisNet\Augmented\SD\SD_32_02.jpg,Seborrheic_Dermatitis,False,UNIQUE,PASS,PSD_00002055.jpg,224,224
PSD_00002056,SkinDisNet,SkinDisNet,n/a,augmented,Seborrheic_Dermatitis,SD_32_03.jpg,C:\Users\manis\Desktop\Final_Year_Project\PapuloNet\datasets\skindisnet\SkinDisNet\Augmented\SD\SD_32_03.jpg,Seborrheic_Dermatitis,False,UNIQUE,PASS,PSD_00002056.jpg,224,224
PSD_00002057,SkinDisNet,SkinDisNet,n/a,augmented,Seborrheic_Dermatitis,SD_32_04.jpg,C:\Users\manis\Desktop\Final_Year_Project\PapuloNet\datasets\skindisnet\SkinDisNet\Augmented\SD\SD_32_04.jpg,Seborrheic_Dermatitis,False,UNIQUE,PASS,PSD_00002057.jpg,224,224
PSD_00002058,SkinDisNet,SkinDisNet,n/a,augmented,Seborrheic_Dermatitis,SD_32_05.jpg,C:\Users\manis\Desktop\Final_Year_Project\PapuloNet\datasets\skindisnet\SkinDisNet\Augmented\SD\SD_32_05.jpg,Seborrheic_Dermatitis,False,DUPLICATE_OF:PSD_00001789,PENDING,,,
PSD_00002059,SkinDisNet,SkinDisNet,n/a,augmented,Seborrheic_Dermatitis,SD_32_06.jpg,C:\Users\manis\Desktop\Final_Year_Project\PapuloNet\datasets\skindisnet\SkinDisNet\Augmented\SD\SD_32_06.jpg,Seborrheic_Dermatitis,False,UNIQUE,PASS,PSD_00002059.jpg,224,224
PSD_00002060,SkinDisNet,SkinDisNet,n/a,augmented,Seborrheic_Dermatitis,SD_32_07.jpg,C:\Users\manis\Desktop\Final_Year_Project\PapuloNet\datasets\skindisnet\SkinDisNet\Augmented\SD\SD_32_07.jpg,Seborrheic_Dermatitis,False,DUPLICATE_OF:PSD_00001878,PENDING,,,
PSD_00002061,SkinDisNet,SkinDisNet,n/a,augmented,Seborrheic_Dermatitis,SD_33_01.jpg,C:\Users\manis\Desktop\Final_Year_Project\PapuloNet\datasets\skindisnet\SkinDisNet\Augmented\SD\SD_33_01.jpg,Seborrheic_Dermatitis,False,UNIQUE,FAIL: blur variance 21.9 below threshold 100.0,,,
PSD_00002062,SkinDisNet,SkinDisNet,n/a,augmented,Seborrheic_Dermatitis,SD_33_02.jpg,C:\Users\manis\Desktop\Final_Year_Project\PapuloNet\datasets\skindisnet\SkinDisNet\Augmented\SD\SD_33_02.jpg,Seborrheic_Dermatitis,False,UNIQUE,FAIL: blur variance 33.9 below threshold 100.0,,,
PSD_00002063,SkinDisNet,SkinDisNet,n/a,augmented,Seborrheic_Dermatitis,SD_33_03.jpg,C:\Users\manis\Desktop\Final_Year_Project\PapuloNet\datasets\skindisnet\SkinDisNet\Augmented\SD\SD_33_03.jpg,Seborrheic_Dermatitis,False,UNIQUE,FAIL: blur variance 14.5 below threshold 100.0,,,
PSD_00002064,SkinDisNet,SkinDisNet,n/a,augmented,Seborrheic_Dermatitis,SD_33_04.jpg,C:\Users\manis\Desktop\Final_Year_Project\PapuloNet\datasets\skindisnet\SkinDisNet\Augmented\SD\SD_33_04.jpg,Seborrheic_Dermatitis,False,UNIQUE,FAIL: blur variance 23.5 below threshold 100.0,,,
PSD_00002065,SkinDisNet,SkinDisNet,n/a,augmented,Seborrheic_Dermatitis,SD_33_05.jpg,C:\Users\manis\Desktop\Final_Year_Project\PapuloNet\datasets\skindisnet\SkinDisNet\Augmented\SD\SD_33_05.jpg,Seborrheic_Dermatitis,False,DUPLICATE_OF:PSD_00001790,PENDING,,,
PSD_00002066,SkinDisNet,SkinDisNet,n/a,augmented,Seborrheic_Dermatitis,SD_33_06.jpg,C:\Users\manis\Desktop\Final_Year_Project\PapuloNet\datasets\skindisnet\SkinDisNet\Augmented\SD\SD_33_06.jpg,Seborrheic_Dermatitis,False,DUPLICATE_OF:PSD_00001790,PENDING,,,
PSD_00002067,SkinDisNet,SkinDisNet,n/a,augmented,Seborrheic_Dermatitis,SD_33_07.jpg,C:\Users\manis\Desktop\Final_Year_Project\PapuloNet\datasets\skindisnet\SkinDisNet\Augmented\SD\SD_33_07.jpg,Seborrheic_Dermatitis,False,UNIQUE,PASS,PSD_00002067.jpg,224,224
PSD_00002068,SkinDisNet,SkinDisNet,n/a,augmented,Seborrheic_Dermatitis,SD_34_01.jpg,C:\Users\manis\Desktop\Final_Year_Project\PapuloNet\datasets\skindisnet\SkinDisNet\Augmented\SD\SD_34_01.jpg,Seborrheic_Dermatitis,False,UNIQUE,PASS,PSD_00002068.jpg,224,224
PSD_00002069,SkinDisNet,SkinDisNet,n/a,augmented,Seborrheic_Dermatitis,SD_34_02.jpg,C:\Users\manis\Desktop\Final_Year_Project\PapuloNet\datasets\skindisnet\SkinDisNet\Augmented\SD\SD_34_02.jpg,Seborrheic_Dermatitis,False,UNIQUE,PASS,PSD_00002069.jpg,224,224
PSD_00002070,SkinDisNet,SkinDisNet,n/a,augmented,Seborrheic_Dermatitis,SD_34_03.jpg,C:\Users\manis\Desktop\Final_Year_Project\PapuloNet\datasets\skindisnet\SkinDisNet\Augmented\SD\SD_34_03.jpg,Seborrheic_Dermatitis,False,UNIQUE,PASS,PSD_00002070.jpg,224,224
PSD_00002071,SkinDisNet,SkinDisNet,n/a,augmented,Seborrheic_Dermatitis,SD_34_04.jpg,C:\Users\manis\Desktop\Final_Year_Project\PapuloNet\datasets\skindisnet\SkinDisNet\Augmented\SD\SD_34_04.jpg,Seborrheic_Dermatitis,False,UNIQUE,PASS,PSD_00002071.jpg,224,224
PSD_00002072,SkinDisNet,SkinDisNet,n/a,augmented,Seborrheic_Dermatitis,SD_34_05.jpg,C:\Users\manis\Desktop\Final_Year_Project\PapuloNet\datasets\skindisnet\SkinDisNet\Augmented\SD\SD_34_05.jpg,Seborrheic_Dermatitis,False,DUPLICATE_OF:PSD_00001791,PENDING,,,
PSD_00002073,SkinDisNet,SkinDisNet,n/a,augmented,Seborrheic_Dermatitis,SD_34_06.jpg,C:\Users\manis\Desktop\Final_Year_Project\PapuloNet\datasets\skindisnet\SkinDisNet\Augmented\SD\SD_34_06.jpg,Seborrheic_Dermatitis,False,DUPLICATE_OF:PSD_00001791,PENDING,,,
PSD_00002074,SkinDisNet,SkinDisNet,n/a,augmented,Seborrheic_Dermatitis,SD_34_07.jpg,C:\Users\manis\Desktop\Final_Year_Project\PapuloNet\datasets\skindisnet\SkinDisNet\Augmented\SD\SD_34_07.jpg,Seborrheic_Dermatitis,False,UNIQUE,PASS,PSD_00002074.jpg,224,224
PSD_00002075,SkinDisNet,SkinDisNet,n/a,augmented,Seborrheic_Dermatitis,SD_35_01.jpg,C:\Users\manis\Desktop\Final_Year_Project\PapuloNet\datasets\skindisnet\SkinDisNet\Augmented\SD\SD_35_01.jpg,Seborrheic_Dermatitis,False,UNIQUE,PASS,PSD_00002075.jpg,224,224
PSD_00002076,SkinDisNet,SkinDisNet,n/a,augmented,Seborrheic_Dermatitis,SD_35_02.jpg,C:\Users\manis\Desktop\Final_Year_Project\PapuloNet\datasets\skindisnet\SkinDisNet\Augmented\SD\SD_35_02.jpg,Seborrheic_Dermatitis,False,UNIQUE,PASS,PSD_00002076.jpg,224,224
PSD_00002077,SkinDisNet,SkinDisNet,n/a,augmented,Seborrheic_Dermatitis,SD_35_03.jpg,C:\Users\manis\Desktop\Final_Year_Project\PapuloNet\datasets\skindisnet\SkinDisNet\Augmented\SD\SD_35_03.jpg,Seborrheic_Dermatitis,False,UNIQUE,PASS,PSD_00002077.jpg,224,224
PSD_00002078,SkinDisNet,SkinDisNet,n/a,augmented,Seborrheic_Dermatitis,SD_35_04.jpg,C:\Users\manis\Desktop\Final_Year_Project\PapuloNet\datasets\skindisnet\SkinDisNet\Augmented\SD\SD_35_04.jpg,Seborrheic_Dermatitis,False,UNIQUE,PASS,PSD_00002078.jpg,224,224
PSD_00002079,SkinDisNet,SkinDisNet,n/a,augmented,Seborrheic_Dermatitis,SD_35_05.jpg,C:\Users\manis\Desktop\Final_Year_Project\PapuloNet\datasets\skindisnet\SkinDisNet\Augmented\SD\SD_35_05.jpg,Seborrheic_Dermatitis,False,DUPLICATE_OF:PSD_00001792,PENDING,,,
PSD_00002080,SkinDisNet,SkinDisNet,n/a,augmented,Seborrheic_Dermatitis,SD_35_06.jpg,C:\Users\manis\Desktop\Final_Year_Project\PapuloNet\datasets\skindisnet\SkinDisNet\Augmented\SD\SD_35_06.jpg,Seborrheic_Dermatitis,False,UNIQUE,PASS,PSD_00002080.jpg,224,224
PSD_00002081,SkinDisNet,SkinDisNet,n/a,augmented,Seborrheic_Dermatitis,SD_35_07.jpg,C:\Users\manis\Desktop\Final_Year_Project\PapuloNet\datasets\skindisnet\SkinDisNet\Augmented\SD\SD_35_07.jpg,Seborrheic_Dermatitis,False,UNIQUE,PASS,PSD_00002081.jpg,224,224
PSD_00002082,SkinDisNet,SkinDisNet,n/a,augmented,Seborrheic_Dermatitis,SD_36_01.jpg,C:\Users\manis\Desktop\Final_Year_Project\PapuloNet\datasets\skindisnet\SkinDisNet\Augmented\SD\SD_36_01.jpg,Seborrheic_Dermatitis,False,UNIQUE,FAIL: blur variance 49.0 below threshold 100.0,,,
PSD_00002083,SkinDisNet,SkinDisNet,n/a,augmented,Seborrheic_Dermatitis,SD_36_02.jpg,C:\Users\manis\Desktop\Final_Year_Project\PapuloNet\datasets\skindisnet\SkinDisNet\Augmented\SD\SD_36_02.jpg,Seborrheic_Dermatitis,False,DUPLICATE_OF:PSD_00001793,PENDING,,,
PSD_00002084,SkinDisNet,SkinDisNet,n/a,augmented,Seborrheic_Dermatitis,SD_36_03.jpg,C:\Users\manis\Desktop\Final_Year_Project\PapuloNet\datasets\skindisnet\SkinDisNet\Augmented\SD\SD_36_03.jpg,Seborrheic_Dermatitis,False,DUPLICATE_OF:PSD_00001793,PENDING,,,
PSD_00002085,SkinDisNet,SkinDisNet,n/a,augmented,Seborrheic_Dermatitis,SD_36_04.jpg,C:\Users\manis\Desktop\Final_Year_Project\PapuloNet\datasets\skindisnet\SkinDisNet\Augmented\SD\SD_36_04.jpg,Seborrheic_Dermatitis,False,UNIQUE,FAIL: blur variance 27.0 below threshold 100.0,,,
PSD_00002086,SkinDisNet,SkinDisNet,n/a,augmented,Seborrheic_Dermatitis,SD_36_05.jpg,C:\Users\manis\Desktop\Final_Year_Project\PapuloNet\datasets\skindisnet\SkinDisNet\Augmented\SD\SD_36_05.jpg,Seborrheic_Dermatitis,False,DUPLICATE_OF:PSD_00001793,PENDING,,,
PSD_00002087,SkinDisNet,SkinDisNet,n/a,augmented,Seborrheic_Dermatitis,SD_36_06.jpg,C:\Users\manis\Desktop\Final_Year_Project\PapuloNet\datasets\skindisnet\SkinDisNet\Augmented\SD\SD_36_06.jpg,Seborrheic_Dermatitis,False,DUPLICATE_OF:PSD_00001793,PENDING,,,
PSD_00002088,SkinDisNet,SkinDisNet,n/a,augmented,Seborrheic_Dermatitis,SD_36_07.jpg,C:\Users\manis\Desktop\Final_Year_Project\PapuloNet\datasets\skindisnet\SkinDisNet\Augmented\SD\SD_36_07.jpg,Seborrheic_Dermatitis,False,DUPLICATE_OF:PSD_00001899,PENDING,,,
PSD_00002089,SkinDisNet,SkinDisNet,n/a,augmented,Seborrheic_Dermatitis,SD_37_01.jpg,C:\Users\manis\Desktop\Final_Year_Project\PapuloNet\datasets\skindisnet\SkinDisNet\Augmented\SD\SD_37_01.jpg,Seborrheic_Dermatitis,False,UNIQUE,PASS,PSD_00002089.jpg,224,224
PSD_00002090,SkinDisNet,SkinDisNet,n/a,augmented,Seborrheic_Dermatitis,SD_37_02.jpg,C:\Users\manis\Desktop\Final_Year_Project\PapuloNet\datasets\skindisnet\SkinDisNet\Augmented\SD\SD_37_02.jpg,Seborrheic_Dermatitis,False,DUPLICATE_OF:PSD_00001794,PENDING,,,
PSD_00002091,SkinDisNet,SkinDisNet,n/a,augmented,Seborrheic_Dermatitis,SD_37_03.jpg,C:\Users\manis\Desktop\Final_Year_Project\PapuloNet\datasets\skindisnet\SkinDisNet\Augmented\SD\SD_37_03.jpg,Seborrheic_Dermatitis,False,UNIQUE,PASS,PSD_00002091.jpg,224,224
PSD_00002092,SkinDisNet,SkinDisNet,n/a,augmented,Seborrheic_Dermatitis,SD_37_04.jpg,C:\Users\manis\Desktop\Final_Year_Project\PapuloNet\datasets\skindisnet\SkinDisNet\Augmented\SD\SD_37_04.jpg,Seborrheic_Dermatitis,False,UNIQUE,PASS,PSD_00002092.jpg,224,224
PSD_00002093,SkinDisNet,SkinDisNet,n/a,augmented,Seborrheic_Dermatitis,SD_37_05.jpg,C:\Users\manis\Desktop\Final_Year_Project\PapuloNet\datasets\skindisnet\SkinDisNet\Augmented\SD\SD_37_05.jpg,Seborrheic_Dermatitis,False,DUPLICATE_OF:PSD_00001794,PENDING,,,
PSD_00002094,SkinDisNet,SkinDisNet,n/a,augmented,Seborrheic_Dermatitis,SD_37_06.jpg,C:\Users\manis\Desktop\Final_Year_Project\PapuloNet\datasets\skindisnet\SkinDisNet\Augmented\SD\SD_37_06.jpg,Seborrheic_Dermatitis,False,DUPLICATE_OF:PSD_00001794,PENDING,,,
PSD_00002095,SkinDisNet,SkinDisNet,n/a,augmented,Seborrheic_Dermatitis,SD_37_07.jpg,C:\Users\manis\Desktop\Final_Year_Project\PapuloNet\datasets\skindisnet\SkinDisNet\Augmented\SD\SD_37_07.jpg,Seborrheic_Dermatitis,False,DUPLICATE_OF:PSD_00001878,PENDING,,,
PSD_00002096,SkinDisNet,SkinDisNet,n/a,augmented,Seborrheic_Dermatitis,SD_38_01.jpg,C:\Users\manis\Desktop\Final_Year_Project\PapuloNet\datasets\skindisnet\SkinDisNet\Augmented\SD\SD_38_01.jpg,Seborrheic_Dermatitis,False,UNIQUE,PASS,PSD_00002096.jpg,224,224
PSD_00002097,SkinDisNet,SkinDisNet,n/a,augmented,Seborrheic_Dermatitis,SD_38_02.jpg,C:\Users\manis\Desktop\Final_Year_Project\PapuloNet\datasets\skindisnet\SkinDisNet\Augmented\SD\SD_38_02.jpg,Seborrheic_Dermatitis,False,UNIQUE,PASS,PSD_00002097.jpg,224,224
PSD_00002098,SkinDisNet,SkinDisNet,n/a,augmented,Seborrheic_Dermatitis,SD_38_03.jpg,C:\Users\manis\Desktop\Final_Year_Project\PapuloNet\datasets\skindisnet\SkinDisNet\Augmented\SD\SD_38_03.jpg,Seborrheic_Dermatitis,False,UNIQUE,FAIL: blur variance 98.9 below threshold 100.0,,,
PSD_00002099,SkinDisNet,SkinDisNet,n/a,augmented,Seborrheic_Dermatitis,SD_38_04.jpg,C:\Users\manis\Desktop\Final_Year_Project\PapuloNet\datasets\skindisnet\SkinDisNet\Augmented\SD\SD_38_04.jpg,Seborrheic_Dermatitis,False,UNIQUE,PASS,PSD_00002099.jpg,224,224
PSD_00002100,SkinDisNet,SkinDisNet,n/a,augmented,Seborrheic_Dermatitis,SD_38_05.jpg,C:\Users\manis\Desktop\Final_Year_Project\PapuloNet\datasets\skindisnet\SkinDisNet\Augmented\SD\SD_38_05.jpg,Seborrheic_Dermatitis,False,DUPLICATE_OF:PSD_00001795,PENDING,,,
PSD_00002101,SkinDisNet,SkinDisNet,n/a,augmented,Seborrheic_Dermatitis,SD_38_06.jpg,C:\Users\manis\Desktop\Final_Year_Project\PapuloNet\datasets\skindisnet\SkinDisNet\Augmented\SD\SD_38_06.jpg,Seborrheic_Dermatitis,False,DUPLICATE_OF:PSD_00001795,PENDING,,,
PSD_00002102,SkinDisNet,SkinDisNet,n/a,augmented,Seborrheic_Dermatitis,SD_38_07.jpg,C:\Users\manis\Desktop\Final_Year_Project\PapuloNet\datasets\skindisnet\SkinDisNet\Augmented\SD\SD_38_07.jpg,Seborrheic_Dermatitis,False,DUPLICATE_OF:PSD_00001885,PENDING,,,
PSD_00002103,SkinDisNet,SkinDisNet,n/a,augmented,Seborrheic_Dermatitis,SD_39_01.jpg,C:\Users\manis\Desktop\Final_Year_Project\PapuloNet\datasets\skindisnet\SkinDisNet\Augmented\SD\SD_39_01.jpg,Seborrheic_Dermatitis,False,UNIQUE,PASS,PSD_00002103.jpg,224,224
PSD_00002104,SkinDisNet,SkinDisNet,n/a,augmented,Seborrheic_Dermatitis,SD_39_02.jpg,C:\Users\manis\Desktop\Final_Year_Project\PapuloNet\datasets\skindisnet\SkinDisNet\Augmented\SD\SD_39_02.jpg,Seborrheic_Dermatitis,False,DUPLICATE_OF:PSD_00001796,PENDING,,,
PSD_00002105,SkinDisNet,SkinDisNet,n/a,augmented,Seborrheic_Dermatitis,SD_39_03.jpg,C:\Users\manis\Desktop\Final_Year_Project\PapuloNet\datasets\skindisnet\SkinDisNet\Augmented\SD\SD_39_03.jpg,Seborrheic_Dermatitis,False,DUPLICATE_OF:PSD_00001796,PENDING,,,
PSD_00002106,SkinDisNet,SkinDisNet,n/a,augmented,Seborrheic_Dermatitis,SD_39_04.jpg,C:\Users\manis\Desktop\Final_Year_Project\PapuloNet\datasets\skindisnet\SkinDisNet\Augmented\SD\SD_39_04.jpg,Seborrheic_Dermatitis,False,UNIQUE,PASS,PSD_00002106.jpg,224,224
PSD_00002107,SkinDisNet,SkinDisNet,n/a,augmented,Seborrheic_Dermatitis,SD_39_05.jpg,C:\Users\manis\Desktop\Final_Year_Project\PapuloNet\datasets\skindisnet\SkinDisNet\Augmented\SD\SD_39_05.jpg,Seborrheic_Dermatitis,False,DUPLICATE_OF:PSD_00001796,PENDING,,,
PSD_00002108,SkinDisNet,SkinDisNet,n/a,augmented,Seborrheic_Dermatitis,SD_39_06.jpg,C:\Users\manis\Desktop\Final_Year_Project\PapuloNet\datasets\skindisnet\SkinDisNet\Augmented\SD\SD_39_06.jpg,Seborrheic_Dermatitis,False,DUPLICATE_OF:PSD_00001796,PENDING,,,
PSD_00002109,SkinDisNet,SkinDisNet,n/a,augmented,Seborrheic_Dermatitis,SD_39_07.jpg,C:\Users\manis\Desktop\Final_Year_Project\PapuloNet\datasets\skindisnet\SkinDisNet\Augmented\SD\SD_39_07.jpg,Seborrheic_Dermatitis,False,UNIQUE,PASS,PSD_00002109.jpg,224,224
PSD_00002110,SkinDisNet,SkinDisNet,n/a,augmented,Seborrheic_Dermatitis,SD_40_01.jpg,C:\Users\manis\Desktop\Final_Year_Project\PapuloNet\datasets\skindisnet\SkinDisNet\Augmented\SD\SD_40_01.jpg,Seborrheic_Dermatitis,False,UNIQUE,FAIL: blur variance 15.9 below threshold 100.0,,,
PSD_00002111,SkinDisNet,SkinDisNet,n/a,augmented,Seborrheic_Dermatitis,SD_40_02.jpg,C:\Users\manis\Desktop\Final_Year_Project\PapuloNet\datasets\skindisnet\SkinDisNet\Augmented\SD\SD_40_02.jpg,Seborrheic_Dermatitis,False,UNIQUE,FAIL: blur variance 19.9 below threshold 100.0,,,
PSD_00002112,SkinDisNet,SkinDisNet,n/a,augmented,Seborrheic_Dermatitis,SD_40_03.jpg,C:\Users\manis\Desktop\Final_Year_Project\PapuloNet\datasets\skindisnet\SkinDisNet\Augmented\SD\SD_40_03.jpg,Seborrheic_Dermatitis,False,UNIQUE,FAIL: blur variance 15.6 below threshold 100.0,,,
PSD_00002113,SkinDisNet,SkinDisNet,n/a,augmented,Seborrheic_Dermatitis,SD_40_04.jpg,C:\Users\manis\Desktop\Final_Year_Project\PapuloNet\datasets\skindisnet\SkinDisNet\Augmented\SD\SD_40_04.jpg,Seborrheic_Dermatitis,False,UNIQUE,FAIL: blur variance 9.0 below threshold 100.0,,,
PSD_00002114,SkinDisNet,SkinDisNet,n/a,augmented,Seborrheic_Dermatitis,SD_40_05.jpg,C:\Users\manis\Desktop\Final_Year_Project\PapuloNet\datasets\skindisnet\SkinDisNet\Augmented\SD\SD_40_05.jpg,Seborrheic_Dermatitis,False,DUPLICATE_OF:PSD_00001797,PENDING,,,
PSD_00002115,SkinDisNet,SkinDisNet,n/a,augmented,Seborrheic_Dermatitis,SD_40_06.jpg,C:\Users\manis\Desktop\Final_Year_Project\PapuloNet\datasets\skindisnet\SkinDisNet\Augmented\SD\SD_40_06.jpg,Seborrheic_Dermatitis,False,DUPLICATE_OF:PSD_00001797,PENDING,,,
PSD_00002116,SkinDisNet,SkinDisNet,n/a,augmented,Seborrheic_Dermatitis,SD_40_07.jpg,C:\Users\manis\Desktop\Final_Year_Project\PapuloNet\datasets\skindisnet\SkinDisNet\Augmented\SD\SD_40_07.jpg,Seborrheic_Dermatitis,False,DUPLICATE_OF:PSD_00002039,PENDING,,,
PSD_00002117,SkinDisNet,SkinDisNet,n/a,augmented,Seborrheic_Dermatitis,SD_41_01.jpg,C:\Users\manis\Desktop\Final_Year_Project\PapuloNet\datasets\skindisnet\SkinDisNet\Augmented\SD\SD_41_01.jpg,Seborrheic_Dermatitis,False,DUPLICATE_OF:PSD_00001798,PENDING,,,
PSD_00002118,SkinDisNet,SkinDisNet,n/a,augmented,Seborrheic_Dermatitis,SD_41_02.jpg,C:\Users\manis\Desktop\Final_Year_Project\PapuloNet\datasets\skindisnet\SkinDisNet\Augmented\SD\SD_41_02.jpg,Seborrheic_Dermatitis,False,UNIQUE,PASS,PSD_00002118.jpg,224,224
PSD_00002119,SkinDisNet,SkinDisNet,n/a,augmented,Seborrheic_Dermatitis,SD_41_03.jpg,C:\Users\manis\Desktop\Final_Year_Project\PapuloNet\datasets\skindisnet\SkinDisNet\Augmented\SD\SD_41_03.jpg,Seborrheic_Dermatitis,False,DUPLICATE_OF:PSD_00001798,PENDING,,,
PSD_00002120,SkinDisNet,SkinDisNet,n/a,augmented,Seborrheic_Dermatitis,SD_41_04.jpg,C:\Users\manis\Desktop\Final_Year_Project\PapuloNet\datasets\skindisnet\SkinDisNet\Augmented\SD\SD_41_04.jpg,Seborrheic_Dermatitis,False,UNIQUE,PASS,PSD_00002120.jpg,224,224
PSD_00002121,SkinDisNet,SkinDisNet,n/a,augmented,Seborrheic_Dermatitis,SD_41_05.jpg,C:\Users\manis\Desktop\Final_Year_Project\PapuloNet\datasets\skindisnet\SkinDisNet\Augmented\SD\SD_41_05.jpg,Seborrheic_Dermatitis,False,DUPLICATE_OF:PSD_00001798,PENDING,,,
PSD_00002122,SkinDisNet,SkinDisNet,n/a,augmented,Seborrheic_Dermatitis,SD_41_06.jpg,C:\Users\manis\Desktop\Final_Year_Project\PapuloNet\datasets\skindisnet\SkinDisNet\Augmented\SD\SD_41_06.jpg,Seborrheic_Dermatitis,False,DUPLICATE_OF:PSD_00001798,PENDING,,,
PSD_00002123,SkinDisNet,SkinDisNet,n/a,augmented,Seborrheic_Dermatitis,SD_41_07.jpg,C:\Users\manis\Desktop\Final_Year_Project\PapuloNet\datasets\skindisnet\SkinDisNet\Augmented\SD\SD_41_07.jpg,Seborrheic_Dermatitis,False,UNIQUE,PASS,PSD_00002123.jpg,224,224
PSD_00002124,SkinDisNet,SkinDisNet,n/a,augmented,Seborrheic_Dermatitis,SD_42_01.jpg,C:\Users\manis\Desktop\Final_Year_Project\PapuloNet\datasets\skindisnet\SkinDisNet\Augmented\SD\SD_42_01.jpg,Seborrheic_Dermatitis,False,UNIQUE,PASS,PSD_00002124.jpg,224,224
PSD_00002125,SkinDisNet,SkinDisNet,n/a,augmented,Seborrheic_Dermatitis,SD_42_02.jpg,C:\Users\manis\Desktop\Final_Year_Project\PapuloNet\datasets\skindisnet\SkinDisNet\Augmented\SD\SD_42_02.jpg,Seborrheic_Dermatitis,False,UNIQUE,PASS,PSD_00002125.jpg,224,224
PSD_00002126,SkinDisNet,SkinDisNet,n/a,augmented,Seborrheic_Dermatitis,SD_42_03.jpg,C:\Users\manis\Desktop\Final_Year_Project\PapuloNet\datasets\skindisnet\SkinDisNet\Augmented\SD\SD_42_03.jpg,Seborrheic_Dermatitis,False,UNIQUE,PASS,PSD_00002126.jpg,224,224
PSD_00002127,SkinDisNet,SkinDisNet,n/a,augmented,Seborrheic_Dermatitis,SD_42_04.jpg,C:\Users\manis\Desktop\Final_Year_Project\PapuloNet\datasets\skindisnet\SkinDisNet\Augmented\SD\SD_42_04.jpg,Seborrheic_Dermatitis,False,UNIQUE,PASS,PSD_00002127.jpg,224,224
PSD_00002128,SkinDisNet,SkinDisNet,n/a,augmented,Seborrheic_Dermatitis,SD_42_05.jpg,C:\Users\manis\Desktop\Final_Year_Project\PapuloNet\datasets\skindisnet\SkinDisNet\Augmented\SD\SD_42_05.jpg,Seborrheic_Dermatitis,False,DUPLICATE_OF:PSD_00001799,PENDING,,,
PSD_00002129,SkinDisNet,SkinDisNet,n/a,augmented,Seborrheic_Dermatitis,SD_42_06.jpg,C:\Users\manis\Desktop\Final_Year_Project\PapuloNet\datasets\skindisnet\SkinDisNet\Augmented\SD\SD_42_06.jpg,Seborrheic_Dermatitis,False,DUPLICATE_OF:PSD_00001799,PENDING,,,
PSD_00002130,SkinDisNet,SkinDisNet,n/a,augmented,Seborrheic_Dermatitis,SD_42_07.jpg,C:\Users\manis\Desktop\Final_Year_Project\PapuloNet\datasets\skindisnet\SkinDisNet\Augmented\SD\SD_42_07.jpg,Seborrheic_Dermatitis,False,UNIQUE,PASS,PSD_00002130.jpg,224,224
PSD_00002131,SkinDisNet,SkinDisNet,n/a,augmented,Seborrheic_Dermatitis,SD_43_01.jpg,C:\Users\manis\Desktop\Final_Year_Project\PapuloNet\datasets\skindisnet\SkinDisNet\Augmented\SD\SD_43_01.jpg,Seborrheic_Dermatitis,False,UNIQUE,PASS,PSD_00002131.jpg,224,224
PSD_00002132,SkinDisNet,SkinDisNet,n/a,augmented,Seborrheic_Dermatitis,SD_43_02.jpg,C:\Users\manis\Desktop\Final_Year_Project\PapuloNet\datasets\skindisnet\SkinDisNet\Augmented\SD\SD_43_02.jpg,Seborrheic_Dermatitis,False,DUPLICATE_OF:PSD_00001800,PENDING,,,
PSD_00002133,SkinDisNet,SkinDisNet,n/a,augmented,Seborrheic_Dermatitis,SD_43_03.jpg,C:\Users\manis\Desktop\Final_Year_Project\PapuloNet\datasets\skindisnet\SkinDisNet\Augmented\SD\SD_43_03.jpg,Seborrheic_Dermatitis,False,UNIQUE,PASS,PSD_00002133.jpg,224,224
PSD_00002134,SkinDisNet,SkinDisNet,n/a,augmented,Seborrheic_Dermatitis,SD_43_04.jpg,C:\Users\manis\Desktop\Final_Year_Project\PapuloNet\datasets\skindisnet\SkinDisNet\Augmented\SD\SD_43_04.jpg,Seborrheic_Dermatitis,False,UNIQUE,FAIL: blur variance 93.1 below threshold 100.0,,,
PSD_00002135,SkinDisNet,SkinDisNet,n/a,augmented,Seborrheic_Dermatitis,SD_43_05.jpg,C:\Users\manis\Desktop\Final_Year_Project\PapuloNet\datasets\skindisnet\SkinDisNet\Augmented\SD\SD_43_05.jpg,Seborrheic_Dermatitis,False,DUPLICATE_OF:PSD_00001800,PENDING,,,
PSD_00002136,SkinDisNet,SkinDisNet,n/a,augmented,Seborrheic_Dermatitis,SD_43_06.jpg,C:\Users\manis\Desktop\Final_Year_Project\PapuloNet\datasets\skindisnet\SkinDisNet\Augmented\SD\SD_43_06.jpg,Seborrheic_Dermatitis,False,DUPLICATE_OF:PSD_00001800,PENDING,,,
PSD_00002137,SkinDisNet,SkinDisNet,n/a,augmented,Seborrheic_Dermatitis,SD_43_07.jpg,C:\Users\manis\Desktop\Final_Year_Project\PapuloNet\datasets\skindisnet\SkinDisNet\Augmented\SD\SD_43_07.jpg,Seborrheic_Dermatitis,False,UNIQUE,PASS,PSD_00002137.jpg,224,224
PSD_00002138,SkinDisNet,SkinDisNet,n/a,augmented,Seborrheic_Dermatitis,SD_44_01.jpg,C:\Users\manis\Desktop\Final_Year_Project\PapuloNet\datasets\skindisnet\SkinDisNet\Augmented\SD\SD_44_01.jpg,Seborrheic_Dermatitis,False,UNIQUE,FAIL: blur variance 77.1 below threshold 100.0,,,
PSD_00002139,SkinDisNet,SkinDisNet,n/a,augmented,Seborrheic_Dermatitis,SD_44_02.jpg,C:\Users\manis\Desktop\Final_Year_Project\PapuloNet\datasets\skindisnet\SkinDisNet\Augmented\SD\SD_44_02.jpg,Seborrheic_Dermatitis,False,UNIQUE,PASS,PSD_00002139.jpg,224,224
PSD_00002140,SkinDisNet,SkinDisNet,n/a,augmented,Seborrheic_Dermatitis,SD_44_03.jpg,C:\Users\manis\Desktop\Final_Year_Project\PapuloNet\datasets\skindisnet\SkinDisNet\Augmented\SD\SD_44_03.jpg,Seborrheic_Dermatitis,False,UNIQUE,FAIL: blur variance 57.3 below threshold 100.0,,,
PSD_00002141,SkinDisNet,SkinDisNet,n/a,augmented,Seborrheic_Dermatitis,SD_44_04.jpg,C:\Users\manis\Desktop\Final_Year_Project\PapuloNet\datasets\skindisnet\SkinDisNet\Augmented\SD\SD_44_04.jpg,Seborrheic_Dermatitis,False,UNIQUE,FAIL: blur variance 43.3 below threshold 100.0,,,
PSD_00002142,SkinDisNet,SkinDisNet,n/a,augmented,Seborrheic_Dermatitis,SD_44_05.jpg,C:\Users\manis\Desktop\Final_Year_Project\PapuloNet\datasets\skindisnet\SkinDisNet\Augmented\SD\SD_44_05.jpg,Seborrheic_Dermatitis,False,DUPLICATE_OF:PSD_00001801,PENDING,,,
PSD_00002143,SkinDisNet,SkinDisNet,n/a,augmented,Seborrheic_Dermatitis,SD_44_06.jpg,C:\Users\manis\Desktop\Final_Year_Project\PapuloNet\datasets\skindisnet\SkinDisNet\Augmented\SD\SD_44_06.jpg,Seborrheic_Dermatitis,False,DUPLICATE_OF:PSD_00001801,PENDING,,,
PSD_00002144,SkinDisNet,SkinDisNet,n/a,augmented,Seborrheic_Dermatitis,SD_44_07.jpg,C:\Users\manis\Desktop\Final_Year_Project\PapuloNet\datasets\skindisnet\SkinDisNet\Augmented\SD\SD_44_07.jpg,Seborrheic_Dermatitis,False,DUPLICATE_OF:PSD_00002039,PENDING,,,
PSD_00002145,SkinDisNet,SkinDisNet,n/a,augmented,Seborrheic_Dermatitis,SD_45_01.jpg,C:\Users\manis\Desktop\Final_Year_Project\PapuloNet\datasets\skindisnet\SkinDisNet\Augmented\SD\SD_45_01.jpg,Seborrheic_Dermatitis,False,UNIQUE,FAIL: blur variance 9.1 below threshold 100.0,,,
PSD_00002146,SkinDisNet,SkinDisNet,n/a,augmented,Seborrheic_Dermatitis,SD_45_02.jpg,C:\Users\manis\Desktop\Final_Year_Project\PapuloNet\datasets\skindisnet\SkinDisNet\Augmented\SD\SD_45_02.jpg,Seborrheic_Dermatitis,False,UNIQUE,FAIL: blur variance 10.6 below threshold 100.0,,,
PSD_00002147,SkinDisNet,SkinDisNet,n/a,augmented,Seborrheic_Dermatitis,SD_45_03.jpg,C:\Users\manis\Desktop\Final_Year_Project\PapuloNet\datasets\skindisnet\SkinDisNet\Augmented\SD\SD_45_03.jpg,Seborrheic_Dermatitis,False,UNIQUE,FAIL: blur variance 8.0 below threshold 100.0,,,
PSD_00002148,SkinDisNet,SkinDisNet,n/a,augmented,Seborrheic_Dermatitis,SD_45_04.jpg,C:\Users\manis\Desktop\Final_Year_Project\PapuloNet\datasets\skindisnet\SkinDisNet\Augmented\SD\SD_45_04.jpg,Seborrheic_Dermatitis,False,UNIQUE,FAIL: blur variance 7.9 below threshold 100.0,,,
PSD_00002149,SkinDisNet,SkinDisNet,n/a,augmented,Seborrheic_Dermatitis,SD_45_05.jpg,C:\Users\manis\Desktop\Final_Year_Project\PapuloNet\datasets\skindisnet\SkinDisNet\Augmented\SD\SD_45_05.jpg,Seborrheic_Dermatitis,False,DUPLICATE_OF:PSD_00001802,PENDING,,,
PSD_00002150,SkinDisNet,SkinDisNet,n/a,augmented,Seborrheic_Dermatitis,SD_45_06.jpg,C:\Users\manis\Desktop\Final_Year_Project\PapuloNet\datasets\skindisnet\SkinDisNet\Augmented\SD\SD_45_06.jpg,Seborrheic_Dermatitis,False,DUPLICATE_OF:PSD_00001802,PENDING,,,
PSD_00002151,SkinDisNet,SkinDisNet,n/a,augmented,Seborrheic_Dermatitis,SD_45_07.jpg,C:\Users\manis\Desktop\Final_Year_Project\PapuloNet\datasets\skindisnet\SkinDisNet\Augmented\SD\SD_45_07.jpg,Seborrheic_Dermatitis,False,UNIQUE,PASS,PSD_00002151.jpg,224,224
PSD_00002152,SkinDisNet,SkinDisNet,n/a,augmented,Seborrheic_Dermatitis,SD_46_01.jpg,C:\Users\manis\Desktop\Final_Year_Project\PapuloNet\datasets\skindisnet\SkinDisNet\Augmented\SD\SD_46_01.jpg,Seborrheic_Dermatitis,False,UNIQUE,FAIL: blur variance 40.4 below threshold 100.0,,,
PSD_00002153,SkinDisNet,SkinDisNet,n/a,augmented,Seborrheic_Dermatitis,SD_46_02.jpg,C:\Users\manis\Desktop\Final_Year_Project\PapuloNet\datasets\skindisnet\SkinDisNet\Augmented\SD\SD_46_02.jpg,Seborrheic_Dermatitis,False,UNIQUE,FAIL: blur variance 55.4 below threshold 100.0,,,
PSD_00002154,SkinDisNet,SkinDisNet,n/a,augmented,Seborrheic_Dermatitis,SD_46_03.jpg,C:\Users\manis\Desktop\Final_Year_Project\PapuloNet\datasets\skindisnet\SkinDisNet\Augmented\SD\SD_46_03.jpg,Seborrheic_Dermatitis,False,UNIQUE,FAIL: blur variance 23.8 below threshold 100.0,,,
PSD_00002155,SkinDisNet,SkinDisNet,n/a,augmented,Seborrheic_Dermatitis,SD_46_04.jpg,C:\Users\manis\Desktop\Final_Year_Project\PapuloNet\datasets\skindisnet\SkinDisNet\Augmented\SD\SD_46_04.jpg,Seborrheic_Dermatitis,False,UNIQUE,FAIL: blur variance 20.2 below threshold 100.0,,,
PSD_00002156,SkinDisNet,SkinDisNet,n/a,augmented,Seborrheic_Dermatitis,SD_46_05.jpg,C:\Users\manis\Desktop\Final_Year_Project\PapuloNet\datasets\skindisnet\SkinDisNet\Augmented\SD\SD_46_05.jpg,Seborrheic_Dermatitis,False,DUPLICATE_OF:PSD_00001803,PENDING,,,
PSD_00002157,SkinDisNet,SkinDisNet,n/a,augmented,Seborrheic_Dermatitis,SD_46_06.jpg,C:\Users\manis\Desktop\Final_Year_Project\PapuloNet\datasets\skindisnet\SkinDisNet\Augmented\SD\SD_46_06.jpg,Seborrheic_Dermatitis,False,DUPLICATE_OF:PSD_00001803,PENDING,,,
PSD_00002158,SkinDisNet,SkinDisNet,n/a,augmented,Seborrheic_Dermatitis,SD_46_07.jpg,C:\Users\manis\Desktop\Final_Year_Project\PapuloNet\datasets\skindisnet\SkinDisNet\Augmented\SD\SD_46_07.jpg,Seborrheic_Dermatitis,False,UNIQUE,PASS,PSD_00002158.jpg,224,224
PSD_00002159,SkinDisNet,SkinDisNet,n/a,augmented,Seborrheic_Dermatitis,SD_47_01.jpg,C:\Users\manis\Desktop\Final_Year_Project\PapuloNet\datasets\skindisnet\SkinDisNet\Augmented\SD\SD_47_01.jpg,Seborrheic_Dermatitis,False,UNIQUE,PASS,PSD_00002159.jpg,224,224
PSD_00002160,SkinDisNet,SkinDisNet,n/a,augmented,Seborrheic_Dermatitis,SD_47_02.jpg,C:\Users\manis\Desktop\Final_Year_Project\PapuloNet\datasets\skindisnet\SkinDisNet\Augmented\SD\SD_47_02.jpg,Seborrheic_Dermatitis,False,UNIQUE,PASS,PSD_00002160.jpg,224,224
PSD_00002161,SkinDisNet,SkinDisNet,n/a,augmented,Seborrheic_Dermatitis,SD_47_03.jpg,C:\Users\manis\Desktop\Final_Year_Project\PapuloNet\datasets\skindisnet\SkinDisNet\Augmented\SD\SD_47_03.jpg,Seborrheic_Dermatitis,False,UNIQUE,PASS,PSD_00002161.jpg,224,224
PSD_00002162,SkinDisNet,SkinDisNet,n/a,augmented,Seborrheic_Dermatitis,SD_47_04.jpg,C:\Users\manis\Desktop\Final_Year_Project\PapuloNet\datasets\skindisnet\SkinDisNet\Augmented\SD\SD_47_04.jpg,Seborrheic_Dermatitis,False,UNIQUE,PASS,PSD_00002162.jpg,224,224
PSD_00002163,SkinDisNet,SkinDisNet,n/a,augmented,Seborrheic_Dermatitis,SD_47_05.jpg,C:\Users\manis\Desktop\Final_Year_Project\PapuloNet\datasets\skindisnet\SkinDisNet\Augmented\SD\SD_47_05.jpg,Seborrheic_Dermatitis,False,DUPLICATE_OF:PSD_00001804,PENDING,,,
PSD_00002164,SkinDisNet,SkinDisNet,n/a,augmented,Seborrheic_Dermatitis,SD_47_06.jpg,C:\Users\manis\Desktop\Final_Year_Project\PapuloNet\datasets\skindisnet\SkinDisNet\Augmented\SD\SD_47_06.jpg,Seborrheic_Dermatitis,False,DUPLICATE_OF:PSD_00001804,PENDING,,,
PSD_00002165,SkinDisNet,SkinDisNet,n/a,augmented,Seborrheic_Dermatitis,SD_47_07.jpg,C:\Users\manis\Desktop\Final_Year_Project\PapuloNet\datasets\skindisnet\SkinDisNet\Augmented\SD\SD_47_07.jpg,Seborrheic_Dermatitis,False,UNIQUE,PASS,PSD_00002165.jpg,224,224
PSD_00002166,SkinDisNet,SkinDisNet,n/a,augmented,Seborrheic_Dermatitis,SD_48_01.jpg,C:\Users\manis\Desktop\Final_Year_Project\PapuloNet\datasets\skindisnet\SkinDisNet\Augmented\SD\SD_48_01.jpg,Seborrheic_Dermatitis,False,UNIQUE,PASS,PSD_00002166.jpg,224,224
PSD_00002167,SkinDisNet,SkinDisNet,n/a,augmented,Seborrheic_Dermatitis,SD_48_02.jpg,C:\Users\manis\Desktop\Final_Year_Project\PapuloNet\datasets\skindisnet\SkinDisNet\Augmented\SD\SD_48_02.jpg,Seborrheic_Dermatitis,False,UNIQUE,PASS,PSD_00002167.jpg,224,224
PSD_00002168,SkinDisNet,SkinDisNet,n/a,augmented,Seborrheic_Dermatitis,SD_48_03.jpg,C:\Users\manis\Desktop\Final_Year_Project\PapuloNet\datasets\skindisnet\SkinDisNet\Augmented\SD\SD_48_03.jpg,Seborrheic_Dermatitis,False,UNIQUE,PASS,PSD_00002168.jpg,224,224
PSD_00002169,SkinDisNet,SkinDisNet,n/a,augmented,Seborrheic_Dermatitis,SD_48_04.jpg,C:\Users\manis\Desktop\Final_Year_Project\PapuloNet\datasets\skindisnet\SkinDisNet\Augmented\SD\SD_48_04.jpg,Seborrheic_Dermatitis,False,UNIQUE,PASS,PSD_00002169.jpg,224,224
PSD_00002170,SkinDisNet,SkinDisNet,n/a,augmented,Seborrheic_Dermatitis,SD_48_05.jpg,C:\Users\manis\Desktop\Final_Year_Project\PapuloNet\datasets\skindisnet\SkinDisNet\Augmented\SD\SD_48_05.jpg,Seborrheic_Dermatitis,False,DUPLICATE_OF:PSD_00001805,PENDING,,,
PSD_00002171,SkinDisNet,SkinDisNet,n/a,augmented,Seborrheic_Dermatitis,SD_48_06.jpg,C:\Users\manis\Desktop\Final_Year_Project\PapuloNet\datasets\skindisnet\SkinDisNet\Augmented\SD\SD_48_06.jpg,Seborrheic_Dermatitis,False,DUPLICATE_OF:PSD_00001805,PENDING,,,
PSD_00002172,SkinDisNet,SkinDisNet,n/a,augmented,Seborrheic_Dermatitis,SD_48_07.jpg,C:\Users\manis\Desktop\Final_Year_Project\PapuloNet\datasets\skindisnet\SkinDisNet\Augmented\SD\SD_48_07.jpg,Seborrheic_Dermatitis,False,UNIQUE,PASS,PSD_00002172.jpg,224,224
PSD_00002173,SkinDisNet,SkinDisNet,n/a,augmented,Seborrheic_Dermatitis,SD_49_01.jpg,C:\Users\manis\Desktop\Final_Year_Project\PapuloNet\datasets\skindisnet\SkinDisNet\Augmented\SD\SD_49_01.jpg,Seborrheic_Dermatitis,False,UNIQUE,FAIL: blur variance 16.6 below threshold 100.0,,,
PSD_00002174,SkinDisNet,SkinDisNet,n/a,augmented,Seborrheic_Dermatitis,SD_49_02.jpg,C:\Users\manis\Desktop\Final_Year_Project\PapuloNet\datasets\skindisnet\SkinDisNet\Augmented\SD\SD_49_02.jpg,Seborrheic_Dermatitis,False,UNIQUE,FAIL: blur variance 22.4 below threshold 100.0,,,
PSD_00002175,SkinDisNet,SkinDisNet,n/a,augmented,Seborrheic_Dermatitis,SD_49_03.jpg,C:\Users\manis\Desktop\Final_Year_Project\PapuloNet\datasets\skindisnet\SkinDisNet\Augmented\SD\SD_49_03.jpg,Seborrheic_Dermatitis,False,UNIQUE,FAIL: blur variance 12.0 below threshold 100.0,,,
PSD_00002176,SkinDisNet,SkinDisNet,n/a,augmented,Seborrheic_Dermatitis,SD_49_04.jpg,C:\Users\manis\Desktop\Final_Year_Project\PapuloNet\datasets\skindisnet\SkinDisNet\Augmented\SD\SD_49_04.jpg,Seborrheic_Dermatitis,False,UNIQUE,FAIL: blur variance 9.7 below threshold 100.0,,,
PSD_00002177,SkinDisNet,SkinDisNet,n/a,augmented,Seborrheic_Dermatitis,SD_49_05.jpg,C:\Users\manis\Desktop\Final_Year_Project\PapuloNet\datasets\skindisnet\SkinDisNet\Augmented\SD\SD_49_05.jpg,Seborrheic_Dermatitis,False,DUPLICATE_OF:PSD_00001806,PENDING,,,
PSD_00002178,SkinDisNet,SkinDisNet,n/a,augmented,Seborrheic_Dermatitis,SD_49_06.jpg,C:\Users\manis\Desktop\Final_Year_Project\PapuloNet\datasets\skindisnet\SkinDisNet\Augmented\SD\SD_49_06.jpg,Seborrheic_Dermatitis,False,DUPLICATE_OF:PSD_00001806,PENDING,,,
PSD_00002179,SkinDisNet,SkinDisNet,n/a,augmented,Seborrheic_Dermatitis,SD_49_07.jpg,C:\Users\manis\Desktop\Final_Year_Project\PapuloNet\datasets\skindisnet\SkinDisNet\Augmented\SD\SD_49_07.jpg,Seborrheic_Dermatitis,False,UNIQUE,PASS,PSD_00002179.jpg,224,224
PSD_00002180,SkinDisNet,SkinDisNet,n/a,augmented,Seborrheic_Dermatitis,SD_50_01.jpg,C:\Users\manis\Desktop\Final_Year_Project\PapuloNet\datasets\skindisnet\SkinDisNet\Augmented\SD\SD_50_01.jpg,Seborrheic_Dermatitis,False,UNIQUE,FAIL: blur variance 33.5 below threshold 100.0,,,
PSD_00002181,SkinDisNet,SkinDisNet,n/a,augmented,Seborrheic_Dermatitis,SD_50_02.jpg,C:\Users\manis\Desktop\Final_Year_Project\PapuloNet\datasets\skindisnet\SkinDisNet\Augmented\SD\SD_50_02.jpg,Seborrheic_Dermatitis,False,UNIQUE,FAIL: blur variance 51.3 below threshold 100.0,,,
PSD_00002182,SkinDisNet,SkinDisNet,n/a,augmented,Seborrheic_Dermatitis,SD_50_03.jpg,C:\Users\manis\Desktop\Final_Year_Project\PapuloNet\datasets\skindisnet\SkinDisNet\Augmented\SD\SD_50_03.jpg,Seborrheic_Dermatitis,False,UNIQUE,FAIL: blur variance 27.0 below threshold 100.0,,,
PSD_00002183,SkinDisNet,SkinDisNet,n/a,augmented,Seborrheic_Dermatitis,SD_50_04.jpg,C:\Users\manis\Desktop\Final_Year_Project\PapuloNet\datasets\skindisnet\SkinDisNet\Augmented\SD\SD_50_04.jpg,Seborrheic_Dermatitis,False,UNIQUE,FAIL: blur variance 17.8 below threshold 100.0,,,
PSD_00002184,SkinDisNet,SkinDisNet,n/a,augmented,Seborrheic_Dermatitis,SD_50_05.jpg,C:\Users\manis\Desktop\Final_Year_Project\PapuloNet\datasets\skindisnet\SkinDisNet\Augmented\SD\SD_50_05.jpg,Seborrheic_Dermatitis,False,DUPLICATE_OF:PSD_00001807,PENDING,,,
PSD_00002185,SkinDisNet,SkinDisNet,n/a,augmented,Seborrheic_Dermatitis,SD_50_06.jpg,C:\Users\manis\Desktop\Final_Year_Project\PapuloNet\datasets\skindisnet\SkinDisNet\Augmented\SD\SD_50_06.jpg,Seborrheic_Dermatitis,False,UNIQUE,FAIL: blur variance 76.9 below threshold 100.0,,,
PSD_00002186,SkinDisNet,SkinDisNet,n/a,augmented,Seborrheic_Dermatitis,SD_50_07.jpg,C:\Users\manis\Desktop\Final_Year_Project\PapuloNet\datasets\skindisnet\SkinDisNet\Augmented\SD\SD_50_07.jpg,Seborrheic_Dermatitis,False,UNIQUE,PASS,PSD_00002186.jpg,224,224
PSD_00002187,SkinDisNet,SkinDisNet,n/a,augmented,Seborrheic_Dermatitis,SD_51_01.jpg,C:\Users\manis\Desktop\Final_Year_Project\PapuloNet\datasets\skindisnet\SkinDisNet\Augmented\SD\SD_51_01.jpg,Seborrheic_Dermatitis,False,DUPLICATE_OF:PSD_00001808,PENDING,,,
PSD_00002188,SkinDisNet,SkinDisNet,n/a,augmented,Seborrheic_Dermatitis,SD_51_02.jpg,C:\Users\manis\Desktop\Final_Year_Project\PapuloNet\datasets\skindisnet\SkinDisNet\Augmented\SD\SD_51_02.jpg,Seborrheic_Dermatitis,False,DUPLICATE_OF:PSD_00001808,PENDING,,,
PSD_00002189,SkinDisNet,SkinDisNet,n/a,augmented,Seborrheic_Dermatitis,SD_51_03.jpg,C:\Users\manis\Desktop\Final_Year_Project\PapuloNet\datasets\skindisnet\SkinDisNet\Augmented\SD\SD_51_03.jpg,Seborrheic_Dermatitis,False,UNIQUE,PASS,PSD_00002189.jpg,224,224
PSD_00002190,SkinDisNet,SkinDisNet,n/a,augmented,Seborrheic_Dermatitis,SD_51_04.jpg,C:\Users\manis\Desktop\Final_Year_Project\PapuloNet\datasets\skindisnet\SkinDisNet\Augmented\SD\SD_51_04.jpg,Seborrheic_Dermatitis,False,UNIQUE,PASS,PSD_00002190.jpg,224,224
PSD_00002191,SkinDisNet,SkinDisNet,n/a,augmented,Seborrheic_Dermatitis,SD_51_05.jpg,C:\Users\manis\Desktop\Final_Year_Project\PapuloNet\datasets\skindisnet\SkinDisNet\Augmented\SD\SD_51_05.jpg,Seborrheic_Dermatitis,False,DUPLICATE_OF:PSD_00001808,PENDING,,,
PSD_00002192,SkinDisNet,SkinDisNet,n/a,augmented,Seborrheic_Dermatitis,SD_51_06.jpg,C:\Users\manis\Desktop\Final_Year_Project\PapuloNet\datasets\skindisnet\SkinDisNet\Augmented\SD\SD_51_06.jpg,Seborrheic_Dermatitis,False,DUPLICATE_OF:PSD_00001808,PENDING,,,
PSD_00002193,SkinDisNet,SkinDisNet,n/a,augmented,Seborrheic_Dermatitis,SD_51_07.jpg,C:\Users\manis\Desktop\Final_Year_Project\PapuloNet\datasets\skindisnet\SkinDisNet\Augmented\SD\SD_51_07.jpg,Seborrheic_Dermatitis,False,UNIQUE,PASS,PSD_00002193.jpg,224,224
PSD_00002194,SkinDisNet,SkinDisNet,n/a,augmented,Seborrheic_Dermatitis,SD_52_01.jpg,C:\Users\manis\Desktop\Final_Year_Project\PapuloNet\datasets\skindisnet\SkinDisNet\Augmented\SD\SD_52_01.jpg,Seborrheic_Dermatitis,False,UNIQUE,PASS,PSD_00002194.jpg,224,224
PSD_00002195,SkinDisNet,SkinDisNet,n/a,augmented,Seborrheic_Dermatitis,SD_52_02.jpg,C:\Users\manis\Desktop\Final_Year_Project\PapuloNet\datasets\skindisnet\SkinDisNet\Augmented\SD\SD_52_02.jpg,Seborrheic_Dermatitis,False,DUPLICATE_OF:PSD_00001809,PENDING,,,
PSD_00002196,SkinDisNet,SkinDisNet,n/a,augmented,Seborrheic_Dermatitis,SD_52_03.jpg,C:\Users\manis\Desktop\Final_Year_Project\PapuloNet\datasets\skindisnet\SkinDisNet\Augmented\SD\SD_52_03.jpg,Seborrheic_Dermatitis,False,UNIQUE,PASS,PSD_00002196.jpg,224,224
PSD_00002197,SkinDisNet,SkinDisNet,n/a,augmented,Seborrheic_Dermatitis,SD_52_04.jpg,C:\Users\manis\Desktop\Final_Year_Project\PapuloNet\datasets\skindisnet\SkinDisNet\Augmented\SD\SD_52_04.jpg,Seborrheic_Dermatitis,False,UNIQUE,PASS,PSD_00002197.jpg,224,224
PSD_00002198,SkinDisNet,SkinDisNet,n/a,augmented,Seborrheic_Dermatitis,SD_52_05.jpg,C:\Users\manis\Desktop\Final_Year_Project\PapuloNet\datasets\skindisnet\SkinDisNet\Augmented\SD\SD_52_05.jpg,Seborrheic_Dermatitis,False,DUPLICATE_OF:PSD_00001809,PENDING,,,
PSD_00002199,SkinDisNet,SkinDisNet,n/a,augmented,Seborrheic_Dermatitis,SD_52_06.jpg,C:\Users\manis\Desktop\Final_Year_Project\PapuloNet\datasets\skindisnet\SkinDisNet\Augmented\SD\SD_52_06.jpg,Seborrheic_Dermatitis,False,DUPLICATE_OF:PSD_00001809,PENDING,,,
PSD_00002200,SkinDisNet,SkinDisNet,n/a,augmented,Seborrheic_Dermatitis,SD_52_07.jpg,C:\Users\manis\Desktop\Final_Year_Project\PapuloNet\datasets\skindisnet\SkinDisNet\Augmented\SD\SD_52_07.jpg,Seborrheic_Dermatitis,False,DUPLICATE_OF:PSD_00001878,PENDING,,,
PSD_00002201,SkinDisNet,SkinDisNet,n/a,augmented,Seborrheic_Dermatitis,SD_53_01.jpg,C:\Users\manis\Desktop\Final_Year_Project\PapuloNet\datasets\skindisnet\SkinDisNet\Augmented\SD\SD_53_01.jpg,Seborrheic_Dermatitis,False,UNIQUE,FAIL: blur variance 17.7 below threshold 100.0,,,
PSD_00002202,SkinDisNet,SkinDisNet,n/a,augmented,Seborrheic_Dermatitis,SD_53_02.jpg,C:\Users\manis\Desktop\Final_Year_Project\PapuloNet\datasets\skindisnet\SkinDisNet\Augmented\SD\SD_53_02.jpg,Seborrheic_Dermatitis,False,UNIQUE,FAIL: blur variance 24.6 below threshold 100.0,,,
PSD_00002203,SkinDisNet,SkinDisNet,n/a,augmented,Seborrheic_Dermatitis,SD_53_03.jpg,C:\Users\manis\Desktop\Final_Year_Project\PapuloNet\datasets\skindisnet\SkinDisNet\Augmented\SD\SD_53_03.jpg,Seborrheic_Dermatitis,False,UNIQUE,FAIL: blur variance 19.5 below threshold 100.0,,,
PSD_00002204,SkinDisNet,SkinDisNet,n/a,augmented,Seborrheic_Dermatitis,SD_53_04.jpg,C:\Users\manis\Desktop\Final_Year_Project\PapuloNet\datasets\skindisnet\SkinDisNet\Augmented\SD\SD_53_04.jpg,Seborrheic_Dermatitis,False,UNIQUE,FAIL: blur variance 12.8 below threshold 100.0,,,
PSD_00002205,SkinDisNet,SkinDisNet,n/a,augmented,Seborrheic_Dermatitis,SD_53_05.jpg,C:\Users\manis\Desktop\Final_Year_Project\PapuloNet\datasets\skindisnet\SkinDisNet\Augmented\SD\SD_53_05.jpg,Seborrheic_Dermatitis,False,DUPLICATE_OF:PSD_00001810,PENDING,,,
PSD_00002206,SkinDisNet,SkinDisNet,n/a,augmented,Seborrheic_Dermatitis,SD_53_06.jpg,C:\Users\manis\Desktop\Final_Year_Project\PapuloNet\datasets\skindisnet\SkinDisNet\Augmented\SD\SD_53_06.jpg,Seborrheic_Dermatitis,False,DUPLICATE_OF:PSD_00001810,PENDING,,,
PSD_00002207,SkinDisNet,SkinDisNet,n/a,augmented,Seborrheic_Dermatitis,SD_53_07.jpg,C:\Users\manis\Desktop\Final_Year_Project\PapuloNet\datasets\skindisnet\SkinDisNet\Augmented\SD\SD_53_07.jpg,Seborrheic_Dermatitis,False,DUPLICATE_OF:PSD_00002011,PENDING,,,
PSD_00002208,SkinDisNet,SkinDisNet,n/a,augmented,Seborrheic_Dermatitis,SD_54_01.jpg,C:\Users\manis\Desktop\Final_Year_Project\PapuloNet\datasets\skindisnet\SkinDisNet\Augmented\SD\SD_54_01.jpg,Seborrheic_Dermatitis,False,UNIQUE,FAIL: blur variance 28.1 below threshold 100.0,,,
PSD_00002209,SkinDisNet,SkinDisNet,n/a,augmented,Seborrheic_Dermatitis,SD_54_02.jpg,C:\Users\manis\Desktop\Final_Year_Project\PapuloNet\datasets\skindisnet\SkinDisNet\Augmented\SD\SD_54_02.jpg,Seborrheic_Dermatitis,False,UNIQUE,FAIL: blur variance 44.0 below threshold 100.0,,,
PSD_00002210,SkinDisNet,SkinDisNet,n/a,augmented,Seborrheic_Dermatitis,SD_54_03.jpg,C:\Users\manis\Desktop\Final_Year_Project\PapuloNet\datasets\skindisnet\SkinDisNet\Augmented\SD\SD_54_03.jpg,Seborrheic_Dermatitis,False,UNIQUE,FAIL: blur variance 30.1 below threshold 100.0,,,
PSD_00002211,SkinDisNet,SkinDisNet,n/a,augmented,Seborrheic_Dermatitis,SD_54_04.jpg,C:\Users\manis\Desktop\Final_Year_Project\PapuloNet\datasets\skindisnet\SkinDisNet\Augmented\SD\SD_54_04.jpg,Seborrheic_Dermatitis,False,UNIQUE,FAIL: blur variance 20.9 below threshold 100.0,,,
PSD_00002212,SkinDisNet,SkinDisNet,n/a,augmented,Seborrheic_Dermatitis,SD_54_05.jpg,C:\Users\manis\Desktop\Final_Year_Project\PapuloNet\datasets\skindisnet\SkinDisNet\Augmented\SD\SD_54_05.jpg,Seborrheic_Dermatitis,False,DUPLICATE_OF:PSD_00001811,PENDING,,,
PSD_00002213,SkinDisNet,SkinDisNet,n/a,augmented,Seborrheic_Dermatitis,SD_54_06.jpg,C:\Users\manis\Desktop\Final_Year_Project\PapuloNet\datasets\skindisnet\SkinDisNet\Augmented\SD\SD_54_06.jpg,Seborrheic_Dermatitis,False,DUPLICATE_OF:PSD_00001811,PENDING,,,
PSD_00002214,SkinDisNet,SkinDisNet,n/a,augmented,Seborrheic_Dermatitis,SD_54_07.jpg,C:\Users\manis\Desktop\Final_Year_Project\PapuloNet\datasets\skindisnet\SkinDisNet\Augmented\SD\SD_54_07.jpg,Seborrheic_Dermatitis,False,UNIQUE,PASS,PSD_00002214.jpg,224,224
PSD_00002215,SkinDisNet,SkinDisNet,n/a,augmented,Seborrheic_Dermatitis,SD_55_01.jpg,C:\Users\manis\Desktop\Final_Year_Project\PapuloNet\datasets\skindisnet\SkinDisNet\Augmented\SD\SD_55_01.jpg,Seborrheic_Dermatitis,False,UNIQUE,FAIL: blur variance 38.4 below threshold 100.0,,,
PSD_00002216,SkinDisNet,SkinDisNet,n/a,augmented,Seborrheic_Dermatitis,SD_55_02.jpg,C:\Users\manis\Desktop\Final_Year_Project\PapuloNet\datasets\skindisnet\SkinDisNet\Augmented\SD\SD_55_02.jpg,Seborrheic_Dermatitis,False,DUPLICATE_OF:PSD_00001812,PENDING,,,
PSD_00002217,SkinDisNet,SkinDisNet,n/a,augmented,Seborrheic_Dermatitis,SD_55_03.jpg,C:\Users\manis\Desktop\Final_Year_Project\PapuloNet\datasets\skindisnet\SkinDisNet\Augmented\SD\SD_55_03.jpg,Seborrheic_Dermatitis,False,UNIQUE,FAIL: blur variance 48.2 below threshold 100.0,,,
PSD_00002218,SkinDisNet,SkinDisNet,n/a,augmented,Seborrheic_Dermatitis,SD_55_04.jpg,C:\Users\manis\Desktop\Final_Year_Project\PapuloNet\datasets\skindisnet\SkinDisNet\Augmented\SD\SD_55_04.jpg,Seborrheic_Dermatitis,False,UNIQUE,FAIL: blur variance 51.3 below threshold 100.0,,,
PSD_00002219,SkinDisNet,SkinDisNet,n/a,augmented,Seborrheic_Dermatitis,SD_55_05.jpg,C:\Users\manis\Desktop\Final_Year_Project\PapuloNet\datasets\skindisnet\SkinDisNet\Augmented\SD\SD_55_05.jpg,Seborrheic_Dermatitis,False,DUPLICATE_OF:PSD_00001812,PENDING,,,
PSD_00002220,SkinDisNet,SkinDisNet,n/a,augmented,Seborrheic_Dermatitis,SD_55_06.jpg,C:\Users\manis\Desktop\Final_Year_Project\PapuloNet\datasets\skindisnet\SkinDisNet\Augmented\SD\SD_55_06.jpg,Seborrheic_Dermatitis,False,DUPLICATE_OF:PSD_00001812,PENDING,,,
PSD_00002221,SkinDisNet,SkinDisNet,n/a,augmented,Seborrheic_Dermatitis,SD_55_07.jpg,C:\Users\manis\Desktop\Final_Year_Project\PapuloNet\datasets\skindisnet\SkinDisNet\Augmented\SD\SD_55_07.jpg,Seborrheic_Dermatitis,False,UNIQUE,PASS,PSD_00002221.jpg,224,224
PSD_00002222,SkinDisNet,SkinDisNet,n/a,augmented,Seborrheic_Dermatitis,SD_56_01.jpg,C:\Users\manis\Desktop\Final_Year_Project\PapuloNet\datasets\skindisnet\SkinDisNet\Augmented\SD\SD_56_01.jpg,Seborrheic_Dermatitis,False,UNIQUE,PASS,PSD_00002222.jpg,224,224
PSD_00002223,SkinDisNet,SkinDisNet,n/a,augmented,Seborrheic_Dermatitis,SD_56_02.jpg,C:\Users\manis\Desktop\Final_Year_Project\PapuloNet\datasets\skindisnet\SkinDisNet\Augmented\SD\SD_56_02.jpg,Seborrheic_Dermatitis,False,DUPLICATE_OF:PSD_00001813,PENDING,,,
PSD_00002224,SkinDisNet,SkinDisNet,n/a,augmented,Seborrheic_Dermatitis,SD_56_03.jpg,C:\Users\manis\Desktop\Final_Year_Project\PapuloNet\datasets\skindisnet\SkinDisNet\Augmented\SD\SD_56_03.jpg,Seborrheic_Dermatitis,False,UNIQUE,PASS,PSD_00002224.jpg,224,224
PSD_00002225,SkinDisNet,SkinDisNet,n/a,augmented,Seborrheic_Dermatitis,SD_56_04.jpg,C:\Users\manis\Desktop\Final_Year_Project\PapuloNet\datasets\skindisnet\SkinDisNet\Augmented\SD\SD_56_04.jpg,Seborrheic_Dermatitis,False,UNIQUE,PASS,PSD_00002225.jpg,224,224
PSD_00002226,SkinDisNet,SkinDisNet,n/a,augmented,Seborrheic_Dermatitis,SD_56_05.jpg,C:\Users\manis\Desktop\Final_Year_Project\PapuloNet\datasets\skindisnet\SkinDisNet\Augmented\SD\SD_56_05.jpg,Seborrheic_Dermatitis,False,DUPLICATE_OF:PSD_00001813,PENDING,,,
PSD_00002227,SkinDisNet,SkinDisNet,n/a,augmented,Seborrheic_Dermatitis,SD_56_06.jpg,C:\Users\manis\Desktop\Final_Year_Project\PapuloNet\datasets\skindisnet\SkinDisNet\Augmented\SD\SD_56_06.jpg,Seborrheic_Dermatitis,False,DUPLICATE_OF:PSD_00001813,PENDING,,,
PSD_00002228,SkinDisNet,SkinDisNet,n/a,augmented,Seborrheic_Dermatitis,SD_56_07.jpg,C:\Users\manis\Desktop\Final_Year_Project\PapuloNet\datasets\skindisnet\SkinDisNet\Augmented\SD\SD_56_07.jpg,Seborrheic_Dermatitis,False,UNIQUE,PASS,PSD_00002228.jpg,224,224
PSD_00002229,SkinDisNet,SkinDisNet,n/a,augmented,Seborrheic_Dermatitis,SD_57_01.jpg,C:\Users\manis\Desktop\Final_Year_Project\PapuloNet\datasets\skindisnet\SkinDisNet\Augmented\SD\SD_57_01.jpg,Seborrheic_Dermatitis,False,UNIQUE,FAIL: blur variance 52.9 below threshold 100.0,,,
PSD_00002230,SkinDisNet,SkinDisNet,n/a,augmented,Seborrheic_Dermatitis,SD_57_02.jpg,C:\Users\manis\Desktop\Final_Year_Project\PapuloNet\datasets\skindisnet\SkinDisNet\Augmented\SD\SD_57_02.jpg,Seborrheic_Dermatitis,False,UNIQUE,FAIL: blur variance 84.1 below threshold 100.0,,,
PSD_00002231,SkinDisNet,SkinDisNet,n/a,augmented,Seborrheic_Dermatitis,SD_57_03.jpg,C:\Users\manis\Desktop\Final_Year_Project\PapuloNet\datasets\skindisnet\SkinDisNet\Augmented\SD\SD_57_03.jpg,Seborrheic_Dermatitis,False,UNIQUE,FAIL: blur variance 53.6 below threshold 100.0,,,
PSD_00002232,SkinDisNet,SkinDisNet,n/a,augmented,Seborrheic_Dermatitis,SD_57_04.jpg,C:\Users\manis\Desktop\Final_Year_Project\PapuloNet\datasets\skindisnet\SkinDisNet\Augmented\SD\SD_57_04.jpg,Seborrheic_Dermatitis,False,UNIQUE,FAIL: blur variance 14.4 below threshold 100.0,,,
PSD_00002233,SkinDisNet,SkinDisNet,n/a,augmented,Seborrheic_Dermatitis,SD_57_05.jpg,C:\Users\manis\Desktop\Final_Year_Project\PapuloNet\datasets\skindisnet\SkinDisNet\Augmented\SD\SD_57_05.jpg,Seborrheic_Dermatitis,False,DUPLICATE_OF:PSD_00001814,PENDING,,,
PSD_00002234,SkinDisNet,SkinDisNet,n/a,augmented,Seborrheic_Dermatitis,SD_57_06.jpg,C:\Users\manis\Desktop\Final_Year_Project\PapuloNet\datasets\skindisnet\SkinDisNet\Augmented\SD\SD_57_06.jpg,Seborrheic_Dermatitis,False,DUPLICATE_OF:PSD_00001814,PENDING,,,
PSD_00002235,SkinDisNet,SkinDisNet,n/a,augmented,Seborrheic_Dermatitis,SD_57_07.jpg,C:\Users\manis\Desktop\Final_Year_Project\PapuloNet\datasets\skindisnet\SkinDisNet\Augmented\SD\SD_57_07.jpg,Seborrheic_Dermatitis,False,DUPLICATE_OF:PSD_00001871,PENDING,,,
PSD_00002236,SkinDisNet,SkinDisNet,n/a,augmented,Seborrheic_Dermatitis,SD_58_01.jpg,C:\Users\manis\Desktop\Final_Year_Project\PapuloNet\datasets\skindisnet\SkinDisNet\Augmented\SD\SD_58_01.jpg,Seborrheic_Dermatitis,False,UNIQUE,FAIL: blur variance 17.4 below threshold 100.0,,,
PSD_00002237,SkinDisNet,SkinDisNet,n/a,augmented,Seborrheic_Dermatitis,SD_58_02.jpg,C:\Users\manis\Desktop\Final_Year_Project\PapuloNet\datasets\skindisnet\SkinDisNet\Augmented\SD\SD_58_02.jpg,Seborrheic_Dermatitis,False,UNIQUE,FAIL: blur variance 22.3 below threshold 100.0,,,
PSD_00002238,SkinDisNet,SkinDisNet,n/a,augmented,Seborrheic_Dermatitis,SD_58_03.jpg,C:\Users\manis\Desktop\Final_Year_Project\PapuloNet\datasets\skindisnet\SkinDisNet\Augmented\SD\SD_58_03.jpg,Seborrheic_Dermatitis,False,UNIQUE,FAIL: blur variance 15.4 below threshold 100.0,,,
PSD_00002239,SkinDisNet,SkinDisNet,n/a,augmented,Seborrheic_Dermatitis,SD_58_04.jpg,C:\Users\manis\Desktop\Final_Year_Project\PapuloNet\datasets\skindisnet\SkinDisNet\Augmented\SD\SD_58_04.jpg,Seborrheic_Dermatitis,False,UNIQUE,FAIL: blur variance 12.6 below threshold 100.0,,,
PSD_00002240,SkinDisNet,SkinDisNet,n/a,augmented,Seborrheic_Dermatitis,SD_58_05.jpg,C:\Users\manis\Desktop\Final_Year_Project\PapuloNet\datasets\skindisnet\SkinDisNet\Augmented\SD\SD_58_05.jpg,Seborrheic_Dermatitis,False,DUPLICATE_OF:PSD_00001815,PENDING,,,
PSD_00002241,SkinDisNet,SkinDisNet,n/a,augmented,Seborrheic_Dermatitis,SD_58_06.jpg,C:\Users\manis\Desktop\Final_Year_Project\PapuloNet\datasets\skindisnet\SkinDisNet\Augmented\SD\SD_58_06.jpg,Seborrheic_Dermatitis,False,DUPLICATE_OF:PSD_00001815,PENDING,,,
PSD_00002242,SkinDisNet,SkinDisNet,n/a,augmented,Seborrheic_Dermatitis,SD_58_07.jpg,C:\Users\manis\Desktop\Final_Year_Project\PapuloNet\datasets\skindisnet\SkinDisNet\Augmented\SD\SD_58_07.jpg,Seborrheic_Dermatitis,False,UNIQUE,FAIL: blur variance 96.4 below threshold 100.0,,,
PSD_00002243,SkinDisNet,SkinDisNet,n/a,augmented,Seborrheic_Dermatitis,SD_59_01.jpg,C:\Users\manis\Desktop\Final_Year_Project\PapuloNet\datasets\skindisnet\SkinDisNet\Augmented\SD\SD_59_01.jpg,Seborrheic_Dermatitis,False,UNIQUE,FAIL: blur variance 44.4 below threshold 100.0,,,
PSD_00002244,SkinDisNet,SkinDisNet,n/a,augmented,Seborrheic_Dermatitis,SD_59_02.jpg,C:\Users\manis\Desktop\Final_Year_Project\PapuloNet\datasets\skindisnet\SkinDisNet\Augmented\SD\SD_59_02.jpg,Seborrheic_Dermatitis,False,UNIQUE,FAIL: blur variance 66.6 below threshold 100.0,,,
PSD_00002245,SkinDisNet,SkinDisNet,n/a,augmented,Seborrheic_Dermatitis,SD_59_03.jpg,C:\Users\manis\Desktop\Final_Year_Project\PapuloNet\datasets\skindisnet\SkinDisNet\Augmented\SD\SD_59_03.jpg,Seborrheic_Dermatitis,False,DUPLICATE_OF:PSD_00001816,PENDING,,,
PSD_00002246,SkinDisNet,SkinDisNet,n/a,augmented,Seborrheic_Dermatitis,SD_59_04.jpg,C:\Users\manis\Desktop\Final_Year_Project\PapuloNet\datasets\skindisnet\SkinDisNet\Augmented\SD\SD_59_04.jpg,Seborrheic_Dermatitis,False,UNIQUE,FAIL: blur variance 33.8 below threshold 100.0,,,
PSD_00002247,SkinDisNet,SkinDisNet,n/a,augmented,Seborrheic_Dermatitis,SD_59_05.jpg,C:\Users\manis\Desktop\Final_Year_Project\PapuloNet\datasets\skindisnet\SkinDisNet\Augmented\SD\SD_59_05.jpg,Seborrheic_Dermatitis,False,DUPLICATE_OF:PSD_00001816,PENDING,,,
PSD_00002248,SkinDisNet,SkinDisNet,n/a,augmented,Seborrheic_Dermatitis,SD_59_06.jpg,C:\Users\manis\Desktop\Final_Year_Project\PapuloNet\datasets\skindisnet\SkinDisNet\Augmented\SD\SD_59_06.jpg,Seborrheic_Dermatitis,False,DUPLICATE_OF:PSD_00001816,PENDING,,,
PSD_00002249,SkinDisNet,SkinDisNet,n/a,augmented,Seborrheic_Dermatitis,SD_59_07.jpg,C:\Users\manis\Desktop\Final_Year_Project\PapuloNet\datasets\skindisnet\SkinDisNet\Augmented\SD\SD_59_07.jpg,Seborrheic_Dermatitis,False,UNIQUE,PASS,PSD_00002249.jpg,224,224
PSD_00002250,SkinDisNet,SkinDisNet,n/a,augmented,Seborrheic_Dermatitis,SD_60_01.jpg,C:\Users\manis\Desktop\Final_Year_Project\PapuloNet\datasets\skindisnet\SkinDisNet\Augmented\SD\SD_60_01.jpg,Seborrheic_Dermatitis,False,UNIQUE,FAIL: blur variance 13.9 below threshold 100.0,,,
PSD_00002251,SkinDisNet,SkinDisNet,n/a,augmented,Seborrheic_Dermatitis,SD_60_02.jpg,C:\Users\manis\Desktop\Final_Year_Project\PapuloNet\datasets\skindisnet\SkinDisNet\Augmented\SD\SD_60_02.jpg,Seborrheic_Dermatitis,False,UNIQUE,FAIL: blur variance 21.4 below threshold 100.0,,,
PSD_00002252,SkinDisNet,SkinDisNet,n/a,augmented,Seborrheic_Dermatitis,SD_60_03.jpg,C:\Users\manis\Desktop\Final_Year_Project\PapuloNet\datasets\skindisnet\SkinDisNet\Augmented\SD\SD_60_03.jpg,Seborrheic_Dermatitis,False,DUPLICATE_OF:PSD_00001817,PENDING,,,
PSD_00002253,SkinDisNet,SkinDisNet,n/a,augmented,Seborrheic_Dermatitis,SD_60_04.jpg,C:\Users\manis\Desktop\Final_Year_Project\PapuloNet\datasets\skindisnet\SkinDisNet\Augmented\SD\SD_60_04.jpg,Seborrheic_Dermatitis,False,UNIQUE,FAIL: blur variance 15.3 below threshold 100.0,,,
PSD_00002254,SkinDisNet,SkinDisNet,n/a,augmented,Seborrheic_Dermatitis,SD_60_05.jpg,C:\Users\manis\Desktop\Final_Year_Project\PapuloNet\datasets\skindisnet\SkinDisNet\Augmented\SD\SD_60_05.jpg,Seborrheic_Dermatitis,False,DUPLICATE_OF:PSD_00001817,PENDING,,,
PSD_00002255,SkinDisNet,SkinDisNet,n/a,augmented,Seborrheic_Dermatitis,SD_60_06.jpg,C:\Users\manis\Desktop\Final_Year_Project\PapuloNet\datasets\skindisnet\SkinDisNet\Augmented\SD\SD_60_06.jpg,Seborrheic_Dermatitis,False,DUPLICATE_OF:PSD_00001817,PENDING,,,
PSD_00002256,SkinDisNet,SkinDisNet,n/a,augmented,Seborrheic_Dermatitis,SD_60_07.jpg,C:\Users\manis\Desktop\Final_Year_Project\PapuloNet\datasets\skindisnet\SkinDisNet\Augmented\SD\SD_60_07.jpg,Seborrheic_Dermatitis,False,UNIQUE,PASS,PSD_00002256.jpg,224,224
PSD_00002257,SkinDisNet,SkinDisNet,n/a,augmented,Seborrheic_Dermatitis,SD_61_01.jpg,C:\Users\manis\Desktop\Final_Year_Project\PapuloNet\datasets\skindisnet\SkinDisNet\Augmented\SD\SD_61_01.jpg,Seborrheic_Dermatitis,False,UNIQUE,FAIL: blur variance 12.8 below threshold 100.0,,,
PSD_00002258,SkinDisNet,SkinDisNet,n/a,augmented,Seborrheic_Dermatitis,SD_61_02.jpg,C:\Users\manis\Desktop\Final_Year_Project\PapuloNet\datasets\skindisnet\SkinDisNet\Augmented\SD\SD_61_02.jpg,Seborrheic_Dermatitis,False,UNIQUE,FAIL: blur variance 15.5 below threshold 100.0,,,
PSD_00002259,SkinDisNet,SkinDisNet,n/a,augmented,Seborrheic_Dermatitis,SD_61_03.jpg,C:\Users\manis\Desktop\Final_Year_Project\PapuloNet\datasets\skindisnet\SkinDisNet\Augmented\SD\SD_61_03.jpg,Seborrheic_Dermatitis,False,UNIQUE,FAIL: blur variance 13.3 below threshold 100.0,,,
PSD_00002260,SkinDisNet,SkinDisNet,n/a,augmented,Seborrheic_Dermatitis,SD_61_04.jpg,C:\Users\manis\Desktop\Final_Year_Project\PapuloNet\datasets\skindisnet\SkinDisNet\Augmented\SD\SD_61_04.jpg,Seborrheic_Dermatitis,False,UNIQUE,FAIL: blur variance 8.8 below threshold 100.0,,,
PSD_00002261,SkinDisNet,SkinDisNet,n/a,augmented,Seborrheic_Dermatitis,SD_61_05.jpg,C:\Users\manis\Desktop\Final_Year_Project\PapuloNet\datasets\skindisnet\SkinDisNet\Augmented\SD\SD_61_05.jpg,Seborrheic_Dermatitis,False,DUPLICATE_OF:PSD_00001818,PENDING,,,
PSD_00002262,SkinDisNet,SkinDisNet,n/a,augmented,Seborrheic_Dermatitis,SD_61_06.jpg,C:\Users\manis\Desktop\Final_Year_Project\PapuloNet\datasets\skindisnet\SkinDisNet\Augmented\SD\SD_61_06.jpg,Seborrheic_Dermatitis,False,DUPLICATE_OF:PSD_00001818,PENDING,,,
PSD_00002263,SkinDisNet,SkinDisNet,n/a,augmented,Seborrheic_Dermatitis,SD_61_07.jpg,C:\Users\manis\Desktop\Final_Year_Project\PapuloNet\datasets\skindisnet\SkinDisNet\Augmented\SD\SD_61_07.jpg,Seborrheic_Dermatitis,False,UNIQUE,PASS,PSD_00002263.jpg,224,224
PSD_00002264,SkinDisNet,SkinDisNet,n/a,augmented,Seborrheic_Dermatitis,SD_62_01.jpg,C:\Users\manis\Desktop\Final_Year_Project\PapuloNet\datasets\skindisnet\SkinDisNet\Augmented\SD\SD_62_01.jpg,Seborrheic_Dermatitis,False,UNIQUE,FAIL: blur variance 10.6 below threshold 100.0,,,
PSD_00002265,SkinDisNet,SkinDisNet,n/a,augmented,Seborrheic_Dermatitis,SD_62_02.jpg,C:\Users\manis\Desktop\Final_Year_Project\PapuloNet\datasets\skindisnet\SkinDisNet\Augmented\SD\SD_62_02.jpg,Seborrheic_Dermatitis,False,UNIQUE,FAIL: blur variance 13.7 below threshold 100.0,,,
PSD_00002266,SkinDisNet,SkinDisNet,n/a,augmented,Seborrheic_Dermatitis,SD_62_03.jpg,C:\Users\manis\Desktop\Final_Year_Project\PapuloNet\datasets\skindisnet\SkinDisNet\Augmented\SD\SD_62_03.jpg,Seborrheic_Dermatitis,False,DUPLICATE_OF:PSD_00001846,PENDING,,,
PSD_00002267,SkinDisNet,SkinDisNet,n/a,augmented,Seborrheic_Dermatitis,SD_62_04.jpg,C:\Users\manis\Desktop\Final_Year_Project\PapuloNet\datasets\skindisnet\SkinDisNet\Augmented\SD\SD_62_04.jpg,Seborrheic_Dermatitis,False,UNIQUE,FAIL: blur variance 8.6 below threshold 100.0,,,
PSD_00002268,SkinDisNet,SkinDisNet,n/a,augmented,Seborrheic_Dermatitis,SD_62_05.jpg,C:\Users\manis\Desktop\Final_Year_Project\PapuloNet\datasets\skindisnet\SkinDisNet\Augmented\SD\SD_62_05.jpg,Seborrheic_Dermatitis,False,DUPLICATE_OF:PSD_00001759,PENDING,,,
PSD_00002269,SkinDisNet,SkinDisNet,n/a,augmented,Seborrheic_Dermatitis,SD_62_06.jpg,C:\Users\manis\Desktop\Final_Year_Project\PapuloNet\datasets\skindisnet\SkinDisNet\Augmented\SD\SD_62_06.jpg,Seborrheic_Dermatitis,False,DUPLICATE_OF:PSD_00001759,PENDING,,,
PSD_00002270,SkinDisNet,SkinDisNet,n/a,augmented,Seborrheic_Dermatitis,SD_62_07.jpg,C:\Users\manis\Desktop\Final_Year_Project\PapuloNet\datasets\skindisnet\SkinDisNet\Augmented\SD\SD_62_07.jpg,Seborrheic_Dermatitis,False,DUPLICATE_OF:PSD_00001850,PENDING,,,
PSD_00002271,SkinDisNet,SkinDisNet,n/a,augmented,Seborrheic_Dermatitis,SD_63_01.jpg,C:\Users\manis\Desktop\Final_Year_Project\PapuloNet\datasets\skindisnet\SkinDisNet\Augmented\SD\SD_63_01.jpg,Seborrheic_Dermatitis,False,UNIQUE,FAIL: blur variance 45.7 below threshold 100.0,,,
PSD_00002272,SkinDisNet,SkinDisNet,n/a,augmented,Seborrheic_Dermatitis,SD_63_02.jpg,C:\Users\manis\Desktop\Final_Year_Project\PapuloNet\datasets\skindisnet\SkinDisNet\Augmented\SD\SD_63_02.jpg,Seborrheic_Dermatitis,False,UNIQUE,FAIL: blur variance 67.5 below threshold 100.0,,,
PSD_00002273,SkinDisNet,SkinDisNet,n/a,augmented,Seborrheic_Dermatitis,SD_63_03.jpg,C:\Users\manis\Desktop\Final_Year_Project\PapuloNet\datasets\skindisnet\SkinDisNet\Augmented\SD\SD_63_03.jpg,Seborrheic_Dermatitis,False,UNIQUE,FAIL: blur variance 31.3 below threshold 100.0,,,
PSD_00002274,SkinDisNet,SkinDisNet,n/a,augmented,Seborrheic_Dermatitis,SD_63_04.jpg,C:\Users\manis\Desktop\Final_Year_Project\PapuloNet\datasets\skindisnet\SkinDisNet\Augmented\SD\SD_63_04.jpg,Seborrheic_Dermatitis,False,DUPLICATE_OF:PSD_00001820,PENDING,,,
PSD_00002275,SkinDisNet,SkinDisNet,n/a,augmented,Seborrheic_Dermatitis,SD_63_05.jpg,C:\Users\manis\Desktop\Final_Year_Project\PapuloNet\datasets\skindisnet\SkinDisNet\Augmented\SD\SD_63_05.jpg,Seborrheic_Dermatitis,False,DUPLICATE_OF:PSD_00001820,PENDING,,,
PSD_00002276,SkinDisNet,SkinDisNet,n/a,augmented,Seborrheic_Dermatitis,SD_63_06.jpg,C:\Users\manis\Desktop\Final_Year_Project\PapuloNet\datasets\skindisnet\SkinDisNet\Augmented\SD\SD_63_06.jpg,Seborrheic_Dermatitis,False,DUPLICATE_OF:PSD_00001820,PENDING,,,
PSD_00002277,SkinDisNet,SkinDisNet,n/a,augmented,Seborrheic_Dermatitis,SD_63_07.jpg,C:\Users\manis\Desktop\Final_Year_Project\PapuloNet\datasets\skindisnet\SkinDisNet\Augmented\SD\SD_63_07.jpg,Seborrheic_Dermatitis,False,UNIQUE,PASS,PSD_00002277.jpg,224,224
PSD_00002278,SkinDisNet,SkinDisNet,n/a,augmented,Seborrheic_Dermatitis,SD_64_01.jpg,C:\Users\manis\Desktop\Final_Year_Project\PapuloNet\datasets\skindisnet\SkinDisNet\Augmented\SD\SD_64_01.jpg,Seborrheic_Dermatitis,False,UNIQUE,FAIL: blur variance 25.3 below threshold 100.0,,,
PSD_00002279,SkinDisNet,SkinDisNet,n/a,augmented,Seborrheic_Dermatitis,SD_64_02.jpg,C:\Users\manis\Desktop\Final_Year_Project\PapuloNet\datasets\skindisnet\SkinDisNet\Augmented\SD\SD_64_02.jpg,Seborrheic_Dermatitis,False,UNIQUE,FAIL: blur variance 38.1 below threshold 100.0,,,
PSD_00002280,SkinDisNet,SkinDisNet,n/a,augmented,Seborrheic_Dermatitis,SD_64_03.jpg,C:\Users\manis\Desktop\Final_Year_Project\PapuloNet\datasets\skindisnet\SkinDisNet\Augmented\SD\SD_64_03.jpg,Seborrheic_Dermatitis,False,UNIQUE,FAIL: blur variance 23.6 below threshold 100.0,,,
PSD_00002281,SkinDisNet,SkinDisNet,n/a,augmented,Seborrheic_Dermatitis,SD_64_04.jpg,C:\Users\manis\Desktop\Final_Year_Project\PapuloNet\datasets\skindisnet\SkinDisNet\Augmented\SD\SD_64_04.jpg,Seborrheic_Dermatitis,False,UNIQUE,FAIL: blur variance 18.2 below threshold 100.0,,,
PSD_00002282,SkinDisNet,SkinDisNet,n/a,augmented,Seborrheic_Dermatitis,SD_64_05.jpg,C:\Users\manis\Desktop\Final_Year_Project\PapuloNet\datasets\skindisnet\SkinDisNet\Augmented\SD\SD_64_05.jpg,Seborrheic_Dermatitis,False,DUPLICATE_OF:PSD_00001821,PENDING,,,
PSD_00002283,SkinDisNet,SkinDisNet,n/a,augmented,Seborrheic_Dermatitis,SD_64_06.jpg,C:\Users\manis\Desktop\Final_Year_Project\PapuloNet\datasets\skindisnet\SkinDisNet\Augmented\SD\SD_64_06.jpg,Seborrheic_Dermatitis,False,DUPLICATE_OF:PSD_00001821,PENDING,,,
PSD_00002284,SkinDisNet,SkinDisNet,n/a,augmented,Seborrheic_Dermatitis,SD_64_07.jpg,C:\Users\manis\Desktop\Final_Year_Project\PapuloNet\datasets\skindisnet\SkinDisNet\Augmented\SD\SD_64_07.jpg,Seborrheic_Dermatitis,False,UNIQUE,PASS,PSD_00002284.jpg,224,224
PSD_00002285,SkinDisNet,SkinDisNet,n/a,augmented,Seborrheic_Dermatitis,SD_65_01.jpg,C:\Users\manis\Desktop\Final_Year_Project\PapuloNet\datasets\skindisnet\SkinDisNet\Augmented\SD\SD_65_01.jpg,Seborrheic_Dermatitis,False,UNIQUE,FAIL: blur variance 66.1 below threshold 100.0,,,
PSD_00002286,SkinDisNet,SkinDisNet,n/a,augmented,Seborrheic_Dermatitis,SD_65_02.jpg,C:\Users\manis\Desktop\Final_Year_Project\PapuloNet\datasets\skindisnet\SkinDisNet\Augmented\SD\SD_65_02.jpg,Seborrheic_Dermatitis,False,UNIQUE,PASS,PSD_00002286.jpg,224,224
PSD_00002287,SkinDisNet,SkinDisNet,n/a,augmented,Seborrheic_Dermatitis,SD_65_03.jpg,C:\Users\manis\Desktop\Final_Year_Project\PapuloNet\datasets\skindisnet\SkinDisNet\Augmented\SD\SD_65_03.jpg,Seborrheic_Dermatitis,False,UNIQUE,FAIL: blur variance 47.0 below threshold 100.0,,,
PSD_00002288,SkinDisNet,SkinDisNet,n/a,augmented,Seborrheic_Dermatitis,SD_65_04.jpg,C:\Users\manis\Desktop\Final_Year_Project\PapuloNet\datasets\skindisnet\SkinDisNet\Augmented\SD\SD_65_04.jpg,Seborrheic_Dermatitis,False,UNIQUE,FAIL: blur variance 42.6 below threshold 100.0,,,
PSD_00002289,SkinDisNet,SkinDisNet,n/a,augmented,Seborrheic_Dermatitis,SD_65_05.jpg,C:\Users\manis\Desktop\Final_Year_Project\PapuloNet\datasets\skindisnet\SkinDisNet\Augmented\SD\SD_65_05.jpg,Seborrheic_Dermatitis,False,DUPLICATE_OF:PSD_00001822,PENDING,,,
PSD_00002290,SkinDisNet,SkinDisNet,n/a,augmented,Seborrheic_Dermatitis,SD_65_06.jpg,C:\Users\manis\Desktop\Final_Year_Project\PapuloNet\datasets\skindisnet\SkinDisNet\Augmented\SD\SD_65_06.jpg,Seborrheic_Dermatitis,False,DUPLICATE_OF:PSD_00001822,PENDING,,,
PSD_00002291,SkinDisNet,SkinDisNet,n/a,augmented,Seborrheic_Dermatitis,SD_65_07.jpg,C:\Users\manis\Desktop\Final_Year_Project\PapuloNet\datasets\skindisnet\SkinDisNet\Augmented\SD\SD_65_07.jpg,Seborrheic_Dermatitis,False,UNIQUE,PASS,PSD_00002291.jpg,224,224
PSD_00002292,SkinDisNet,SkinDisNet,n/a,augmented,Seborrheic_Dermatitis,SD_66_01.jpg,C:\Users\manis\Desktop\Final_Year_Project\PapuloNet\datasets\skindisnet\SkinDisNet\Augmented\SD\SD_66_01.jpg,Seborrheic_Dermatitis,False,UNIQUE,FAIL: blur variance 54.5 below threshold 100.0,,,
PSD_00002293,SkinDisNet,SkinDisNet,n/a,augmented,Seborrheic_Dermatitis,SD_66_02.jpg,C:\Users\manis\Desktop\Final_Year_Project\PapuloNet\datasets\skindisnet\SkinDisNet\Augmented\SD\SD_66_02.jpg,Seborrheic_Dermatitis,False,UNIQUE,FAIL: blur variance 97.6 below threshold 100.0,,,
PSD_00002294,SkinDisNet,SkinDisNet,n/a,augmented,Seborrheic_Dermatitis,SD_66_03.jpg,C:\Users\manis\Desktop\Final_Year_Project\PapuloNet\datasets\skindisnet\SkinDisNet\Augmented\SD\SD_66_03.jpg,Seborrheic_Dermatitis,False,DUPLICATE_OF:PSD_00001823,PENDING,,,
PSD_00002295,SkinDisNet,SkinDisNet,n/a,augmented,Seborrheic_Dermatitis,SD_66_04.jpg,C:\Users\manis\Desktop\Final_Year_Project\PapuloNet\datasets\skindisnet\SkinDisNet\Augmented\SD\SD_66_04.jpg,Seborrheic_Dermatitis,False,UNIQUE,FAIL: blur variance 58.1 below threshold 100.0,,,
PSD_00002296,SkinDisNet,SkinDisNet,n/a,augmented,Seborrheic_Dermatitis,SD_66_05.jpg,C:\Users\manis\Desktop\Final_Year_Project\PapuloNet\datasets\skindisnet\SkinDisNet\Augmented\SD\SD_66_05.jpg,Seborrheic_Dermatitis,False,DUPLICATE_OF:PSD_00001823,PENDING,,,
PSD_00002297,SkinDisNet,SkinDisNet,n/a,augmented,Seborrheic_Dermatitis,SD_66_06.jpg,C:\Users\manis\Desktop\Final_Year_Project\PapuloNet\datasets\skindisnet\SkinDisNet\Augmented\SD\SD_66_06.jpg,Seborrheic_Dermatitis,False,DUPLICATE_OF:PSD_00001823,PENDING,,,
PSD_00002298,SkinDisNet,SkinDisNet,n/a,augmented,Seborrheic_Dermatitis,SD_66_07.jpg,C:\Users\manis\Desktop\Final_Year_Project\PapuloNet\datasets\skindisnet\SkinDisNet\Augmented\SD\SD_66_07.jpg,Seborrheic_Dermatitis,False,DUPLICATE_OF:PSD_00001878,PENDING,,,
PSD_00002299,SkinDisNet,SkinDisNet,n/a,augmented,Seborrheic_Dermatitis,SD_67_01.jpg,C:\Users\manis\Desktop\Final_Year_Project\PapuloNet\datasets\skindisnet\SkinDisNet\Augmented\SD\SD_67_01.jpg,Seborrheic_Dermatitis,False,UNIQUE,PASS,PSD_00002299.jpg,224,224
PSD_00002300,SkinDisNet,SkinDisNet,n/a,augmented,Seborrheic_Dermatitis,SD_67_02.jpg,C:\Users\manis\Desktop\Final_Year_Project\PapuloNet\datasets\skindisnet\SkinDisNet\Augmented\SD\SD_67_02.jpg,Seborrheic_Dermatitis,False,UNIQUE,PASS,PSD_00002300.jpg,224,224
PSD_00002301,SkinDisNet,SkinDisNet,n/a,augmented,Seborrheic_Dermatitis,SD_67_03.jpg,C:\Users\manis\Desktop\Final_Year_Project\PapuloNet\datasets\skindisnet\SkinDisNet\Augmented\SD\SD_67_03.jpg,Seborrheic_Dermatitis,False,UNIQUE,PASS,PSD_00002301.jpg,224,224
PSD_00002302,SkinDisNet,SkinDisNet,n/a,augmented,Seborrheic_Dermatitis,SD_67_04.jpg,C:\Users\manis\Desktop\Final_Year_Project\PapuloNet\datasets\skindisnet\SkinDisNet\Augmented\SD\SD_67_04.jpg,Seborrheic_Dermatitis,False,UNIQUE,PASS,PSD_00002302.jpg,224,224
PSD_00002303,SkinDisNet,SkinDisNet,n/a,augmented,Seborrheic_Dermatitis,SD_67_05.jpg,C:\Users\manis\Desktop\Final_Year_Project\PapuloNet\datasets\skindisnet\SkinDisNet\Augmented\SD\SD_67_05.jpg,Seborrheic_Dermatitis,False,DUPLICATE_OF:PSD_00001824,PENDING,,,
PSD_00002304,SkinDisNet,SkinDisNet,n/a,augmented,Seborrheic_Dermatitis,SD_67_06.jpg,C:\Users\manis\Desktop\Final_Year_Project\PapuloNet\datasets\skindisnet\SkinDisNet\Augmented\SD\SD_67_06.jpg,Seborrheic_Dermatitis,False,DUPLICATE_OF:PSD_00001824,PENDING,,,
PSD_00002305,SkinDisNet,SkinDisNet,n/a,augmented,Seborrheic_Dermatitis,SD_67_07.jpg,C:\Users\manis\Desktop\Final_Year_Project\PapuloNet\datasets\skindisnet\SkinDisNet\Augmented\SD\SD_67_07.jpg,Seborrheic_Dermatitis,False,DUPLICATE_OF:PSD_00002123,PENDING,,,
PSD_00002306,SkinDisNet,SkinDisNet,n/a,augmented,Seborrheic_Dermatitis,SD_68_01.jpg,C:\Users\manis\Desktop\Final_Year_Project\PapuloNet\datasets\skindisnet\SkinDisNet\Augmented\SD\SD_68_01.jpg,Seborrheic_Dermatitis,False,DUPLICATE_OF:PSD_00001825,PENDING,,,
PSD_00002307,SkinDisNet,SkinDisNet,n/a,augmented,Seborrheic_Dermatitis,SD_68_02.jpg,C:\Users\manis\Desktop\Final_Year_Project\PapuloNet\datasets\skindisnet\SkinDisNet\Augmented\SD\SD_68_02.jpg,Seborrheic_Dermatitis,False,UNIQUE,PASS,PSD_00002307.jpg,224,224
PSD_00002308,SkinDisNet,SkinDisNet,n/a,augmented,Seborrheic_Dermatitis,SD_68_03.jpg,C:\Users\manis\Desktop\Final_Year_Project\PapuloNet\datasets\skindisnet\SkinDisNet\Augmented\SD\SD_68_03.jpg,Seborrheic_Dermatitis,False,UNIQUE,PASS,PSD_00002308.jpg,224,224
PSD_00002309,SkinDisNet,SkinDisNet,n/a,augmented,Seborrheic_Dermatitis,SD_68_04.jpg,C:\Users\manis\Desktop\Final_Year_Project\PapuloNet\datasets\skindisnet\SkinDisNet\Augmented\SD\SD_68_04.jpg,Seborrheic_Dermatitis,False,UNIQUE,FAIL: blur variance 98.5 below threshold 100.0,,,
PSD_00002310,SkinDisNet,SkinDisNet,n/a,augmented,Seborrheic_Dermatitis,SD_68_05.jpg,C:\Users\manis\Desktop\Final_Year_Project\PapuloNet\datasets\skindisnet\SkinDisNet\Augmented\SD\SD_68_05.jpg,Seborrheic_Dermatitis,False,DUPLICATE_OF:PSD_00001825,PENDING,,,
PSD_00002311,SkinDisNet,SkinDisNet,n/a,augmented,Seborrheic_Dermatitis,SD_68_06.jpg,C:\Users\manis\Desktop\Final_Year_Project\PapuloNet\datasets\skindisnet\SkinDisNet\Augmented\SD\SD_68_06.jpg,Seborrheic_Dermatitis,False,DUPLICATE_OF:PSD_00001825,PENDING,,,
PSD_00002312,SkinDisNet,SkinDisNet,n/a,augmented,Seborrheic_Dermatitis,SD_68_07.jpg,C:\Users\manis\Desktop\Final_Year_Project\PapuloNet\datasets\skindisnet\SkinDisNet\Augmented\SD\SD_68_07.jpg,Seborrheic_Dermatitis,False,UNIQUE,PASS,PSD_00002312.jpg,224,224
PSD_00002313,SkinDisNet,SkinDisNet,n/a,augmented,Seborrheic_Dermatitis,SD_69_01.jpg,C:\Users\manis\Desktop\Final_Year_Project\PapuloNet\datasets\skindisnet\SkinDisNet\Augmented\SD\SD_69_01.jpg,Seborrheic_Dermatitis,False,UNIQUE,PASS,PSD_00002313.jpg,224,224
PSD_00002314,SkinDisNet,SkinDisNet,n/a,augmented,Seborrheic_Dermatitis,SD_69_02.jpg,C:\Users\manis\Desktop\Final_Year_Project\PapuloNet\datasets\skindisnet\SkinDisNet\Augmented\SD\SD_69_02.jpg,Seborrheic_Dermatitis,False,UNIQUE,PASS,PSD_00002314.jpg,224,224
PSD_00002315,SkinDisNet,SkinDisNet,n/a,augmented,Seborrheic_Dermatitis,SD_69_03.jpg,C:\Users\manis\Desktop\Final_Year_Project\PapuloNet\datasets\skindisnet\SkinDisNet\Augmented\SD\SD_69_03.jpg,Seborrheic_Dermatitis,False,DUPLICATE_OF:PSD_00002313,PENDING,,,
PSD_00002316,SkinDisNet,SkinDisNet,n/a,augmented,Seborrheic_Dermatitis,SD_69_04.jpg,C:\Users\manis\Desktop\Final_Year_Project\PapuloNet\datasets\skindisnet\SkinDisNet\Augmented\SD\SD_69_04.jpg,Seborrheic_Dermatitis,False,UNIQUE,PASS,PSD_00002316.jpg,224,224
PSD_00002317,SkinDisNet,SkinDisNet,n/a,augmented,Seborrheic_Dermatitis,SD_69_05.jpg,C:\Users\manis\Desktop\Final_Year_Project\PapuloNet\datasets\skindisnet\SkinDisNet\Augmented\SD\SD_69_05.jpg,Seborrheic_Dermatitis,False,DUPLICATE_OF:PSD_00001826,PENDING,,,
PSD_00002318,SkinDisNet,SkinDisNet,n/a,augmented,Seborrheic_Dermatitis,SD_69_06.jpg,C:\Users\manis\Desktop\Final_Year_Project\PapuloNet\datasets\skindisnet\SkinDisNet\Augmented\SD\SD_69_06.jpg,Seborrheic_Dermatitis,False,DUPLICATE_OF:PSD_00001826,PENDING,,,
PSD_00002319,SkinDisNet,SkinDisNet,n/a,augmented,Seborrheic_Dermatitis,SD_69_07.jpg,C:\Users\manis\Desktop\Final_Year_Project\PapuloNet\datasets\skindisnet\SkinDisNet\Augmented\SD\SD_69_07.jpg,Seborrheic_Dermatitis,False,DUPLICATE_OF:PSD_00002074,PENDING,,,
PSD_00002320,SkinDisNet,SkinDisNet,n/a,augmented,Seborrheic_Dermatitis,SD_70_01.jpg,C:\Users\manis\Desktop\Final_Year_Project\PapuloNet\datasets\skindisnet\SkinDisNet\Augmented\SD\SD_70_01.jpg,Seborrheic_Dermatitis,False,UNIQUE,FAIL: blur variance 28.0 below threshold 100.0,,,
PSD_00002321,SkinDisNet,SkinDisNet,n/a,augmented,Seborrheic_Dermatitis,SD_70_02.jpg,C:\Users\manis\Desktop\Final_Year_Project\PapuloNet\datasets\skindisnet\SkinDisNet\Augmented\SD\SD_70_02.jpg,Seborrheic_Dermatitis,False,UNIQUE,FAIL: blur variance 42.1 below threshold 100.0,,,
PSD_00002322,SkinDisNet,SkinDisNet,n/a,augmented,Seborrheic_Dermatitis,SD_70_03.jpg,C:\Users\manis\Desktop\Final_Year_Project\PapuloNet\datasets\skindisnet\SkinDisNet\Augmented\SD\SD_70_03.jpg,Seborrheic_Dermatitis,False,DUPLICATE_OF:PSD_00001771,PENDING,,,
PSD_00002323,SkinDisNet,SkinDisNet,n/a,augmented,Seborrheic_Dermatitis,SD_70_04.jpg,C:\Users\manis\Desktop\Final_Year_Project\PapuloNet\datasets\skindisnet\SkinDisNet\Augmented\SD\SD_70_04.jpg,Seborrheic_Dermatitis,False,UNIQUE,FAIL: blur variance 21.6 below threshold 100.0,,,
PSD_00002324,SkinDisNet,SkinDisNet,n/a,augmented,Seborrheic_Dermatitis,SD_70_05.jpg,C:\Users\manis\Desktop\Final_Year_Project\PapuloNet\datasets\skindisnet\SkinDisNet\Augmented\SD\SD_70_05.jpg,Seborrheic_Dermatitis,False,DUPLICATE_OF:PSD_00001827,PENDING,,,
PSD_00002325,SkinDisNet,SkinDisNet,n/a,augmented,Seborrheic_Dermatitis,SD_70_06.jpg,C:\Users\manis\Desktop\Final_Year_Project\PapuloNet\datasets\skindisnet\SkinDisNet\Augmented\SD\SD_70_06.jpg,Seborrheic_Dermatitis,False,DUPLICATE_OF:PSD_00001827,PENDING,,,
PSD_00002326,SkinDisNet,SkinDisNet,n/a,augmented,Seborrheic_Dermatitis,SD_70_07.jpg,C:\Users\manis\Desktop\Final_Year_Project\PapuloNet\datasets\skindisnet\SkinDisNet\Augmented\SD\SD_70_07.jpg,Seborrheic_Dermatitis,False,DUPLICATE_OF:PSD_00001892,PENDING,,,
PSD_00002327,SkinDisNet,SkinDisNet,n/a,augmented,Seborrheic_Dermatitis,SD_71_01.jpg,C:\Users\manis\Desktop\Final_Year_Project\PapuloNet\datasets\skindisnet\SkinDisNet\Augmented\SD\SD_71_01.jpg,Seborrheic_Dermatitis,False,UNIQUE,PASS,PSD_00002327.jpg,224,224
PSD_00002328,SkinDisNet,SkinDisNet,n/a,augmented,Seborrheic_Dermatitis,SD_71_02.jpg,C:\Users\manis\Desktop\Final_Year_Project\PapuloNet\datasets\skindisnet\SkinDisNet\Augmented\SD\SD_71_02.jpg,Seborrheic_Dermatitis,False,UNIQUE,PASS,PSD_00002328.jpg,224,224
PSD_00002329,SkinDisNet,SkinDisNet,n/a,augmented,Seborrheic_Dermatitis,SD_71_03.jpg,C:\Users\manis\Desktop\Final_Year_Project\PapuloNet\datasets\skindisnet\SkinDisNet\Augmented\SD\SD_71_03.jpg,Seborrheic_Dermatitis,False,UNIQUE,PASS,PSD_00002329.jpg,224,224
PSD_00002330,SkinDisNet,SkinDisNet,n/a,augmented,Seborrheic_Dermatitis,SD_71_04.jpg,C:\Users\manis\Desktop\Final_Year_Project\PapuloNet\datasets\skindisnet\SkinDisNet\Augmented\SD\SD_71_04.jpg,Seborrheic_Dermatitis,False,UNIQUE,PASS,PSD_00002330.jpg,224,224
PSD_00002331,SkinDisNet,SkinDisNet,n/a,augmented,Seborrheic_Dermatitis,SD_71_05.jpg,C:\Users\manis\Desktop\Final_Year_Project\PapuloNet\datasets\skindisnet\SkinDisNet\Augmented\SD\SD_71_05.jpg,Seborrheic_Dermatitis,False,DUPLICATE_OF:PSD_00001760,PENDING,,,
PSD_00002332,SkinDisNet,SkinDisNet,n/a,augmented,Seborrheic_Dermatitis,SD_71_06.jpg,C:\Users\manis\Desktop\Final_Year_Project\PapuloNet\datasets\skindisnet\SkinDisNet\Augmented\SD\SD_71_06.jpg,Seborrheic_Dermatitis,False,DUPLICATE_OF:PSD_00001760,PENDING,,,
PSD_00002333,SkinDisNet,SkinDisNet,n/a,augmented,Seborrheic_Dermatitis,SD_71_07.jpg,C:\Users\manis\Desktop\Final_Year_Project\PapuloNet\datasets\skindisnet\SkinDisNet\Augmented\SD\SD_71_07.jpg,Seborrheic_Dermatitis,False,DUPLICATE_OF:PSD_00001857,PENDING,,,
PSD_00002334,SkinDisNet,SkinDisNet,n/a,augmented,Seborrheic_Dermatitis,SD_72_01.jpg,C:\Users\manis\Desktop\Final_Year_Project\PapuloNet\datasets\skindisnet\SkinDisNet\Augmented\SD\SD_72_01.jpg,Seborrheic_Dermatitis,False,UNIQUE,FAIL: blur variance 9.6 below threshold 100.0,,,
PSD_00002335,SkinDisNet,SkinDisNet,n/a,augmented,Seborrheic_Dermatitis,SD_72_02.jpg,C:\Users\manis\Desktop\Final_Year_Project\PapuloNet\datasets\skindisnet\SkinDisNet\Augmented\SD\SD_72_02.jpg,Seborrheic_Dermatitis,False,UNIQUE,FAIL: blur variance 11.4 below threshold 100.0,,,
PSD_00002336,SkinDisNet,SkinDisNet,n/a,augmented,Seborrheic_Dermatitis,SD_72_03.jpg,C:\Users\manis\Desktop\Final_Year_Project\PapuloNet\datasets\skindisnet\SkinDisNet\Augmented\SD\SD_72_03.jpg,Seborrheic_Dermatitis,False,UNIQUE,FAIL: blur variance 7.4 below threshold 100.0,,,
PSD_00002337,SkinDisNet,SkinDisNet,n/a,augmented,Seborrheic_Dermatitis,SD_72_04.jpg,C:\Users\manis\Desktop\Final_Year_Project\PapuloNet\datasets\skindisnet\SkinDisNet\Augmented\SD\SD_72_04.jpg,Seborrheic_Dermatitis,False,UNIQUE,FAIL: blur variance 9.3 below threshold 100.0,,,
PSD_00002338,SkinDisNet,SkinDisNet,n/a,augmented,Seborrheic_Dermatitis,SD_72_05.jpg,C:\Users\manis\Desktop\Final_Year_Project\PapuloNet\datasets\skindisnet\SkinDisNet\Augmented\SD\SD_72_05.jpg,Seborrheic_Dermatitis,False,DUPLICATE_OF:PSD_00001829,PENDING,,,
PSD_00002339,SkinDisNet,SkinDisNet,n/a,augmented,Seborrheic_Dermatitis,SD_72_06.jpg,C:\Users\manis\Desktop\Final_Year_Project\PapuloNet\datasets\skindisnet\SkinDisNet\Augmented\SD\SD_72_06.jpg,Seborrheic_Dermatitis,False,DUPLICATE_OF:PSD_00001829,PENDING,,,
PSD_00002340,SkinDisNet,SkinDisNet,n/a,augmented,Seborrheic_Dermatitis,SD_72_07.jpg,C:\Users\manis\Desktop\Final_Year_Project\PapuloNet\datasets\skindisnet\SkinDisNet\Augmented\SD\SD_72_07.jpg,Seborrheic_Dermatitis,False,DUPLICATE_OF:PSD_00001850,PENDING,,,
PSD_00002341,SkinDisNet,SkinDisNet,n/a,augmented,Seborrheic_Dermatitis,SD_73_01.jpg,C:\Users\manis\Desktop\Final_Year_Project\PapuloNet\datasets\skindisnet\SkinDisNet\Augmented\SD\SD_73_01.jpg,Seborrheic_Dermatitis,False,UNIQUE,FAIL: blur variance 11.3 below threshold 100.0,,,
PSD_00002342,SkinDisNet,SkinDisNet,n/a,augmented,Seborrheic_Dermatitis,SD_73_02.jpg,C:\Users\manis\Desktop\Final_Year_Project\PapuloNet\datasets\skindisnet\SkinDisNet\Augmented\SD\SD_73_02.jpg,Seborrheic_Dermatitis,False,DUPLICATE_OF:PSD_00001830,PENDING,,,
PSD_00002343,SkinDisNet,SkinDisNet,n/a,augmented,Seborrheic_Dermatitis,SD_73_03.jpg,C:\Users\manis\Desktop\Final_Year_Project\PapuloNet\datasets\skindisnet\SkinDisNet\Augmented\SD\SD_73_03.jpg,Seborrheic_Dermatitis,False,UNIQUE,FAIL: blur variance 6.1 below threshold 100.0,,,
PSD_00002344,SkinDisNet,SkinDisNet,n/a,augmented,Seborrheic_Dermatitis,SD_73_04.jpg,C:\Users\manis\Desktop\Final_Year_Project\PapuloNet\datasets\skindisnet\SkinDisNet\Augmented\SD\SD_73_04.jpg,Seborrheic_Dermatitis,False,UNIQUE,FAIL: blur variance 10.2 below threshold 100.0,,,
PSD_00002345,SkinDisNet,SkinDisNet,n/a,augmented,Seborrheic_Dermatitis,SD_73_05.jpg,C:\Users\manis\Desktop\Final_Year_Project\PapuloNet\datasets\skindisnet\SkinDisNet\Augmented\SD\SD_73_05.jpg,Seborrheic_Dermatitis,False,DUPLICATE_OF:PSD_00001830,PENDING,,,
PSD_00002346,SkinDisNet,SkinDisNet,n/a,augmented,Seborrheic_Dermatitis,SD_73_06.jpg,C:\Users\manis\Desktop\Final_Year_Project\PapuloNet\datasets\skindisnet\SkinDisNet\Augmented\SD\SD_73_06.jpg,Seborrheic_Dermatitis,False,DUPLICATE_OF:PSD_00001830,PENDING,,,
PSD_00002347,SkinDisNet,SkinDisNet,n/a,augmented,Seborrheic_Dermatitis,SD_73_07.jpg,C:\Users\manis\Desktop\Final_Year_Project\PapuloNet\datasets\skindisnet\SkinDisNet\Augmented\SD\SD_73_07.jpg,Seborrheic_Dermatitis,False,UNIQUE,PASS,PSD_00002347.jpg,224,224
PSD_00002348,SkinDisNet,SkinDisNet,n/a,augmented,Seborrheic_Dermatitis,SD_74_01.jpg,C:\Users\manis\Desktop\Final_Year_Project\PapuloNet\datasets\skindisnet\SkinDisNet\Augmented\SD\SD_74_01.jpg,Seborrheic_Dermatitis,False,UNIQUE,FAIL: blur variance 77.8 below threshold 100.0,,,
PSD_00002349,SkinDisNet,SkinDisNet,n/a,augmented,Seborrheic_Dermatitis,SD_74_02.jpg,C:\Users\manis\Desktop\Final_Year_Project\PapuloNet\datasets\skindisnet\SkinDisNet\Augmented\SD\SD_74_02.jpg,Seborrheic_Dermatitis,False,DUPLICATE_OF:PSD_00001831,PENDING,,,
PSD_00002350,SkinDisNet,SkinDisNet,n/a,augmented,Seborrheic_Dermatitis,SD_74_03.jpg,C:\Users\manis\Desktop\Final_Year_Project\PapuloNet\datasets\skindisnet\SkinDisNet\Augmented\SD\SD_74_03.jpg,Seborrheic_Dermatitis,False,UNIQUE,FAIL: blur variance 47.4 below threshold 100.0,,,
PSD_00002351,SkinDisNet,SkinDisNet,n/a,augmented,Seborrheic_Dermatitis,SD_74_04.jpg,C:\Users\manis\Desktop\Final_Year_Project\PapuloNet\datasets\skindisnet\SkinDisNet\Augmented\SD\SD_74_04.jpg,Seborrheic_Dermatitis,False,UNIQUE,FAIL: blur variance 45.6 below threshold 100.0,,,
PSD_00002352,SkinDisNet,SkinDisNet,n/a,augmented,Seborrheic_Dermatitis,SD_74_05.jpg,C:\Users\manis\Desktop\Final_Year_Project\PapuloNet\datasets\skindisnet\SkinDisNet\Augmented\SD\SD_74_05.jpg,Seborrheic_Dermatitis,False,DUPLICATE_OF:PSD_00001831,PENDING,,,
PSD_00002353,SkinDisNet,SkinDisNet,n/a,augmented,Seborrheic_Dermatitis,SD_74_06.jpg,C:\Users\manis\Desktop\Final_Year_Project\PapuloNet\datasets\skindisnet\SkinDisNet\Augmented\SD\SD_74_06.jpg,Seborrheic_Dermatitis,False,DUPLICATE_OF:PSD_00001831,PENDING,,,
PSD_00002354,SkinDisNet,SkinDisNet,n/a,augmented,Seborrheic_Dermatitis,SD_74_07.jpg,C:\Users\manis\Desktop\Final_Year_Project\PapuloNet\datasets\skindisnet\SkinDisNet\Augmented\SD\SD_74_07.jpg,Seborrheic_Dermatitis,False,DUPLICATE_OF:PSD_00002074,PENDING,,,
PSD_00002355,SkinDisNet,SkinDisNet,n/a,augmented,Seborrheic_Dermatitis,SD_75_01.jpg,C:\Users\manis\Desktop\Final_Year_Project\PapuloNet\datasets\skindisnet\SkinDisNet\Augmented\SD\SD_75_01.jpg,Seborrheic_Dermatitis,False,UNIQUE,FAIL: blur variance 38.3 below threshold 100.0,,,
PSD_00002356,SkinDisNet,SkinDisNet,n/a,augmented,Seborrheic_Dermatitis,SD_75_02.jpg,C:\Users\manis\Desktop\Final_Year_Project\PapuloNet\datasets\skindisnet\SkinDisNet\Augmented\SD\SD_75_02.jpg,Seborrheic_Dermatitis,False,UNIQUE,FAIL: blur variance 68.2 below threshold 100.0,,,
PSD_00002357,SkinDisNet,SkinDisNet,n/a,augmented,Seborrheic_Dermatitis,SD_75_03.jpg,C:\Users\manis\Desktop\Final_Year_Project\PapuloNet\datasets\skindisnet\SkinDisNet\Augmented\SD\SD_75_03.jpg,Seborrheic_Dermatitis,False,UNIQUE,FAIL: blur variance 34.3 below threshold 100.0,,,
PSD_00002358,SkinDisNet,SkinDisNet,n/a,augmented,Seborrheic_Dermatitis,SD_75_04.jpg,C:\Users\manis\Desktop\Final_Year_Project\PapuloNet\datasets\skindisnet\SkinDisNet\Augmented\SD\SD_75_04.jpg,Seborrheic_Dermatitis,False,UNIQUE,FAIL: blur variance 37.7 below threshold 100.0,,,
PSD_00002359,SkinDisNet,SkinDisNet,n/a,augmented,Seborrheic_Dermatitis,SD_75_05.jpg,C:\Users\manis\Desktop\Final_Year_Project\PapuloNet\datasets\skindisnet\SkinDisNet\Augmented\SD\SD_75_05.jpg,Seborrheic_Dermatitis,False,UNIQUE,FAIL: blur variance 96.4 below threshold 100.0,,,
PSD_00002360,SkinDisNet,SkinDisNet,n/a,augmented,Seborrheic_Dermatitis,SD_75_06.jpg,C:\Users\manis\Desktop\Final_Year_Project\PapuloNet\datasets\skindisnet\SkinDisNet\Augmented\SD\SD_75_06.jpg,Seborrheic_Dermatitis,False,DUPLICATE_OF:PSD_00001832,PENDING,,,
PSD_00002361,SkinDisNet,SkinDisNet,n/a,augmented,Seborrheic_Dermatitis,SD_75_07.jpg,C:\Users\manis\Desktop\Final_Year_Project\PapuloNet\datasets\skindisnet\SkinDisNet\Augmented\SD\SD_75_07.jpg,Seborrheic_Dermatitis,False,UNIQUE,PASS,PSD_00002361.jpg,224,224
PSD_00002362,SkinDisNet,SkinDisNet,n/a,augmented,Seborrheic_Dermatitis,SD_76_01.jpg,C:\Users\manis\Desktop\Final_Year_Project\PapuloNet\datasets\skindisnet\SkinDisNet\Augmented\SD\SD_76_01.jpg,Seborrheic_Dermatitis,False,UNIQUE,FAIL: blur variance 26.3 below threshold 100.0,,,
PSD_00002363,SkinDisNet,SkinDisNet,n/a,augmented,Seborrheic_Dermatitis,SD_76_02.jpg,C:\Users\manis\Desktop\Final_Year_Project\PapuloNet\datasets\skindisnet\SkinDisNet\Augmented\SD\SD_76_02.jpg,Seborrheic_Dermatitis,False,UNIQUE,FAIL: blur variance 48.2 below threshold 100.0,,,
PSD_00002364,SkinDisNet,SkinDisNet,n/a,augmented,Seborrheic_Dermatitis,SD_76_03.jpg,C:\Users\manis\Desktop\Final_Year_Project\PapuloNet\datasets\skindisnet\SkinDisNet\Augmented\SD\SD_76_03.jpg,Seborrheic_Dermatitis,False,DUPLICATE_OF:PSD_00001833,PENDING,,,
PSD_00002365,SkinDisNet,SkinDisNet,n/a,augmented,Seborrheic_Dermatitis,SD_76_04.jpg,C:\Users\manis\Desktop\Final_Year_Project\PapuloNet\datasets\skindisnet\SkinDisNet\Augmented\SD\SD_76_04.jpg,Seborrheic_Dermatitis,False,UNIQUE,FAIL: blur variance 21.1 below threshold 100.0,,,
PSD_00002366,SkinDisNet,SkinDisNet,n/a,augmented,Seborrheic_Dermatitis,SD_76_05.jpg,C:\Users\manis\Desktop\Final_Year_Project\PapuloNet\datasets\skindisnet\SkinDisNet\Augmented\SD\SD_76_05.jpg,Seborrheic_Dermatitis,False,DUPLICATE_OF:PSD_00001833,PENDING,,,
PSD_00002367,SkinDisNet,SkinDisNet,n/a,augmented,Seborrheic_Dermatitis,SD_76_06.jpg,C:\Users\manis\Desktop\Final_Year_Project\PapuloNet\datasets\skindisnet\SkinDisNet\Augmented\SD\SD_76_06.jpg,Seborrheic_Dermatitis,False,DUPLICATE_OF:PSD_00001833,PENDING,,,
PSD_00002368,SkinDisNet,SkinDisNet,n/a,augmented,Seborrheic_Dermatitis,SD_76_07.jpg,C:\Users\manis\Desktop\Final_Year_Project\PapuloNet\datasets\skindisnet\SkinDisNet\Augmented\SD\SD_76_07.jpg,Seborrheic_Dermatitis,False,UNIQUE,PASS,PSD_00002368.jpg,224,224
PSD_00002369,SkinDisNet,SkinDisNet,n/a,augmented,Seborrheic_Dermatitis,SD_77_01.jpg,C:\Users\manis\Desktop\Final_Year_Project\PapuloNet\datasets\skindisnet\SkinDisNet\Augmented\SD\SD_77_01.jpg,Seborrheic_Dermatitis,False,UNIQUE,FAIL: blur variance 17.0 below threshold 100.0,,,
PSD_00002370,SkinDisNet,SkinDisNet,n/a,augmented,Seborrheic_Dermatitis,SD_77_02.jpg,C:\Users\manis\Desktop\Final_Year_Project\PapuloNet\datasets\skindisnet\SkinDisNet\Augmented\SD\SD_77_02.jpg,Seborrheic_Dermatitis,False,DUPLICATE_OF:PSD_00001834,PENDING,,,
PSD_00002371,SkinDisNet,SkinDisNet,n/a,augmented,Seborrheic_Dermatitis,SD_77_03.jpg,C:\Users\manis\Desktop\Final_Year_Project\PapuloNet\datasets\skindisnet\SkinDisNet\Augmented\SD\SD_77_03.jpg,Seborrheic_Dermatitis,False,UNIQUE,FAIL: blur variance 10.5 below threshold 100.0,,,
PSD_00002372,SkinDisNet,SkinDisNet,n/a,augmented,Seborrheic_Dermatitis,SD_77_04.jpg,C:\Users\manis\Desktop\Final_Year_Project\PapuloNet\datasets\skindisnet\SkinDisNet\Augmented\SD\SD_77_04.jpg,Seborrheic_Dermatitis,False,UNIQUE,FAIL: blur variance 10.3 below threshold 100.0,,,
PSD_00002373,SkinDisNet,SkinDisNet,n/a,augmented,Seborrheic_Dermatitis,SD_77_05.jpg,C:\Users\manis\Desktop\Final_Year_Project\PapuloNet\datasets\skindisnet\SkinDisNet\Augmented\SD\SD_77_05.jpg,Seborrheic_Dermatitis,False,DUPLICATE_OF:PSD_00001834,PENDING,,,
PSD_00002374,SkinDisNet,SkinDisNet,n/a,augmented,Seborrheic_Dermatitis,SD_77_06.jpg,C:\Users\manis\Desktop\Final_Year_Project\PapuloNet\datasets\skindisnet\SkinDisNet\Augmented\SD\SD_77_06.jpg,Seborrheic_Dermatitis,False,DUPLICATE_OF:PSD_00001834,PENDING,,,
PSD_00002375,SkinDisNet,SkinDisNet,n/a,augmented,Seborrheic_Dermatitis,SD_77_07.jpg,C:\Users\manis\Desktop\Final_Year_Project\PapuloNet\datasets\skindisnet\SkinDisNet\Augmented\SD\SD_77_07.jpg,Seborrheic_Dermatitis,False,UNIQUE,PASS,PSD_00002375.jpg,224,224
PSD_00002376,SkinDisNet,SkinDisNet,n/a,augmented,Seborrheic_Dermatitis,SD_78_01.jpg,C:\Users\manis\Desktop\Final_Year_Project\PapuloNet\datasets\skindisnet\SkinDisNet\Augmented\SD\SD_78_01.jpg,Seborrheic_Dermatitis,False,UNIQUE,FAIL: blur variance 61.4 below threshold 100.0,,,
PSD_00002377,SkinDisNet,SkinDisNet,n/a,augmented,Seborrheic_Dermatitis,SD_78_02.jpg,C:\Users\manis\Desktop\Final_Year_Project\PapuloNet\datasets\skindisnet\SkinDisNet\Augmented\SD\SD_78_02.jpg,Seborrheic_Dermatitis,False,DUPLICATE_OF:PSD_00001766,PENDING,,,
PSD_00002378,SkinDisNet,SkinDisNet,n/a,augmented,Seborrheic_Dermatitis,SD_78_03.jpg,C:\Users\manis\Desktop\Final_Year_Project\PapuloNet\datasets\skindisnet\SkinDisNet\Augmented\SD\SD_78_03.jpg,Seborrheic_Dermatitis,False,UNIQUE,FAIL: blur variance 58.1 below threshold 100.0,,,
PSD_00002379,SkinDisNet,SkinDisNet,n/a,augmented,Seborrheic_Dermatitis,SD_78_04.jpg,C:\Users\manis\Desktop\Final_Year_Project\PapuloNet\datasets\skindisnet\SkinDisNet\Augmented\SD\SD_78_04.jpg,Seborrheic_Dermatitis,False,UNIQUE,FAIL: blur variance 36.4 below threshold 100.0,,,
PSD_00002380,SkinDisNet,SkinDisNet,n/a,augmented,Seborrheic_Dermatitis,SD_78_05.jpg,C:\Users\manis\Desktop\Final_Year_Project\PapuloNet\datasets\skindisnet\SkinDisNet\Augmented\SD\SD_78_05.jpg,Seborrheic_Dermatitis,False,DUPLICATE_OF:PSD_00001766,PENDING,,,
PSD_00002381,SkinDisNet,SkinDisNet,n/a,augmented,Seborrheic_Dermatitis,SD_78_06.jpg,C:\Users\manis\Desktop\Final_Year_Project\PapuloNet\datasets\skindisnet\SkinDisNet\Augmented\SD\SD_78_06.jpg,Seborrheic_Dermatitis,False,DUPLICATE_OF:PSD_00001766,PENDING,,,
PSD_00002382,SkinDisNet,SkinDisNet,n/a,augmented,Seborrheic_Dermatitis,SD_78_07.jpg,C:\Users\manis\Desktop\Final_Year_Project\PapuloNet\datasets\skindisnet\SkinDisNet\Augmented\SD\SD_78_07.jpg,Seborrheic_Dermatitis,False,DUPLICATE_OF:PSD_00001899,PENDING,,,
PSD_00002383,SkinDisNet,SkinDisNet,n/a,augmented,Seborrheic_Dermatitis,SD_79_01.jpg,C:\Users\manis\Desktop\Final_Year_Project\PapuloNet\datasets\skindisnet\SkinDisNet\Augmented\SD\SD_79_01.jpg,Seborrheic_Dermatitis,False,UNIQUE,PASS,PSD_00002383.jpg,224,224
PSD_00002384,SkinDisNet,SkinDisNet,n/a,augmented,Seborrheic_Dermatitis,SD_79_02.jpg,C:\Users\manis\Desktop\Final_Year_Project\PapuloNet\datasets\skindisnet\SkinDisNet\Augmented\SD\SD_79_02.jpg,Seborrheic_Dermatitis,False,UNIQUE,PASS,PSD_00002384.jpg,224,224
PSD_00002385,SkinDisNet,SkinDisNet,n/a,augmented,Seborrheic_Dermatitis,SD_79_03.jpg,C:\Users\manis\Desktop\Final_Year_Project\PapuloNet\datasets\skindisnet\SkinDisNet\Augmented\SD\SD_79_03.jpg,Seborrheic_Dermatitis,False,UNIQUE,PASS,PSD_00002385.jpg,224,224
PSD_00002386,SkinDisNet,SkinDisNet,n/a,augmented,Seborrheic_Dermatitis,SD_79_04.jpg,C:\Users\manis\Desktop\Final_Year_Project\PapuloNet\datasets\skindisnet\SkinDisNet\Augmented\SD\SD_79_04.jpg,Seborrheic_Dermatitis,False,UNIQUE,PASS,PSD_00002386.jpg,224,224
PSD_00002387,SkinDisNet,SkinDisNet,n/a,augmented,Seborrheic_Dermatitis,SD_79_05.jpg,C:\Users\manis\Desktop\Final_Year_Project\PapuloNet\datasets\skindisnet\SkinDisNet\Augmented\SD\SD_79_05.jpg,Seborrheic_Dermatitis,False,DUPLICATE_OF:PSD_00001836,PENDING,,,
PSD_00002388,SkinDisNet,SkinDisNet,n/a,augmented,Seborrheic_Dermatitis,SD_79_06.jpg,C:\Users\manis\Desktop\Final_Year_Project\PapuloNet\datasets\skindisnet\SkinDisNet\Augmented\SD\SD_79_06.jpg,Seborrheic_Dermatitis,False,DUPLICATE_OF:PSD_00001836,PENDING,,,
PSD_00002389,SkinDisNet,SkinDisNet,n/a,augmented,Seborrheic_Dermatitis,SD_79_07.jpg,C:\Users\manis\Desktop\Final_Year_Project\PapuloNet\datasets\skindisnet\SkinDisNet\Augmented\SD\SD_79_07.jpg,Seborrheic_Dermatitis,False,DUPLICATE_OF:PSD_00001906,PENDING,,,
PSD_00002390,SkinDisNet,SkinDisNet_2,n/a,original,Seborrheic_Dermatitis,SD (1).jpg,C:\Users\manis\Desktop\Final_Year_Project\PapuloNet\datasets\skindisnet\SkinDisNet_2\Preprocessed\Seborrheic Dermatitis (SD)\SD (1).jpg,Seborrheic_Dermatitis,False,UNIQUE,FAIL: blur variance 21.6 below threshold 100.0,,,
PSD_00002391,SkinDisNet,SkinDisNet_2,n/a,original,Seborrheic_Dermatitis,SD (10).jpg,C:\Users\manis\Desktop\Final_Year_Project\PapuloNet\datasets\skindisnet\SkinDisNet_2\Preprocessed\Seborrheic Dermatitis (SD)\SD (10).jpg,Seborrheic_Dermatitis,False,DUPLICATE_OF:PSD_00001776,PENDING,,,
PSD_00002392,SkinDisNet,SkinDisNet_2,n/a,original,Seborrheic_Dermatitis,SD (11).jpg,C:\Users\manis\Desktop\Final_Year_Project\PapuloNet\datasets\skindisnet\SkinDisNet_2\Preprocessed\Seborrheic Dermatitis (SD)\SD (11).jpg,Seborrheic_Dermatitis,False,DUPLICATE_OF:PSD_00001782,PENDING,,,
PSD_00002393,SkinDisNet,SkinDisNet_2,n/a,original,Seborrheic_Dermatitis,SD (12).jpg,C:\Users\manis\Desktop\Final_Year_Project\PapuloNet\datasets\skindisnet\SkinDisNet_2\Preprocessed\Seborrheic Dermatitis (SD)\SD (12).jpg,Seborrheic_Dermatitis,False,DUPLICATE_OF:PSD_00001759,PENDING,,,
PSD_00002394,SkinDisNet,SkinDisNet_2,n/a,original,Seborrheic_Dermatitis,SD (13).jpg,C:\Users\manis\Desktop\Final_Year_Project\PapuloNet\datasets\skindisnet\SkinDisNet_2\Preprocessed\Seborrheic Dermatitis (SD)\SD (13).jpg,Seborrheic_Dermatitis,False,DUPLICATE_OF:PSD_00001834,PENDING,,,
PSD_00002395,SkinDisNet,SkinDisNet_2,n/a,original,Seborrheic_Dermatitis,SD (14).jpg,C:\Users\manis\Desktop\Final_Year_Project\PapuloNet\datasets\skindisnet\SkinDisNet_2\Preprocessed\Seborrheic Dermatitis (SD)\SD (14).jpg,Seborrheic_Dermatitis,False,DUPLICATE_OF:PSD_00001819,PENDING,,,
PSD_00002396,SkinDisNet,SkinDisNet_2,n/a,original,Seborrheic_Dermatitis,SD (15).jpg,C:\Users\manis\Desktop\Final_Year_Project\PapuloNet\datasets\skindisnet\SkinDisNet_2\Preprocessed\Seborrheic Dermatitis (SD)\SD (15).jpg,Seborrheic_Dermatitis,False,DUPLICATE_OF:PSD_00001829,PENDING,,,
PSD_00002397,SkinDisNet,SkinDisNet_2,n/a,original,Seborrheic_Dermatitis,SD (16).jpg,C:\Users\manis\Desktop\Final_Year_Project\PapuloNet\datasets\skindisnet\SkinDisNet_2\Preprocessed\Seborrheic Dermatitis (SD)\SD (16).jpg,Seborrheic_Dermatitis,False,DUPLICATE_OF:PSD_00001818,PENDING,,,
PSD_00002398,SkinDisNet,SkinDisNet_2,n/a,original,Seborrheic_Dermatitis,SD (17).jpg,C:\Users\manis\Desktop\Final_Year_Project\PapuloNet\datasets\skindisnet\SkinDisNet_2\Preprocessed\Seborrheic Dermatitis (SD)\SD (17).jpg,Seborrheic_Dermatitis,False,DUPLICATE_OF:PSD_00001832,PENDING,,,
PSD_00002399,SkinDisNet,SkinDisNet_2,n/a,original,Seborrheic_Dermatitis,SD (18).jpg,C:\Users\manis\Desktop\Final_Year_Project\PapuloNet\datasets\skindisnet\SkinDisNet_2\Preprocessed\Seborrheic Dermatitis (SD)\SD (18).jpg,Seborrheic_Dermatitis,False,DUPLICATE_OF:PSD_00001778,PENDING,,,
PSD_00002400,SkinDisNet,SkinDisNet_2,n/a,original,Seborrheic_Dermatitis,SD (19).jpg,C:\Users\manis\Desktop\Final_Year_Project\PapuloNet\datasets\skindisnet\SkinDisNet_2\Preprocessed\Seborrheic Dermatitis (SD)\SD (19).jpg,Seborrheic_Dermatitis,False,DUPLICATE_OF:PSD_00001814,PENDING,,,
PSD_00002401,SkinDisNet,SkinDisNet_2,n/a,original,Seborrheic_Dermatitis,SD (2).jpg,C:\Users\manis\Desktop\Final_Year_Project\PapuloNet\datasets\skindisnet\SkinDisNet_2\Preprocessed\Seborrheic Dermatitis (SD)\SD (2).jpg,Seborrheic_Dermatitis,False,UNIQUE,FAIL: blur variance 20.4 below threshold 100.0,,,
PSD_00002402,SkinDisNet,SkinDisNet_2,n/a,original,Seborrheic_Dermatitis,SD (20).jpg,C:\Users\manis\Desktop\Final_Year_Project\PapuloNet\datasets\skindisnet\SkinDisNet_2\Preprocessed\Seborrheic Dermatitis (SD)\SD (20).jpg,Seborrheic_Dermatitis,False,DUPLICATE_OF:PSD_00001807,PENDING,,,
PSD_00002403,SkinDisNet,SkinDisNet_2,n/a,original,Seborrheic_Dermatitis,SD (21).jpg,C:\Users\manis\Desktop\Final_Year_Project\PapuloNet\datasets\skindisnet\SkinDisNet_2\Preprocessed\Seborrheic Dermatitis (SD)\SD (21).jpg,Seborrheic_Dermatitis,False,DUPLICATE_OF:PSD_00001797,PENDING,,,
PSD_00002404,SkinDisNet,SkinDisNet_2,n/a,original,Seborrheic_Dermatitis,SD (22).jpg,C:\Users\manis\Desktop\Final_Year_Project\PapuloNet\datasets\skindisnet\SkinDisNet_2\Preprocessed\Seborrheic Dermatitis (SD)\SD (22).jpg,Seborrheic_Dermatitis,False,DUPLICATE_OF:PSD_00001801,PENDING,,,
PSD_00002405,SkinDisNet,SkinDisNet_2,n/a,original,Seborrheic_Dermatitis,SD (23).jpg,C:\Users\manis\Desktop\Final_Year_Project\PapuloNet\datasets\skindisnet\SkinDisNet_2\Preprocessed\Seborrheic Dermatitis (SD)\SD (23).jpg,Seborrheic_Dermatitis,False,UNIQUE,FAIL: blur variance 7.7 below threshold 100.0,,,
PSD_00002406,SkinDisNet,SkinDisNet_2,n/a,original,Seborrheic_Dermatitis,SD (24).jpg,C:\Users\manis\Desktop\Final_Year_Project\PapuloNet\datasets\skindisnet\SkinDisNet_2\Preprocessed\Seborrheic Dermatitis (SD)\SD (24).jpg,Seborrheic_Dermatitis,False,DUPLICATE_OF:PSD_00001774,PENDING,,,
PSD_00002407,SkinDisNet,SkinDisNet_2,n/a,original,Seborrheic_Dermatitis,SD (25).jpg,C:\Users\manis\Desktop\Final_Year_Project\PapuloNet\datasets\skindisnet\SkinDisNet_2\Preprocessed\Seborrheic Dermatitis (SD)\SD (25).jpg,Seborrheic_Dermatitis,False,DUPLICATE_OF:PSD_00001799,PENDING,,,
PSD_00002408,SkinDisNet,SkinDisNet_2,n/a,original,Seborrheic_Dermatitis,SD (26).jpg,C:\Users\manis\Desktop\Final_Year_Project\PapuloNet\datasets\skindisnet\SkinDisNet_2\Preprocessed\Seborrheic Dermatitis (SD)\SD (26).jpg,Seborrheic_Dermatitis,False,DUPLICATE_OF:PSD_00001805,PENDING,,,
PSD_00002409,SkinDisNet,SkinDisNet_2,n/a,original,Seborrheic_Dermatitis,SD (27).jpg,C:\Users\manis\Desktop\Final_Year_Project\PapuloNet\datasets\skindisnet\SkinDisNet_2\Preprocessed\Seborrheic Dermatitis (SD)\SD (27).jpg,Seborrheic_Dermatitis,False,DUPLICATE_OF:PSD_00001786,PENDING,,,
PSD_00002410,SkinDisNet,SkinDisNet_2,n/a,original,Seborrheic_Dermatitis,SD (28).jpg,C:\Users\manis\Desktop\Final_Year_Project\PapuloNet\datasets\skindisnet\SkinDisNet_2\Preprocessed\Seborrheic Dermatitis (SD)\SD (28).jpg,Seborrheic_Dermatitis,False,DUPLICATE_OF:PSD_00001781,PENDING,,,
PSD_00002411,SkinDisNet,SkinDisNet_2,n/a,original,Seborrheic_Dermatitis,SD (29).jpg,C:\Users\manis\Desktop\Final_Year_Project\PapuloNet\datasets\skindisnet\SkinDisNet_2\Preprocessed\Seborrheic Dermatitis (SD)\SD (29).jpg,Seborrheic_Dermatitis,False,UNIQUE,FAIL: blur variance 3.7 below threshold 100.0,,,
PSD_00002412,SkinDisNet,SkinDisNet_2,n/a,original,Seborrheic_Dermatitis,SD (3).jpg,C:\Users\manis\Desktop\Final_Year_Project\PapuloNet\datasets\skindisnet\SkinDisNet_2\Preprocessed\Seborrheic Dermatitis (SD)\SD (3).jpg,Seborrheic_Dermatitis,False,DUPLICATE_OF:PSD_00001808,PENDING,,,
PSD_00002413,SkinDisNet,SkinDisNet_2,n/a,original,Seborrheic_Dermatitis,SD (30).jpg,C:\Users\manis\Desktop\Final_Year_Project\PapuloNet\datasets\skindisnet\SkinDisNet_2\Preprocessed\Seborrheic Dermatitis (SD)\SD (30).jpg,Seborrheic_Dermatitis,False,DUPLICATE_OF:PSD_00001803,PENDING,,,
PSD_00002414,SkinDisNet,SkinDisNet_2,n/a,original,Seborrheic_Dermatitis,SD (31).jpg,C:\Users\manis\Desktop\Final_Year_Project\PapuloNet\datasets\skindisnet\SkinDisNet_2\Preprocessed\Seborrheic Dermatitis (SD)\SD (31).jpg,Seborrheic_Dermatitis,False,DUPLICATE_OF:PSD_00001802,PENDING,,,
PSD_00002415,SkinDisNet,SkinDisNet_2,n/a,original,Seborrheic_Dermatitis,SD (32).jpg,C:\Users\manis\Desktop\Final_Year_Project\PapuloNet\datasets\skindisnet\SkinDisNet_2\Preprocessed\Seborrheic Dermatitis (SD)\SD (32).jpg,Seborrheic_Dermatitis,False,DUPLICATE_OF:PSD_00001830,PENDING,,,
PSD_00002416,SkinDisNet,SkinDisNet_2,n/a,original,Seborrheic_Dermatitis,SD (33).jpg,C:\Users\manis\Desktop\Final_Year_Project\PapuloNet\datasets\skindisnet\SkinDisNet_2\Preprocessed\Seborrheic Dermatitis (SD)\SD (33).jpg,Seborrheic_Dermatitis,False,DUPLICATE_OF:PSD_00001824,PENDING,,,
PSD_00002417,SkinDisNet,SkinDisNet_2,n/a,original,Seborrheic_Dermatitis,SD (34).jpg,C:\Users\manis\Desktop\Final_Year_Project\PapuloNet\datasets\skindisnet\SkinDisNet_2\Preprocessed\Seborrheic Dermatitis (SD)\SD (34).jpg,Seborrheic_Dermatitis,False,DUPLICATE_OF:PSD_00001798,PENDING,,,
PSD_00002418,SkinDisNet,SkinDisNet_2,n/a,original,Seborrheic_Dermatitis,SD (35).jpg,C:\Users\manis\Desktop\Final_Year_Project\PapuloNet\datasets\skindisnet\SkinDisNet_2\Preprocessed\Seborrheic Dermatitis (SD)\SD (35).jpg,Seborrheic_Dermatitis,False,DUPLICATE_OF:PSD_00001788,PENDING,,,
PSD_00002419,SkinDisNet,SkinDisNet_2,n/a,original,Seborrheic_Dermatitis,SD (36).jpg,C:\Users\manis\Desktop\Final_Year_Project\PapuloNet\datasets\skindisnet\SkinDisNet_2\Preprocessed\Seborrheic Dermatitis (SD)\SD (36).jpg,Seborrheic_Dermatitis,False,DUPLICATE_OF:PSD_00001768,PENDING,,,
PSD_00002420,SkinDisNet,SkinDisNet_2,n/a,original,Seborrheic_Dermatitis,SD (37).jpg,C:\Users\manis\Desktop\Final_Year_Project\PapuloNet\datasets\skindisnet\SkinDisNet_2\Preprocessed\Seborrheic Dermatitis (SD)\SD (37).jpg,Seborrheic_Dermatitis,False,DUPLICATE_OF:PSD_00001783,PENDING,,,
PSD_00002421,SkinDisNet,SkinDisNet_2,n/a,original,Seborrheic_Dermatitis,SD (38).jpg,C:\Users\manis\Desktop\Final_Year_Project\PapuloNet\datasets\skindisnet\SkinDisNet_2\Preprocessed\Seborrheic Dermatitis (SD)\SD (38).jpg,Seborrheic_Dermatitis,False,DUPLICATE_OF:PSD_00001777,PENDING,,,
PSD_00002422,SkinDisNet,SkinDisNet_2,n/a,original,Seborrheic_Dermatitis,SD (39).jpg,C:\Users\manis\Desktop\Final_Year_Project\PapuloNet\datasets\skindisnet\SkinDisNet_2\Preprocessed\Seborrheic Dermatitis (SD)\SD (39).jpg,Seborrheic_Dermatitis,False,DUPLICATE_OF:PSD_00001823,PENDING,,,
PSD_00002423,SkinDisNet,SkinDisNet_2,n/a,original,Seborrheic_Dermatitis,SD (4).jpg,C:\Users\manis\Desktop\Final_Year_Project\PapuloNet\datasets\skindisnet\SkinDisNet_2\Preprocessed\Seborrheic Dermatitis (SD)\SD (4).jpg,Seborrheic_Dermatitis,False,DUPLICATE_OF:PSD_00001804,PENDING,,,
PSD_00002424,SkinDisNet,SkinDisNet_2,n/a,original,Seborrheic_Dermatitis,SD (40).jpg,C:\Users\manis\Desktop\Final_Year_Project\PapuloNet\datasets\skindisnet\SkinDisNet_2\Preprocessed\Seborrheic Dermatitis (SD)\SD (40).jpg,Seborrheic_Dermatitis,False,DUPLICATE_OF:PSD_00001794,PENDING,,,
PSD_00002425,SkinDisNet,SkinDisNet_2,n/a,original,Seborrheic_Dermatitis,SD (41).jpg,C:\Users\manis\Desktop\Final_Year_Project\PapuloNet\datasets\skindisnet\SkinDisNet_2\Preprocessed\Seborrheic Dermatitis (SD)\SD (41).jpg,Seborrheic_Dermatitis,False,DUPLICATE_OF:PSD_00001763,PENDING,,,
PSD_00002426,SkinDisNet,SkinDisNet_2,n/a,original,Seborrheic_Dermatitis,SD (42).jpg,C:\Users\manis\Desktop\Final_Year_Project\PapuloNet\datasets\skindisnet\SkinDisNet_2\Preprocessed\Seborrheic Dermatitis (SD)\SD (42).jpg,Seborrheic_Dermatitis,False,DUPLICATE_OF:PSD_00001831,PENDING,,,
PSD_00002427,SkinDisNet,SkinDisNet_2,n/a,original,Seborrheic_Dermatitis,SD (43).jpg,C:\Users\manis\Desktop\Final_Year_Project\PapuloNet\datasets\skindisnet\SkinDisNet_2\Preprocessed\Seborrheic Dermatitis (SD)\SD (43).jpg,Seborrheic_Dermatitis,False,DUPLICATE_OF:PSD_00001779,PENDING,,,
PSD_00002428,SkinDisNet,SkinDisNet_2,n/a,original,Seborrheic_Dermatitis,SD (44).jpg,C:\Users\manis\Desktop\Final_Year_Project\PapuloNet\datasets\skindisnet\SkinDisNet_2\Preprocessed\Seborrheic Dermatitis (SD)\SD (44).jpg,Seborrheic_Dermatitis,False,DUPLICATE_OF:PSD_00001796,PENDING,,,
PSD_00002429,SkinDisNet,SkinDisNet_2,n/a,original,Seborrheic_Dermatitis,SD (45).jpg,C:\Users\manis\Desktop\Final_Year_Project\PapuloNet\datasets\skindisnet\SkinDisNet_2\Preprocessed\Seborrheic Dermatitis (SD)\SD (45).jpg,Seborrheic_Dermatitis,False,DUPLICATE_OF:PSD_00001780,PENDING,,,
PSD_00002430,SkinDisNet,SkinDisNet_2,n/a,original,Seborrheic_Dermatitis,SD (46).jpg,C:\Users\manis\Desktop\Final_Year_Project\PapuloNet\datasets\skindisnet\SkinDisNet_2\Preprocessed\Seborrheic Dermatitis (SD)\SD (46).jpg,Seborrheic_Dermatitis,False,DUPLICATE_OF:PSD_00001791,PENDING,,,
PSD_00002431,SkinDisNet,SkinDisNet_2,n/a,original,Seborrheic_Dermatitis,SD (47).jpg,C:\Users\manis\Desktop\Final_Year_Project\PapuloNet\datasets\skindisnet\SkinDisNet_2\Preprocessed\Seborrheic Dermatitis (SD)\SD (47).jpg,Seborrheic_Dermatitis,False,DUPLICATE_OF:PSD_00001800,PENDING,,,
PSD_00002432,SkinDisNet,SkinDisNet_2,n/a,original,Seborrheic_Dermatitis,SD (48).jpg,C:\Users\manis\Desktop\Final_Year_Project\PapuloNet\datasets\skindisnet\SkinDisNet_2\Preprocessed\Seborrheic Dermatitis (SD)\SD (48).jpg,Seborrheic_Dermatitis,False,DUPLICATE_OF:PSD_00001795,PENDING,,,
PSD_00002433,SkinDisNet,SkinDisNet_2,n/a,original,Seborrheic_Dermatitis,SD (49).jpg,C:\Users\manis\Desktop\Final_Year_Project\PapuloNet\datasets\skindisnet\SkinDisNet_2\Preprocessed\Seborrheic Dermatitis (SD)\SD (49).jpg,Seborrheic_Dermatitis,False,DUPLICATE_OF:PSD_00001769,PENDING,,,
PSD_00002434,SkinDisNet,SkinDisNet_2,n/a,original,Seborrheic_Dermatitis,SD (5).jpg,C:\Users\manis\Desktop\Final_Year_Project\PapuloNet\datasets\skindisnet\SkinDisNet_2\Preprocessed\Seborrheic Dermatitis (SD)\SD (5).jpg,Seborrheic_Dermatitis,False,UNIQUE,PASS,PSD_00002434.jpg,224,224
PSD_00002435,SkinDisNet,SkinDisNet_2,n/a,original,Seborrheic_Dermatitis,SD (50).jpg,C:\Users\manis\Desktop\Final_Year_Project\PapuloNet\datasets\skindisnet\SkinDisNet_2\Preprocessed\Seborrheic Dermatitis (SD)\SD (50).jpg,Seborrheic_Dermatitis,False,UNIQUE,FAIL: blur variance 21.8 below threshold 100.0,,,
PSD_00002436,SkinDisNet,SkinDisNet_2,n/a,original,Seborrheic_Dermatitis,SD (51).jpg,C:\Users\manis\Desktop\Final_Year_Project\PapuloNet\datasets\skindisnet\SkinDisNet_2\Preprocessed\Seborrheic Dermatitis (SD)\SD (51).jpg,Seborrheic_Dermatitis,False,DUPLICATE_OF:PSD_00001820,PENDING,,,
PSD_00002437,SkinDisNet,SkinDisNet_2,n/a,original,Seborrheic_Dermatitis,SD (52).jpg,C:\Users\manis\Desktop\Final_Year_Project\PapuloNet\datasets\skindisnet\SkinDisNet_2\Preprocessed\Seborrheic Dermatitis (SD)\SD (52).jpg,Seborrheic_Dermatitis,False,DUPLICATE_OF:PSD_00001793,PENDING,,,
PSD_00002438,SkinDisNet,SkinDisNet_2,n/a,original,Seborrheic_Dermatitis,SD (53).jpg,C:\Users\manis\Desktop\Final_Year_Project\PapuloNet\datasets\skindisnet\SkinDisNet_2\Preprocessed\Seborrheic Dermatitis (SD)\SD (53).jpg,Seborrheic_Dermatitis,False,DUPLICATE_OF:PSD_00001766,PENDING,,,
PSD_00002439,SkinDisNet,SkinDisNet_2,n/a,original,Seborrheic_Dermatitis,SD (54).jpg,C:\Users\manis\Desktop\Final_Year_Project\PapuloNet\datasets\skindisnet\SkinDisNet_2\Preprocessed\Seborrheic Dermatitis (SD)\SD (54).jpg,Seborrheic_Dermatitis,False,DUPLICATE_OF:PSD_00001766,PENDING,,,
PSD_00002440,SkinDisNet,SkinDisNet_2,n/a,original,Seborrheic_Dermatitis,SD (55).jpg,C:\Users\manis\Desktop\Final_Year_Project\PapuloNet\datasets\skindisnet\SkinDisNet_2\Preprocessed\Seborrheic Dermatitis (SD)\SD (55).jpg,Seborrheic_Dermatitis,False,DUPLICATE_OF:PSD_00001764,PENDING,,,
PSD_00002441,SkinDisNet,SkinDisNet_2,n/a,original,Seborrheic_Dermatitis,SD (56).jpg,C:\Users\manis\Desktop\Final_Year_Project\PapuloNet\datasets\skindisnet\SkinDisNet_2\Preprocessed\Seborrheic Dermatitis (SD)\SD (56).jpg,Seborrheic_Dermatitis,False,DUPLICATE_OF:PSD_00001817,PENDING,,,
PSD_00002442,SkinDisNet,SkinDisNet_2,n/a,original,Seborrheic_Dermatitis,SD (57).jpg,C:\Users\manis\Desktop\Final_Year_Project\PapuloNet\datasets\skindisnet\SkinDisNet_2\Preprocessed\Seborrheic Dermatitis (SD)\SD (57).jpg,Seborrheic_Dermatitis,False,DUPLICATE_OF:PSD_00001810,PENDING,,,
PSD_00002443,SkinDisNet,SkinDisNet_2,n/a,original,Seborrheic_Dermatitis,SD (58).jpg,C:\Users\manis\Desktop\Final_Year_Project\PapuloNet\datasets\skindisnet\SkinDisNet_2\Preprocessed\Seborrheic Dermatitis (SD)\SD (58).jpg,Seborrheic_Dermatitis,False,DUPLICATE_OF:PSD_00001806,PENDING,,,
PSD_00002444,SkinDisNet,SkinDisNet_2,n/a,original,Seborrheic_Dermatitis,SD (59).jpg,C:\Users\manis\Desktop\Final_Year_Project\PapuloNet\datasets\skindisnet\SkinDisNet_2\Preprocessed\Seborrheic Dermatitis (SD)\SD (59).jpg,Seborrheic_Dermatitis,False,DUPLICATE_OF:PSD_00001772,PENDING,,,
PSD_00002445,SkinDisNet,SkinDisNet_2,n/a,original,Seborrheic_Dermatitis,SD (6).jpg,C:\Users\manis\Desktop\Final_Year_Project\PapuloNet\datasets\skindisnet\SkinDisNet_2\Preprocessed\Seborrheic Dermatitis (SD)\SD (6).jpg,Seborrheic_Dermatitis,False,DUPLICATE_OF:PSD_00001765,PENDING,,,
PSD_00002446,SkinDisNet,SkinDisNet_2,n/a,original,Seborrheic_Dermatitis,SD (60).jpg,C:\Users\manis\Desktop\Final_Year_Project\PapuloNet\datasets\skindisnet\SkinDisNet_2\Preprocessed\Seborrheic Dermatitis (SD)\SD (60).jpg,Seborrheic_Dermatitis,False,UNIQUE,FAIL: blur variance 26.7 below threshold 100.0,,,
PSD_00002447,SkinDisNet,SkinDisNet_2,n/a,original,Seborrheic_Dermatitis,SD (61).jpg,C:\Users\manis\Desktop\Final_Year_Project\PapuloNet\datasets\skindisnet\SkinDisNet_2\Preprocessed\Seborrheic Dermatitis (SD)\SD (61).jpg,Seborrheic_Dermatitis,False,DUPLICATE_OF:PSD_00001822,PENDING,,,
PSD_00002448,SkinDisNet,SkinDisNet_2,n/a,original,Seborrheic_Dermatitis,SD (62).jpg,C:\Users\manis\Desktop\Final_Year_Project\PapuloNet\datasets\skindisnet\SkinDisNet_2\Preprocessed\Seborrheic Dermatitis (SD)\SD (62).jpg,Seborrheic_Dermatitis,False,DUPLICATE_OF:PSD_00001761,PENDING,,,
PSD_00002449,SkinDisNet,SkinDisNet_2,n/a,original,Seborrheic_Dermatitis,SD (63).jpg,C:\Users\manis\Desktop\Final_Year_Project\PapuloNet\datasets\skindisnet\SkinDisNet_2\Preprocessed\Seborrheic Dermatitis (SD)\SD (63).jpg,Seborrheic_Dermatitis,False,DUPLICATE_OF:PSD_00001833,PENDING,,,
PSD_00002450,SkinDisNet,SkinDisNet_2,n/a,original,Seborrheic_Dermatitis,SD (64).jpg,C:\Users\manis\Desktop\Final_Year_Project\PapuloNet\datasets\skindisnet\SkinDisNet_2\Preprocessed\Seborrheic Dermatitis (SD)\SD (64).jpg,Seborrheic_Dermatitis,False,DUPLICATE_OF:PSD_00001773,PENDING,,,
PSD_00002451,SkinDisNet,SkinDisNet_2,n/a,original,Seborrheic_Dermatitis,SD (65).jpg,C:\Users\manis\Desktop\Final_Year_Project\PapuloNet\datasets\skindisnet\SkinDisNet_2\Preprocessed\Seborrheic Dermatitis (SD)\SD (65).jpg,Seborrheic_Dermatitis,False,DUPLICATE_OF:PSD_00001821,PENDING,,,
PSD_00002452,SkinDisNet,SkinDisNet_2,n/a,original,Seborrheic_Dermatitis,SD (66).jpg,C:\Users\manis\Desktop\Final_Year_Project\PapuloNet\datasets\skindisnet\SkinDisNet_2\Preprocessed\Seborrheic Dermatitis (SD)\SD (66).jpg,Seborrheic_Dermatitis,False,DUPLICATE_OF:PSD_00001816,PENDING,,,
PSD_00002453,SkinDisNet,SkinDisNet_2,n/a,original,Seborrheic_Dermatitis,SD (67).jpg,C:\Users\manis\Desktop\Final_Year_Project\PapuloNet\datasets\skindisnet\SkinDisNet_2\Preprocessed\Seborrheic Dermatitis (SD)\SD (67).jpg,Seborrheic_Dermatitis,False,DUPLICATE_OF:PSD_00001813,PENDING,,,
PSD_00002454,SkinDisNet,SkinDisNet_2,n/a,original,Seborrheic_Dermatitis,SD (68).jpg,C:\Users\manis\Desktop\Final_Year_Project\PapuloNet\datasets\skindisnet\SkinDisNet_2\Preprocessed\Seborrheic Dermatitis (SD)\SD (68).jpg,Seborrheic_Dermatitis,False,DUPLICATE_OF:PSD_00001767,PENDING,,,
PSD_00002455,SkinDisNet,SkinDisNet_2,n/a,original,Seborrheic_Dermatitis,SD (69).jpg,C:\Users\manis\Desktop\Final_Year_Project\PapuloNet\datasets\skindisnet\SkinDisNet_2\Preprocessed\Seborrheic Dermatitis (SD)\SD (69).jpg,Seborrheic_Dermatitis,False,DUPLICATE_OF:PSD_00001836,PENDING,,,
PSD_00002456,SkinDisNet,SkinDisNet_2,n/a,original,Seborrheic_Dermatitis,SD (7).jpg,C:\Users\manis\Desktop\Final_Year_Project\PapuloNet\datasets\skindisnet\SkinDisNet_2\Preprocessed\Seborrheic Dermatitis (SD)\SD (7).jpg,Seborrheic_Dermatitis,False,DUPLICATE_OF:PSD_00001812,PENDING,,,
PSD_00002457,SkinDisNet,SkinDisNet_2,n/a,original,Seborrheic_Dermatitis,SD (70).jpg,C:\Users\manis\Desktop\Final_Year_Project\PapuloNet\datasets\skindisnet\SkinDisNet_2\Preprocessed\Seborrheic Dermatitis (SD)\SD (70).jpg,Seborrheic_Dermatitis,False,DUPLICATE_OF:PSD_00001760,PENDING,,,
PSD_00002458,SkinDisNet,SkinDisNet_2,n/a,original,Seborrheic_Dermatitis,SD (71).jpg,C:\Users\manis\Desktop\Final_Year_Project\PapuloNet\datasets\skindisnet\SkinDisNet_2\Preprocessed\Seborrheic Dermatitis (SD)\SD (71).jpg,Seborrheic_Dermatitis,False,DUPLICATE_OF:PSD_00001760,PENDING,,,
PSD_00002459,SkinDisNet,SkinDisNet_2,n/a,original,Seborrheic_Dermatitis,SD (72).jpg,C:\Users\manis\Desktop\Final_Year_Project\PapuloNet\datasets\skindisnet\SkinDisNet_2\Preprocessed\Seborrheic Dermatitis (SD)\SD (72).jpg,Seborrheic_Dermatitis,False,DUPLICATE_OF:PSD_00001792,PENDING,,,
PSD_00002460,SkinDisNet,SkinDisNet_2,n/a,original,Seborrheic_Dermatitis,SD (73).jpg,C:\Users\manis\Desktop\Final_Year_Project\PapuloNet\datasets\skindisnet\SkinDisNet_2\Preprocessed\Seborrheic Dermatitis (SD)\SD (73).jpg,Seborrheic_Dermatitis,False,DUPLICATE_OF:PSD_00001785,PENDING,,,
PSD_00002461,SkinDisNet,SkinDisNet_2,n/a,original,Seborrheic_Dermatitis,SD (74).jpg,C:\Users\manis\Desktop\Final_Year_Project\PapuloNet\datasets\skindisnet\SkinDisNet_2\Preprocessed\Seborrheic Dermatitis (SD)\SD (74).jpg,Seborrheic_Dermatitis,False,DUPLICATE_OF:PSD_00001771,PENDING,,,
PSD_00002462,SkinDisNet,SkinDisNet_2,n/a,original,Seborrheic_Dermatitis,SD (75).jpg,C:\Users\manis\Desktop\Final_Year_Project\PapuloNet\datasets\skindisnet\SkinDisNet_2\Preprocessed\Seborrheic Dermatitis (SD)\SD (75).jpg,Seborrheic_Dermatitis,False,DUPLICATE_OF:PSD_00001827,PENDING,,,
PSD_00002463,SkinDisNet,SkinDisNet_2,n/a,original,Seborrheic_Dermatitis,SD (76).jpg,C:\Users\manis\Desktop\Final_Year_Project\PapuloNet\datasets\skindisnet\SkinDisNet_2\Preprocessed\Seborrheic Dermatitis (SD)\SD (76).jpg,Seborrheic_Dermatitis,False,DUPLICATE_OF:PSD_00001784,PENDING,,,
PSD_00002464,SkinDisNet,SkinDisNet_2,n/a,original,Seborrheic_Dermatitis,SD (77).jpg,C:\Users\manis\Desktop\Final_Year_Project\PapuloNet\datasets\skindisnet\SkinDisNet_2\Preprocessed\Seborrheic Dermatitis (SD)\SD (77).jpg,Seborrheic_Dermatitis,False,DUPLICATE_OF:PSD_00001811,PENDING,,,
PSD_00002465,SkinDisNet,SkinDisNet_2,n/a,original,Seborrheic_Dermatitis,SD (78).jpg,C:\Users\manis\Desktop\Final_Year_Project\PapuloNet\datasets\skindisnet\SkinDisNet_2\Preprocessed\Seborrheic Dermatitis (SD)\SD (78).jpg,Seborrheic_Dermatitis,False,DUPLICATE_OF:PSD_00001790,PENDING,,,
PSD_00002466,SkinDisNet,SkinDisNet_2,n/a,original,Seborrheic_Dermatitis,SD (79).jpg,C:\Users\manis\Desktop\Final_Year_Project\PapuloNet\datasets\skindisnet\SkinDisNet_2\Preprocessed\Seborrheic Dermatitis (SD)\SD (79).jpg,Seborrheic_Dermatitis,False,DUPLICATE_OF:PSD_00001775,PENDING,,,
PSD_00002467,SkinDisNet,SkinDisNet_2,n/a,original,Seborrheic_Dermatitis,SD (8).jpg,C:\Users\manis\Desktop\Final_Year_Project\PapuloNet\datasets\skindisnet\SkinDisNet_2\Preprocessed\Seborrheic Dermatitis (SD)\SD (8).jpg,Seborrheic_Dermatitis,False,DUPLICATE_OF:PSD_00001758,PENDING,,,
PSD_00002468,SkinDisNet,SkinDisNet_2,n/a,original,Seborrheic_Dermatitis,SD (9).jpg,C:\Users\manis\Desktop\Final_Year_Project\PapuloNet\datasets\skindisnet\SkinDisNet_2\Preprocessed\Seborrheic Dermatitis (SD)\SD (9).jpg,Seborrheic_Dermatitis,False,DUPLICATE_OF:PSD_00001770,PENDING,,,
PSD_00002469,SkinDisNet,SkinDisNet_2,n/a,augmented,Seborrheic_Dermatitis,SD (1)_01.jpg,C:\Users\manis\Desktop\Final_Year_Project\PapuloNet\datasets\skindisnet\SkinDisNet_2\Augmented\Seborrheic Dermatitis (SD)\SD (1)_01.jpg,Seborrheic_Dermatitis,False,UNIQUE,FAIL: blur variance 16.5 below threshold 100.0,,,
PSD_00002470,SkinDisNet,SkinDisNet_2,n/a,augmented,Seborrheic_Dermatitis,SD (1)_02.jpg,C:\Users\manis\Desktop\Final_Year_Project\PapuloNet\datasets\skindisnet\SkinDisNet_2\Augmented\Seborrheic Dermatitis (SD)\SD (1)_02.jpg,Seborrheic_Dermatitis,False,UNIQUE,FAIL: blur variance 22.5 below threshold 100.0,,,
PSD_00002471,SkinDisNet,SkinDisNet_2,n/a,augmented,Seborrheic_Dermatitis,SD (1)_03.jpg,C:\Users\manis\Desktop\Final_Year_Project\PapuloNet\datasets\skindisnet\SkinDisNet_2\Augmented\Seborrheic Dermatitis (SD)\SD (1)_03.jpg,Seborrheic_Dermatitis,False,UNIQUE,FAIL: blur variance 14.1 below threshold 100.0,,,
PSD_00002472,SkinDisNet,SkinDisNet_2,n/a,augmented,Seborrheic_Dermatitis,SD (1)_04.jpg,C:\Users\manis\Desktop\Final_Year_Project\PapuloNet\datasets\skindisnet\SkinDisNet_2\Augmented\Seborrheic Dermatitis (SD)\SD (1)_04.jpg,Seborrheic_Dermatitis,False,UNIQUE,FAIL: blur variance 14.7 below threshold 100.0,,,
PSD_00002473,SkinDisNet,SkinDisNet_2,n/a,augmented,Seborrheic_Dermatitis,SD (1)_05.jpg,C:\Users\manis\Desktop\Final_Year_Project\PapuloNet\datasets\skindisnet\SkinDisNet_2\Augmented\Seborrheic Dermatitis (SD)\SD (1)_05.jpg,Seborrheic_Dermatitis,False,DUPLICATE_OF:PSD_00002390,PENDING,,,
PSD_00002474,SkinDisNet,SkinDisNet_2,n/a,augmented,Seborrheic_Dermatitis,SD (1)_06.jpg,C:\Users\manis\Desktop\Final_Year_Project\PapuloNet\datasets\skindisnet\SkinDisNet_2\Augmented\Seborrheic Dermatitis (SD)\SD (1)_06.jpg,Seborrheic_Dermatitis,False,DUPLICATE_OF:PSD_00002390,PENDING,,,
PSD_00002475,SkinDisNet,SkinDisNet_2,n/a,augmented,Seborrheic_Dermatitis,SD (1)_07.jpg,C:\Users\manis\Desktop\Final_Year_Project\PapuloNet\datasets\skindisnet\SkinDisNet_2\Augmented\Seborrheic Dermatitis (SD)\SD (1)_07.jpg,Seborrheic_Dermatitis,False,DUPLICATE_OF:PSD_00001878,PENDING,,,
PSD_00002476,SkinDisNet,SkinDisNet_2,n/a,augmented,Seborrheic_Dermatitis,SD (10)_01.jpg,C:\Users\manis\Desktop\Final_Year_Project\PapuloNet\datasets\skindisnet\SkinDisNet_2\Augmented\Seborrheic Dermatitis (SD)\SD (10)_01.jpg,Seborrheic_Dermatitis,False,UNIQUE,FAIL: blur variance 31.5 below threshold 100.0,,,
PSD_00002477,SkinDisNet,SkinDisNet_2,n/a,augmented,Seborrheic_Dermatitis,SD (10)_02.jpg,C:\Users\manis\Desktop\Final_Year_Project\PapuloNet\datasets\skindisnet\SkinDisNet_2\Augmented\Seborrheic Dermatitis (SD)\SD (10)_02.jpg,Seborrheic_Dermatitis,False,UNIQUE,FAIL: blur variance 50.9 below threshold 100.0,,,
PSD_00002478,SkinDisNet,SkinDisNet_2,n/a,augmented,Seborrheic_Dermatitis,SD (10)_03.jpg,C:\Users\manis\Desktop\Final_Year_Project\PapuloNet\datasets\skindisnet\SkinDisNet_2\Augmented\Seborrheic Dermatitis (SD)\SD (10)_03.jpg,Seborrheic_Dermatitis,False,DUPLICATE_OF:PSD_00001965,PENDING,,,
PSD_00002479,SkinDisNet,SkinDisNet_2,n/a,augmented,Seborrheic_Dermatitis,SD (10)_04.jpg,C:\Users\manis\Desktop\Final_Year_Project\PapuloNet\datasets\skindisnet\SkinDisNet_2\Augmented\Seborrheic Dermatitis (SD)\SD (10)_04.jpg,Seborrheic_Dermatitis,False,UNIQUE,FAIL: blur variance 21.9 below threshold 100.0,,,
PSD_00002480,SkinDisNet,SkinDisNet_2,n/a,augmented,Seborrheic_Dermatitis,SD (10)_05.jpg,C:\Users\manis\Desktop\Final_Year_Project\PapuloNet\datasets\skindisnet\SkinDisNet_2\Augmented\Seborrheic Dermatitis (SD)\SD (10)_05.jpg,Seborrheic_Dermatitis,False,DUPLICATE_OF:PSD_00001776,PENDING,,,
PSD_00002481,SkinDisNet,SkinDisNet_2,n/a,augmented,Seborrheic_Dermatitis,SD (10)_06.jpg,C:\Users\manis\Desktop\Final_Year_Project\PapuloNet\datasets\skindisnet\SkinDisNet_2\Augmented\Seborrheic Dermatitis (SD)\SD (10)_06.jpg,Seborrheic_Dermatitis,False,DUPLICATE_OF:PSD_00001776,PENDING,,,
PSD_00002482,SkinDisNet,SkinDisNet_2,n/a,augmented,Seborrheic_Dermatitis,SD (10)_07.jpg,C:\Users\manis\Desktop\Final_Year_Project\PapuloNet\datasets\skindisnet\SkinDisNet_2\Augmented\Seborrheic Dermatitis (SD)\SD (10)_07.jpg,Seborrheic_Dermatitis,False,DUPLICATE_OF:PSD_00001969,PENDING,,,
PSD_00002483,SkinDisNet,SkinDisNet_2,n/a,augmented,Seborrheic_Dermatitis,SD (11)_01.jpg,C:\Users\manis\Desktop\Final_Year_Project\PapuloNet\datasets\skindisnet\SkinDisNet_2\Augmented\Seborrheic Dermatitis (SD)\SD (11)_01.jpg,Seborrheic_Dermatitis,False,UNIQUE,FAIL: blur variance 14.5 below threshold 100.0,,,
PSD_00002484,SkinDisNet,SkinDisNet_2,n/a,augmented,Seborrheic_Dermatitis,SD (11)_02.jpg,C:\Users\manis\Desktop\Final_Year_Project\PapuloNet\datasets\skindisnet\SkinDisNet_2\Augmented\Seborrheic Dermatitis (SD)\SD (11)_02.jpg,Seborrheic_Dermatitis,False,UNIQUE,FAIL: blur variance 19.8 below threshold 100.0,,,
PSD_00002485,SkinDisNet,SkinDisNet_2,n/a,augmented,Seborrheic_Dermatitis,SD (11)_03.jpg,C:\Users\manis\Desktop\Final_Year_Project\PapuloNet\datasets\skindisnet\SkinDisNet_2\Augmented\Seborrheic Dermatitis (SD)\SD (11)_03.jpg,Seborrheic_Dermatitis,False,UNIQUE,FAIL: blur variance 11.9 below threshold 100.0,,,
PSD_00002486,SkinDisNet,SkinDisNet_2,n/a,augmented,Seborrheic_Dermatitis,SD (11)_04.jpg,C:\Users\manis\Desktop\Final_Year_Project\PapuloNet\datasets\skindisnet\SkinDisNet_2\Augmented\Seborrheic Dermatitis (SD)\SD (11)_04.jpg,Seborrheic_Dermatitis,False,UNIQUE,FAIL: blur variance 16.0 below threshold 100.0,,,
PSD_00002487,SkinDisNet,SkinDisNet_2,n/a,augmented,Seborrheic_Dermatitis,SD (11)_05.jpg,C:\Users\manis\Desktop\Final_Year_Project\PapuloNet\datasets\skindisnet\SkinDisNet_2\Augmented\Seborrheic Dermatitis (SD)\SD (11)_05.jpg,Seborrheic_Dermatitis,False,DUPLICATE_OF:PSD_00001782,PENDING,,,
PSD_00002488,SkinDisNet,SkinDisNet_2,n/a,augmented,Seborrheic_Dermatitis,SD (11)_06.jpg,C:\Users\manis\Desktop\Final_Year_Project\PapuloNet\datasets\skindisnet\SkinDisNet_2\Augmented\Seborrheic Dermatitis (SD)\SD (11)_06.jpg,Seborrheic_Dermatitis,False,DUPLICATE_OF:PSD_00001782,PENDING,,,
PSD_00002489,SkinDisNet,SkinDisNet_2,n/a,augmented,Seborrheic_Dermatitis,SD (11)_07.jpg,C:\Users\manis\Desktop\Final_Year_Project\PapuloNet\datasets\skindisnet\SkinDisNet_2\Augmented\Seborrheic Dermatitis (SD)\SD (11)_07.jpg,Seborrheic_Dermatitis,False,DUPLICATE_OF:PSD_00002011,PENDING,,,
PSD_00002490,SkinDisNet,SkinDisNet_2,n/a,augmented,Seborrheic_Dermatitis,SD (12)_01.jpg,C:\Users\manis\Desktop\Final_Year_Project\PapuloNet\datasets\skindisnet\SkinDisNet_2\Augmented\Seborrheic Dermatitis (SD)\SD (12)_01.jpg,Seborrheic_Dermatitis,False,UNIQUE,FAIL: blur variance 13.3 below threshold 100.0,,,
PSD_00002491,SkinDisNet,SkinDisNet_2,n/a,augmented,Seborrheic_Dermatitis,SD (12)_02.jpg,C:\Users\manis\Desktop\Final_Year_Project\PapuloNet\datasets\skindisnet\SkinDisNet_2\Augmented\Seborrheic Dermatitis (SD)\SD (12)_02.jpg,Seborrheic_Dermatitis,False,UNIQUE,FAIL: blur variance 19.2 below threshold 100.0,,,
PSD_00002492,SkinDisNet,SkinDisNet_2,n/a,augmented,Seborrheic_Dermatitis,SD (12)_03.jpg,C:\Users\manis\Desktop\Final_Year_Project\PapuloNet\datasets\skindisnet\SkinDisNet_2\Augmented\Seborrheic Dermatitis (SD)\SD (12)_03.jpg,Seborrheic_Dermatitis,False,UNIQUE,FAIL: blur variance 12.2 below threshold 100.0,,,
PSD_00002493,SkinDisNet,SkinDisNet_2,n/a,augmented,Seborrheic_Dermatitis,SD (12)_04.jpg,C:\Users\manis\Desktop\Final_Year_Project\PapuloNet\datasets\skindisnet\SkinDisNet_2\Augmented\Seborrheic Dermatitis (SD)\SD (12)_04.jpg,Seborrheic_Dermatitis,False,UNIQUE,FAIL: blur variance 11.8 below threshold 100.0,,,
PSD_00002494,SkinDisNet,SkinDisNet_2,n/a,augmented,Seborrheic_Dermatitis,SD (12)_05.jpg,C:\Users\manis\Desktop\Final_Year_Project\PapuloNet\datasets\skindisnet\SkinDisNet_2\Augmented\Seborrheic Dermatitis (SD)\SD (12)_05.jpg,Seborrheic_Dermatitis,False,DUPLICATE_OF:PSD_00001759,PENDING,,,
PSD_00002495,SkinDisNet,SkinDisNet_2,n/a,augmented,Seborrheic_Dermatitis,SD (12)_06.jpg,C:\Users\manis\Desktop\Final_Year_Project\PapuloNet\datasets\skindisnet\SkinDisNet_2\Augmented\Seborrheic Dermatitis (SD)\SD (12)_06.jpg,Seborrheic_Dermatitis,False,DUPLICATE_OF:PSD_00001759,PENDING,,,
PSD_00002496,SkinDisNet,SkinDisNet_2,n/a,augmented,Seborrheic_Dermatitis,SD (12)_07.jpg,C:\Users\manis\Desktop\Final_Year_Project\PapuloNet\datasets\skindisnet\SkinDisNet_2\Augmented\Seborrheic Dermatitis (SD)\SD (12)_07.jpg,Seborrheic_Dermatitis,False,DUPLICATE_OF:PSD_00001850,PENDING,,,
PSD_00002497,SkinDisNet,SkinDisNet_2,n/a,augmented,Seborrheic_Dermatitis,SD (13)_01.jpg,C:\Users\manis\Desktop\Final_Year_Project\PapuloNet\datasets\skindisnet\SkinDisNet_2\Augmented\Seborrheic Dermatitis (SD)\SD (13)_01.jpg,Seborrheic_Dermatitis,False,UNIQUE,FAIL: blur variance 14.1 below threshold 100.0,,,
PSD_00002498,SkinDisNet,SkinDisNet_2,n/a,augmented,Seborrheic_Dermatitis,SD (13)_02.jpg,C:\Users\manis\Desktop\Final_Year_Project\PapuloNet\datasets\skindisnet\SkinDisNet_2\Augmented\Seborrheic Dermatitis (SD)\SD (13)_02.jpg,Seborrheic_Dermatitis,False,UNIQUE,FAIL: blur variance 22.2 below threshold 100.0,,,
PSD_00002499,SkinDisNet,SkinDisNet_2,n/a,augmented,Seborrheic_Dermatitis,SD (13)_03.jpg,C:\Users\manis\Desktop\Final_Year_Project\PapuloNet\datasets\skindisnet\SkinDisNet_2\Augmented\Seborrheic Dermatitis (SD)\SD (13)_03.jpg,Seborrheic_Dermatitis,False,DUPLICATE_OF:PSD_00001834,PENDING,,,
PSD_00002500,SkinDisNet,SkinDisNet_2,n/a,augmented,Seborrheic_Dermatitis,SD (13)_04.jpg,C:\Users\manis\Desktop\Final_Year_Project\PapuloNet\datasets\skindisnet\SkinDisNet_2\Augmented\Seborrheic Dermatitis (SD)\SD (13)_04.jpg,Seborrheic_Dermatitis,False,UNIQUE,FAIL: blur variance 8.4 below threshold 100.0,,,
PSD_00002501,SkinDisNet,SkinDisNet_2,n/a,augmented,Seborrheic_Dermatitis,SD (13)_05.jpg,C:\Users\manis\Desktop\Final_Year_Project\PapuloNet\datasets\skindisnet\SkinDisNet_2\Augmented\Seborrheic Dermatitis (SD)\SD (13)_05.jpg,Seborrheic_Dermatitis,False,DUPLICATE_OF:PSD_00001834,PENDING,,,
PSD_00002502,SkinDisNet,SkinDisNet_2,n/a,augmented,Seborrheic_Dermatitis,SD (13)_06.jpg,C:\Users\manis\Desktop\Final_Year_Project\PapuloNet\datasets\skindisnet\SkinDisNet_2\Augmented\Seborrheic Dermatitis (SD)\SD (13)_06.jpg,Seborrheic_Dermatitis,False,DUPLICATE_OF:PSD_00001834,PENDING,,,
PSD_00002503,SkinDisNet,SkinDisNet_2,n/a,augmented,Seborrheic_Dermatitis,SD (13)_07.jpg,C:\Users\manis\Desktop\Final_Year_Project\PapuloNet\datasets\skindisnet\SkinDisNet_2\Augmented\Seborrheic Dermatitis (SD)\SD (13)_07.jpg,Seborrheic_Dermatitis,False,DUPLICATE_OF:PSD_00002375,PENDING,,,
PSD_00002504,SkinDisNet,SkinDisNet_2,n/a,augmented,Seborrheic_Dermatitis,SD (14)_01.jpg,C:\Users\manis\Desktop\Final_Year_Project\PapuloNet\datasets\skindisnet\SkinDisNet_2\Augmented\Seborrheic Dermatitis (SD)\SD (14)_01.jpg,Seborrheic_Dermatitis,False,UNIQUE,FAIL: blur variance 10.4 below threshold 100.0,,,
PSD_00002505,SkinDisNet,SkinDisNet_2,n/a,augmented,Seborrheic_Dermatitis,SD (14)_02.jpg,C:\Users\manis\Desktop\Final_Year_Project\PapuloNet\datasets\skindisnet\SkinDisNet_2\Augmented\Seborrheic Dermatitis (SD)\SD (14)_02.jpg,Seborrheic_Dermatitis,False,DUPLICATE_OF:PSD_00002265,PENDING,,,
PSD_00002506,SkinDisNet,SkinDisNet_2,n/a,augmented,Seborrheic_Dermatitis,SD (14)_03.jpg,C:\Users\manis\Desktop\Final_Year_Project\PapuloNet\datasets\skindisnet\SkinDisNet_2\Augmented\Seborrheic Dermatitis (SD)\SD (14)_03.jpg,Seborrheic_Dermatitis,False,UNIQUE,FAIL: blur variance 9.5 below threshold 100.0,,,
PSD_00002507,SkinDisNet,SkinDisNet_2,n/a,augmented,Seborrheic_Dermatitis,SD (14)_04.jpg,C:\Users\manis\Desktop\Final_Year_Project\PapuloNet\datasets\skindisnet\SkinDisNet_2\Augmented\Seborrheic Dermatitis (SD)\SD (14)_04.jpg,Seborrheic_Dermatitis,False,UNIQUE,FAIL: blur variance 10.9 below threshold 100.0,,,
PSD_00002508,SkinDisNet,SkinDisNet_2,n/a,augmented,Seborrheic_Dermatitis,SD (14)_05.jpg,C:\Users\manis\Desktop\Final_Year_Project\PapuloNet\datasets\skindisnet\SkinDisNet_2\Augmented\Seborrheic Dermatitis (SD)\SD (14)_05.jpg,Seborrheic_Dermatitis,False,DUPLICATE_OF:PSD_00001819,PENDING,,,
PSD_00002509,SkinDisNet,SkinDisNet_2,n/a,augmented,Seborrheic_Dermatitis,SD (14)_06.jpg,C:\Users\manis\Desktop\Final_Year_Project\PapuloNet\datasets\skindisnet\SkinDisNet_2\Augmented\Seborrheic Dermatitis (SD)\SD (14)_06.jpg,Seborrheic_Dermatitis,False,DUPLICATE_OF:PSD_00001759,PENDING,,,
PSD_00002510,SkinDisNet,SkinDisNet_2,n/a,augmented,Seborrheic_Dermatitis,SD (14)_07.jpg,C:\Users\manis\Desktop\Final_Year_Project\PapuloNet\datasets\skindisnet\SkinDisNet_2\Augmented\Seborrheic Dermatitis (SD)\SD (14)_07.jpg,Seborrheic_Dermatitis,False,DUPLICATE_OF:PSD_00001850,PENDING,,,
PSD_00002511,SkinDisNet,SkinDisNet_2,n/a,augmented,Seborrheic_Dermatitis,SD (15)_01.jpg,C:\Users\manis\Desktop\Final_Year_Project\PapuloNet\datasets\skindisnet\SkinDisNet_2\Augmented\Seborrheic Dermatitis (SD)\SD (15)_01.jpg,Seborrheic_Dermatitis,False,UNIQUE,FAIL: blur variance 9.1 below threshold 100.0,,,
PSD_00002512,SkinDisNet,SkinDisNet_2,n/a,augmented,Seborrheic_Dermatitis,SD (15)_02.jpg,C:\Users\manis\Desktop\Final_Year_Project\PapuloNet\datasets\skindisnet\SkinDisNet_2\Augmented\Seborrheic Dermatitis (SD)\SD (15)_02.jpg,Seborrheic_Dermatitis,False,DUPLICATE_OF:PSD_00002335,PENDING,,,
PSD_00002513,SkinDisNet,SkinDisNet_2,n/a,augmented,Seborrheic_Dermatitis,SD (15)_03.jpg,C:\Users\manis\Desktop\Final_Year_Project\PapuloNet\datasets\skindisnet\SkinDisNet_2\Augmented\Seborrheic Dermatitis (SD)\SD (15)_03.jpg,Seborrheic_Dermatitis,False,UNIQUE,FAIL: blur variance 8.7 below threshold 100.0,,,
PSD_00002514,SkinDisNet,SkinDisNet_2,n/a,augmented,Seborrheic_Dermatitis,SD (15)_04.jpg,C:\Users\manis\Desktop\Final_Year_Project\PapuloNet\datasets\skindisnet\SkinDisNet_2\Augmented\Seborrheic Dermatitis (SD)\SD (15)_04.jpg,Seborrheic_Dermatitis,False,UNIQUE,FAIL: blur variance 8.7 below threshold 100.0,,,
PSD_00002515,SkinDisNet,SkinDisNet_2,n/a,augmented,Seborrheic_Dermatitis,SD (15)_05.jpg,C:\Users\manis\Desktop\Final_Year_Project\PapuloNet\datasets\skindisnet\SkinDisNet_2\Augmented\Seborrheic Dermatitis (SD)\SD (15)_05.jpg,Seborrheic_Dermatitis,False,DUPLICATE_OF:PSD_00001829,PENDING,,,
PSD_00002516,SkinDisNet,SkinDisNet_2,n/a,augmented,Seborrheic_Dermatitis,SD (15)_06.jpg,C:\Users\manis\Desktop\Final_Year_Project\PapuloNet\datasets\skindisnet\SkinDisNet_2\Augmented\Seborrheic Dermatitis (SD)\SD (15)_06.jpg,Seborrheic_Dermatitis,False,DUPLICATE_OF:PSD_00001829,PENDING,,,
PSD_00002517,SkinDisNet,SkinDisNet_2,n/a,augmented,Seborrheic_Dermatitis,SD (15)_07.jpg,C:\Users\manis\Desktop\Final_Year_Project\PapuloNet\datasets\skindisnet\SkinDisNet_2\Augmented\Seborrheic Dermatitis (SD)\SD (15)_07.jpg,Seborrheic_Dermatitis,False,DUPLICATE_OF:PSD_00001850,PENDING,,,
PSD_00002518,SkinDisNet,SkinDisNet_2,n/a,augmented,Seborrheic_Dermatitis,SD (16)_01.jpg,C:\Users\manis\Desktop\Final_Year_Project\PapuloNet\datasets\skindisnet\SkinDisNet_2\Augmented\Seborrheic Dermatitis (SD)\SD (16)_01.jpg,Seborrheic_Dermatitis,False,UNIQUE,FAIL: blur variance 12.0 below threshold 100.0,,,
PSD_00002519,SkinDisNet,SkinDisNet_2,n/a,augmented,Seborrheic_Dermatitis,SD (16)_02.jpg,C:\Users\manis\Desktop\Final_Year_Project\PapuloNet\datasets\skindisnet\SkinDisNet_2\Augmented\Seborrheic Dermatitis (SD)\SD (16)_02.jpg,Seborrheic_Dermatitis,False,UNIQUE,FAIL: blur variance 15.5 below threshold 100.0,,,
PSD_00002520,SkinDisNet,SkinDisNet_2,n/a,augmented,Seborrheic_Dermatitis,SD (16)_03.jpg,C:\Users\manis\Desktop\Final_Year_Project\PapuloNet\datasets\skindisnet\SkinDisNet_2\Augmented\Seborrheic Dermatitis (SD)\SD (16)_03.jpg,Seborrheic_Dermatitis,False,UNIQUE,FAIL: blur variance 12.5 below threshold 100.0,,,
PSD_00002521,SkinDisNet,SkinDisNet_2,n/a,augmented,Seborrheic_Dermatitis,SD (16)_04.jpg,C:\Users\manis\Desktop\Final_Year_Project\PapuloNet\datasets\skindisnet\SkinDisNet_2\Augmented\Seborrheic Dermatitis (SD)\SD (16)_04.jpg,Seborrheic_Dermatitis,False,UNIQUE,FAIL: blur variance 8.9 below threshold 100.0,,,
PSD_00002522,SkinDisNet,SkinDisNet_2,n/a,augmented,Seborrheic_Dermatitis,SD (16)_05.jpg,C:\Users\manis\Desktop\Final_Year_Project\PapuloNet\datasets\skindisnet\SkinDisNet_2\Augmented\Seborrheic Dermatitis (SD)\SD (16)_05.jpg,Seborrheic_Dermatitis,False,DUPLICATE_OF:PSD_00001818,PENDING,,,
PSD_00002523,SkinDisNet,SkinDisNet_2,n/a,augmented,Seborrheic_Dermatitis,SD (16)_06.jpg,C:\Users\manis\Desktop\Final_Year_Project\PapuloNet\datasets\skindisnet\SkinDisNet_2\Augmented\Seborrheic Dermatitis (SD)\SD (16)_06.jpg,Seborrheic_Dermatitis,False,DUPLICATE_OF:PSD_00001818,PENDING,,,
PSD_00002524,SkinDisNet,SkinDisNet_2,n/a,augmented,Seborrheic_Dermatitis,SD (16)_07.jpg,C:\Users\manis\Desktop\Final_Year_Project\PapuloNet\datasets\skindisnet\SkinDisNet_2\Augmented\Seborrheic Dermatitis (SD)\SD (16)_07.jpg,Seborrheic_Dermatitis,False,DUPLICATE_OF:PSD_00002263,PENDING,,,
PSD_00002525,SkinDisNet,SkinDisNet_2,n/a,augmented,Seborrheic_Dermatitis,SD (17)_01.jpg,C:\Users\manis\Desktop\Final_Year_Project\PapuloNet\datasets\skindisnet\SkinDisNet_2\Augmented\Seborrheic Dermatitis (SD)\SD (17)_01.jpg,Seborrheic_Dermatitis,False,DUPLICATE_OF:PSD_00002355,PENDING,,,
PSD_00002526,SkinDisNet,SkinDisNet_2,n/a,augmented,Seborrheic_Dermatitis,SD (17)_02.jpg,C:\Users\manis\Desktop\Final_Year_Project\PapuloNet\datasets\skindisnet\SkinDisNet_2\Augmented\Seborrheic Dermatitis (SD)\SD (17)_02.jpg,Seborrheic_Dermatitis,False,DUPLICATE_OF:PSD_00001832,PENDING,,,
PSD_00002527,SkinDisNet,SkinDisNet_2,n/a,augmented,Seborrheic_Dermatitis,SD (17)_03.jpg,C:\Users\manis\Desktop\Final_Year_Project\PapuloNet\datasets\skindisnet\SkinDisNet_2\Augmented\Seborrheic Dermatitis (SD)\SD (17)_03.jpg,Seborrheic_Dermatitis,False,UNIQUE,FAIL: blur variance 44.4 below threshold 100.0,,,
PSD_00002528,SkinDisNet,SkinDisNet_2,n/a,augmented,Seborrheic_Dermatitis,SD (17)_04.jpg,C:\Users\manis\Desktop\Final_Year_Project\PapuloNet\datasets\skindisnet\SkinDisNet_2\Augmented\Seborrheic Dermatitis (SD)\SD (17)_04.jpg,Seborrheic_Dermatitis,False,UNIQUE,FAIL: blur variance 17.8 below threshold 100.0,,,
PSD_00002529,SkinDisNet,SkinDisNet_2,n/a,augmented,Seborrheic_Dermatitis,SD (17)_05.jpg,C:\Users\manis\Desktop\Final_Year_Project\PapuloNet\datasets\skindisnet\SkinDisNet_2\Augmented\Seborrheic Dermatitis (SD)\SD (17)_05.jpg,Seborrheic_Dermatitis,False,DUPLICATE_OF:PSD_00001832,PENDING,,,
PSD_00002530,SkinDisNet,SkinDisNet_2,n/a,augmented,Seborrheic_Dermatitis,SD (17)_06.jpg,C:\Users\manis\Desktop\Final_Year_Project\PapuloNet\datasets\skindisnet\SkinDisNet_2\Augmented\Seborrheic Dermatitis (SD)\SD (17)_06.jpg,Seborrheic_Dermatitis,False,DUPLICATE_OF:PSD_00001832,PENDING,,,
PSD_00002531,SkinDisNet,SkinDisNet_2,n/a,augmented,Seborrheic_Dermatitis,SD (17)_07.jpg,C:\Users\manis\Desktop\Final_Year_Project\PapuloNet\datasets\skindisnet\SkinDisNet_2\Augmented\Seborrheic Dermatitis (SD)\SD (17)_07.jpg,Seborrheic_Dermatitis,False,DUPLICATE_OF:PSD_00002361,PENDING,,,
PSD_00002532,SkinDisNet,SkinDisNet_2,n/a,augmented,Seborrheic_Dermatitis,SD (18)_01.jpg,C:\Users\manis\Desktop\Final_Year_Project\PapuloNet\datasets\skindisnet\SkinDisNet_2\Augmented\Seborrheic Dermatitis (SD)\SD (18)_01.jpg,Seborrheic_Dermatitis,False,UNIQUE,FAIL: blur variance 51.7 below threshold 100.0,,,
PSD_00002533,SkinDisNet,SkinDisNet_2,n/a,augmented,Seborrheic_Dermatitis,SD (18)_02.jpg,C:\Users\manis\Desktop\Final_Year_Project\PapuloNet\datasets\skindisnet\SkinDisNet_2\Augmented\Seborrheic Dermatitis (SD)\SD (18)_02.jpg,Seborrheic_Dermatitis,False,UNIQUE,FAIL: blur variance 73.2 below threshold 100.0,,,
PSD_00002534,SkinDisNet,SkinDisNet_2,n/a,augmented,Seborrheic_Dermatitis,SD (18)_03.jpg,C:\Users\manis\Desktop\Final_Year_Project\PapuloNet\datasets\skindisnet\SkinDisNet_2\Augmented\Seborrheic Dermatitis (SD)\SD (18)_03.jpg,Seborrheic_Dermatitis,False,DUPLICATE_OF:PSD_00001778,PENDING,,,
PSD_00002535,SkinDisNet,SkinDisNet_2,n/a,augmented,Seborrheic_Dermatitis,SD (18)_04.jpg,C:\Users\manis\Desktop\Final_Year_Project\PapuloNet\datasets\skindisnet\SkinDisNet_2\Augmented\Seborrheic Dermatitis (SD)\SD (18)_04.jpg,Seborrheic_Dermatitis,False,UNIQUE,FAIL: blur variance 61.5 below threshold 100.0,,,
PSD_00002536,SkinDisNet,SkinDisNet_2,n/a,augmented,Seborrheic_Dermatitis,SD (18)_05.jpg,C:\Users\manis\Desktop\Final_Year_Project\PapuloNet\datasets\skindisnet\SkinDisNet_2\Augmented\Seborrheic Dermatitis (SD)\SD (18)_05.jpg,Seborrheic_Dermatitis,False,DUPLICATE_OF:PSD_00001778,PENDING,,,
PSD_00002537,SkinDisNet,SkinDisNet_2,n/a,augmented,Seborrheic_Dermatitis,SD (18)_06.jpg,C:\Users\manis\Desktop\Final_Year_Project\PapuloNet\datasets\skindisnet\SkinDisNet_2\Augmented\Seborrheic Dermatitis (SD)\SD (18)_06.jpg,Seborrheic_Dermatitis,False,DUPLICATE_OF:PSD_00001778,PENDING,,,
PSD_00002538,SkinDisNet,SkinDisNet_2,n/a,augmented,Seborrheic_Dermatitis,SD (18)_07.jpg,C:\Users\manis\Desktop\Final_Year_Project\PapuloNet\datasets\skindisnet\SkinDisNet_2\Augmented\Seborrheic Dermatitis (SD)\SD (18)_07.jpg,Seborrheic_Dermatitis,False,DUPLICATE_OF:PSD_00001871,PENDING,,,
PSD_00002539,SkinDisNet,SkinDisNet_2,n/a,augmented,Seborrheic_Dermatitis,SD (19)_01.jpg,C:\Users\manis\Desktop\Final_Year_Project\PapuloNet\datasets\skindisnet\SkinDisNet_2\Augmented\Seborrheic Dermatitis (SD)\SD (19)_01.jpg,Seborrheic_Dermatitis,False,UNIQUE,FAIL: blur variance 54.3 below threshold 100.0,,,
PSD_00002540,SkinDisNet,SkinDisNet_2,n/a,augmented,Seborrheic_Dermatitis,SD (19)_02.jpg,C:\Users\manis\Desktop\Final_Year_Project\PapuloNet\datasets\skindisnet\SkinDisNet_2\Augmented\Seborrheic Dermatitis (SD)\SD (19)_02.jpg,Seborrheic_Dermatitis,False,DUPLICATE_OF:PSD_00002230,PENDING,,,
PSD_00002541,SkinDisNet,SkinDisNet_2,n/a,augmented,Seborrheic_Dermatitis,SD (19)_03.jpg,C:\Users\manis\Desktop\Final_Year_Project\PapuloNet\datasets\skindisnet\SkinDisNet_2\Augmented\Seborrheic Dermatitis (SD)\SD (19)_03.jpg,Seborrheic_Dermatitis,False,UNIQUE,FAIL: blur variance 38.2 below threshold 100.0,,,
PSD_00002542,SkinDisNet,SkinDisNet_2,n/a,augmented,Seborrheic_Dermatitis,SD (19)_04.jpg,C:\Users\manis\Desktop\Final_Year_Project\PapuloNet\datasets\skindisnet\SkinDisNet_2\Augmented\Seborrheic Dermatitis (SD)\SD (19)_04.jpg,Seborrheic_Dermatitis,False,UNIQUE,FAIL: blur variance 71.1 below threshold 100.0,,,
PSD_00002543,SkinDisNet,SkinDisNet_2,n/a,augmented,Seborrheic_Dermatitis,SD (19)_05.jpg,C:\Users\manis\Desktop\Final_Year_Project\PapuloNet\datasets\skindisnet\SkinDisNet_2\Augmented\Seborrheic Dermatitis (SD)\SD (19)_05.jpg,Seborrheic_Dermatitis,False,DUPLICATE_OF:PSD_00001814,PENDING,,,
PSD_00002544,SkinDisNet,SkinDisNet_2,n/a,augmented,Seborrheic_Dermatitis,SD (19)_06.jpg,C:\Users\manis\Desktop\Final_Year_Project\PapuloNet\datasets\skindisnet\SkinDisNet_2\Augmented\Seborrheic Dermatitis (SD)\SD (19)_06.jpg,Seborrheic_Dermatitis,False,DUPLICATE_OF:PSD_00001814,PENDING,,,
PSD_00002545,SkinDisNet,SkinDisNet_2,n/a,augmented,Seborrheic_Dermatitis,SD (19)_07.jpg,C:\Users\manis\Desktop\Final_Year_Project\PapuloNet\datasets\skindisnet\SkinDisNet_2\Augmented\Seborrheic Dermatitis (SD)\SD (19)_07.jpg,Seborrheic_Dermatitis,False,DUPLICATE_OF:PSD_00001871,PENDING,,,
PSD_00002546,SkinDisNet,SkinDisNet_2,n/a,augmented,Seborrheic_Dermatitis,SD (2)_01.jpg,C:\Users\manis\Desktop\Final_Year_Project\PapuloNet\datasets\skindisnet\SkinDisNet_2\Augmented\Seborrheic Dermatitis (SD)\SD (2)_01.jpg,Seborrheic_Dermatitis,False,UNIQUE,FAIL: blur variance 14.4 below threshold 100.0,,,
PSD_00002547,SkinDisNet,SkinDisNet_2,n/a,augmented,Seborrheic_Dermatitis,SD (2)_02.jpg,C:\Users\manis\Desktop\Final_Year_Project\PapuloNet\datasets\skindisnet\SkinDisNet_2\Augmented\Seborrheic Dermatitis (SD)\SD (2)_02.jpg,Seborrheic_Dermatitis,False,UNIQUE,FAIL: blur variance 21.3 below threshold 100.0,,,
PSD_00002548,SkinDisNet,SkinDisNet_2,n/a,augmented,Seborrheic_Dermatitis,SD (2)_03.jpg,C:\Users\manis\Desktop\Final_Year_Project\PapuloNet\datasets\skindisnet\SkinDisNet_2\Augmented\Seborrheic Dermatitis (SD)\SD (2)_03.jpg,Seborrheic_Dermatitis,False,UNIQUE,FAIL: blur variance 14.2 below threshold 100.0,,,
PSD_00002549,SkinDisNet,SkinDisNet_2,n/a,augmented,Seborrheic_Dermatitis,SD (2)_04.jpg,C:\Users\manis\Desktop\Final_Year_Project\PapuloNet\datasets\skindisnet\SkinDisNet_2\Augmented\Seborrheic Dermatitis (SD)\SD (2)_04.jpg,Seborrheic_Dermatitis,False,UNIQUE,FAIL: blur variance 15.8 below threshold 100.0,,,
PSD_00002550,SkinDisNet,SkinDisNet_2,n/a,augmented,Seborrheic_Dermatitis,SD (2)_05.jpg,C:\Users\manis\Desktop\Final_Year_Project\PapuloNet\datasets\skindisnet\SkinDisNet_2\Augmented\Seborrheic Dermatitis (SD)\SD (2)_05.jpg,Seborrheic_Dermatitis,False,DUPLICATE_OF:PSD_00002401,PENDING,,,
PSD_00002551,SkinDisNet,SkinDisNet_2,n/a,augmented,Seborrheic_Dermatitis,SD (2)_06.jpg,C:\Users\manis\Desktop\Final_Year_Project\PapuloNet\datasets\skindisnet\SkinDisNet_2\Augmented\Seborrheic Dermatitis (SD)\SD (2)_06.jpg,Seborrheic_Dermatitis,False,DUPLICATE_OF:PSD_00002401,PENDING,,,
PSD_00002552,SkinDisNet,SkinDisNet_2,n/a,augmented,Seborrheic_Dermatitis,SD (2)_07.jpg,C:\Users\manis\Desktop\Final_Year_Project\PapuloNet\datasets\skindisnet\SkinDisNet_2\Augmented\Seborrheic Dermatitis (SD)\SD (2)_07.jpg,Seborrheic_Dermatitis,False,UNIQUE,PASS,PSD_00002552.jpg,224,224
PSD_00002553,SkinDisNet,SkinDisNet_2,n/a,augmented,Seborrheic_Dermatitis,SD (20)_01.jpg,C:\Users\manis\Desktop\Final_Year_Project\PapuloNet\datasets\skindisnet\SkinDisNet_2\Augmented\Seborrheic Dermatitis (SD)\SD (20)_01.jpg,Seborrheic_Dermatitis,False,UNIQUE,FAIL: blur variance 59.1 below threshold 100.0,,,
PSD_00002554,SkinDisNet,SkinDisNet_2,n/a,augmented,Seborrheic_Dermatitis,SD (20)_02.jpg,C:\Users\manis\Desktop\Final_Year_Project\PapuloNet\datasets\skindisnet\SkinDisNet_2\Augmented\Seborrheic Dermatitis (SD)\SD (20)_02.jpg,Seborrheic_Dermatitis,False,UNIQUE,FAIL: blur variance 51.3 below threshold 100.0,,,
PSD_00002555,SkinDisNet,SkinDisNet_2,n/a,augmented,Seborrheic_Dermatitis,SD (20)_03.jpg,C:\Users\manis\Desktop\Final_Year_Project\PapuloNet\datasets\skindisnet\SkinDisNet_2\Augmented\Seborrheic Dermatitis (SD)\SD (20)_03.jpg,Seborrheic_Dermatitis,False,UNIQUE,FAIL: blur variance 25.0 below threshold 100.0,,,
PSD_00002556,SkinDisNet,SkinDisNet_2,n/a,augmented,Seborrheic_Dermatitis,SD (20)_04.jpg,C:\Users\manis\Desktop\Final_Year_Project\PapuloNet\datasets\skindisnet\SkinDisNet_2\Augmented\Seborrheic Dermatitis (SD)\SD (20)_04.jpg,Seborrheic_Dermatitis,False,UNIQUE,FAIL: blur variance 18.4 below threshold 100.0,,,
PSD_00002557,SkinDisNet,SkinDisNet_2,n/a,augmented,Seborrheic_Dermatitis,SD (20)_05.jpg,C:\Users\manis\Desktop\Final_Year_Project\PapuloNet\datasets\skindisnet\SkinDisNet_2\Augmented\Seborrheic Dermatitis (SD)\SD (20)_05.jpg,Seborrheic_Dermatitis,False,DUPLICATE_OF:PSD_00001807,PENDING,,,
PSD_00002558,SkinDisNet,SkinDisNet_2,n/a,augmented,Seborrheic_Dermatitis,SD (20)_06.jpg,C:\Users\manis\Desktop\Final_Year_Project\PapuloNet\datasets\skindisnet\SkinDisNet_2\Augmented\Seborrheic Dermatitis (SD)\SD (20)_06.jpg,Seborrheic_Dermatitis,False,DUPLICATE_OF:PSD_00002185,PENDING,,,
PSD_00002559,SkinDisNet,SkinDisNet_2,n/a,augmented,Seborrheic_Dermatitis,SD (20)_07.jpg,C:\Users\manis\Desktop\Final_Year_Project\PapuloNet\datasets\skindisnet\SkinDisNet_2\Augmented\Seborrheic Dermatitis (SD)\SD (20)_07.jpg,Seborrheic_Dermatitis,False,DUPLICATE_OF:PSD_00002186,PENDING,,,
PSD_00002560,SkinDisNet,SkinDisNet_2,n/a,augmented,Seborrheic_Dermatitis,SD (21)_01.jpg,C:\Users\manis\Desktop\Final_Year_Project\PapuloNet\datasets\skindisnet\SkinDisNet_2\Augmented\Seborrheic Dermatitis (SD)\SD (21)_01.jpg,Seborrheic_Dermatitis,False,UNIQUE,FAIL: blur variance 13.8 below threshold 100.0,,,
PSD_00002561,SkinDisNet,SkinDisNet_2,n/a,augmented,Seborrheic_Dermatitis,SD (21)_02.jpg,C:\Users\manis\Desktop\Final_Year_Project\PapuloNet\datasets\skindisnet\SkinDisNet_2\Augmented\Seborrheic Dermatitis (SD)\SD (21)_02.jpg,Seborrheic_Dermatitis,False,DUPLICATE_OF:PSD_00002111,PENDING,,,
PSD_00002562,SkinDisNet,SkinDisNet_2,n/a,augmented,Seborrheic_Dermatitis,SD (21)_03.jpg,C:\Users\manis\Desktop\Final_Year_Project\PapuloNet\datasets\skindisnet\SkinDisNet_2\Augmented\Seborrheic Dermatitis (SD)\SD (21)_03.jpg,Seborrheic_Dermatitis,False,UNIQUE,FAIL: blur variance 12.8 below threshold 100.0,,,
PSD_00002563,SkinDisNet,SkinDisNet_2,n/a,augmented,Seborrheic_Dermatitis,SD (21)_04.jpg,C:\Users\manis\Desktop\Final_Year_Project\PapuloNet\datasets\skindisnet\SkinDisNet_2\Augmented\Seborrheic Dermatitis (SD)\SD (21)_04.jpg,Seborrheic_Dermatitis,False,UNIQUE,FAIL: blur variance 10.3 below threshold 100.0,,,
PSD_00002564,SkinDisNet,SkinDisNet_2,n/a,augmented,Seborrheic_Dermatitis,SD (21)_05.jpg,C:\Users\manis\Desktop\Final_Year_Project\PapuloNet\datasets\skindisnet\SkinDisNet_2\Augmented\Seborrheic Dermatitis (SD)\SD (21)_05.jpg,Seborrheic_Dermatitis,False,DUPLICATE_OF:PSD_00001797,PENDING,,,
PSD_00002565,SkinDisNet,SkinDisNet_2,n/a,augmented,Seborrheic_Dermatitis,SD (21)_06.jpg,C:\Users\manis\Desktop\Final_Year_Project\PapuloNet\datasets\skindisnet\SkinDisNet_2\Augmented\Seborrheic Dermatitis (SD)\SD (21)_06.jpg,Seborrheic_Dermatitis,False,DUPLICATE_OF:PSD_00001797,PENDING,,,
PSD_00002566,SkinDisNet,SkinDisNet_2,n/a,augmented,Seborrheic_Dermatitis,SD (21)_07.jpg,C:\Users\manis\Desktop\Final_Year_Project\PapuloNet\datasets\skindisnet\SkinDisNet_2\Augmented\Seborrheic Dermatitis (SD)\SD (21)_07.jpg,Seborrheic_Dermatitis,False,DUPLICATE_OF:PSD_00002039,PENDING,,,
PSD_00002567,SkinDisNet,SkinDisNet_2,n/a,augmented,Seborrheic_Dermatitis,SD (22)_01.jpg,C:\Users\manis\Desktop\Final_Year_Project\PapuloNet\datasets\skindisnet\SkinDisNet_2\Augmented\Seborrheic Dermatitis (SD)\SD (22)_01.jpg,Seborrheic_Dermatitis,False,UNIQUE,FAIL: blur variance 93.7 below threshold 100.0,,,
PSD_00002568,SkinDisNet,SkinDisNet_2,n/a,augmented,Seborrheic_Dermatitis,SD (22)_02.jpg,C:\Users\manis\Desktop\Final_Year_Project\PapuloNet\datasets\skindisnet\SkinDisNet_2\Augmented\Seborrheic Dermatitis (SD)\SD (22)_02.jpg,Seborrheic_Dermatitis,False,UNIQUE,PASS,PSD_00002568.jpg,224,224
PSD_00002569,SkinDisNet,SkinDisNet_2,n/a,augmented,Seborrheic_Dermatitis,SD (22)_03.jpg,C:\Users\manis\Desktop\Final_Year_Project\PapuloNet\datasets\skindisnet\SkinDisNet_2\Augmented\Seborrheic Dermatitis (SD)\SD (22)_03.jpg,Seborrheic_Dermatitis,False,UNIQUE,FAIL: blur variance 70.6 below threshold 100.0,,,
PSD_00002570,SkinDisNet,SkinDisNet_2,n/a,augmented,Seborrheic_Dermatitis,SD (22)_04.jpg,C:\Users\manis\Desktop\Final_Year_Project\PapuloNet\datasets\skindisnet\SkinDisNet_2\Augmented\Seborrheic Dermatitis (SD)\SD (22)_04.jpg,Seborrheic_Dermatitis,False,UNIQUE,FAIL: blur variance 23.1 below threshold 100.0,,,
PSD_00002571,SkinDisNet,SkinDisNet_2,n/a,augmented,Seborrheic_Dermatitis,SD (22)_05.jpg,C:\Users\manis\Desktop\Final_Year_Project\PapuloNet\datasets\skindisnet\SkinDisNet_2\Augmented\Seborrheic Dermatitis (SD)\SD (22)_05.jpg,Seborrheic_Dermatitis,False,DUPLICATE_OF:PSD_00001801,PENDING,,,
PSD_00002572,SkinDisNet,SkinDisNet_2,n/a,augmented,Seborrheic_Dermatitis,SD (22)_06.jpg,C:\Users\manis\Desktop\Final_Year_Project\PapuloNet\datasets\skindisnet\SkinDisNet_2\Augmented\Seborrheic Dermatitis (SD)\SD (22)_06.jpg,Seborrheic_Dermatitis,False,DUPLICATE_OF:PSD_00001801,PENDING,,,
PSD_00002573,SkinDisNet,SkinDisNet_2,n/a,augmented,Seborrheic_Dermatitis,SD (22)_07.jpg,C:\Users\manis\Desktop\Final_Year_Project\PapuloNet\datasets\skindisnet\SkinDisNet_2\Augmented\Seborrheic Dermatitis (SD)\SD (22)_07.jpg,Seborrheic_Dermatitis,False,DUPLICATE_OF:PSD_00002039,PENDING,,,
PSD_00002574,SkinDisNet,SkinDisNet_2,n/a,augmented,Seborrheic_Dermatitis,SD (23)_01.jpg,C:\Users\manis\Desktop\Final_Year_Project\PapuloNet\datasets\skindisnet\SkinDisNet_2\Augmented\Seborrheic Dermatitis (SD)\SD (23)_01.jpg,Seborrheic_Dermatitis,False,UNIQUE,FAIL: blur variance 7.2 below threshold 100.0,,,
PSD_00002575,SkinDisNet,SkinDisNet_2,n/a,augmented,Seborrheic_Dermatitis,SD (23)_02.jpg,C:\Users\manis\Desktop\Final_Year_Project\PapuloNet\datasets\skindisnet\SkinDisNet_2\Augmented\Seborrheic Dermatitis (SD)\SD (23)_02.jpg,Seborrheic_Dermatitis,False,UNIQUE,FAIL: blur variance 8.2 below threshold 100.0,,,
PSD_00002576,SkinDisNet,SkinDisNet_2,n/a,augmented,Seborrheic_Dermatitis,SD (23)_03.jpg,C:\Users\manis\Desktop\Final_Year_Project\PapuloNet\datasets\skindisnet\SkinDisNet_2\Augmented\Seborrheic Dermatitis (SD)\SD (23)_03.jpg,Seborrheic_Dermatitis,False,UNIQUE,FAIL: blur variance 4.8 below threshold 100.0,,,
PSD_00002577,SkinDisNet,SkinDisNet_2,n/a,augmented,Seborrheic_Dermatitis,SD (23)_04.jpg,C:\Users\manis\Desktop\Final_Year_Project\PapuloNet\datasets\skindisnet\SkinDisNet_2\Augmented\Seborrheic Dermatitis (SD)\SD (23)_04.jpg,Seborrheic_Dermatitis,False,UNIQUE,FAIL: blur variance 6.6 below threshold 100.0,,,
PSD_00002578,SkinDisNet,SkinDisNet_2,n/a,augmented,Seborrheic_Dermatitis,SD (23)_05.jpg,C:\Users\manis\Desktop\Final_Year_Project\PapuloNet\datasets\skindisnet\SkinDisNet_2\Augmented\Seborrheic Dermatitis (SD)\SD (23)_05.jpg,Seborrheic_Dermatitis,False,DUPLICATE_OF:PSD_00002405,PENDING,,,
PSD_00002579,SkinDisNet,SkinDisNet_2,n/a,augmented,Seborrheic_Dermatitis,SD (23)_06.jpg,C:\Users\manis\Desktop\Final_Year_Project\PapuloNet\datasets\skindisnet\SkinDisNet_2\Augmented\Seborrheic Dermatitis (SD)\SD (23)_06.jpg,Seborrheic_Dermatitis,False,DUPLICATE_OF:PSD_00002405,PENDING,,,
PSD_00002580,SkinDisNet,SkinDisNet_2,n/a,augmented,Seborrheic_Dermatitis,SD (23)_07.jpg,C:\Users\manis\Desktop\Final_Year_Project\PapuloNet\datasets\skindisnet\SkinDisNet_2\Augmented\Seborrheic Dermatitis (SD)\SD (23)_07.jpg,Seborrheic_Dermatitis,False,UNIQUE,PASS,PSD_00002580.jpg,224,224
PSD_00002581,SkinDisNet,SkinDisNet_2,n/a,augmented,Seborrheic_Dermatitis,SD (24)_01.jpg,C:\Users\manis\Desktop\Final_Year_Project\PapuloNet\datasets\skindisnet\SkinDisNet_2\Augmented\Seborrheic Dermatitis (SD)\SD (24)_01.jpg,Seborrheic_Dermatitis,False,DUPLICATE_OF:PSD_00001949,PENDING,,,
PSD_00002582,SkinDisNet,SkinDisNet_2,n/a,augmented,Seborrheic_Dermatitis,SD (24)_02.jpg,C:\Users\manis\Desktop\Final_Year_Project\PapuloNet\datasets\skindisnet\SkinDisNet_2\Augmented\Seborrheic Dermatitis (SD)\SD (24)_02.jpg,Seborrheic_Dermatitis,False,DUPLICATE_OF:PSD_00001774,PENDING,,,
PSD_00002583,SkinDisNet,SkinDisNet_2,n/a,augmented,Seborrheic_Dermatitis,SD (24)_03.jpg,C:\Users\manis\Desktop\Final_Year_Project\PapuloNet\datasets\skindisnet\SkinDisNet_2\Augmented\Seborrheic Dermatitis (SD)\SD (24)_03.jpg,Seborrheic_Dermatitis,False,UNIQUE,FAIL: blur variance 81.5 below threshold 100.0,,,
PSD_00002584,SkinDisNet,SkinDisNet_2,n/a,augmented,Seborrheic_Dermatitis,SD (24)_04.jpg,C:\Users\manis\Desktop\Final_Year_Project\PapuloNet\datasets\skindisnet\SkinDisNet_2\Augmented\Seborrheic Dermatitis (SD)\SD (24)_04.jpg,Seborrheic_Dermatitis,False,UNIQUE,FAIL: blur variance 59.9 below threshold 100.0,,,
PSD_00002585,SkinDisNet,SkinDisNet_2,n/a,augmented,Seborrheic_Dermatitis,SD (24)_05.jpg,C:\Users\manis\Desktop\Final_Year_Project\PapuloNet\datasets\skindisnet\SkinDisNet_2\Augmented\Seborrheic Dermatitis (SD)\SD (24)_05.jpg,Seborrheic_Dermatitis,False,DUPLICATE_OF:PSD_00001774,PENDING,,,
PSD_00002586,SkinDisNet,SkinDisNet_2,n/a,augmented,Seborrheic_Dermatitis,SD (24)_06.jpg,C:\Users\manis\Desktop\Final_Year_Project\PapuloNet\datasets\skindisnet\SkinDisNet_2\Augmented\Seborrheic Dermatitis (SD)\SD (24)_06.jpg,Seborrheic_Dermatitis,False,DUPLICATE_OF:PSD_00001774,PENDING,,,
PSD_00002587,SkinDisNet,SkinDisNet_2,n/a,augmented,Seborrheic_Dermatitis,SD (24)_07.jpg,C:\Users\manis\Desktop\Final_Year_Project\PapuloNet\datasets\skindisnet\SkinDisNet_2\Augmented\Seborrheic Dermatitis (SD)\SD (24)_07.jpg,Seborrheic_Dermatitis,False,DUPLICATE_OF:PSD_00001955,PENDING,,,
PSD_00002588,SkinDisNet,SkinDisNet_2,n/a,augmented,Seborrheic_Dermatitis,SD (25)_01.jpg,C:\Users\manis\Desktop\Final_Year_Project\PapuloNet\datasets\skindisnet\SkinDisNet_2\Augmented\Seborrheic Dermatitis (SD)\SD (25)_01.jpg,Seborrheic_Dermatitis,False,UNIQUE,PASS,PSD_00002588.jpg,224,224
PSD_00002589,SkinDisNet,SkinDisNet_2,n/a,augmented,Seborrheic_Dermatitis,SD (25)_02.jpg,C:\Users\manis\Desktop\Final_Year_Project\PapuloNet\datasets\skindisnet\SkinDisNet_2\Augmented\Seborrheic Dermatitis (SD)\SD (25)_02.jpg,Seborrheic_Dermatitis,False,DUPLICATE_OF:PSD_00001799,PENDING,,,
PSD_00002590,SkinDisNet,SkinDisNet_2,n/a,augmented,Seborrheic_Dermatitis,SD (25)_03.jpg,C:\Users\manis\Desktop\Final_Year_Project\PapuloNet\datasets\skindisnet\SkinDisNet_2\Augmented\Seborrheic Dermatitis (SD)\SD (25)_03.jpg,Seborrheic_Dermatitis,False,DUPLICATE_OF:PSD_00001799,PENDING,,,
PSD_00002591,SkinDisNet,SkinDisNet_2,n/a,augmented,Seborrheic_Dermatitis,SD (25)_04.jpg,C:\Users\manis\Desktop\Final_Year_Project\PapuloNet\datasets\skindisnet\SkinDisNet_2\Augmented\Seborrheic Dermatitis (SD)\SD (25)_04.jpg,Seborrheic_Dermatitis,False,UNIQUE,PASS,PSD_00002591.jpg,224,224
PSD_00002592,SkinDisNet,SkinDisNet_2,n/a,augmented,Seborrheic_Dermatitis,SD (25)_05.jpg,C:\Users\manis\Desktop\Final_Year_Project\PapuloNet\datasets\skindisnet\SkinDisNet_2\Augmented\Seborrheic Dermatitis (SD)\SD (25)_05.jpg,Seborrheic_Dermatitis,False,DUPLICATE_OF:PSD_00001799,PENDING,,,
PSD_00002593,SkinDisNet,SkinDisNet_2,n/a,augmented,Seborrheic_Dermatitis,SD (25)_06.jpg,C:\Users\manis\Desktop\Final_Year_Project\PapuloNet\datasets\skindisnet\SkinDisNet_2\Augmented\Seborrheic Dermatitis (SD)\SD (25)_06.jpg,Seborrheic_Dermatitis,False,DUPLICATE_OF:PSD_00001799,PENDING,,,
PSD_00002594,SkinDisNet,SkinDisNet_2,n/a,augmented,Seborrheic_Dermatitis,SD (25)_07.jpg,C:\Users\manis\Desktop\Final_Year_Project\PapuloNet\datasets\skindisnet\SkinDisNet_2\Augmented\Seborrheic Dermatitis (SD)\SD (25)_07.jpg,Seborrheic_Dermatitis,False,DUPLICATE_OF:PSD_00002130,PENDING,,,
PSD_00002595,SkinDisNet,SkinDisNet_2,n/a,augmented,Seborrheic_Dermatitis,SD (26)_01.jpg,C:\Users\manis\Desktop\Final_Year_Project\PapuloNet\datasets\skindisnet\SkinDisNet_2\Augmented\Seborrheic Dermatitis (SD)\SD (26)_01.jpg,Seborrheic_Dermatitis,False,UNIQUE,PASS,PSD_00002595.jpg,224,224
PSD_00002596,SkinDisNet,SkinDisNet_2,n/a,augmented,Seborrheic_Dermatitis,SD (26)_02.jpg,C:\Users\manis\Desktop\Final_Year_Project\PapuloNet\datasets\skindisnet\SkinDisNet_2\Augmented\Seborrheic Dermatitis (SD)\SD (26)_02.jpg,Seborrheic_Dermatitis,False,UNIQUE,PASS,PSD_00002596.jpg,224,224
PSD_00002597,SkinDisNet,SkinDisNet_2,n/a,augmented,Seborrheic_Dermatitis,SD (26)_03.jpg,C:\Users\manis\Desktop\Final_Year_Project\PapuloNet\datasets\skindisnet\SkinDisNet_2\Augmented\Seborrheic Dermatitis (SD)\SD (26)_03.jpg,Seborrheic_Dermatitis,False,UNIQUE,PASS,PSD_00002597.jpg,224,224
PSD_00002598,SkinDisNet,SkinDisNet_2,n/a,augmented,Seborrheic_Dermatitis,SD (26)_04.jpg,C:\Users\manis\Desktop\Final_Year_Project\PapuloNet\datasets\skindisnet\SkinDisNet_2\Augmented\Seborrheic Dermatitis (SD)\SD (26)_04.jpg,Seborrheic_Dermatitis,False,UNIQUE,FAIL: blur variance 70.4 below threshold 100.0,,,
PSD_00002599,SkinDisNet,SkinDisNet_2,n/a,augmented,Seborrheic_Dermatitis,SD (26)_05.jpg,C:\Users\manis\Desktop\Final_Year_Project\PapuloNet\datasets\skindisnet\SkinDisNet_2\Augmented\Seborrheic Dermatitis (SD)\SD (26)_05.jpg,Seborrheic_Dermatitis,False,DUPLICATE_OF:PSD_00001805,PENDING,,,
PSD_00002600,SkinDisNet,SkinDisNet_2,n/a,augmented,Seborrheic_Dermatitis,SD (26)_06.jpg,C:\Users\manis\Desktop\Final_Year_Project\PapuloNet\datasets\skindisnet\SkinDisNet_2\Augmented\Seborrheic Dermatitis (SD)\SD (26)_06.jpg,Seborrheic_Dermatitis,False,DUPLICATE_OF:PSD_00001805,PENDING,,,
PSD_00002601,SkinDisNet,SkinDisNet_2,n/a,augmented,Seborrheic_Dermatitis,SD (26)_07.jpg,C:\Users\manis\Desktop\Final_Year_Project\PapuloNet\datasets\skindisnet\SkinDisNet_2\Augmented\Seborrheic Dermatitis (SD)\SD (26)_07.jpg,Seborrheic_Dermatitis,False,DUPLICATE_OF:PSD_00002172,PENDING,,,
PSD_00002602,SkinDisNet,SkinDisNet_2,n/a,augmented,Seborrheic_Dermatitis,SD (27)_01.jpg,C:\Users\manis\Desktop\Final_Year_Project\PapuloNet\datasets\skindisnet\SkinDisNet_2\Augmented\Seborrheic Dermatitis (SD)\SD (27)_01.jpg,Seborrheic_Dermatitis,False,UNIQUE,PASS,PSD_00002602.jpg,224,224
PSD_00002603,SkinDisNet,SkinDisNet_2,n/a,augmented,Seborrheic_Dermatitis,SD (27)_02.jpg,C:\Users\manis\Desktop\Final_Year_Project\PapuloNet\datasets\skindisnet\SkinDisNet_2\Augmented\Seborrheic Dermatitis (SD)\SD (27)_02.jpg,Seborrheic_Dermatitis,False,DUPLICATE_OF:PSD_00001786,PENDING,,,
PSD_00002604,SkinDisNet,SkinDisNet_2,n/a,augmented,Seborrheic_Dermatitis,SD (27)_03.jpg,C:\Users\manis\Desktop\Final_Year_Project\PapuloNet\datasets\skindisnet\SkinDisNet_2\Augmented\Seborrheic Dermatitis (SD)\SD (27)_03.jpg,Seborrheic_Dermatitis,False,UNIQUE,PASS,PSD_00002604.jpg,224,224
PSD_00002605,SkinDisNet,SkinDisNet_2,n/a,augmented,Seborrheic_Dermatitis,SD (27)_04.jpg,C:\Users\manis\Desktop\Final_Year_Project\PapuloNet\datasets\skindisnet\SkinDisNet_2\Augmented\Seborrheic Dermatitis (SD)\SD (27)_04.jpg,Seborrheic_Dermatitis,False,UNIQUE,PASS,PSD_00002605.jpg,224,224
PSD_00002606,SkinDisNet,SkinDisNet_2,n/a,augmented,Seborrheic_Dermatitis,SD (27)_05.jpg,C:\Users\manis\Desktop\Final_Year_Project\PapuloNet\datasets\skindisnet\SkinDisNet_2\Augmented\Seborrheic Dermatitis (SD)\SD (27)_05.jpg,Seborrheic_Dermatitis,False,DUPLICATE_OF:PSD_00001786,PENDING,,,
PSD_00002607,SkinDisNet,SkinDisNet_2,n/a,augmented,Seborrheic_Dermatitis,SD (27)_06.jpg,C:\Users\manis\Desktop\Final_Year_Project\PapuloNet\datasets\skindisnet\SkinDisNet_2\Augmented\Seborrheic Dermatitis (SD)\SD (27)_06.jpg,Seborrheic_Dermatitis,False,DUPLICATE_OF:PSD_00001786,PENDING,,,
PSD_00002608,SkinDisNet,SkinDisNet_2,n/a,augmented,Seborrheic_Dermatitis,SD (27)_07.jpg,C:\Users\manis\Desktop\Final_Year_Project\PapuloNet\datasets\skindisnet\SkinDisNet_2\Augmented\Seborrheic Dermatitis (SD)\SD (27)_07.jpg,Seborrheic_Dermatitis,False,DUPLICATE_OF:PSD_00002039,PENDING,,,
PSD_00002609,SkinDisNet,SkinDisNet_2,n/a,augmented,Seborrheic_Dermatitis,SD (28)_01.jpg,C:\Users\manis\Desktop\Final_Year_Project\PapuloNet\datasets\skindisnet\SkinDisNet_2\Augmented\Seborrheic Dermatitis (SD)\SD (28)_01.jpg,Seborrheic_Dermatitis,False,UNIQUE,FAIL: blur variance 72.2 below threshold 100.0,,,
PSD_00002610,SkinDisNet,SkinDisNet_2,n/a,augmented,Seborrheic_Dermatitis,SD (28)_02.jpg,C:\Users\manis\Desktop\Final_Year_Project\PapuloNet\datasets\skindisnet\SkinDisNet_2\Augmented\Seborrheic Dermatitis (SD)\SD (28)_02.jpg,Seborrheic_Dermatitis,False,DUPLICATE_OF:PSD_00001781,PENDING,,,
PSD_00002611,SkinDisNet,SkinDisNet_2,n/a,augmented,Seborrheic_Dermatitis,SD (28)_03.jpg,C:\Users\manis\Desktop\Final_Year_Project\PapuloNet\datasets\skindisnet\SkinDisNet_2\Augmented\Seborrheic Dermatitis (SD)\SD (28)_03.jpg,Seborrheic_Dermatitis,False,UNIQUE,FAIL: blur variance 88.4 below threshold 100.0,,,
PSD_00002612,SkinDisNet,SkinDisNet_2,n/a,augmented,Seborrheic_Dermatitis,SD (28)_04.jpg,C:\Users\manis\Desktop\Final_Year_Project\PapuloNet\datasets\skindisnet\SkinDisNet_2\Augmented\Seborrheic Dermatitis (SD)\SD (28)_04.jpg,Seborrheic_Dermatitis,False,UNIQUE,FAIL: blur variance 71.2 below threshold 100.0,,,
PSD_00002613,SkinDisNet,SkinDisNet_2,n/a,augmented,Seborrheic_Dermatitis,SD (28)_05.jpg,C:\Users\manis\Desktop\Final_Year_Project\PapuloNet\datasets\skindisnet\SkinDisNet_2\Augmented\Seborrheic Dermatitis (SD)\SD (28)_05.jpg,Seborrheic_Dermatitis,False,DUPLICATE_OF:PSD_00001781,PENDING,,,
PSD_00002614,SkinDisNet,SkinDisNet_2,n/a,augmented,Seborrheic_Dermatitis,SD (28)_06.jpg,C:\Users\manis\Desktop\Final_Year_Project\PapuloNet\datasets\skindisnet\SkinDisNet_2\Augmented\Seborrheic Dermatitis (SD)\SD (28)_06.jpg,Seborrheic_Dermatitis,False,DUPLICATE_OF:PSD_00002003,PENDING,,,
PSD_00002615,SkinDisNet,SkinDisNet_2,n/a,augmented,Seborrheic_Dermatitis,SD (28)_07.jpg,C:\Users\manis\Desktop\Final_Year_Project\PapuloNet\datasets\skindisnet\SkinDisNet_2\Augmented\Seborrheic Dermatitis (SD)\SD (28)_07.jpg,Seborrheic_Dermatitis,False,DUPLICATE_OF:PSD_00002004,PENDING,,,
PSD_00002616,SkinDisNet,SkinDisNet_2,n/a,augmented,Seborrheic_Dermatitis,SD (29)_01.jpg,C:\Users\manis\Desktop\Final_Year_Project\PapuloNet\datasets\skindisnet\SkinDisNet_2\Augmented\Seborrheic Dermatitis (SD)\SD (29)_01.jpg,Seborrheic_Dermatitis,False,UNIQUE,FAIL: blur variance 4.3 below threshold 100.0,,,
PSD_00002617,SkinDisNet,SkinDisNet_2,n/a,augmented,Seborrheic_Dermatitis,SD (29)_02.jpg,C:\Users\manis\Desktop\Final_Year_Project\PapuloNet\datasets\skindisnet\SkinDisNet_2\Augmented\Seborrheic Dermatitis (SD)\SD (29)_02.jpg,Seborrheic_Dermatitis,False,UNIQUE,FAIL: blur variance 4.1 below threshold 100.0,,,
PSD_00002618,SkinDisNet,SkinDisNet_2,n/a,augmented,Seborrheic_Dermatitis,SD (29)_03.jpg,C:\Users\manis\Desktop\Final_Year_Project\PapuloNet\datasets\skindisnet\SkinDisNet_2\Augmented\Seborrheic Dermatitis (SD)\SD (29)_03.jpg,Seborrheic_Dermatitis,False,UNIQUE,FAIL: blur variance 3.3 below threshold 100.0,,,
PSD_00002619,SkinDisNet,SkinDisNet_2,n/a,augmented,Seborrheic_Dermatitis,SD (29)_04.jpg,C:\Users\manis\Desktop\Final_Year_Project\PapuloNet\datasets\skindisnet\SkinDisNet_2\Augmented\Seborrheic Dermatitis (SD)\SD (29)_04.jpg,Seborrheic_Dermatitis,False,UNIQUE,FAIL: blur variance 3.3 below threshold 100.0,,,
PSD_00002620,SkinDisNet,SkinDisNet_2,n/a,augmented,Seborrheic_Dermatitis,SD (29)_05.jpg,C:\Users\manis\Desktop\Final_Year_Project\PapuloNet\datasets\skindisnet\SkinDisNet_2\Augmented\Seborrheic Dermatitis (SD)\SD (29)_05.jpg,Seborrheic_Dermatitis,False,DUPLICATE_OF:PSD_00002411,PENDING,,,
PSD_00002621,SkinDisNet,SkinDisNet_2,n/a,augmented,Seborrheic_Dermatitis,SD (29)_06.jpg,C:\Users\manis\Desktop\Final_Year_Project\PapuloNet\datasets\skindisnet\SkinDisNet_2\Augmented\Seborrheic Dermatitis (SD)\SD (29)_06.jpg,Seborrheic_Dermatitis,False,DUPLICATE_OF:PSD_00002411,PENDING,,,
PSD_00002622,SkinDisNet,SkinDisNet_2,n/a,augmented,Seborrheic_Dermatitis,SD (29)_07.jpg,C:\Users\manis\Desktop\Final_Year_Project\PapuloNet\datasets\skindisnet\SkinDisNet_2\Augmented\Seborrheic Dermatitis (SD)\SD (29)_07.jpg,Seborrheic_Dermatitis,False,UNIQUE,FAIL: blur variance 93.1 below threshold 100.0,,,
PSD_00002623,SkinDisNet,SkinDisNet_2,n/a,augmented,Seborrheic_Dermatitis,SD (3)_01.jpg,C:\Users\manis\Desktop\Final_Year_Project\PapuloNet\datasets\skindisnet\SkinDisNet_2\Augmented\Seborrheic Dermatitis (SD)\SD (3)_01.jpg,Seborrheic_Dermatitis,False,UNIQUE,PASS,PSD_00002623.jpg,224,224
PSD_00002624,SkinDisNet,SkinDisNet_2,n/a,augmented,Seborrheic_Dermatitis,SD (3)_02.jpg,C:\Users\manis\Desktop\Final_Year_Project\PapuloNet\datasets\skindisnet\SkinDisNet_2\Augmented\Seborrheic Dermatitis (SD)\SD (3)_02.jpg,Seborrheic_Dermatitis,False,DUPLICATE_OF:PSD_00001808,PENDING,,,
PSD_00002625,SkinDisNet,SkinDisNet_2,n/a,augmented,Seborrheic_Dermatitis,SD (3)_03.jpg,C:\Users\manis\Desktop\Final_Year_Project\PapuloNet\datasets\skindisnet\SkinDisNet_2\Augmented\Seborrheic Dermatitis (SD)\SD (3)_03.jpg,Seborrheic_Dermatitis,False,UNIQUE,PASS,PSD_00002625.jpg,224,224
PSD_00002626,SkinDisNet,SkinDisNet_2,n/a,augmented,Seborrheic_Dermatitis,SD (3)_04.jpg,C:\Users\manis\Desktop\Final_Year_Project\PapuloNet\datasets\skindisnet\SkinDisNet_2\Augmented\Seborrheic Dermatitis (SD)\SD (3)_04.jpg,Seborrheic_Dermatitis,False,UNIQUE,PASS,PSD_00002626.jpg,224,224
PSD_00002627,SkinDisNet,SkinDisNet_2,n/a,augmented,Seborrheic_Dermatitis,SD (3)_05.jpg,C:\Users\manis\Desktop\Final_Year_Project\PapuloNet\datasets\skindisnet\SkinDisNet_2\Augmented\Seborrheic Dermatitis (SD)\SD (3)_05.jpg,Seborrheic_Dermatitis,False,DUPLICATE_OF:PSD_00001808,PENDING,,,
PSD_00002628,SkinDisNet,SkinDisNet_2,n/a,augmented,Seborrheic_Dermatitis,SD (3)_06.jpg,C:\Users\manis\Desktop\Final_Year_Project\PapuloNet\datasets\skindisnet\SkinDisNet_2\Augmented\Seborrheic Dermatitis (SD)\SD (3)_06.jpg,Seborrheic_Dermatitis,False,DUPLICATE_OF:PSD_00001808,PENDING,,,
PSD_00002629,SkinDisNet,SkinDisNet_2,n/a,augmented,Seborrheic_Dermatitis,SD (3)_07.jpg,C:\Users\manis\Desktop\Final_Year_Project\PapuloNet\datasets\skindisnet\SkinDisNet_2\Augmented\Seborrheic Dermatitis (SD)\SD (3)_07.jpg,Seborrheic_Dermatitis,False,DUPLICATE_OF:PSD_00002193,PENDING,,,
PSD_00002630,SkinDisNet,SkinDisNet_2,n/a,augmented,Seborrheic_Dermatitis,SD (30)_01.jpg,C:\Users\manis\Desktop\Final_Year_Project\PapuloNet\datasets\skindisnet\SkinDisNet_2\Augmented\Seborrheic Dermatitis (SD)\SD (30)_01.jpg,Seborrheic_Dermatitis,False,DUPLICATE_OF:PSD_00001803,PENDING,,,
PSD_00002631,SkinDisNet,SkinDisNet_2,n/a,augmented,Seborrheic_Dermatitis,SD (30)_02.jpg,C:\Users\manis\Desktop\Final_Year_Project\PapuloNet\datasets\skindisnet\SkinDisNet_2\Augmented\Seborrheic Dermatitis (SD)\SD (30)_02.jpg,Seborrheic_Dermatitis,False,DUPLICATE_OF:PSD_00001803,PENDING,,,
PSD_00002632,SkinDisNet,SkinDisNet_2,n/a,augmented,Seborrheic_Dermatitis,SD (30)_03.jpg,C:\Users\manis\Desktop\Final_Year_Project\PapuloNet\datasets\skindisnet\SkinDisNet_2\Augmented\Seborrheic Dermatitis (SD)\SD (30)_03.jpg,Seborrheic_Dermatitis,False,UNIQUE,FAIL: blur variance 26.5 below threshold 100.0,,,
PSD_00002633,SkinDisNet,SkinDisNet_2,n/a,augmented,Seborrheic_Dermatitis,SD (30)_04.jpg,C:\Users\manis\Desktop\Final_Year_Project\PapuloNet\datasets\skindisnet\SkinDisNet_2\Augmented\Seborrheic Dermatitis (SD)\SD (30)_04.jpg,Seborrheic_Dermatitis,False,UNIQUE,FAIL: blur variance 48.1 below threshold 100.0,,,
PSD_00002634,SkinDisNet,SkinDisNet_2,n/a,augmented,Seborrheic_Dermatitis,SD (30)_05.jpg,C:\Users\manis\Desktop\Final_Year_Project\PapuloNet\datasets\skindisnet\SkinDisNet_2\Augmented\Seborrheic Dermatitis (SD)\SD (30)_05.jpg,Seborrheic_Dermatitis,False,DUPLICATE_OF:PSD_00001803,PENDING,,,
PSD_00002635,SkinDisNet,SkinDisNet_2,n/a,augmented,Seborrheic_Dermatitis,SD (30)_06.jpg,C:\Users\manis\Desktop\Final_Year_Project\PapuloNet\datasets\skindisnet\SkinDisNet_2\Augmented\Seborrheic Dermatitis (SD)\SD (30)_06.jpg,Seborrheic_Dermatitis,False,DUPLICATE_OF:PSD_00001803,PENDING,,,
PSD_00002636,SkinDisNet,SkinDisNet_2,n/a,augmented,Seborrheic_Dermatitis,SD (30)_07.jpg,C:\Users\manis\Desktop\Final_Year_Project\PapuloNet\datasets\skindisnet\SkinDisNet_2\Augmented\Seborrheic Dermatitis (SD)\SD (30)_07.jpg,Seborrheic_Dermatitis,False,DUPLICATE_OF:PSD_00002158,PENDING,,,
PSD_00002637,SkinDisNet,SkinDisNet_2,n/a,augmented,Seborrheic_Dermatitis,SD (31)_01.jpg,C:\Users\manis\Desktop\Final_Year_Project\PapuloNet\datasets\skindisnet\SkinDisNet_2\Augmented\Seborrheic Dermatitis (SD)\SD (31)_01.jpg,Seborrheic_Dermatitis,False,DUPLICATE_OF:PSD_00002145,PENDING,,,
PSD_00002638,SkinDisNet,SkinDisNet_2,n/a,augmented,Seborrheic_Dermatitis,SD (31)_02.jpg,C:\Users\manis\Desktop\Final_Year_Project\PapuloNet\datasets\skindisnet\SkinDisNet_2\Augmented\Seborrheic Dermatitis (SD)\SD (31)_02.jpg,Seborrheic_Dermatitis,False,UNIQUE,FAIL: blur variance 10.6 below threshold 100.0,,,
PSD_00002639,SkinDisNet,SkinDisNet_2,n/a,augmented,Seborrheic_Dermatitis,SD (31)_03.jpg,C:\Users\manis\Desktop\Final_Year_Project\PapuloNet\datasets\skindisnet\SkinDisNet_2\Augmented\Seborrheic Dermatitis (SD)\SD (31)_03.jpg,Seborrheic_Dermatitis,False,UNIQUE,FAIL: blur variance 8.0 below threshold 100.0,,,
PSD_00002640,SkinDisNet,SkinDisNet_2,n/a,augmented,Seborrheic_Dermatitis,SD (31)_04.jpg,C:\Users\manis\Desktop\Final_Year_Project\PapuloNet\datasets\skindisnet\SkinDisNet_2\Augmented\Seborrheic Dermatitis (SD)\SD (31)_04.jpg,Seborrheic_Dermatitis,False,UNIQUE,FAIL: blur variance 7.1 below threshold 100.0,,,
PSD_00002641,SkinDisNet,SkinDisNet_2,n/a,augmented,Seborrheic_Dermatitis,SD (31)_05.jpg,C:\Users\manis\Desktop\Final_Year_Project\PapuloNet\datasets\skindisnet\SkinDisNet_2\Augmented\Seborrheic Dermatitis (SD)\SD (31)_05.jpg,Seborrheic_Dermatitis,False,DUPLICATE_OF:PSD_00001802,PENDING,,,
PSD_00002642,SkinDisNet,SkinDisNet_2,n/a,augmented,Seborrheic_Dermatitis,SD (31)_06.jpg,C:\Users\manis\Desktop\Final_Year_Project\PapuloNet\datasets\skindisnet\SkinDisNet_2\Augmented\Seborrheic Dermatitis (SD)\SD (31)_06.jpg,Seborrheic_Dermatitis,False,DUPLICATE_OF:PSD_00001802,PENDING,,,
PSD_00002643,SkinDisNet,SkinDisNet_2,n/a,augmented,Seborrheic_Dermatitis,SD (31)_07.jpg,C:\Users\manis\Desktop\Final_Year_Project\PapuloNet\datasets\skindisnet\SkinDisNet_2\Augmented\Seborrheic Dermatitis (SD)\SD (31)_07.jpg,Seborrheic_Dermatitis,False,DUPLICATE_OF:PSD_00002151,PENDING,,,
PSD_00002644,SkinDisNet,SkinDisNet_2,n/a,augmented,Seborrheic_Dermatitis,SD (32)_01.jpg,C:\Users\manis\Desktop\Final_Year_Project\PapuloNet\datasets\skindisnet\SkinDisNet_2\Augmented\Seborrheic Dermatitis (SD)\SD (32)_01.jpg,Seborrheic_Dermatitis,False,UNIQUE,FAIL: blur variance 12.2 below threshold 100.0,,,
PSD_00002645,SkinDisNet,SkinDisNet_2,n/a,augmented,Seborrheic_Dermatitis,SD (32)_02.jpg,C:\Users\manis\Desktop\Final_Year_Project\PapuloNet\datasets\skindisnet\SkinDisNet_2\Augmented\Seborrheic Dermatitis (SD)\SD (32)_02.jpg,Seborrheic_Dermatitis,False,UNIQUE,FAIL: blur variance 17.0 below threshold 100.0,,,
PSD_00002646,SkinDisNet,SkinDisNet_2,n/a,augmented,Seborrheic_Dermatitis,SD (32)_03.jpg,C:\Users\manis\Desktop\Final_Year_Project\PapuloNet\datasets\skindisnet\SkinDisNet_2\Augmented\Seborrheic Dermatitis (SD)\SD (32)_03.jpg,Seborrheic_Dermatitis,False,UNIQUE,FAIL: blur variance 12.3 below threshold 100.0,,,
PSD_00002647,SkinDisNet,SkinDisNet_2,n/a,augmented,Seborrheic_Dermatitis,SD (32)_04.jpg,C:\Users\manis\Desktop\Final_Year_Project\PapuloNet\datasets\skindisnet\SkinDisNet_2\Augmented\Seborrheic Dermatitis (SD)\SD (32)_04.jpg,Seborrheic_Dermatitis,False,UNIQUE,FAIL: blur variance 5.9 below threshold 100.0,,,
PSD_00002648,SkinDisNet,SkinDisNet_2,n/a,augmented,Seborrheic_Dermatitis,SD (32)_05.jpg,C:\Users\manis\Desktop\Final_Year_Project\PapuloNet\datasets\skindisnet\SkinDisNet_2\Augmented\Seborrheic Dermatitis (SD)\SD (32)_05.jpg,Seborrheic_Dermatitis,False,DUPLICATE_OF:PSD_00001830,PENDING,,,
PSD_00002649,SkinDisNet,SkinDisNet_2,n/a,augmented,Seborrheic_Dermatitis,SD (32)_06.jpg,C:\Users\manis\Desktop\Final_Year_Project\PapuloNet\datasets\skindisnet\SkinDisNet_2\Augmented\Seborrheic Dermatitis (SD)\SD (32)_06.jpg,Seborrheic_Dermatitis,False,DUPLICATE_OF:PSD_00001830,PENDING,,,
PSD_00002650,SkinDisNet,SkinDisNet_2,n/a,augmented,Seborrheic_Dermatitis,SD (32)_07.jpg,C:\Users\manis\Desktop\Final_Year_Project\PapuloNet\datasets\skindisnet\SkinDisNet_2\Augmented\Seborrheic Dermatitis (SD)\SD (32)_07.jpg,Seborrheic_Dermatitis,False,DUPLICATE_OF:PSD_00002347,PENDING,,,
PSD_00002651,SkinDisNet,SkinDisNet_2,n/a,augmented,Seborrheic_Dermatitis,SD (33)_01.jpg,C:\Users\manis\Desktop\Final_Year_Project\PapuloNet\datasets\skindisnet\SkinDisNet_2\Augmented\Seborrheic Dermatitis (SD)\SD (33)_01.jpg,Seborrheic_Dermatitis,False,UNIQUE,PASS,PSD_00002651.jpg,224,224
PSD_00002652,SkinDisNet,SkinDisNet_2,n/a,augmented,Seborrheic_Dermatitis,SD (33)_02.jpg,C:\Users\manis\Desktop\Final_Year_Project\PapuloNet\datasets\skindisnet\SkinDisNet_2\Augmented\Seborrheic Dermatitis (SD)\SD (33)_02.jpg,Seborrheic_Dermatitis,False,UNIQUE,PASS,PSD_00002652.jpg,224,224
PSD_00002653,SkinDisNet,SkinDisNet_2,n/a,augmented,Seborrheic_Dermatitis,SD (33)_03.jpg,C:\Users\manis\Desktop\Final_Year_Project\PapuloNet\datasets\skindisnet\SkinDisNet_2\Augmented\Seborrheic Dermatitis (SD)\SD (33)_03.jpg,Seborrheic_Dermatitis,False,UNIQUE,PASS,PSD_00002653.jpg,224,224
PSD_00002654,SkinDisNet,SkinDisNet_2,n/a,augmented,Seborrheic_Dermatitis,SD (33)_04.jpg,C:\Users\manis\Desktop\Final_Year_Project\PapuloNet\datasets\skindisnet\SkinDisNet_2\Augmented\Seborrheic Dermatitis (SD)\SD (33)_04.jpg,Seborrheic_Dermatitis,False,UNIQUE,PASS,PSD_00002654.jpg,224,224
PSD_00002655,SkinDisNet,SkinDisNet_2,n/a,augmented,Seborrheic_Dermatitis,SD (33)_05.jpg,C:\Users\manis\Desktop\Final_Year_Project\PapuloNet\datasets\skindisnet\SkinDisNet_2\Augmented\Seborrheic Dermatitis (SD)\SD (33)_05.jpg,Seborrheic_Dermatitis,False,DUPLICATE_OF:PSD_00001824,PENDING,,,
PSD_00002656,SkinDisNet,SkinDisNet_2,n/a,augmented,Seborrheic_Dermatitis,SD (33)_06.jpg,C:\Users\manis\Desktop\Final_Year_Project\PapuloNet\datasets\skindisnet\SkinDisNet_2\Augmented\Seborrheic Dermatitis (SD)\SD (33)_06.jpg,Seborrheic_Dermatitis,False,DUPLICATE_OF:PSD_00001824,PENDING,,,
PSD_00002657,SkinDisNet,SkinDisNet_2,n/a,augmented,Seborrheic_Dermatitis,SD (33)_07.jpg,C:\Users\manis\Desktop\Final_Year_Project\PapuloNet\datasets\skindisnet\SkinDisNet_2\Augmented\Seborrheic Dermatitis (SD)\SD (33)_07.jpg,Seborrheic_Dermatitis,False,DUPLICATE_OF:PSD_00002123,PENDING,,,
PSD_00002658,SkinDisNet,SkinDisNet_2,n/a,augmented,Seborrheic_Dermatitis,SD (34)_01.jpg,C:\Users\manis\Desktop\Final_Year_Project\PapuloNet\datasets\skindisnet\SkinDisNet_2\Augmented\Seborrheic Dermatitis (SD)\SD (34)_01.jpg,Seborrheic_Dermatitis,False,UNIQUE,PASS,PSD_00002658.jpg,224,224
PSD_00002659,SkinDisNet,SkinDisNet_2,n/a,augmented,Seborrheic_Dermatitis,SD (34)_02.jpg,C:\Users\manis\Desktop\Final_Year_Project\PapuloNet\datasets\skindisnet\SkinDisNet_2\Augmented\Seborrheic Dermatitis (SD)\SD (34)_02.jpg,Seborrheic_Dermatitis,False,DUPLICATE_OF:PSD_00001798,PENDING,,,
PSD_00002660,SkinDisNet,SkinDisNet_2,n/a,augmented,Seborrheic_Dermatitis,SD (34)_03.jpg,C:\Users\manis\Desktop\Final_Year_Project\PapuloNet\datasets\skindisnet\SkinDisNet_2\Augmented\Seborrheic Dermatitis (SD)\SD (34)_03.jpg,Seborrheic_Dermatitis,False,UNIQUE,PASS,PSD_00002660.jpg,224,224
PSD_00002661,SkinDisNet,SkinDisNet_2,n/a,augmented,Seborrheic_Dermatitis,SD (34)_04.jpg,C:\Users\manis\Desktop\Final_Year_Project\PapuloNet\datasets\skindisnet\SkinDisNet_2\Augmented\Seborrheic Dermatitis (SD)\SD (34)_04.jpg,Seborrheic_Dermatitis,False,UNIQUE,PASS,PSD_00002661.jpg,224,224
PSD_00002662,SkinDisNet,SkinDisNet_2,n/a,augmented,Seborrheic_Dermatitis,SD (34)_05.jpg,C:\Users\manis\Desktop\Final_Year_Project\PapuloNet\datasets\skindisnet\SkinDisNet_2\Augmented\Seborrheic Dermatitis (SD)\SD (34)_05.jpg,Seborrheic_Dermatitis,False,DUPLICATE_OF:PSD_00001798,PENDING,,,
PSD_00002663,SkinDisNet,SkinDisNet_2,n/a,augmented,Seborrheic_Dermatitis,SD (34)_06.jpg,C:\Users\manis\Desktop\Final_Year_Project\PapuloNet\datasets\skindisnet\SkinDisNet_2\Augmented\Seborrheic Dermatitis (SD)\SD (34)_06.jpg,Seborrheic_Dermatitis,False,DUPLICATE_OF:PSD_00001798,PENDING,,,
PSD_00002664,SkinDisNet,SkinDisNet_2,n/a,augmented,Seborrheic_Dermatitis,SD (34)_07.jpg,C:\Users\manis\Desktop\Final_Year_Project\PapuloNet\datasets\skindisnet\SkinDisNet_2\Augmented\Seborrheic Dermatitis (SD)\SD (34)_07.jpg,Seborrheic_Dermatitis,False,DUPLICATE_OF:PSD_00002123,PENDING,,,
PSD_00002665,SkinDisNet,SkinDisNet_2,n/a,augmented,Seborrheic_Dermatitis,SD (35)_01.jpg,C:\Users\manis\Desktop\Final_Year_Project\PapuloNet\datasets\skindisnet\SkinDisNet_2\Augmented\Seborrheic Dermatitis (SD)\SD (35)_01.jpg,Seborrheic_Dermatitis,False,UNIQUE,PASS,PSD_00002665.jpg,224,224
PSD_00002666,SkinDisNet,SkinDisNet_2,n/a,augmented,Seborrheic_Dermatitis,SD (35)_02.jpg,C:\Users\manis\Desktop\Final_Year_Project\PapuloNet\datasets\skindisnet\SkinDisNet_2\Augmented\Seborrheic Dermatitis (SD)\SD (35)_02.jpg,Seborrheic_Dermatitis,False,DUPLICATE_OF:PSD_00001788,PENDING,,,
PSD_00002667,SkinDisNet,SkinDisNet_2,n/a,augmented,Seborrheic_Dermatitis,SD (35)_03.jpg,C:\Users\manis\Desktop\Final_Year_Project\PapuloNet\datasets\skindisnet\SkinDisNet_2\Augmented\Seborrheic Dermatitis (SD)\SD (35)_03.jpg,Seborrheic_Dermatitis,False,UNIQUE,PASS,PSD_00002667.jpg,224,224
PSD_00002668,SkinDisNet,SkinDisNet_2,n/a,augmented,Seborrheic_Dermatitis,SD (35)_04.jpg,C:\Users\manis\Desktop\Final_Year_Project\PapuloNet\datasets\skindisnet\SkinDisNet_2\Augmented\Seborrheic Dermatitis (SD)\SD (35)_04.jpg,Seborrheic_Dermatitis,False,UNIQUE,PASS,PSD_00002668.jpg,224,224
PSD_00002669,SkinDisNet,SkinDisNet_2,n/a,augmented,Seborrheic_Dermatitis,SD (35)_05.jpg,C:\Users\manis\Desktop\Final_Year_Project\PapuloNet\datasets\skindisnet\SkinDisNet_2\Augmented\Seborrheic Dermatitis (SD)\SD (35)_05.jpg,Seborrheic_Dermatitis,False,DUPLICATE_OF:PSD_00001788,PENDING,,,
PSD_00002670,SkinDisNet,SkinDisNet_2,n/a,augmented,Seborrheic_Dermatitis,SD (35)_06.jpg,C:\Users\manis\Desktop\Final_Year_Project\PapuloNet\datasets\skindisnet\SkinDisNet_2\Augmented\Seborrheic Dermatitis (SD)\SD (35)_06.jpg,Seborrheic_Dermatitis,False,DUPLICATE_OF:PSD_00001788,PENDING,,,
PSD_00002671,SkinDisNet,SkinDisNet_2,n/a,augmented,Seborrheic_Dermatitis,SD (35)_07.jpg,C:\Users\manis\Desktop\Final_Year_Project\PapuloNet\datasets\skindisnet\SkinDisNet_2\Augmented\Seborrheic Dermatitis (SD)\SD (35)_07.jpg,Seborrheic_Dermatitis,False,DUPLICATE_OF:PSD_00002053,PENDING,,,
PSD_00002672,SkinDisNet,SkinDisNet_2,n/a,augmented,Seborrheic_Dermatitis,SD (36)_01.jpg,C:\Users\manis\Desktop\Final_Year_Project\PapuloNet\datasets\skindisnet\SkinDisNet_2\Augmented\Seborrheic Dermatitis (SD)\SD (36)_01.jpg,Seborrheic_Dermatitis,False,UNIQUE,PASS,PSD_00002672.jpg,224,224
PSD_00002673,SkinDisNet,SkinDisNet_2,n/a,augmented,Seborrheic_Dermatitis,SD (36)_02.jpg,C:\Users\manis\Desktop\Final_Year_Project\PapuloNet\datasets\skindisnet\SkinDisNet_2\Augmented\Seborrheic Dermatitis (SD)\SD (36)_02.jpg,Seborrheic_Dermatitis,False,DUPLICATE_OF:PSD_00001908,PENDING,,,
PSD_00002674,SkinDisNet,SkinDisNet_2,n/a,augmented,Seborrheic_Dermatitis,SD (36)_03.jpg,C:\Users\manis\Desktop\Final_Year_Project\PapuloNet\datasets\skindisnet\SkinDisNet_2\Augmented\Seborrheic Dermatitis (SD)\SD (36)_03.jpg,Seborrheic_Dermatitis,False,UNIQUE,PASS,PSD_00002674.jpg,224,224
PSD_00002675,SkinDisNet,SkinDisNet_2,n/a,augmented,Seborrheic_Dermatitis,SD (36)_04.jpg,C:\Users\manis\Desktop\Final_Year_Project\PapuloNet\datasets\skindisnet\SkinDisNet_2\Augmented\Seborrheic Dermatitis (SD)\SD (36)_04.jpg,Seborrheic_Dermatitis,False,UNIQUE,PASS,PSD_00002675.jpg,224,224
PSD_00002676,SkinDisNet,SkinDisNet_2,n/a,augmented,Seborrheic_Dermatitis,SD (36)_05.jpg,C:\Users\manis\Desktop\Final_Year_Project\PapuloNet\datasets\skindisnet\SkinDisNet_2\Augmented\Seborrheic Dermatitis (SD)\SD (36)_05.jpg,Seborrheic_Dermatitis,False,DUPLICATE_OF:PSD_00001768,PENDING,,,
PSD_00002677,SkinDisNet,SkinDisNet_2,n/a,augmented,Seborrheic_Dermatitis,SD (36)_06.jpg,C:\Users\manis\Desktop\Final_Year_Project\PapuloNet\datasets\skindisnet\SkinDisNet_2\Augmented\Seborrheic Dermatitis (SD)\SD (36)_06.jpg,Seborrheic_Dermatitis,False,DUPLICATE_OF:PSD_00001768,PENDING,,,
PSD_00002678,SkinDisNet,SkinDisNet_2,n/a,augmented,Seborrheic_Dermatitis,SD (36)_07.jpg,C:\Users\manis\Desktop\Final_Year_Project\PapuloNet\datasets\skindisnet\SkinDisNet_2\Augmented\Seborrheic Dermatitis (SD)\SD (36)_07.jpg,Seborrheic_Dermatitis,False,DUPLICATE_OF:PSD_00001913,PENDING,,,
PSD_00002679,SkinDisNet,SkinDisNet_2,n/a,augmented,Seborrheic_Dermatitis,SD (37)_01.jpg,C:\Users\manis\Desktop\Final_Year_Project\PapuloNet\datasets\skindisnet\SkinDisNet_2\Augmented\Seborrheic Dermatitis (SD)\SD (37)_01.jpg,Seborrheic_Dermatitis,False,UNIQUE,PASS,PSD_00002679.jpg,224,224
PSD_00002680,SkinDisNet,SkinDisNet_2,n/a,augmented,Seborrheic_Dermatitis,SD (37)_02.jpg,C:\Users\manis\Desktop\Final_Year_Project\PapuloNet\datasets\skindisnet\SkinDisNet_2\Augmented\Seborrheic Dermatitis (SD)\SD (37)_02.jpg,Seborrheic_Dermatitis,False,UNIQUE,PASS,PSD_00002680.jpg,224,224
PSD_00002681,SkinDisNet,SkinDisNet_2,n/a,augmented,Seborrheic_Dermatitis,SD (37)_03.jpg,C:\Users\manis\Desktop\Final_Year_Project\PapuloNet\datasets\skindisnet\SkinDisNet_2\Augmented\Seborrheic Dermatitis (SD)\SD (37)_03.jpg,Seborrheic_Dermatitis,False,DUPLICATE_OF:PSD_00002014,PENDING,,,
PSD_00002682,SkinDisNet,SkinDisNet_2,n/a,augmented,Seborrheic_Dermatitis,SD (37)_04.jpg,C:\Users\manis\Desktop\Final_Year_Project\PapuloNet\datasets\skindisnet\SkinDisNet_2\Augmented\Seborrheic Dermatitis (SD)\SD (37)_04.jpg,Seborrheic_Dermatitis,False,UNIQUE,PASS,PSD_00002682.jpg,224,224
PSD_00002683,SkinDisNet,SkinDisNet_2,n/a,augmented,Seborrheic_Dermatitis,SD (37)_05.jpg,C:\Users\manis\Desktop\Final_Year_Project\PapuloNet\datasets\skindisnet\SkinDisNet_2\Augmented\Seborrheic Dermatitis (SD)\SD (37)_05.jpg,Seborrheic_Dermatitis,False,DUPLICATE_OF:PSD_00001783,PENDING,,,
PSD_00002684,SkinDisNet,SkinDisNet_2,n/a,augmented,Seborrheic_Dermatitis,SD (37)_06.jpg,C:\Users\manis\Desktop\Final_Year_Project\PapuloNet\datasets\skindisnet\SkinDisNet_2\Augmented\Seborrheic Dermatitis (SD)\SD (37)_06.jpg,Seborrheic_Dermatitis,False,DUPLICATE_OF:PSD_00001783,PENDING,,,
PSD_00002685,SkinDisNet,SkinDisNet_2,n/a,augmented,Seborrheic_Dermatitis,SD (37)_07.jpg,C:\Users\manis\Desktop\Final_Year_Project\PapuloNet\datasets\skindisnet\SkinDisNet_2\Augmented\Seborrheic Dermatitis (SD)\SD (37)_07.jpg,Seborrheic_Dermatitis,False,DUPLICATE_OF:PSD_00001878,PENDING,,,
PSD_00002686,SkinDisNet,SkinDisNet_2,n/a,augmented,Seborrheic_Dermatitis,SD (38)_01.jpg,C:\Users\manis\Desktop\Final_Year_Project\PapuloNet\datasets\skindisnet\SkinDisNet_2\Augmented\Seborrheic Dermatitis (SD)\SD (38)_01.jpg,Seborrheic_Dermatitis,False,UNIQUE,PASS,PSD_00002686.jpg,224,224
PSD_00002687,SkinDisNet,SkinDisNet_2,n/a,augmented,Seborrheic_Dermatitis,SD (38)_02.jpg,C:\Users\manis\Desktop\Final_Year_Project\PapuloNet\datasets\skindisnet\SkinDisNet_2\Augmented\Seborrheic Dermatitis (SD)\SD (38)_02.jpg,Seborrheic_Dermatitis,False,UNIQUE,PASS,PSD_00002687.jpg,224,224
PSD_00002688,SkinDisNet,SkinDisNet_2,n/a,augmented,Seborrheic_Dermatitis,SD (38)_03.jpg,C:\Users\manis\Desktop\Final_Year_Project\PapuloNet\datasets\skindisnet\SkinDisNet_2\Augmented\Seborrheic Dermatitis (SD)\SD (38)_03.jpg,Seborrheic_Dermatitis,False,DUPLICATE_OF:PSD_00001777,PENDING,,,
PSD_00002689,SkinDisNet,SkinDisNet_2,n/a,augmented,Seborrheic_Dermatitis,SD (38)_04.jpg,C:\Users\manis\Desktop\Final_Year_Project\PapuloNet\datasets\skindisnet\SkinDisNet_2\Augmented\Seborrheic Dermatitis (SD)\SD (38)_04.jpg,Seborrheic_Dermatitis,False,UNIQUE,PASS,PSD_00002689.jpg,224,224
PSD_00002690,SkinDisNet,SkinDisNet_2,n/a,augmented,Seborrheic_Dermatitis,SD (38)_05.jpg,C:\Users\manis\Desktop\Final_Year_Project\PapuloNet\datasets\skindisnet\SkinDisNet_2\Augmented\Seborrheic Dermatitis (SD)\SD (38)_05.jpg,Seborrheic_Dermatitis,False,DUPLICATE_OF:PSD_00001777,PENDING,,,
PSD_00002691,SkinDisNet,SkinDisNet_2,n/a,augmented,Seborrheic_Dermatitis,SD (38)_06.jpg,C:\Users\manis\Desktop\Final_Year_Project\PapuloNet\datasets\skindisnet\SkinDisNet_2\Augmented\Seborrheic Dermatitis (SD)\SD (38)_06.jpg,Seborrheic_Dermatitis,False,DUPLICATE_OF:PSD_00001777,PENDING,,,
PSD_00002692,SkinDisNet,SkinDisNet_2,n/a,augmented,Seborrheic_Dermatitis,SD (38)_07.jpg,C:\Users\manis\Desktop\Final_Year_Project\PapuloNet\datasets\skindisnet\SkinDisNet_2\Augmented\Seborrheic Dermatitis (SD)\SD (38)_07.jpg,Seborrheic_Dermatitis,False,DUPLICATE_OF:PSD_00001878,PENDING,,,
PSD_00002693,SkinDisNet,SkinDisNet_2,n/a,augmented,Seborrheic_Dermatitis,SD (39)_01.jpg,C:\Users\manis\Desktop\Final_Year_Project\PapuloNet\datasets\skindisnet\SkinDisNet_2\Augmented\Seborrheic Dermatitis (SD)\SD (39)_01.jpg,Seborrheic_Dermatitis,False,UNIQUE,FAIL: blur variance 54.1 below threshold 100.0,,,
PSD_00002694,SkinDisNet,SkinDisNet_2,n/a,augmented,Seborrheic_Dermatitis,SD (39)_02.jpg,C:\Users\manis\Desktop\Final_Year_Project\PapuloNet\datasets\skindisnet\SkinDisNet_2\Augmented\Seborrheic Dermatitis (SD)\SD (39)_02.jpg,Seborrheic_Dermatitis,False,UNIQUE,FAIL: blur variance 97.6 below threshold 100.0,,,
PSD_00002695,SkinDisNet,SkinDisNet_2,n/a,augmented,Seborrheic_Dermatitis,SD (39)_03.jpg,C:\Users\manis\Desktop\Final_Year_Project\PapuloNet\datasets\skindisnet\SkinDisNet_2\Augmented\Seborrheic Dermatitis (SD)\SD (39)_03.jpg,Seborrheic_Dermatitis,False,DUPLICATE_OF:PSD_00001823,PENDING,,,
PSD_00002696,SkinDisNet,SkinDisNet_2,n/a,augmented,Seborrheic_Dermatitis,SD (39)_04.jpg,C:\Users\manis\Desktop\Final_Year_Project\PapuloNet\datasets\skindisnet\SkinDisNet_2\Augmented\Seborrheic Dermatitis (SD)\SD (39)_04.jpg,Seborrheic_Dermatitis,False,UNIQUE,FAIL: blur variance 50.6 below threshold 100.0,,,
PSD_00002697,SkinDisNet,SkinDisNet_2,n/a,augmented,Seborrheic_Dermatitis,SD (39)_05.jpg,C:\Users\manis\Desktop\Final_Year_Project\PapuloNet\datasets\skindisnet\SkinDisNet_2\Augmented\Seborrheic Dermatitis (SD)\SD (39)_05.jpg,Seborrheic_Dermatitis,False,DUPLICATE_OF:PSD_00001823,PENDING,,,
PSD_00002698,SkinDisNet,SkinDisNet_2,n/a,augmented,Seborrheic_Dermatitis,SD (39)_06.jpg,C:\Users\manis\Desktop\Final_Year_Project\PapuloNet\datasets\skindisnet\SkinDisNet_2\Augmented\Seborrheic Dermatitis (SD)\SD (39)_06.jpg,Seborrheic_Dermatitis,False,DUPLICATE_OF:PSD_00001823,PENDING,,,
PSD_00002699,SkinDisNet,SkinDisNet_2,n/a,augmented,Seborrheic_Dermatitis,SD (39)_07.jpg,C:\Users\manis\Desktop\Final_Year_Project\PapuloNet\datasets\skindisnet\SkinDisNet_2\Augmented\Seborrheic Dermatitis (SD)\SD (39)_07.jpg,Seborrheic_Dermatitis,False,DUPLICATE_OF:PSD_00001878,PENDING,,,
PSD_00002700,SkinDisNet,SkinDisNet_2,n/a,augmented,Seborrheic_Dermatitis,SD (4)_01.jpg,C:\Users\manis\Desktop\Final_Year_Project\PapuloNet\datasets\skindisnet\SkinDisNet_2\Augmented\Seborrheic Dermatitis (SD)\SD (4)_01.jpg,Seborrheic_Dermatitis,False,UNIQUE,PASS,PSD_00002700.jpg,224,224
PSD_00002701,SkinDisNet,SkinDisNet_2,n/a,augmented,Seborrheic_Dermatitis,SD (4)_02.jpg,C:\Users\manis\Desktop\Final_Year_Project\PapuloNet\datasets\skindisnet\SkinDisNet_2\Augmented\Seborrheic Dermatitis (SD)\SD (4)_02.jpg,Seborrheic_Dermatitis,False,DUPLICATE_OF:PSD_00002160,PENDING,,,
PSD_00002702,SkinDisNet,SkinDisNet_2,n/a,augmented,Seborrheic_Dermatitis,SD (4)_03.jpg,C:\Users\manis\Desktop\Final_Year_Project\PapuloNet\datasets\skindisnet\SkinDisNet_2\Augmented\Seborrheic Dermatitis (SD)\SD (4)_03.jpg,Seborrheic_Dermatitis,False,UNIQUE,PASS,PSD_00002702.jpg,224,224
PSD_00002703,SkinDisNet,SkinDisNet_2,n/a,augmented,Seborrheic_Dermatitis,SD (4)_04.jpg,C:\Users\manis\Desktop\Final_Year_Project\PapuloNet\datasets\skindisnet\SkinDisNet_2\Augmented\Seborrheic Dermatitis (SD)\SD (4)_04.jpg,Seborrheic_Dermatitis,False,UNIQUE,PASS,PSD_00002703.jpg,224,224
PSD_00002704,SkinDisNet,SkinDisNet_2,n/a,augmented,Seborrheic_Dermatitis,SD (4)_05.jpg,C:\Users\manis\Desktop\Final_Year_Project\PapuloNet\datasets\skindisnet\SkinDisNet_2\Augmented\Seborrheic Dermatitis (SD)\SD (4)_05.jpg,Seborrheic_Dermatitis,False,DUPLICATE_OF:PSD_00001804,PENDING,,,
PSD_00002705,SkinDisNet,SkinDisNet_2,n/a,augmented,Seborrheic_Dermatitis,SD (4)_06.jpg,C:\Users\manis\Desktop\Final_Year_Project\PapuloNet\datasets\skindisnet\SkinDisNet_2\Augmented\Seborrheic Dermatitis (SD)\SD (4)_06.jpg,Seborrheic_Dermatitis,False,DUPLICATE_OF:PSD_00001804,PENDING,,,
PSD_00002706,SkinDisNet,SkinDisNet_2,n/a,augmented,Seborrheic_Dermatitis,SD (4)_07.jpg,C:\Users\manis\Desktop\Final_Year_Project\PapuloNet\datasets\skindisnet\SkinDisNet_2\Augmented\Seborrheic Dermatitis (SD)\SD (4)_07.jpg,Seborrheic_Dermatitis,False,DUPLICATE_OF:PSD_00002165,PENDING,,,
PSD_00002707,SkinDisNet,SkinDisNet_2,n/a,augmented,Seborrheic_Dermatitis,SD (40)_01.jpg,C:\Users\manis\Desktop\Final_Year_Project\PapuloNet\datasets\skindisnet\SkinDisNet_2\Augmented\Seborrheic Dermatitis (SD)\SD (40)_01.jpg,Seborrheic_Dermatitis,False,UNIQUE,PASS,PSD_00002707.jpg,224,224
PSD_00002708,SkinDisNet,SkinDisNet_2,n/a,augmented,Seborrheic_Dermatitis,SD (40)_02.jpg,C:\Users\manis\Desktop\Final_Year_Project\PapuloNet\datasets\skindisnet\SkinDisNet_2\Augmented\Seborrheic Dermatitis (SD)\SD (40)_02.jpg,Seborrheic_Dermatitis,False,UNIQUE,PASS,PSD_00002708.jpg,224,224
PSD_00002709,SkinDisNet,SkinDisNet_2,n/a,augmented,Seborrheic_Dermatitis,SD (40)_03.jpg,C:\Users\manis\Desktop\Final_Year_Project\PapuloNet\datasets\skindisnet\SkinDisNet_2\Augmented\Seborrheic Dermatitis (SD)\SD (40)_03.jpg,Seborrheic_Dermatitis,False,UNIQUE,PASS,PSD_00002709.jpg,224,224
PSD_00002710,SkinDisNet,SkinDisNet_2,n/a,augmented,Seborrheic_Dermatitis,SD (40)_04.jpg,C:\Users\manis\Desktop\Final_Year_Project\PapuloNet\datasets\skindisnet\SkinDisNet_2\Augmented\Seborrheic Dermatitis (SD)\SD (40)_04.jpg,Seborrheic_Dermatitis,False,UNIQUE,PASS,PSD_00002710.jpg,224,224
PSD_00002711,SkinDisNet,SkinDisNet_2,n/a,augmented,Seborrheic_Dermatitis,SD (40)_05.jpg,C:\Users\manis\Desktop\Final_Year_Project\PapuloNet\datasets\skindisnet\SkinDisNet_2\Augmented\Seborrheic Dermatitis (SD)\SD (40)_05.jpg,Seborrheic_Dermatitis,False,DUPLICATE_OF:PSD_00001794,PENDING,,,
PSD_00002712,SkinDisNet,SkinDisNet_2,n/a,augmented,Seborrheic_Dermatitis,SD (40)_06.jpg,C:\Users\manis\Desktop\Final_Year_Project\PapuloNet\datasets\skindisnet\SkinDisNet_2\Augmented\Seborrheic Dermatitis (SD)\SD (40)_06.jpg,Seborrheic_Dermatitis,False,DUPLICATE_OF:PSD_00001794,PENDING,,,
PSD_00002713,SkinDisNet,SkinDisNet_2,n/a,augmented,Seborrheic_Dermatitis,SD (40)_07.jpg,C:\Users\manis\Desktop\Final_Year_Project\PapuloNet\datasets\skindisnet\SkinDisNet_2\Augmented\Seborrheic Dermatitis (SD)\SD (40)_07.jpg,Seborrheic_Dermatitis,False,DUPLICATE_OF:PSD_00001878,PENDING,,,
PSD_00002714,SkinDisNet,SkinDisNet_2,n/a,augmented,Seborrheic_Dermatitis,SD (41)_01.jpg,C:\Users\manis\Desktop\Final_Year_Project\PapuloNet\datasets\skindisnet\SkinDisNet_2\Augmented\Seborrheic Dermatitis (SD)\SD (41)_01.jpg,Seborrheic_Dermatitis,False,UNIQUE,PASS,PSD_00002714.jpg,224,224
PSD_00002715,SkinDisNet,SkinDisNet_2,n/a,augmented,Seborrheic_Dermatitis,SD (41)_02.jpg,C:\Users\manis\Desktop\Final_Year_Project\PapuloNet\datasets\skindisnet\SkinDisNet_2\Augmented\Seborrheic Dermatitis (SD)\SD (41)_02.jpg,Seborrheic_Dermatitis,False,UNIQUE,PASS,PSD_00002715.jpg,224,224
PSD_00002716,SkinDisNet,SkinDisNet_2,n/a,augmented,Seborrheic_Dermatitis,SD (41)_03.jpg,C:\Users\manis\Desktop\Final_Year_Project\PapuloNet\datasets\skindisnet\SkinDisNet_2\Augmented\Seborrheic Dermatitis (SD)\SD (41)_03.jpg,Seborrheic_Dermatitis,False,UNIQUE,PASS,PSD_00002716.jpg,224,224
PSD_00002717,SkinDisNet,SkinDisNet_2,n/a,augmented,Seborrheic_Dermatitis,SD (41)_04.jpg,C:\Users\manis\Desktop\Final_Year_Project\PapuloNet\datasets\skindisnet\SkinDisNet_2\Augmented\Seborrheic Dermatitis (SD)\SD (41)_04.jpg,Seborrheic_Dermatitis,False,UNIQUE,FAIL: blur variance 91.2 below threshold 100.0,,,
PSD_00002718,SkinDisNet,SkinDisNet_2,n/a,augmented,Seborrheic_Dermatitis,SD (41)_05.jpg,C:\Users\manis\Desktop\Final_Year_Project\PapuloNet\datasets\skindisnet\SkinDisNet_2\Augmented\Seborrheic Dermatitis (SD)\SD (41)_05.jpg,Seborrheic_Dermatitis,False,DUPLICATE_OF:PSD_00001763,PENDING,,,
PSD_00002719,SkinDisNet,SkinDisNet_2,n/a,augmented,Seborrheic_Dermatitis,SD (41)_06.jpg,C:\Users\manis\Desktop\Final_Year_Project\PapuloNet\datasets\skindisnet\SkinDisNet_2\Augmented\Seborrheic Dermatitis (SD)\SD (41)_06.jpg,Seborrheic_Dermatitis,False,DUPLICATE_OF:PSD_00001763,PENDING,,,
PSD_00002720,SkinDisNet,SkinDisNet_2,n/a,augmented,Seborrheic_Dermatitis,SD (41)_07.jpg,C:\Users\manis\Desktop\Final_Year_Project\PapuloNet\datasets\skindisnet\SkinDisNet_2\Augmented\Seborrheic Dermatitis (SD)\SD (41)_07.jpg,Seborrheic_Dermatitis,False,DUPLICATE_OF:PSD_00001878,PENDING,,,
PSD_00002721,SkinDisNet,SkinDisNet_2,n/a,augmented,Seborrheic_Dermatitis,SD (42)_01.jpg,C:\Users\manis\Desktop\Final_Year_Project\PapuloNet\datasets\skindisnet\SkinDisNet_2\Augmented\Seborrheic Dermatitis (SD)\SD (42)_01.jpg,Seborrheic_Dermatitis,False,UNIQUE,FAIL: blur variance 73.4 below threshold 100.0,,,
PSD_00002722,SkinDisNet,SkinDisNet_2,n/a,augmented,Seborrheic_Dermatitis,SD (42)_02.jpg,C:\Users\manis\Desktop\Final_Year_Project\PapuloNet\datasets\skindisnet\SkinDisNet_2\Augmented\Seborrheic Dermatitis (SD)\SD (42)_02.jpg,Seborrheic_Dermatitis,False,UNIQUE,PASS,PSD_00002722.jpg,224,224
PSD_00002723,SkinDisNet,SkinDisNet_2,n/a,augmented,Seborrheic_Dermatitis,SD (42)_03.jpg,C:\Users\manis\Desktop\Final_Year_Project\PapuloNet\datasets\skindisnet\SkinDisNet_2\Augmented\Seborrheic Dermatitis (SD)\SD (42)_03.jpg,Seborrheic_Dermatitis,False,UNIQUE,FAIL: blur variance 82.0 below threshold 100.0,,,
PSD_00002724,SkinDisNet,SkinDisNet_2,n/a,augmented,Seborrheic_Dermatitis,SD (42)_04.jpg,C:\Users\manis\Desktop\Final_Year_Project\PapuloNet\datasets\skindisnet\SkinDisNet_2\Augmented\Seborrheic Dermatitis (SD)\SD (42)_04.jpg,Seborrheic_Dermatitis,False,UNIQUE,FAIL: blur variance 49.9 below threshold 100.0,,,
PSD_00002725,SkinDisNet,SkinDisNet_2,n/a,augmented,Seborrheic_Dermatitis,SD (42)_05.jpg,C:\Users\manis\Desktop\Final_Year_Project\PapuloNet\datasets\skindisnet\SkinDisNet_2\Augmented\Seborrheic Dermatitis (SD)\SD (42)_05.jpg,Seborrheic_Dermatitis,False,DUPLICATE_OF:PSD_00001831,PENDING,,,
PSD_00002726,SkinDisNet,SkinDisNet_2,n/a,augmented,Seborrheic_Dermatitis,SD (42)_06.jpg,C:\Users\manis\Desktop\Final_Year_Project\PapuloNet\datasets\skindisnet\SkinDisNet_2\Augmented\Seborrheic Dermatitis (SD)\SD (42)_06.jpg,Seborrheic_Dermatitis,False,DUPLICATE_OF:PSD_00001831,PENDING,,,
PSD_00002727,SkinDisNet,SkinDisNet_2,n/a,augmented,Seborrheic_Dermatitis,SD (42)_07.jpg,C:\Users\manis\Desktop\Final_Year_Project\PapuloNet\datasets\skindisnet\SkinDisNet_2\Augmented\Seborrheic Dermatitis (SD)\SD (42)_07.jpg,Seborrheic_Dermatitis,False,DUPLICATE_OF:PSD_00002074,PENDING,,,
PSD_00002728,SkinDisNet,SkinDisNet_2,n/a,augmented,Seborrheic_Dermatitis,SD (43)_01.jpg,C:\Users\manis\Desktop\Final_Year_Project\PapuloNet\datasets\skindisnet\SkinDisNet_2\Augmented\Seborrheic Dermatitis (SD)\SD (43)_01.jpg,Seborrheic_Dermatitis,False,UNIQUE,PASS,PSD_00002728.jpg,224,224
PSD_00002729,SkinDisNet,SkinDisNet_2,n/a,augmented,Seborrheic_Dermatitis,SD (43)_02.jpg,C:\Users\manis\Desktop\Final_Year_Project\PapuloNet\datasets\skindisnet\SkinDisNet_2\Augmented\Seborrheic Dermatitis (SD)\SD (43)_02.jpg,Seborrheic_Dermatitis,False,UNIQUE,PASS,PSD_00002729.jpg,224,224
PSD_00002730,SkinDisNet,SkinDisNet_2,n/a,augmented,Seborrheic_Dermatitis,SD (43)_03.jpg,C:\Users\manis\Desktop\Final_Year_Project\PapuloNet\datasets\skindisnet\SkinDisNet_2\Augmented\Seborrheic Dermatitis (SD)\SD (43)_03.jpg,Seborrheic_Dermatitis,False,UNIQUE,PASS,PSD_00002730.jpg,224,224
PSD_00002731,SkinDisNet,SkinDisNet_2,n/a,augmented,Seborrheic_Dermatitis,SD (43)_04.jpg,C:\Users\manis\Desktop\Final_Year_Project\PapuloNet\datasets\skindisnet\SkinDisNet_2\Augmented\Seborrheic Dermatitis (SD)\SD (43)_04.jpg,Seborrheic_Dermatitis,False,UNIQUE,PASS,PSD_00002731.jpg,224,224
PSD_00002732,SkinDisNet,SkinDisNet_2,n/a,augmented,Seborrheic_Dermatitis,SD (43)_05.jpg,C:\Users\manis\Desktop\Final_Year_Project\PapuloNet\datasets\skindisnet\SkinDisNet_2\Augmented\Seborrheic Dermatitis (SD)\SD (43)_05.jpg,Seborrheic_Dermatitis,False,DUPLICATE_OF:PSD_00001779,PENDING,,,
PSD_00002733,SkinDisNet,SkinDisNet_2,n/a,augmented,Seborrheic_Dermatitis,SD (43)_06.jpg,C:\Users\manis\Desktop\Final_Year_Project\PapuloNet\datasets\skindisnet\SkinDisNet_2\Augmented\Seborrheic Dermatitis (SD)\SD (43)_06.jpg,Seborrheic_Dermatitis,False,DUPLICATE_OF:PSD_00001779,PENDING,,,
PSD_00002734,SkinDisNet,SkinDisNet_2,n/a,augmented,Seborrheic_Dermatitis,SD (43)_07.jpg,C:\Users\manis\Desktop\Final_Year_Project\PapuloNet\datasets\skindisnet\SkinDisNet_2\Augmented\Seborrheic Dermatitis (SD)\SD (43)_07.jpg,Seborrheic_Dermatitis,False,DUPLICATE_OF:PSD_00001990,PENDING,,,
PSD_00002735,SkinDisNet,SkinDisNet_2,n/a,augmented,Seborrheic_Dermatitis,SD (44)_01.jpg,C:\Users\manis\Desktop\Final_Year_Project\PapuloNet\datasets\skindisnet\SkinDisNet_2\Augmented\Seborrheic Dermatitis (SD)\SD (44)_01.jpg,Seborrheic_Dermatitis,False,DUPLICATE_OF:PSD_00001796,PENDING,,,
PSD_00002736,SkinDisNet,SkinDisNet_2,n/a,augmented,Seborrheic_Dermatitis,SD (44)_02.jpg,C:\Users\manis\Desktop\Final_Year_Project\PapuloNet\datasets\skindisnet\SkinDisNet_2\Augmented\Seborrheic Dermatitis (SD)\SD (44)_02.jpg,Seborrheic_Dermatitis,False,UNIQUE,PASS,PSD_00002736.jpg,224,224
PSD_00002737,SkinDisNet,SkinDisNet_2,n/a,augmented,Seborrheic_Dermatitis,SD (44)_03.jpg,C:\Users\manis\Desktop\Final_Year_Project\PapuloNet\datasets\skindisnet\SkinDisNet_2\Augmented\Seborrheic Dermatitis (SD)\SD (44)_03.jpg,Seborrheic_Dermatitis,False,UNIQUE,PASS,PSD_00002737.jpg,224,224
PSD_00002738,SkinDisNet,SkinDisNet_2,n/a,augmented,Seborrheic_Dermatitis,SD (44)_04.jpg,C:\Users\manis\Desktop\Final_Year_Project\PapuloNet\datasets\skindisnet\SkinDisNet_2\Augmented\Seborrheic Dermatitis (SD)\SD (44)_04.jpg,Seborrheic_Dermatitis,False,UNIQUE,PASS,PSD_00002738.jpg,224,224
PSD_00002739,SkinDisNet,SkinDisNet_2,n/a,augmented,Seborrheic_Dermatitis,SD (44)_05.jpg,C:\Users\manis\Desktop\Final_Year_Project\PapuloNet\datasets\skindisnet\SkinDisNet_2\Augmented\Seborrheic Dermatitis (SD)\SD (44)_05.jpg,Seborrheic_Dermatitis,False,DUPLICATE_OF:PSD_00001796,PENDING,,,
PSD_00002740,SkinDisNet,SkinDisNet_2,n/a,augmented,Seborrheic_Dermatitis,SD (44)_06.jpg,C:\Users\manis\Desktop\Final_Year_Project\PapuloNet\datasets\skindisnet\SkinDisNet_2\Augmented\Seborrheic Dermatitis (SD)\SD (44)_06.jpg,Seborrheic_Dermatitis,False,DUPLICATE_OF:PSD_00001796,PENDING,,,
PSD_00002741,SkinDisNet,SkinDisNet_2,n/a,augmented,Seborrheic_Dermatitis,SD (44)_07.jpg,C:\Users\manis\Desktop\Final_Year_Project\PapuloNet\datasets\skindisnet\SkinDisNet_2\Augmented\Seborrheic Dermatitis (SD)\SD (44)_07.jpg,Seborrheic_Dermatitis,False,DUPLICATE_OF:PSD_00002109,PENDING,,,
PSD_00002742,SkinDisNet,SkinDisNet_2,n/a,augmented,Seborrheic_Dermatitis,SD (45)_01.jpg,C:\Users\manis\Desktop\Final_Year_Project\PapuloNet\datasets\skindisnet\SkinDisNet_2\Augmented\Seborrheic Dermatitis (SD)\SD (45)_01.jpg,Seborrheic_Dermatitis,False,UNIQUE,PASS,PSD_00002742.jpg,224,224
PSD_00002743,SkinDisNet,SkinDisNet_2,n/a,augmented,Seborrheic_Dermatitis,SD (45)_02.jpg,C:\Users\manis\Desktop\Final_Year_Project\PapuloNet\datasets\skindisnet\SkinDisNet_2\Augmented\Seborrheic Dermatitis (SD)\SD (45)_02.jpg,Seborrheic_Dermatitis,False,UNIQUE,PASS,PSD_00002743.jpg,224,224
PSD_00002744,SkinDisNet,SkinDisNet_2,n/a,augmented,Seborrheic_Dermatitis,SD (45)_03.jpg,C:\Users\manis\Desktop\Final_Year_Project\PapuloNet\datasets\skindisnet\SkinDisNet_2\Augmented\Seborrheic Dermatitis (SD)\SD (45)_03.jpg,Seborrheic_Dermatitis,False,UNIQUE,PASS,PSD_00002744.jpg,224,224
PSD_00002745,SkinDisNet,SkinDisNet_2,n/a,augmented,Seborrheic_Dermatitis,SD (45)_04.jpg,C:\Users\manis\Desktop\Final_Year_Project\PapuloNet\datasets\skindisnet\SkinDisNet_2\Augmented\Seborrheic Dermatitis (SD)\SD (45)_04.jpg,Seborrheic_Dermatitis,False,UNIQUE,PASS,PSD_00002745.jpg,224,224
PSD_00002746,SkinDisNet,SkinDisNet_2,n/a,augmented,Seborrheic_Dermatitis,SD (45)_05.jpg,C:\Users\manis\Desktop\Final_Year_Project\PapuloNet\datasets\skindisnet\SkinDisNet_2\Augmented\Seborrheic Dermatitis (SD)\SD (45)_05.jpg,Seborrheic_Dermatitis,False,DUPLICATE_OF:PSD_00001780,PENDING,,,
PSD_00002747,SkinDisNet,SkinDisNet_2,n/a,augmented,Seborrheic_Dermatitis,SD (45)_06.jpg,C:\Users\manis\Desktop\Final_Year_Project\PapuloNet\datasets\skindisnet\SkinDisNet_2\Augmented\Seborrheic Dermatitis (SD)\SD (45)_06.jpg,Seborrheic_Dermatitis,False,DUPLICATE_OF:PSD_00001780,PENDING,,,
PSD_00002748,SkinDisNet,SkinDisNet_2,n/a,augmented,Seborrheic_Dermatitis,SD (45)_07.jpg,C:\Users\manis\Desktop\Final_Year_Project\PapuloNet\datasets\skindisnet\SkinDisNet_2\Augmented\Seborrheic Dermatitis (SD)\SD (45)_07.jpg,Seborrheic_Dermatitis,False,DUPLICATE_OF:PSD_00001997,PENDING,,,
PSD_00002749,SkinDisNet,SkinDisNet_2,n/a,augmented,Seborrheic_Dermatitis,SD (46)_01.jpg,C:\Users\manis\Desktop\Final_Year_Project\PapuloNet\datasets\skindisnet\SkinDisNet_2\Augmented\Seborrheic Dermatitis (SD)\SD (46)_01.jpg,Seborrheic_Dermatitis,False,UNIQUE,PASS,PSD_00002749.jpg,224,224
PSD_00002750,SkinDisNet,SkinDisNet_2,n/a,augmented,Seborrheic_Dermatitis,SD (46)_02.jpg,C:\Users\manis\Desktop\Final_Year_Project\PapuloNet\datasets\skindisnet\SkinDisNet_2\Augmented\Seborrheic Dermatitis (SD)\SD (46)_02.jpg,Seborrheic_Dermatitis,False,DUPLICATE_OF:PSD_00001791,PENDING,,,
PSD_00002751,SkinDisNet,SkinDisNet_2,n/a,augmented,Seborrheic_Dermatitis,SD (46)_03.jpg,C:\Users\manis\Desktop\Final_Year_Project\PapuloNet\datasets\skindisnet\SkinDisNet_2\Augmented\Seborrheic Dermatitis (SD)\SD (46)_03.jpg,Seborrheic_Dermatitis,False,UNIQUE,PASS,PSD_00002751.jpg,224,224
PSD_00002752,SkinDisNet,SkinDisNet_2,n/a,augmented,Seborrheic_Dermatitis,SD (46)_04.jpg,C:\Users\manis\Desktop\Final_Year_Project\PapuloNet\datasets\skindisnet\SkinDisNet_2\Augmented\Seborrheic Dermatitis (SD)\SD (46)_04.jpg,Seborrheic_Dermatitis,False,UNIQUE,PASS,PSD_00002752.jpg,224,224
PSD_00002753,SkinDisNet,SkinDisNet_2,n/a,augmented,Seborrheic_Dermatitis,SD (46)_05.jpg,C:\Users\manis\Desktop\Final_Year_Project\PapuloNet\datasets\skindisnet\SkinDisNet_2\Augmented\Seborrheic Dermatitis (SD)\SD (46)_05.jpg,Seborrheic_Dermatitis,False,DUPLICATE_OF:PSD_00001791,PENDING,,,
PSD_00002754,SkinDisNet,SkinDisNet_2,n/a,augmented,Seborrheic_Dermatitis,SD (46)_06.jpg,C:\Users\manis\Desktop\Final_Year_Project\PapuloNet\datasets\skindisnet\SkinDisNet_2\Augmented\Seborrheic Dermatitis (SD)\SD (46)_06.jpg,Seborrheic_Dermatitis,False,DUPLICATE_OF:PSD_00001791,PENDING,,,
PSD_00002755,SkinDisNet,SkinDisNet_2,n/a,augmented,Seborrheic_Dermatitis,SD (46)_07.jpg,C:\Users\manis\Desktop\Final_Year_Project\PapuloNet\datasets\skindisnet\SkinDisNet_2\Augmented\Seborrheic Dermatitis (SD)\SD (46)_07.jpg,Seborrheic_Dermatitis,False,DUPLICATE_OF:PSD_00002074,PENDING,,,
PSD_00002756,SkinDisNet,SkinDisNet_2,n/a,augmented,Seborrheic_Dermatitis,SD (47)_01.jpg,C:\Users\manis\Desktop\Final_Year_Project\PapuloNet\datasets\skindisnet\SkinDisNet_2\Augmented\Seborrheic Dermatitis (SD)\SD (47)_01.jpg,Seborrheic_Dermatitis,False,UNIQUE,PASS,PSD_00002756.jpg,224,224
PSD_00002757,SkinDisNet,SkinDisNet_2,n/a,augmented,Seborrheic_Dermatitis,SD (47)_02.jpg,C:\Users\manis\Desktop\Final_Year_Project\PapuloNet\datasets\skindisnet\SkinDisNet_2\Augmented\Seborrheic Dermatitis (SD)\SD (47)_02.jpg,Seborrheic_Dermatitis,False,DUPLICATE_OF:PSD_00001800,PENDING,,,
PSD_00002758,SkinDisNet,SkinDisNet_2,n/a,augmented,Seborrheic_Dermatitis,SD (47)_03.jpg,C:\Users\manis\Desktop\Final_Year_Project\PapuloNet\datasets\skindisnet\SkinDisNet_2\Augmented\Seborrheic Dermatitis (SD)\SD (47)_03.jpg,Seborrheic_Dermatitis,False,DUPLICATE_OF:PSD_00002133,PENDING,,,
PSD_00002759,SkinDisNet,SkinDisNet_2,n/a,augmented,Seborrheic_Dermatitis,SD (47)_04.jpg,C:\Users\manis\Desktop\Final_Year_Project\PapuloNet\datasets\skindisnet\SkinDisNet_2\Augmented\Seborrheic Dermatitis (SD)\SD (47)_04.jpg,Seborrheic_Dermatitis,False,UNIQUE,PASS,PSD_00002759.jpg,224,224
PSD_00002760,SkinDisNet,SkinDisNet_2,n/a,augmented,Seborrheic_Dermatitis,SD (47)_05.jpg,C:\Users\manis\Desktop\Final_Year_Project\PapuloNet\datasets\skindisnet\SkinDisNet_2\Augmented\Seborrheic Dermatitis (SD)\SD (47)_05.jpg,Seborrheic_Dermatitis,False,DUPLICATE_OF:PSD_00001800,PENDING,,,
PSD_00002761,SkinDisNet,SkinDisNet_2,n/a,augmented,Seborrheic_Dermatitis,SD (47)_06.jpg,C:\Users\manis\Desktop\Final_Year_Project\PapuloNet\datasets\skindisnet\SkinDisNet_2\Augmented\Seborrheic Dermatitis (SD)\SD (47)_06.jpg,Seborrheic_Dermatitis,False,DUPLICATE_OF:PSD_00001800,PENDING,,,
PSD_00002762,SkinDisNet,SkinDisNet_2,n/a,augmented,Seborrheic_Dermatitis,SD (47)_07.jpg,C:\Users\manis\Desktop\Final_Year_Project\PapuloNet\datasets\skindisnet\SkinDisNet_2\Augmented\Seborrheic Dermatitis (SD)\SD (47)_07.jpg,Seborrheic_Dermatitis,False,DUPLICATE_OF:PSD_00002137,PENDING,,,
PSD_00002763,SkinDisNet,SkinDisNet_2,n/a,augmented,Seborrheic_Dermatitis,SD (48)_01.jpg,C:\Users\manis\Desktop\Final_Year_Project\PapuloNet\datasets\skindisnet\SkinDisNet_2\Augmented\Seborrheic Dermatitis (SD)\SD (48)_01.jpg,Seborrheic_Dermatitis,False,UNIQUE,PASS,PSD_00002763.jpg,224,224
PSD_00002764,SkinDisNet,SkinDisNet_2,n/a,augmented,Seborrheic_Dermatitis,SD (48)_02.jpg,C:\Users\manis\Desktop\Final_Year_Project\PapuloNet\datasets\skindisnet\SkinDisNet_2\Augmented\Seborrheic Dermatitis (SD)\SD (48)_02.jpg,Seborrheic_Dermatitis,False,UNIQUE,PASS,PSD_00002764.jpg,224,224
PSD_00002765,SkinDisNet,SkinDisNet_2,n/a,augmented,Seborrheic_Dermatitis,SD (48)_03.jpg,C:\Users\manis\Desktop\Final_Year_Project\PapuloNet\datasets\skindisnet\SkinDisNet_2\Augmented\Seborrheic Dermatitis (SD)\SD (48)_03.jpg,Seborrheic_Dermatitis,False,UNIQUE,PASS,PSD_00002765.jpg,224,224
PSD_00002766,SkinDisNet,SkinDisNet_2,n/a,augmented,Seborrheic_Dermatitis,SD (48)_04.jpg,C:\Users\manis\Desktop\Final_Year_Project\PapuloNet\datasets\skindisnet\SkinDisNet_2\Augmented\Seborrheic Dermatitis (SD)\SD (48)_04.jpg,Seborrheic_Dermatitis,False,UNIQUE,FAIL: blur variance 85.4 below threshold 100.0,,,
PSD_00002767,SkinDisNet,SkinDisNet_2,n/a,augmented,Seborrheic_Dermatitis,SD (48)_05.jpg,C:\Users\manis\Desktop\Final_Year_Project\PapuloNet\datasets\skindisnet\SkinDisNet_2\Augmented\Seborrheic Dermatitis (SD)\SD (48)_05.jpg,Seborrheic_Dermatitis,False,DUPLICATE_OF:PSD_00001795,PENDING,,,
PSD_00002768,SkinDisNet,SkinDisNet_2,n/a,augmented,Seborrheic_Dermatitis,SD (48)_06.jpg,C:\Users\manis\Desktop\Final_Year_Project\PapuloNet\datasets\skindisnet\SkinDisNet_2\Augmented\Seborrheic Dermatitis (SD)\SD (48)_06.jpg,Seborrheic_Dermatitis,False,DUPLICATE_OF:PSD_00001795,PENDING,,,
PSD_00002769,SkinDisNet,SkinDisNet_2,n/a,augmented,Seborrheic_Dermatitis,SD (48)_07.jpg,C:\Users\manis\Desktop\Final_Year_Project\PapuloNet\datasets\skindisnet\SkinDisNet_2\Augmented\Seborrheic Dermatitis (SD)\SD (48)_07.jpg,Seborrheic_Dermatitis,False,DUPLICATE_OF:PSD_00001885,PENDING,,,
PSD_00002770,SkinDisNet,SkinDisNet_2,n/a,augmented,Seborrheic_Dermatitis,SD (49)_01.jpg,C:\Users\manis\Desktop\Final_Year_Project\PapuloNet\datasets\skindisnet\SkinDisNet_2\Augmented\Seborrheic Dermatitis (SD)\SD (49)_01.jpg,Seborrheic_Dermatitis,False,UNIQUE,PASS,PSD_00002770.jpg,224,224
PSD_00002771,SkinDisNet,SkinDisNet_2,n/a,augmented,Seborrheic_Dermatitis,SD (49)_02.jpg,C:\Users\manis\Desktop\Final_Year_Project\PapuloNet\datasets\skindisnet\SkinDisNet_2\Augmented\Seborrheic Dermatitis (SD)\SD (49)_02.jpg,Seborrheic_Dermatitis,False,UNIQUE,PASS,PSD_00002771.jpg,224,224
PSD_00002772,SkinDisNet,SkinDisNet_2,n/a,augmented,Seborrheic_Dermatitis,SD (49)_03.jpg,C:\Users\manis\Desktop\Final_Year_Project\PapuloNet\datasets\skindisnet\SkinDisNet_2\Augmented\Seborrheic Dermatitis (SD)\SD (49)_03.jpg,Seborrheic_Dermatitis,False,DUPLICATE_OF:PSD_00001916,PENDING,,,
PSD_00002773,SkinDisNet,SkinDisNet_2,n/a,augmented,Seborrheic_Dermatitis,SD (49)_04.jpg,C:\Users\manis\Desktop\Final_Year_Project\PapuloNet\datasets\skindisnet\SkinDisNet_2\Augmented\Seborrheic Dermatitis (SD)\SD (49)_04.jpg,Seborrheic_Dermatitis,False,UNIQUE,FAIL: blur variance 71.3 below threshold 100.0,,,
PSD_00002774,SkinDisNet,SkinDisNet_2,n/a,augmented,Seborrheic_Dermatitis,SD (49)_05.jpg,C:\Users\manis\Desktop\Final_Year_Project\PapuloNet\datasets\skindisnet\SkinDisNet_2\Augmented\Seborrheic Dermatitis (SD)\SD (49)_05.jpg,Seborrheic_Dermatitis,False,DUPLICATE_OF:PSD_00001769,PENDING,,,
PSD_00002775,SkinDisNet,SkinDisNet_2,n/a,augmented,Seborrheic_Dermatitis,SD (49)_06.jpg,C:\Users\manis\Desktop\Final_Year_Project\PapuloNet\datasets\skindisnet\SkinDisNet_2\Augmented\Seborrheic Dermatitis (SD)\SD (49)_06.jpg,Seborrheic_Dermatitis,False,DUPLICATE_OF:PSD_00001919,PENDING,,,
PSD_00002776,SkinDisNet,SkinDisNet_2,n/a,augmented,Seborrheic_Dermatitis,SD (49)_07.jpg,C:\Users\manis\Desktop\Final_Year_Project\PapuloNet\datasets\skindisnet\SkinDisNet_2\Augmented\Seborrheic Dermatitis (SD)\SD (49)_07.jpg,Seborrheic_Dermatitis,False,DUPLICATE_OF:PSD_00001920,PENDING,,,
PSD_00002777,SkinDisNet,SkinDisNet_2,n/a,augmented,Seborrheic_Dermatitis,SD (5)_01.jpg,C:\Users\manis\Desktop\Final_Year_Project\PapuloNet\datasets\skindisnet\SkinDisNet_2\Augmented\Seborrheic Dermatitis (SD)\SD (5)_01.jpg,Seborrheic_Dermatitis,False,UNIQUE,PASS,PSD_00002777.jpg,224,224
PSD_00002778,SkinDisNet,SkinDisNet_2,n/a,augmented,Seborrheic_Dermatitis,SD (5)_02.jpg,C:\Users\manis\Desktop\Final_Year_Project\PapuloNet\datasets\skindisnet\SkinDisNet_2\Augmented\Seborrheic Dermatitis (SD)\SD (5)_02.jpg,Seborrheic_Dermatitis,False,UNIQUE,PASS,PSD_00002778.jpg,224,224
PSD_00002779,SkinDisNet,SkinDisNet_2,n/a,augmented,Seborrheic_Dermatitis,SD (5)_03.jpg,C:\Users\manis\Desktop\Final_Year_Project\PapuloNet\datasets\skindisnet\SkinDisNet_2\Augmented\Seborrheic Dermatitis (SD)\SD (5)_03.jpg,Seborrheic_Dermatitis,False,UNIQUE,PASS,PSD_00002779.jpg,224,224
PSD_00002780,SkinDisNet,SkinDisNet_2,n/a,augmented,Seborrheic_Dermatitis,SD (5)_04.jpg,C:\Users\manis\Desktop\Final_Year_Project\PapuloNet\datasets\skindisnet\SkinDisNet_2\Augmented\Seborrheic Dermatitis (SD)\SD (5)_04.jpg,Seborrheic_Dermatitis,False,UNIQUE,PASS,PSD_00002780.jpg,224,224
PSD_00002781,SkinDisNet,SkinDisNet_2,n/a,augmented,Seborrheic_Dermatitis,SD (5)_05.jpg,C:\Users\manis\Desktop\Final_Year_Project\PapuloNet\datasets\skindisnet\SkinDisNet_2\Augmented\Seborrheic Dermatitis (SD)\SD (5)_05.jpg,Seborrheic_Dermatitis,False,DUPLICATE_OF:PSD_00002434,PENDING,,,
PSD_00002782,SkinDisNet,SkinDisNet_2,n/a,augmented,Seborrheic_Dermatitis,SD (5)_06.jpg,C:\Users\manis\Desktop\Final_Year_Project\PapuloNet\datasets\skindisnet\SkinDisNet_2\Augmented\Seborrheic Dermatitis (SD)\SD (5)_06.jpg,Seborrheic_Dermatitis,False,DUPLICATE_OF:PSD_00002434,PENDING,,,
PSD_00002783,SkinDisNet,SkinDisNet_2,n/a,augmented,Seborrheic_Dermatitis,SD (5)_07.jpg,C:\Users\manis\Desktop\Final_Year_Project\PapuloNet\datasets\skindisnet\SkinDisNet_2\Augmented\Seborrheic Dermatitis (SD)\SD (5)_07.jpg,Seborrheic_Dermatitis,False,UNIQUE,PASS,PSD_00002783.jpg,224,224
PSD_00002784,SkinDisNet,SkinDisNet_2,n/a,augmented,Seborrheic_Dermatitis,SD (50)_01.jpg,C:\Users\manis\Desktop\Final_Year_Project\PapuloNet\datasets\skindisnet\SkinDisNet_2\Augmented\Seborrheic Dermatitis (SD)\SD (50)_01.jpg,Seborrheic_Dermatitis,False,UNIQUE,FAIL: blur variance 16.6 below threshold 100.0,,,
PSD_00002785,SkinDisNet,SkinDisNet_2,n/a,augmented,Seborrheic_Dermatitis,SD (50)_02.jpg,C:\Users\manis\Desktop\Final_Year_Project\PapuloNet\datasets\skindisnet\SkinDisNet_2\Augmented\Seborrheic Dermatitis (SD)\SD (50)_02.jpg,Seborrheic_Dermatitis,False,UNIQUE,FAIL: blur variance 22.6 below threshold 100.0,,,
PSD_00002786,SkinDisNet,SkinDisNet_2,n/a,augmented,Seborrheic_Dermatitis,SD (50)_03.jpg,C:\Users\manis\Desktop\Final_Year_Project\PapuloNet\datasets\skindisnet\SkinDisNet_2\Augmented\Seborrheic Dermatitis (SD)\SD (50)_03.jpg,Seborrheic_Dermatitis,False,UNIQUE,FAIL: blur variance 12.7 below threshold 100.0,,,
PSD_00002787,SkinDisNet,SkinDisNet_2,n/a,augmented,Seborrheic_Dermatitis,SD (50)_04.jpg,C:\Users\manis\Desktop\Final_Year_Project\PapuloNet\datasets\skindisnet\SkinDisNet_2\Augmented\Seborrheic Dermatitis (SD)\SD (50)_04.jpg,Seborrheic_Dermatitis,False,UNIQUE,FAIL: blur variance 12.5 below threshold 100.0,,,
PSD_00002788,SkinDisNet,SkinDisNet_2,n/a,augmented,Seborrheic_Dermatitis,SD (50)_05.jpg,C:\Users\manis\Desktop\Final_Year_Project\PapuloNet\datasets\skindisnet\SkinDisNet_2\Augmented\Seborrheic Dermatitis (SD)\SD (50)_05.jpg,Seborrheic_Dermatitis,False,DUPLICATE_OF:PSD_00002435,PENDING,,,
PSD_00002789,SkinDisNet,SkinDisNet_2,n/a,augmented,Seborrheic_Dermatitis,SD (50)_06.jpg,C:\Users\manis\Desktop\Final_Year_Project\PapuloNet\datasets\skindisnet\SkinDisNet_2\Augmented\Seborrheic Dermatitis (SD)\SD (50)_06.jpg,Seborrheic_Dermatitis,False,DUPLICATE_OF:PSD_00002435,PENDING,,,
PSD_00002790,SkinDisNet,SkinDisNet_2,n/a,augmented,Seborrheic_Dermatitis,SD (50)_07.jpg,C:\Users\manis\Desktop\Final_Year_Project\PapuloNet\datasets\skindisnet\SkinDisNet_2\Augmented\Seborrheic Dermatitis (SD)\SD (50)_07.jpg,Seborrheic_Dermatitis,False,DUPLICATE_OF:PSD_00002074,PENDING,,,
PSD_00002791,SkinDisNet,SkinDisNet_2,n/a,augmented,Seborrheic_Dermatitis,SD (51)_01.jpg,C:\Users\manis\Desktop\Final_Year_Project\PapuloNet\datasets\skindisnet\SkinDisNet_2\Augmented\Seborrheic Dermatitis (SD)\SD (51)_01.jpg,Seborrheic_Dermatitis,False,UNIQUE,FAIL: blur variance 42.0 below threshold 100.0,,,
PSD_00002792,SkinDisNet,SkinDisNet_2,n/a,augmented,Seborrheic_Dermatitis,SD (51)_02.jpg,C:\Users\manis\Desktop\Final_Year_Project\PapuloNet\datasets\skindisnet\SkinDisNet_2\Augmented\Seborrheic Dermatitis (SD)\SD (51)_02.jpg,Seborrheic_Dermatitis,False,DUPLICATE_OF:PSD_00001820,PENDING,,,
PSD_00002793,SkinDisNet,SkinDisNet_2,n/a,augmented,Seborrheic_Dermatitis,SD (51)_03.jpg,C:\Users\manis\Desktop\Final_Year_Project\PapuloNet\datasets\skindisnet\SkinDisNet_2\Augmented\Seborrheic Dermatitis (SD)\SD (51)_03.jpg,Seborrheic_Dermatitis,False,UNIQUE,FAIL: blur variance 32.3 below threshold 100.0,,,
PSD_00002794,SkinDisNet,SkinDisNet_2,n/a,augmented,Seborrheic_Dermatitis,SD (51)_04.jpg,C:\Users\manis\Desktop\Final_Year_Project\PapuloNet\datasets\skindisnet\SkinDisNet_2\Augmented\Seborrheic Dermatitis (SD)\SD (51)_04.jpg,Seborrheic_Dermatitis,False,UNIQUE,FAIL: blur variance 48.0 below threshold 100.0,,,
PSD_00002795,SkinDisNet,SkinDisNet_2,n/a,augmented,Seborrheic_Dermatitis,SD (51)_05.jpg,C:\Users\manis\Desktop\Final_Year_Project\PapuloNet\datasets\skindisnet\SkinDisNet_2\Augmented\Seborrheic Dermatitis (SD)\SD (51)_05.jpg,Seborrheic_Dermatitis,False,DUPLICATE_OF:PSD_00001820,PENDING,,,
PSD_00002796,SkinDisNet,SkinDisNet_2,n/a,augmented,Seborrheic_Dermatitis,SD (51)_06.jpg,C:\Users\manis\Desktop\Final_Year_Project\PapuloNet\datasets\skindisnet\SkinDisNet_2\Augmented\Seborrheic Dermatitis (SD)\SD (51)_06.jpg,Seborrheic_Dermatitis,False,DUPLICATE_OF:PSD_00001820,PENDING,,,
PSD_00002797,SkinDisNet,SkinDisNet_2,n/a,augmented,Seborrheic_Dermatitis,SD (51)_07.jpg,C:\Users\manis\Desktop\Final_Year_Project\PapuloNet\datasets\skindisnet\SkinDisNet_2\Augmented\Seborrheic Dermatitis (SD)\SD (51)_07.jpg,Seborrheic_Dermatitis,False,DUPLICATE_OF:PSD_00002277,PENDING,,,
PSD_00002798,SkinDisNet,SkinDisNet_2,n/a,augmented,Seborrheic_Dermatitis,SD (52)_01.jpg,C:\Users\manis\Desktop\Final_Year_Project\PapuloNet\datasets\skindisnet\SkinDisNet_2\Augmented\Seborrheic Dermatitis (SD)\SD (52)_01.jpg,Seborrheic_Dermatitis,False,UNIQUE,FAIL: blur variance 52.7 below threshold 100.0,,,
PSD_00002799,SkinDisNet,SkinDisNet_2,n/a,augmented,Seborrheic_Dermatitis,SD (52)_02.jpg,C:\Users\manis\Desktop\Final_Year_Project\PapuloNet\datasets\skindisnet\SkinDisNet_2\Augmented\Seborrheic Dermatitis (SD)\SD (52)_02.jpg,Seborrheic_Dermatitis,False,DUPLICATE_OF:PSD_00001793,PENDING,,,
PSD_00002800,SkinDisNet,SkinDisNet_2,n/a,augmented,Seborrheic_Dermatitis,SD (52)_03.jpg,C:\Users\manis\Desktop\Final_Year_Project\PapuloNet\datasets\skindisnet\SkinDisNet_2\Augmented\Seborrheic Dermatitis (SD)\SD (52)_03.jpg,Seborrheic_Dermatitis,False,UNIQUE,FAIL: blur variance 56.0 below threshold 100.0,,,
PSD_00002801,SkinDisNet,SkinDisNet_2,n/a,augmented,Seborrheic_Dermatitis,SD (52)_04.jpg,C:\Users\manis\Desktop\Final_Year_Project\PapuloNet\datasets\skindisnet\SkinDisNet_2\Augmented\Seborrheic Dermatitis (SD)\SD (52)_04.jpg,Seborrheic_Dermatitis,False,UNIQUE,FAIL: blur variance 32.4 below threshold 100.0,,,
PSD_00002802,SkinDisNet,SkinDisNet_2,n/a,augmented,Seborrheic_Dermatitis,SD (52)_05.jpg,C:\Users\manis\Desktop\Final_Year_Project\PapuloNet\datasets\skindisnet\SkinDisNet_2\Augmented\Seborrheic Dermatitis (SD)\SD (52)_05.jpg,Seborrheic_Dermatitis,False,DUPLICATE_OF:PSD_00001793,PENDING,,,
PSD_00002803,SkinDisNet,SkinDisNet_2,n/a,augmented,Seborrheic_Dermatitis,SD (52)_06.jpg,C:\Users\manis\Desktop\Final_Year_Project\PapuloNet\datasets\skindisnet\SkinDisNet_2\Augmented\Seborrheic Dermatitis (SD)\SD (52)_06.jpg,Seborrheic_Dermatitis,False,DUPLICATE_OF:PSD_00001793,PENDING,,,
PSD_00002804,SkinDisNet,SkinDisNet_2,n/a,augmented,Seborrheic_Dermatitis,SD (52)_07.jpg,C:\Users\manis\Desktop\Final_Year_Project\PapuloNet\datasets\skindisnet\SkinDisNet_2\Augmented\Seborrheic Dermatitis (SD)\SD (52)_07.jpg,Seborrheic_Dermatitis,False,DUPLICATE_OF:PSD_00001899,PENDING,,,
PSD_00002805,SkinDisNet,SkinDisNet_2,n/a,augmented,Seborrheic_Dermatitis,SD (53)_01.jpg,C:\Users\manis\Desktop\Final_Year_Project\PapuloNet\datasets\skindisnet\SkinDisNet_2\Augmented\Seborrheic Dermatitis (SD)\SD (53)_01.jpg,Seborrheic_Dermatitis,False,DUPLICATE_OF:PSD_00001893,PENDING,,,
PSD_00002806,SkinDisNet,SkinDisNet_2,n/a,augmented,Seborrheic_Dermatitis,SD (53)_02.jpg,C:\Users\manis\Desktop\Final_Year_Project\PapuloNet\datasets\skindisnet\SkinDisNet_2\Augmented\Seborrheic Dermatitis (SD)\SD (53)_02.jpg,Seborrheic_Dermatitis,False,UNIQUE,PASS,PSD_00002806.jpg,224,224
PSD_00002807,SkinDisNet,SkinDisNet_2,n/a,augmented,Seborrheic_Dermatitis,SD (53)_03.jpg,C:\Users\manis\Desktop\Final_Year_Project\PapuloNet\datasets\skindisnet\SkinDisNet_2\Augmented\Seborrheic Dermatitis (SD)\SD (53)_03.jpg,Seborrheic_Dermatitis,False,UNIQUE,FAIL: blur variance 48.9 below threshold 100.0,,,
PSD_00002808,SkinDisNet,SkinDisNet_2,n/a,augmented,Seborrheic_Dermatitis,SD (53)_04.jpg,C:\Users\manis\Desktop\Final_Year_Project\PapuloNet\datasets\skindisnet\SkinDisNet_2\Augmented\Seborrheic Dermatitis (SD)\SD (53)_04.jpg,Seborrheic_Dermatitis,False,UNIQUE,FAIL: blur variance 48.3 below threshold 100.0,,,
PSD_00002809,SkinDisNet,SkinDisNet_2,n/a,augmented,Seborrheic_Dermatitis,SD (53)_05.jpg,C:\Users\manis\Desktop\Final_Year_Project\PapuloNet\datasets\skindisnet\SkinDisNet_2\Augmented\Seborrheic Dermatitis (SD)\SD (53)_05.jpg,Seborrheic_Dermatitis,False,DUPLICATE_OF:PSD_00001766,PENDING,,,
PSD_00002810,SkinDisNet,SkinDisNet_2,n/a,augmented,Seborrheic_Dermatitis,SD (53)_06.jpg,C:\Users\manis\Desktop\Final_Year_Project\PapuloNet\datasets\skindisnet\SkinDisNet_2\Augmented\Seborrheic Dermatitis (SD)\SD (53)_06.jpg,Seborrheic_Dermatitis,False,DUPLICATE_OF:PSD_00001766,PENDING,,,
PSD_00002811,SkinDisNet,SkinDisNet_2,n/a,augmented,Seborrheic_Dermatitis,SD (53)_07.jpg,C:\Users\manis\Desktop\Final_Year_Project\PapuloNet\datasets\skindisnet\SkinDisNet_2\Augmented\Seborrheic Dermatitis (SD)\SD (53)_07.jpg,Seborrheic_Dermatitis,False,DUPLICATE_OF:PSD_00001899,PENDING,,,
PSD_00002812,SkinDisNet,SkinDisNet_2,n/a,augmented,Seborrheic_Dermatitis,SD (54)_01.jpg,C:\Users\manis\Desktop\Final_Year_Project\PapuloNet\datasets\skindisnet\SkinDisNet_2\Augmented\Seborrheic Dermatitis (SD)\SD (54)_01.jpg,Seborrheic_Dermatitis,False,DUPLICATE_OF:PSD_00001893,PENDING,,,
PSD_00002813,SkinDisNet,SkinDisNet_2,n/a,augmented,Seborrheic_Dermatitis,SD (54)_02.jpg,C:\Users\manis\Desktop\Final_Year_Project\PapuloNet\datasets\skindisnet\SkinDisNet_2\Augmented\Seborrheic Dermatitis (SD)\SD (54)_02.jpg,Seborrheic_Dermatitis,False,DUPLICATE_OF:PSD_00001766,PENDING,,,
PSD_00002814,SkinDisNet,SkinDisNet_2,n/a,augmented,Seborrheic_Dermatitis,SD (54)_03.jpg,C:\Users\manis\Desktop\Final_Year_Project\PapuloNet\datasets\skindisnet\SkinDisNet_2\Augmented\Seborrheic Dermatitis (SD)\SD (54)_03.jpg,Seborrheic_Dermatitis,False,UNIQUE,FAIL: blur variance 43.4 below threshold 100.0,,,
PSD_00002815,SkinDisNet,SkinDisNet_2,n/a,augmented,Seborrheic_Dermatitis,SD (54)_04.jpg,C:\Users\manis\Desktop\Final_Year_Project\PapuloNet\datasets\skindisnet\SkinDisNet_2\Augmented\Seborrheic Dermatitis (SD)\SD (54)_04.jpg,Seborrheic_Dermatitis,False,UNIQUE,FAIL: blur variance 72.5 below threshold 100.0,,,
PSD_00002816,SkinDisNet,SkinDisNet_2,n/a,augmented,Seborrheic_Dermatitis,SD (54)_05.jpg,C:\Users\manis\Desktop\Final_Year_Project\PapuloNet\datasets\skindisnet\SkinDisNet_2\Augmented\Seborrheic Dermatitis (SD)\SD (54)_05.jpg,Seborrheic_Dermatitis,False,DUPLICATE_OF:PSD_00001766,PENDING,,,
PSD_00002817,SkinDisNet,SkinDisNet_2,n/a,augmented,Seborrheic_Dermatitis,SD (54)_06.jpg,C:\Users\manis\Desktop\Final_Year_Project\PapuloNet\datasets\skindisnet\SkinDisNet_2\Augmented\Seborrheic Dermatitis (SD)\SD (54)_06.jpg,Seborrheic_Dermatitis,False,DUPLICATE_OF:PSD_00001766,PENDING,,,
PSD_00002818,SkinDisNet,SkinDisNet_2,n/a,augmented,Seborrheic_Dermatitis,SD (54)_07.jpg,C:\Users\manis\Desktop\Final_Year_Project\PapuloNet\datasets\skindisnet\SkinDisNet_2\Augmented\Seborrheic Dermatitis (SD)\SD (54)_07.jpg,Seborrheic_Dermatitis,False,DUPLICATE_OF:PSD_00001899,PENDING,,,
PSD_00002819,SkinDisNet,SkinDisNet_2,n/a,augmented,Seborrheic_Dermatitis,SD (55)_01.jpg,C:\Users\manis\Desktop\Final_Year_Project\PapuloNet\datasets\skindisnet\SkinDisNet_2\Augmented\Seborrheic Dermatitis (SD)\SD (55)_01.jpg,Seborrheic_Dermatitis,False,UNIQUE,PASS,PSD_00002819.jpg,224,224
PSD_00002820,SkinDisNet,SkinDisNet_2,n/a,augmented,Seborrheic_Dermatitis,SD (55)_02.jpg,C:\Users\manis\Desktop\Final_Year_Project\PapuloNet\datasets\skindisnet\SkinDisNet_2\Augmented\Seborrheic Dermatitis (SD)\SD (55)_02.jpg,Seborrheic_Dermatitis,False,UNIQUE,PASS,PSD_00002820.jpg,224,224
PSD_00002821,SkinDisNet,SkinDisNet_2,n/a,augmented,Seborrheic_Dermatitis,SD (55)_03.jpg,C:\Users\manis\Desktop\Final_Year_Project\PapuloNet\datasets\skindisnet\SkinDisNet_2\Augmented\Seborrheic Dermatitis (SD)\SD (55)_03.jpg,Seborrheic_Dermatitis,False,UNIQUE,FAIL: blur variance 90.3 below threshold 100.0,,,
PSD_00002822,SkinDisNet,SkinDisNet_2,n/a,augmented,Seborrheic_Dermatitis,SD (55)_04.jpg,C:\Users\manis\Desktop\Final_Year_Project\PapuloNet\datasets\skindisnet\SkinDisNet_2\Augmented\Seborrheic Dermatitis (SD)\SD (55)_04.jpg,Seborrheic_Dermatitis,False,UNIQUE,FAIL: blur variance 79.2 below threshold 100.0,,,
PSD_00002823,SkinDisNet,SkinDisNet_2,n/a,augmented,Seborrheic_Dermatitis,SD (55)_05.jpg,C:\Users\manis\Desktop\Final_Year_Project\PapuloNet\datasets\skindisnet\SkinDisNet_2\Augmented\Seborrheic Dermatitis (SD)\SD (55)_05.jpg,Seborrheic_Dermatitis,False,DUPLICATE_OF:PSD_00001764,PENDING,,,
PSD_00002824,SkinDisNet,SkinDisNet_2,n/a,augmented,Seborrheic_Dermatitis,SD (55)_06.jpg,C:\Users\manis\Desktop\Final_Year_Project\PapuloNet\datasets\skindisnet\SkinDisNet_2\Augmented\Seborrheic Dermatitis (SD)\SD (55)_06.jpg,Seborrheic_Dermatitis,False,DUPLICATE_OF:PSD_00001764,PENDING,,,
PSD_00002825,SkinDisNet,SkinDisNet_2,n/a,augmented,Seborrheic_Dermatitis,SD (55)_07.jpg,C:\Users\manis\Desktop\Final_Year_Project\PapuloNet\datasets\skindisnet\SkinDisNet_2\Augmented\Seborrheic Dermatitis (SD)\SD (55)_07.jpg,Seborrheic_Dermatitis,False,DUPLICATE_OF:PSD_00001885,PENDING,,,
PSD_00002826,SkinDisNet,SkinDisNet_2,n/a,augmented,Seborrheic_Dermatitis,SD (56)_01.jpg,C:\Users\manis\Desktop\Final_Year_Project\PapuloNet\datasets\skindisnet\SkinDisNet_2\Augmented\Seborrheic Dermatitis (SD)\SD (56)_01.jpg,Seborrheic_Dermatitis,False,UNIQUE,FAIL: blur variance 14.6 below threshold 100.0,,,
PSD_00002827,SkinDisNet,SkinDisNet_2,n/a,augmented,Seborrheic_Dermatitis,SD (56)_02.jpg,C:\Users\manis\Desktop\Final_Year_Project\PapuloNet\datasets\skindisnet\SkinDisNet_2\Augmented\Seborrheic Dermatitis (SD)\SD (56)_02.jpg,Seborrheic_Dermatitis,False,DUPLICATE_OF:PSD_00001817,PENDING,,,
PSD_00002828,SkinDisNet,SkinDisNet_2,n/a,augmented,Seborrheic_Dermatitis,SD (56)_03.jpg,C:\Users\manis\Desktop\Final_Year_Project\PapuloNet\datasets\skindisnet\SkinDisNet_2\Augmented\Seborrheic Dermatitis (SD)\SD (56)_03.jpg,Seborrheic_Dermatitis,False,UNIQUE,FAIL: blur variance 17.5 below threshold 100.0,,,
PSD_00002829,SkinDisNet,SkinDisNet_2,n/a,augmented,Seborrheic_Dermatitis,SD (56)_04.jpg,C:\Users\manis\Desktop\Final_Year_Project\PapuloNet\datasets\skindisnet\SkinDisNet_2\Augmented\Seborrheic Dermatitis (SD)\SD (56)_04.jpg,Seborrheic_Dermatitis,False,UNIQUE,FAIL: blur variance 17.2 below threshold 100.0,,,
PSD_00002830,SkinDisNet,SkinDisNet_2,n/a,augmented,Seborrheic_Dermatitis,SD (56)_05.jpg,C:\Users\manis\Desktop\Final_Year_Project\PapuloNet\datasets\skindisnet\SkinDisNet_2\Augmented\Seborrheic Dermatitis (SD)\SD (56)_05.jpg,Seborrheic_Dermatitis,False,DUPLICATE_OF:PSD_00001817,PENDING,,,
PSD_00002831,SkinDisNet,SkinDisNet_2,n/a,augmented,Seborrheic_Dermatitis,SD (56)_06.jpg,C:\Users\manis\Desktop\Final_Year_Project\PapuloNet\datasets\skindisnet\SkinDisNet_2\Augmented\Seborrheic Dermatitis (SD)\SD (56)_06.jpg,Seborrheic_Dermatitis,False,DUPLICATE_OF:PSD_00001817,PENDING,,,
PSD_00002832,SkinDisNet,SkinDisNet_2,n/a,augmented,Seborrheic_Dermatitis,SD (56)_07.jpg,C:\Users\manis\Desktop\Final_Year_Project\PapuloNet\datasets\skindisnet\SkinDisNet_2\Augmented\Seborrheic Dermatitis (SD)\SD (56)_07.jpg,Seborrheic_Dermatitis,False,DUPLICATE_OF:PSD_00002256,PENDING,,,
PSD_00002833,SkinDisNet,SkinDisNet_2,n/a,augmented,Seborrheic_Dermatitis,SD (57)_01.jpg,C:\Users\manis\Desktop\Final_Year_Project\PapuloNet\datasets\skindisnet\SkinDisNet_2\Augmented\Seborrheic Dermatitis (SD)\SD (57)_01.jpg,Seborrheic_Dermatitis,False,UNIQUE,FAIL: blur variance 18.1 below threshold 100.0,,,
PSD_00002834,SkinDisNet,SkinDisNet_2,n/a,augmented,Seborrheic_Dermatitis,SD (57)_02.jpg,C:\Users\manis\Desktop\Final_Year_Project\PapuloNet\datasets\skindisnet\SkinDisNet_2\Augmented\Seborrheic Dermatitis (SD)\SD (57)_02.jpg,Seborrheic_Dermatitis,False,UNIQUE,FAIL: blur variance 24.6 below threshold 100.0,,,
PSD_00002835,SkinDisNet,SkinDisNet_2,n/a,augmented,Seborrheic_Dermatitis,SD (57)_03.jpg,C:\Users\manis\Desktop\Final_Year_Project\PapuloNet\datasets\skindisnet\SkinDisNet_2\Augmented\Seborrheic Dermatitis (SD)\SD (57)_03.jpg,Seborrheic_Dermatitis,False,UNIQUE,FAIL: blur variance 12.7 below threshold 100.0,,,
PSD_00002836,SkinDisNet,SkinDisNet_2,n/a,augmented,Seborrheic_Dermatitis,SD (57)_04.jpg,C:\Users\manis\Desktop\Final_Year_Project\PapuloNet\datasets\skindisnet\SkinDisNet_2\Augmented\Seborrheic Dermatitis (SD)\SD (57)_04.jpg,Seborrheic_Dermatitis,False,UNIQUE,FAIL: blur variance 10.5 below threshold 100.0,,,
PSD_00002837,SkinDisNet,SkinDisNet_2,n/a,augmented,Seborrheic_Dermatitis,SD (57)_05.jpg,C:\Users\manis\Desktop\Final_Year_Project\PapuloNet\datasets\skindisnet\SkinDisNet_2\Augmented\Seborrheic Dermatitis (SD)\SD (57)_05.jpg,Seborrheic_Dermatitis,False,DUPLICATE_OF:PSD_00001810,PENDING,,,
PSD_00002838,SkinDisNet,SkinDisNet_2,n/a,augmented,Seborrheic_Dermatitis,SD (57)_06.jpg,C:\Users\manis\Desktop\Final_Year_Project\PapuloNet\datasets\skindisnet\SkinDisNet_2\Augmented\Seborrheic Dermatitis (SD)\SD (57)_06.jpg,Seborrheic_Dermatitis,False,DUPLICATE_OF:PSD_00001810,PENDING,,,
PSD_00002839,SkinDisNet,SkinDisNet_2,n/a,augmented,Seborrheic_Dermatitis,SD (57)_07.jpg,C:\Users\manis\Desktop\Final_Year_Project\PapuloNet\datasets\skindisnet\SkinDisNet_2\Augmented\Seborrheic Dermatitis (SD)\SD (57)_07.jpg,Seborrheic_Dermatitis,False,DUPLICATE_OF:PSD_00002011,PENDING,,,
PSD_00002840,SkinDisNet,SkinDisNet_2,n/a,augmented,Seborrheic_Dermatitis,SD (58)_01.jpg,C:\Users\manis\Desktop\Final_Year_Project\PapuloNet\datasets\skindisnet\SkinDisNet_2\Augmented\Seborrheic Dermatitis (SD)\SD (58)_01.jpg,Seborrheic_Dermatitis,False,UNIQUE,FAIL: blur variance 17.5 below threshold 100.0,,,
PSD_00002841,SkinDisNet,SkinDisNet_2,n/a,augmented,Seborrheic_Dermatitis,SD (58)_02.jpg,C:\Users\manis\Desktop\Final_Year_Project\PapuloNet\datasets\skindisnet\SkinDisNet_2\Augmented\Seborrheic Dermatitis (SD)\SD (58)_02.jpg,Seborrheic_Dermatitis,False,UNIQUE,FAIL: blur variance 22.4 below threshold 100.0,,,
PSD_00002842,SkinDisNet,SkinDisNet_2,n/a,augmented,Seborrheic_Dermatitis,SD (58)_03.jpg,C:\Users\manis\Desktop\Final_Year_Project\PapuloNet\datasets\skindisnet\SkinDisNet_2\Augmented\Seborrheic Dermatitis (SD)\SD (58)_03.jpg,Seborrheic_Dermatitis,False,UNIQUE,FAIL: blur variance 12.9 below threshold 100.0,,,
PSD_00002843,SkinDisNet,SkinDisNet_2,n/a,augmented,Seborrheic_Dermatitis,SD (58)_04.jpg,C:\Users\manis\Desktop\Final_Year_Project\PapuloNet\datasets\skindisnet\SkinDisNet_2\Augmented\Seborrheic Dermatitis (SD)\SD (58)_04.jpg,Seborrheic_Dermatitis,False,UNIQUE,FAIL: blur variance 13.7 below threshold 100.0,,,
PSD_00002844,SkinDisNet,SkinDisNet_2,n/a,augmented,Seborrheic_Dermatitis,SD (58)_05.jpg,C:\Users\manis\Desktop\Final_Year_Project\PapuloNet\datasets\skindisnet\SkinDisNet_2\Augmented\Seborrheic Dermatitis (SD)\SD (58)_05.jpg,Seborrheic_Dermatitis,False,DUPLICATE_OF:PSD_00001806,PENDING,,,
PSD_00002845,SkinDisNet,SkinDisNet_2,n/a,augmented,Seborrheic_Dermatitis,SD (58)_06.jpg,C:\Users\manis\Desktop\Final_Year_Project\PapuloNet\datasets\skindisnet\SkinDisNet_2\Augmented\Seborrheic Dermatitis (SD)\SD (58)_06.jpg,Seborrheic_Dermatitis,False,DUPLICATE_OF:PSD_00001806,PENDING,,,
PSD_00002846,SkinDisNet,SkinDisNet_2,n/a,augmented,Seborrheic_Dermatitis,SD (58)_07.jpg,C:\Users\manis\Desktop\Final_Year_Project\PapuloNet\datasets\skindisnet\SkinDisNet_2\Augmented\Seborrheic Dermatitis (SD)\SD (58)_07.jpg,Seborrheic_Dermatitis,False,DUPLICATE_OF:PSD_00002179,PENDING,,,
PSD_00002847,SkinDisNet,SkinDisNet_2,n/a,augmented,Seborrheic_Dermatitis,SD (59)_01.jpg,C:\Users\manis\Desktop\Final_Year_Project\PapuloNet\datasets\skindisnet\SkinDisNet_2\Augmented\Seborrheic Dermatitis (SD)\SD (59)_01.jpg,Seborrheic_Dermatitis,False,UNIQUE,FAIL: blur variance 8.0 below threshold 100.0,,,
PSD_00002848,SkinDisNet,SkinDisNet_2,n/a,augmented,Seborrheic_Dermatitis,SD (59)_02.jpg,C:\Users\manis\Desktop\Final_Year_Project\PapuloNet\datasets\skindisnet\SkinDisNet_2\Augmented\Seborrheic Dermatitis (SD)\SD (59)_02.jpg,Seborrheic_Dermatitis,False,DUPLICATE_OF:PSD_00001936,PENDING,,,
PSD_00002849,SkinDisNet,SkinDisNet_2,n/a,augmented,Seborrheic_Dermatitis,SD (59)_03.jpg,C:\Users\manis\Desktop\Final_Year_Project\PapuloNet\datasets\skindisnet\SkinDisNet_2\Augmented\Seborrheic Dermatitis (SD)\SD (59)_03.jpg,Seborrheic_Dermatitis,False,DUPLICATE_OF:PSD_00001937,PENDING,,,
PSD_00002850,SkinDisNet,SkinDisNet_2,n/a,augmented,Seborrheic_Dermatitis,SD (59)_04.jpg,C:\Users\manis\Desktop\Final_Year_Project\PapuloNet\datasets\skindisnet\SkinDisNet_2\Augmented\Seborrheic Dermatitis (SD)\SD (59)_04.jpg,Seborrheic_Dermatitis,False,DUPLICATE_OF:PSD_00001938,PENDING,,,
PSD_00002851,SkinDisNet,SkinDisNet_2,n/a,augmented,Seborrheic_Dermatitis,SD (59)_05.jpg,C:\Users\manis\Desktop\Final_Year_Project\PapuloNet\datasets\skindisnet\SkinDisNet_2\Augmented\Seborrheic Dermatitis (SD)\SD (59)_05.jpg,Seborrheic_Dermatitis,False,DUPLICATE_OF:PSD_00001772,PENDING,,,
PSD_00002852,SkinDisNet,SkinDisNet_2,n/a,augmented,Seborrheic_Dermatitis,SD (59)_06.jpg,C:\Users\manis\Desktop\Final_Year_Project\PapuloNet\datasets\skindisnet\SkinDisNet_2\Augmented\Seborrheic Dermatitis (SD)\SD (59)_06.jpg,Seborrheic_Dermatitis,False,DUPLICATE_OF:PSD_00001772,PENDING,,,
PSD_00002853,SkinDisNet,SkinDisNet_2,n/a,augmented,Seborrheic_Dermatitis,SD (59)_07.jpg,C:\Users\manis\Desktop\Final_Year_Project\PapuloNet\datasets\skindisnet\SkinDisNet_2\Augmented\Seborrheic Dermatitis (SD)\SD (59)_07.jpg,Seborrheic_Dermatitis,False,DUPLICATE_OF:PSD_00001941,PENDING,,,
PSD_00002854,SkinDisNet,SkinDisNet_2,n/a,augmented,Seborrheic_Dermatitis,SD (6)_01.jpg,C:\Users\manis\Desktop\Final_Year_Project\PapuloNet\datasets\skindisnet\SkinDisNet_2\Augmented\Seborrheic Dermatitis (SD)\SD (6)_01.jpg,Seborrheic_Dermatitis,False,UNIQUE,PASS,PSD_00002854.jpg,224,224
PSD_00002855,SkinDisNet,SkinDisNet_2,n/a,augmented,Seborrheic_Dermatitis,SD (6)_02.jpg,C:\Users\manis\Desktop\Final_Year_Project\PapuloNet\datasets\skindisnet\SkinDisNet_2\Augmented\Seborrheic Dermatitis (SD)\SD (6)_02.jpg,Seborrheic_Dermatitis,False,UNIQUE,PASS,PSD_00002855.jpg,224,224
PSD_00002856,SkinDisNet,SkinDisNet_2,n/a,augmented,Seborrheic_Dermatitis,SD (6)_03.jpg,C:\Users\manis\Desktop\Final_Year_Project\PapuloNet\datasets\skindisnet\SkinDisNet_2\Augmented\Seborrheic Dermatitis (SD)\SD (6)_03.jpg,Seborrheic_Dermatitis,False,UNIQUE,PASS,PSD_00002856.jpg,224,224
PSD_00002857,SkinDisNet,SkinDisNet_2,n/a,augmented,Seborrheic_Dermatitis,SD (6)_04.jpg,C:\Users\manis\Desktop\Final_Year_Project\PapuloNet\datasets\skindisnet\SkinDisNet_2\Augmented\Seborrheic Dermatitis (SD)\SD (6)_04.jpg,Seborrheic_Dermatitis,False,UNIQUE,PASS,PSD_00002857.jpg,224,224
PSD_00002858,SkinDisNet,SkinDisNet_2,n/a,augmented,Seborrheic_Dermatitis,SD (6)_05.jpg,C:\Users\manis\Desktop\Final_Year_Project\PapuloNet\datasets\skindisnet\SkinDisNet_2\Augmented\Seborrheic Dermatitis (SD)\SD (6)_05.jpg,Seborrheic_Dermatitis,False,DUPLICATE_OF:PSD_00001765,PENDING,,,
PSD_00002859,SkinDisNet,SkinDisNet_2,n/a,augmented,Seborrheic_Dermatitis,SD (6)_06.jpg,C:\Users\manis\Desktop\Final_Year_Project\PapuloNet\datasets\skindisnet\SkinDisNet_2\Augmented\Seborrheic Dermatitis (SD)\SD (6)_06.jpg,Seborrheic_Dermatitis,False,DUPLICATE_OF:PSD_00001765,PENDING,,,
PSD_00002860,SkinDisNet,SkinDisNet_2,n/a,augmented,Seborrheic_Dermatitis,SD (6)_07.jpg,C:\Users\manis\Desktop\Final_Year_Project\PapuloNet\datasets\skindisnet\SkinDisNet_2\Augmented\Seborrheic Dermatitis (SD)\SD (6)_07.jpg,Seborrheic_Dermatitis,False,DUPLICATE_OF:PSD_00001892,PENDING,,,
PSD_00002861,SkinDisNet,SkinDisNet_2,n/a,augmented,Seborrheic_Dermatitis,SD (60)_01.jpg,C:\Users\manis\Desktop\Final_Year_Project\PapuloNet\datasets\skindisnet\SkinDisNet_2\Augmented\Seborrheic Dermatitis (SD)\SD (60)_01.jpg,Seborrheic_Dermatitis,False,UNIQUE,FAIL: blur variance 17.7 below threshold 100.0,,,
PSD_00002862,SkinDisNet,SkinDisNet_2,n/a,augmented,Seborrheic_Dermatitis,SD (60)_02.jpg,C:\Users\manis\Desktop\Final_Year_Project\PapuloNet\datasets\skindisnet\SkinDisNet_2\Augmented\Seborrheic Dermatitis (SD)\SD (60)_02.jpg,Seborrheic_Dermatitis,False,UNIQUE,FAIL: blur variance 27.6 below threshold 100.0,,,
PSD_00002863,SkinDisNet,SkinDisNet_2,n/a,augmented,Seborrheic_Dermatitis,SD (60)_03.jpg,C:\Users\manis\Desktop\Final_Year_Project\PapuloNet\datasets\skindisnet\SkinDisNet_2\Augmented\Seborrheic Dermatitis (SD)\SD (60)_03.jpg,Seborrheic_Dermatitis,False,UNIQUE,FAIL: blur variance 20.6 below threshold 100.0,,,
PSD_00002864,SkinDisNet,SkinDisNet_2,n/a,augmented,Seborrheic_Dermatitis,SD (60)_04.jpg,C:\Users\manis\Desktop\Final_Year_Project\PapuloNet\datasets\skindisnet\SkinDisNet_2\Augmented\Seborrheic Dermatitis (SD)\SD (60)_04.jpg,Seborrheic_Dermatitis,False,UNIQUE,FAIL: blur variance 15.5 below threshold 100.0,,,
PSD_00002865,SkinDisNet,SkinDisNet_2,n/a,augmented,Seborrheic_Dermatitis,SD (60)_05.jpg,C:\Users\manis\Desktop\Final_Year_Project\PapuloNet\datasets\skindisnet\SkinDisNet_2\Augmented\Seborrheic Dermatitis (SD)\SD (60)_05.jpg,Seborrheic_Dermatitis,False,DUPLICATE_OF:PSD_00002446,PENDING,,,
PSD_00002866,SkinDisNet,SkinDisNet_2,n/a,augmented,Seborrheic_Dermatitis,SD (60)_06.jpg,C:\Users\manis\Desktop\Final_Year_Project\PapuloNet\datasets\skindisnet\SkinDisNet_2\Augmented\Seborrheic Dermatitis (SD)\SD (60)_06.jpg,Seborrheic_Dermatitis,False,DUPLICATE_OF:PSD_00002446,PENDING,,,
PSD_00002867,SkinDisNet,SkinDisNet_2,n/a,augmented,Seborrheic_Dermatitis,SD (60)_07.jpg,C:\Users\manis\Desktop\Final_Year_Project\PapuloNet\datasets\skindisnet\SkinDisNet_2\Augmented\Seborrheic Dermatitis (SD)\SD (60)_07.jpg,Seborrheic_Dermatitis,False,UNIQUE,PASS,PSD_00002867.jpg,224,224
PSD_00002868,SkinDisNet,SkinDisNet_2,n/a,augmented,Seborrheic_Dermatitis,SD (61)_01.jpg,C:\Users\manis\Desktop\Final_Year_Project\PapuloNet\datasets\skindisnet\SkinDisNet_2\Augmented\Seborrheic Dermatitis (SD)\SD (61)_01.jpg,Seborrheic_Dermatitis,False,DUPLICATE_OF:PSD_00002285,PENDING,,,
PSD_00002869,SkinDisNet,SkinDisNet_2,n/a,augmented,Seborrheic_Dermatitis,SD (61)_02.jpg,C:\Users\manis\Desktop\Final_Year_Project\PapuloNet\datasets\skindisnet\SkinDisNet_2\Augmented\Seborrheic Dermatitis (SD)\SD (61)_02.jpg,Seborrheic_Dermatitis,False,DUPLICATE_OF:PSD_00002286,PENDING,,,
PSD_00002870,SkinDisNet,SkinDisNet_2,n/a,augmented,Seborrheic_Dermatitis,SD (61)_03.jpg,C:\Users\manis\Desktop\Final_Year_Project\PapuloNet\datasets\skindisnet\SkinDisNet_2\Augmented\Seborrheic Dermatitis (SD)\SD (61)_03.jpg,Seborrheic_Dermatitis,False,UNIQUE,FAIL: blur variance 71.0 below threshold 100.0,,,
PSD_00002871,SkinDisNet,SkinDisNet_2,n/a,augmented,Seborrheic_Dermatitis,SD (61)_04.jpg,C:\Users\manis\Desktop\Final_Year_Project\PapuloNet\datasets\skindisnet\SkinDisNet_2\Augmented\Seborrheic Dermatitis (SD)\SD (61)_04.jpg,Seborrheic_Dermatitis,False,UNIQUE,FAIL: blur variance 84.4 below threshold 100.0,,,
PSD_00002872,SkinDisNet,SkinDisNet_2,n/a,augmented,Seborrheic_Dermatitis,SD (61)_05.jpg,C:\Users\manis\Desktop\Final_Year_Project\PapuloNet\datasets\skindisnet\SkinDisNet_2\Augmented\Seborrheic Dermatitis (SD)\SD (61)_05.jpg,Seborrheic_Dermatitis,False,DUPLICATE_OF:PSD_00001822,PENDING,,,
PSD_00002873,SkinDisNet,SkinDisNet_2,n/a,augmented,Seborrheic_Dermatitis,SD (61)_06.jpg,C:\Users\manis\Desktop\Final_Year_Project\PapuloNet\datasets\skindisnet\SkinDisNet_2\Augmented\Seborrheic Dermatitis (SD)\SD (61)_06.jpg,Seborrheic_Dermatitis,False,DUPLICATE_OF:PSD_00001822,PENDING,,,
PSD_00002874,SkinDisNet,SkinDisNet_2,n/a,augmented,Seborrheic_Dermatitis,SD (61)_07.jpg,C:\Users\manis\Desktop\Final_Year_Project\PapuloNet\datasets\skindisnet\SkinDisNet_2\Augmented\Seborrheic Dermatitis (SD)\SD (61)_07.jpg,Seborrheic_Dermatitis,False,DUPLICATE_OF:PSD_00002291,PENDING,,,
PSD_00002875,SkinDisNet,SkinDisNet_2,n/a,augmented,Seborrheic_Dermatitis,SD (62)_01.jpg,C:\Users\manis\Desktop\Final_Year_Project\PapuloNet\datasets\skindisnet\SkinDisNet_2\Augmented\Seborrheic Dermatitis (SD)\SD (62)_01.jpg,Seborrheic_Dermatitis,False,UNIQUE,FAIL: blur variance 62.2 below threshold 100.0,,,
PSD_00002876,SkinDisNet,SkinDisNet_2,n/a,augmented,Seborrheic_Dermatitis,SD (62)_02.jpg,C:\Users\manis\Desktop\Final_Year_Project\PapuloNet\datasets\skindisnet\SkinDisNet_2\Augmented\Seborrheic Dermatitis (SD)\SD (62)_02.jpg,Seborrheic_Dermatitis,False,UNIQUE,PASS,PSD_00002876.jpg,224,224
PSD_00002877,SkinDisNet,SkinDisNet_2,n/a,augmented,Seborrheic_Dermatitis,SD (62)_03.jpg,C:\Users\manis\Desktop\Final_Year_Project\PapuloNet\datasets\skindisnet\SkinDisNet_2\Augmented\Seborrheic Dermatitis (SD)\SD (62)_03.jpg,Seborrheic_Dermatitis,False,DUPLICATE_OF:PSD_00001761,PENDING,,,
PSD_00002878,SkinDisNet,SkinDisNet_2,n/a,augmented,Seborrheic_Dermatitis,SD (62)_04.jpg,C:\Users\manis\Desktop\Final_Year_Project\PapuloNet\datasets\skindisnet\SkinDisNet_2\Augmented\Seborrheic Dermatitis (SD)\SD (62)_04.jpg,Seborrheic_Dermatitis,False,UNIQUE,FAIL: blur variance 44.3 below threshold 100.0,,,
PSD_00002879,SkinDisNet,SkinDisNet_2,n/a,augmented,Seborrheic_Dermatitis,SD (62)_05.jpg,C:\Users\manis\Desktop\Final_Year_Project\PapuloNet\datasets\skindisnet\SkinDisNet_2\Augmented\Seborrheic Dermatitis (SD)\SD (62)_05.jpg,Seborrheic_Dermatitis,False,DUPLICATE_OF:PSD_00001761,PENDING,,,
PSD_00002880,SkinDisNet,SkinDisNet_2,n/a,augmented,Seborrheic_Dermatitis,SD (62)_06.jpg,C:\Users\manis\Desktop\Final_Year_Project\PapuloNet\datasets\skindisnet\SkinDisNet_2\Augmented\Seborrheic Dermatitis (SD)\SD (62)_06.jpg,Seborrheic_Dermatitis,False,DUPLICATE_OF:PSD_00001761,PENDING,,,
PSD_00002881,SkinDisNet,SkinDisNet_2,n/a,augmented,Seborrheic_Dermatitis,SD (62)_07.jpg,C:\Users\manis\Desktop\Final_Year_Project\PapuloNet\datasets\skindisnet\SkinDisNet_2\Augmented\Seborrheic Dermatitis (SD)\SD (62)_07.jpg,Seborrheic_Dermatitis,False,DUPLICATE_OF:PSD_00001864,PENDING,,,
PSD_00002882,SkinDisNet,SkinDisNet_2,n/a,augmented,Seborrheic_Dermatitis,SD (63)_01.jpg,C:\Users\manis\Desktop\Final_Year_Project\PapuloNet\datasets\skindisnet\SkinDisNet_2\Augmented\Seborrheic Dermatitis (SD)\SD (63)_01.jpg,Seborrheic_Dermatitis,False,UNIQUE,FAIL: blur variance 27.4 below threshold 100.0,,,
PSD_00002883,SkinDisNet,SkinDisNet_2,n/a,augmented,Seborrheic_Dermatitis,SD (63)_02.jpg,C:\Users\manis\Desktop\Final_Year_Project\PapuloNet\datasets\skindisnet\SkinDisNet_2\Augmented\Seborrheic Dermatitis (SD)\SD (63)_02.jpg,Seborrheic_Dermatitis,False,UNIQUE,FAIL: blur variance 48.2 below threshold 100.0,,,
PSD_00002884,SkinDisNet,SkinDisNet_2,n/a,augmented,Seborrheic_Dermatitis,SD (63)_03.jpg,C:\Users\manis\Desktop\Final_Year_Project\PapuloNet\datasets\skindisnet\SkinDisNet_2\Augmented\Seborrheic Dermatitis (SD)\SD (63)_03.jpg,Seborrheic_Dermatitis,False,UNIQUE,FAIL: blur variance 28.6 below threshold 100.0,,,
PSD_00002885,SkinDisNet,SkinDisNet_2,n/a,augmented,Seborrheic_Dermatitis,SD (63)_04.jpg,C:\Users\manis\Desktop\Final_Year_Project\PapuloNet\datasets\skindisnet\SkinDisNet_2\Augmented\Seborrheic Dermatitis (SD)\SD (63)_04.jpg,Seborrheic_Dermatitis,False,UNIQUE,FAIL: blur variance 21.4 below threshold 100.0,,,
PSD_00002886,SkinDisNet,SkinDisNet_2,n/a,augmented,Seborrheic_Dermatitis,SD (63)_05.jpg,C:\Users\manis\Desktop\Final_Year_Project\PapuloNet\datasets\skindisnet\SkinDisNet_2\Augmented\Seborrheic Dermatitis (SD)\SD (63)_05.jpg,Seborrheic_Dermatitis,False,DUPLICATE_OF:PSD_00001833,PENDING,,,
PSD_00002887,SkinDisNet,SkinDisNet_2,n/a,augmented,Seborrheic_Dermatitis,SD (63)_06.jpg,C:\Users\manis\Desktop\Final_Year_Project\PapuloNet\datasets\skindisnet\SkinDisNet_2\Augmented\Seborrheic Dermatitis (SD)\SD (63)_06.jpg,Seborrheic_Dermatitis,False,DUPLICATE_OF:PSD_00001833,PENDING,,,
PSD_00002888,SkinDisNet,SkinDisNet_2,n/a,augmented,Seborrheic_Dermatitis,SD (63)_07.jpg,C:\Users\manis\Desktop\Final_Year_Project\PapuloNet\datasets\skindisnet\SkinDisNet_2\Augmented\Seborrheic Dermatitis (SD)\SD (63)_07.jpg,Seborrheic_Dermatitis,False,DUPLICATE_OF:PSD_00002368,PENDING,,,
PSD_00002889,SkinDisNet,SkinDisNet_2,n/a,augmented,Seborrheic_Dermatitis,SD (64)_01.jpg,C:\Users\manis\Desktop\Final_Year_Project\PapuloNet\datasets\skindisnet\SkinDisNet_2\Augmented\Seborrheic Dermatitis (SD)\SD (64)_01.jpg,Seborrheic_Dermatitis,False,DUPLICATE_OF:PSD_00001773,PENDING,,,
PSD_00002890,SkinDisNet,SkinDisNet_2,n/a,augmented,Seborrheic_Dermatitis,SD (64)_02.jpg,C:\Users\manis\Desktop\Final_Year_Project\PapuloNet\datasets\skindisnet\SkinDisNet_2\Augmented\Seborrheic Dermatitis (SD)\SD (64)_02.jpg,Seborrheic_Dermatitis,False,DUPLICATE_OF:PSD_00001943,PENDING,,,
PSD_00002891,SkinDisNet,SkinDisNet_2,n/a,augmented,Seborrheic_Dermatitis,SD (64)_03.jpg,C:\Users\manis\Desktop\Final_Year_Project\PapuloNet\datasets\skindisnet\SkinDisNet_2\Augmented\Seborrheic Dermatitis (SD)\SD (64)_03.jpg,Seborrheic_Dermatitis,False,UNIQUE,PASS,PSD_00002891.jpg,224,224
PSD_00002892,SkinDisNet,SkinDisNet_2,n/a,augmented,Seborrheic_Dermatitis,SD (64)_04.jpg,C:\Users\manis\Desktop\Final_Year_Project\PapuloNet\datasets\skindisnet\SkinDisNet_2\Augmented\Seborrheic Dermatitis (SD)\SD (64)_04.jpg,Seborrheic_Dermatitis,False,UNIQUE,PASS,PSD_00002892.jpg,224,224
PSD_00002893,SkinDisNet,SkinDisNet_2,n/a,augmented,Seborrheic_Dermatitis,SD (64)_05.jpg,C:\Users\manis\Desktop\Final_Year_Project\PapuloNet\datasets\skindisnet\SkinDisNet_2\Augmented\Seborrheic Dermatitis (SD)\SD (64)_05.jpg,Seborrheic_Dermatitis,False,DUPLICATE_OF:PSD_00001773,PENDING,,,
PSD_00002894,SkinDisNet,SkinDisNet_2,n/a,augmented,Seborrheic_Dermatitis,SD (64)_06.jpg,C:\Users\manis\Desktop\Final_Year_Project\PapuloNet\datasets\skindisnet\SkinDisNet_2\Augmented\Seborrheic Dermatitis (SD)\SD (64)_06.jpg,Seborrheic_Dermatitis,False,DUPLICATE_OF:PSD_00001773,PENDING,,,
PSD_00002895,SkinDisNet,SkinDisNet_2,n/a,augmented,Seborrheic_Dermatitis,SD (64)_07.jpg,C:\Users\manis\Desktop\Final_Year_Project\PapuloNet\datasets\skindisnet\SkinDisNet_2\Augmented\Seborrheic Dermatitis (SD)\SD (64)_07.jpg,Seborrheic_Dermatitis,False,DUPLICATE_OF:PSD_00001948,PENDING,,,
PSD_00002896,SkinDisNet,SkinDisNet_2,n/a,augmented,Seborrheic_Dermatitis,SD (65)_01.jpg,C:\Users\manis\Desktop\Final_Year_Project\PapuloNet\datasets\skindisnet\SkinDisNet_2\Augmented\Seborrheic Dermatitis (SD)\SD (65)_01.jpg,Seborrheic_Dermatitis,False,DUPLICATE_OF:PSD_00002278,PENDING,,,
PSD_00002897,SkinDisNet,SkinDisNet_2,n/a,augmented,Seborrheic_Dermatitis,SD (65)_02.jpg,C:\Users\manis\Desktop\Final_Year_Project\PapuloNet\datasets\skindisnet\SkinDisNet_2\Augmented\Seborrheic Dermatitis (SD)\SD (65)_02.jpg,Seborrheic_Dermatitis,False,DUPLICATE_OF:PSD_00002279,PENDING,,,
PSD_00002898,SkinDisNet,SkinDisNet_2,n/a,augmented,Seborrheic_Dermatitis,SD (65)_03.jpg,C:\Users\manis\Desktop\Final_Year_Project\PapuloNet\datasets\skindisnet\SkinDisNet_2\Augmented\Seborrheic Dermatitis (SD)\SD (65)_03.jpg,Seborrheic_Dermatitis,False,UNIQUE,FAIL: blur variance 29.0 below threshold 100.0,,,
PSD_00002899,SkinDisNet,SkinDisNet_2,n/a,augmented,Seborrheic_Dermatitis,SD (65)_04.jpg,C:\Users\manis\Desktop\Final_Year_Project\PapuloNet\datasets\skindisnet\SkinDisNet_2\Augmented\Seborrheic Dermatitis (SD)\SD (65)_04.jpg,Seborrheic_Dermatitis,False,UNIQUE,FAIL: blur variance 33.4 below threshold 100.0,,,
PSD_00002900,SkinDisNet,SkinDisNet_2,n/a,augmented,Seborrheic_Dermatitis,SD (65)_05.jpg,C:\Users\manis\Desktop\Final_Year_Project\PapuloNet\datasets\skindisnet\SkinDisNet_2\Augmented\Seborrheic Dermatitis (SD)\SD (65)_05.jpg,Seborrheic_Dermatitis,False,DUPLICATE_OF:PSD_00001821,PENDING,,,
PSD_00002901,SkinDisNet,SkinDisNet_2,n/a,augmented,Seborrheic_Dermatitis,SD (65)_06.jpg,C:\Users\manis\Desktop\Final_Year_Project\PapuloNet\datasets\skindisnet\SkinDisNet_2\Augmented\Seborrheic Dermatitis (SD)\SD (65)_06.jpg,Seborrheic_Dermatitis,False,DUPLICATE_OF:PSD_00001821,PENDING,,,
PSD_00002902,SkinDisNet,SkinDisNet_2,n/a,augmented,Seborrheic_Dermatitis,SD (65)_07.jpg,C:\Users\manis\Desktop\Final_Year_Project\PapuloNet\datasets\skindisnet\SkinDisNet_2\Augmented\Seborrheic Dermatitis (SD)\SD (65)_07.jpg,Seborrheic_Dermatitis,False,DUPLICATE_OF:PSD_00002284,PENDING,,,
PSD_00002903,SkinDisNet,SkinDisNet_2,n/a,augmented,Seborrheic_Dermatitis,SD (66)_01.jpg,C:\Users\manis\Desktop\Final_Year_Project\PapuloNet\datasets\skindisnet\SkinDisNet_2\Augmented\Seborrheic Dermatitis (SD)\SD (66)_01.jpg,Seborrheic_Dermatitis,False,UNIQUE,FAIL: blur variance 43.3 below threshold 100.0,,,
PSD_00002904,SkinDisNet,SkinDisNet_2,n/a,augmented,Seborrheic_Dermatitis,SD (66)_02.jpg,C:\Users\manis\Desktop\Final_Year_Project\PapuloNet\datasets\skindisnet\SkinDisNet_2\Augmented\Seborrheic Dermatitis (SD)\SD (66)_02.jpg,Seborrheic_Dermatitis,False,UNIQUE,FAIL: blur variance 66.7 below threshold 100.0,,,
PSD_00002905,SkinDisNet,SkinDisNet_2,n/a,augmented,Seborrheic_Dermatitis,SD (66)_03.jpg,C:\Users\manis\Desktop\Final_Year_Project\PapuloNet\datasets\skindisnet\SkinDisNet_2\Augmented\Seborrheic Dermatitis (SD)\SD (66)_03.jpg,Seborrheic_Dermatitis,False,UNIQUE,FAIL: blur variance 30.9 below threshold 100.0,,,
PSD_00002906,SkinDisNet,SkinDisNet_2,n/a,augmented,Seborrheic_Dermatitis,SD (66)_04.jpg,C:\Users\manis\Desktop\Final_Year_Project\PapuloNet\datasets\skindisnet\SkinDisNet_2\Augmented\Seborrheic Dermatitis (SD)\SD (66)_04.jpg,Seborrheic_Dermatitis,False,UNIQUE,FAIL: blur variance 33.9 below threshold 100.0,,,
PSD_00002907,SkinDisNet,SkinDisNet_2,n/a,augmented,Seborrheic_Dermatitis,SD (66)_05.jpg,C:\Users\manis\Desktop\Final_Year_Project\PapuloNet\datasets\skindisnet\SkinDisNet_2\Augmented\Seborrheic Dermatitis (SD)\SD (66)_05.jpg,Seborrheic_Dermatitis,False,DUPLICATE_OF:PSD_00001816,PENDING,,,
PSD_00002908,SkinDisNet,SkinDisNet_2,n/a,augmented,Seborrheic_Dermatitis,SD (66)_06.jpg,C:\Users\manis\Desktop\Final_Year_Project\PapuloNet\datasets\skindisnet\SkinDisNet_2\Augmented\Seborrheic Dermatitis (SD)\SD (66)_06.jpg,Seborrheic_Dermatitis,False,DUPLICATE_OF:PSD_00001816,PENDING,,,
PSD_00002909,SkinDisNet,SkinDisNet_2,n/a,augmented,Seborrheic_Dermatitis,SD (66)_07.jpg,C:\Users\manis\Desktop\Final_Year_Project\PapuloNet\datasets\skindisnet\SkinDisNet_2\Augmented\Seborrheic Dermatitis (SD)\SD (66)_07.jpg,Seborrheic_Dermatitis,False,DUPLICATE_OF:PSD_00002249,PENDING,,,
PSD_00002910,SkinDisNet,SkinDisNet_2,n/a,augmented,Seborrheic_Dermatitis,SD (67)_01.jpg,C:\Users\manis\Desktop\Final_Year_Project\PapuloNet\datasets\skindisnet\SkinDisNet_2\Augmented\Seborrheic Dermatitis (SD)\SD (67)_01.jpg,Seborrheic_Dermatitis,False,DUPLICATE_OF:PSD_00002222,PENDING,,,
PSD_00002911,SkinDisNet,SkinDisNet_2,n/a,augmented,Seborrheic_Dermatitis,SD (67)_02.jpg,C:\Users\manis\Desktop\Final_Year_Project\PapuloNet\datasets\skindisnet\SkinDisNet_2\Augmented\Seborrheic Dermatitis (SD)\SD (67)_02.jpg,Seborrheic_Dermatitis,False,DUPLICATE_OF:PSD_00001813,PENDING,,,
PSD_00002912,SkinDisNet,SkinDisNet_2,n/a,augmented,Seborrheic_Dermatitis,SD (67)_03.jpg,C:\Users\manis\Desktop\Final_Year_Project\PapuloNet\datasets\skindisnet\SkinDisNet_2\Augmented\Seborrheic Dermatitis (SD)\SD (67)_03.jpg,Seborrheic_Dermatitis,False,UNIQUE,PASS,PSD_00002912.jpg,224,224
PSD_00002913,SkinDisNet,SkinDisNet_2,n/a,augmented,Seborrheic_Dermatitis,SD (67)_04.jpg,C:\Users\manis\Desktop\Final_Year_Project\PapuloNet\datasets\skindisnet\SkinDisNet_2\Augmented\Seborrheic Dermatitis (SD)\SD (67)_04.jpg,Seborrheic_Dermatitis,False,UNIQUE,PASS,PSD_00002913.jpg,224,224
PSD_00002914,SkinDisNet,SkinDisNet_2,n/a,augmented,Seborrheic_Dermatitis,SD (67)_05.jpg,C:\Users\manis\Desktop\Final_Year_Project\PapuloNet\datasets\skindisnet\SkinDisNet_2\Augmented\Seborrheic Dermatitis (SD)\SD (67)_05.jpg,Seborrheic_Dermatitis,False,DUPLICATE_OF:PSD_00001813,PENDING,,,
PSD_00002915,SkinDisNet,SkinDisNet_2,n/a,augmented,Seborrheic_Dermatitis,SD (67)_06.jpg,C:\Users\manis\Desktop\Final_Year_Project\PapuloNet\datasets\skindisnet\SkinDisNet_2\Augmented\Seborrheic Dermatitis (SD)\SD (67)_06.jpg,Seborrheic_Dermatitis,False,DUPLICATE_OF:PSD_00001813,PENDING,,,
PSD_00002916,SkinDisNet,SkinDisNet_2,n/a,augmented,Seborrheic_Dermatitis,SD (67)_07.jpg,C:\Users\manis\Desktop\Final_Year_Project\PapuloNet\datasets\skindisnet\SkinDisNet_2\Augmented\Seborrheic Dermatitis (SD)\SD (67)_07.jpg,Seborrheic_Dermatitis,False,DUPLICATE_OF:PSD_00002228,PENDING,,,
PSD_00002917,SkinDisNet,SkinDisNet_2,n/a,augmented,Seborrheic_Dermatitis,SD (68)_01.jpg,C:\Users\manis\Desktop\Final_Year_Project\PapuloNet\datasets\skindisnet\SkinDisNet_2\Augmented\Seborrheic Dermatitis (SD)\SD (68)_01.jpg,Seborrheic_Dermatitis,False,UNIQUE,FAIL: blur variance 71.5 below threshold 100.0,,,
PSD_00002918,SkinDisNet,SkinDisNet_2,n/a,augmented,Seborrheic_Dermatitis,SD (68)_02.jpg,C:\Users\manis\Desktop\Final_Year_Project\PapuloNet\datasets\skindisnet\SkinDisNet_2\Augmented\Seborrheic Dermatitis (SD)\SD (68)_02.jpg,Seborrheic_Dermatitis,False,UNIQUE,PASS,PSD_00002918.jpg,224,224
PSD_00002919,SkinDisNet,SkinDisNet_2,n/a,augmented,Seborrheic_Dermatitis,SD (68)_03.jpg,C:\Users\manis\Desktop\Final_Year_Project\PapuloNet\datasets\skindisnet\SkinDisNet_2\Augmented\Seborrheic Dermatitis (SD)\SD (68)_03.jpg,Seborrheic_Dermatitis,False,UNIQUE,FAIL: blur variance 76.6 below threshold 100.0,,,
PSD_00002920,SkinDisNet,SkinDisNet_2,n/a,augmented,Seborrheic_Dermatitis,SD (68)_04.jpg,C:\Users\manis\Desktop\Final_Year_Project\PapuloNet\datasets\skindisnet\SkinDisNet_2\Augmented\Seborrheic Dermatitis (SD)\SD (68)_04.jpg,Seborrheic_Dermatitis,False,UNIQUE,FAIL: blur variance 36.8 below threshold 100.0,,,
PSD_00002921,SkinDisNet,SkinDisNet_2,n/a,augmented,Seborrheic_Dermatitis,SD (68)_05.jpg,C:\Users\manis\Desktop\Final_Year_Project\PapuloNet\datasets\skindisnet\SkinDisNet_2\Augmented\Seborrheic Dermatitis (SD)\SD (68)_05.jpg,Seborrheic_Dermatitis,False,DUPLICATE_OF:PSD_00001767,PENDING,,,
PSD_00002922,SkinDisNet,SkinDisNet_2,n/a,augmented,Seborrheic_Dermatitis,SD (68)_06.jpg,C:\Users\manis\Desktop\Final_Year_Project\PapuloNet\datasets\skindisnet\SkinDisNet_2\Augmented\Seborrheic Dermatitis (SD)\SD (68)_06.jpg,Seborrheic_Dermatitis,False,DUPLICATE_OF:PSD_00001767,PENDING,,,
PSD_00002923,SkinDisNet,SkinDisNet_2,n/a,augmented,Seborrheic_Dermatitis,SD (68)_07.jpg,C:\Users\manis\Desktop\Final_Year_Project\PapuloNet\datasets\skindisnet\SkinDisNet_2\Augmented\Seborrheic Dermatitis (SD)\SD (68)_07.jpg,Seborrheic_Dermatitis,False,DUPLICATE_OF:PSD_00001906,PENDING,,,
PSD_00002924,SkinDisNet,SkinDisNet_2,n/a,augmented,Seborrheic_Dermatitis,SD (69)_01.jpg,C:\Users\manis\Desktop\Final_Year_Project\PapuloNet\datasets\skindisnet\SkinDisNet_2\Augmented\Seborrheic Dermatitis (SD)\SD (69)_01.jpg,Seborrheic_Dermatitis,False,DUPLICATE_OF:PSD_00002327,PENDING,,,
PSD_00002925,SkinDisNet,SkinDisNet_2,n/a,augmented,Seborrheic_Dermatitis,SD (69)_02.jpg,C:\Users\manis\Desktop\Final_Year_Project\PapuloNet\datasets\skindisnet\SkinDisNet_2\Augmented\Seborrheic Dermatitis (SD)\SD (69)_02.jpg,Seborrheic_Dermatitis,False,DUPLICATE_OF:PSD_00002384,PENDING,,,
PSD_00002926,SkinDisNet,SkinDisNet_2,n/a,augmented,Seborrheic_Dermatitis,SD (69)_03.jpg,C:\Users\manis\Desktop\Final_Year_Project\PapuloNet\datasets\skindisnet\SkinDisNet_2\Augmented\Seborrheic Dermatitis (SD)\SD (69)_03.jpg,Seborrheic_Dermatitis,False,DUPLICATE_OF:PSD_00002385,PENDING,,,
PSD_00002927,SkinDisNet,SkinDisNet_2,n/a,augmented,Seborrheic_Dermatitis,SD (69)_04.jpg,C:\Users\manis\Desktop\Final_Year_Project\PapuloNet\datasets\skindisnet\SkinDisNet_2\Augmented\Seborrheic Dermatitis (SD)\SD (69)_04.jpg,Seborrheic_Dermatitis,False,UNIQUE,PASS,PSD_00002927.jpg,224,224
PSD_00002928,SkinDisNet,SkinDisNet_2,n/a,augmented,Seborrheic_Dermatitis,SD (69)_05.jpg,C:\Users\manis\Desktop\Final_Year_Project\PapuloNet\datasets\skindisnet\SkinDisNet_2\Augmented\Seborrheic Dermatitis (SD)\SD (69)_05.jpg,Seborrheic_Dermatitis,False,DUPLICATE_OF:PSD_00001836,PENDING,,,
PSD_00002929,SkinDisNet,SkinDisNet_2,n/a,augmented,Seborrheic_Dermatitis,SD (69)_06.jpg,C:\Users\manis\Desktop\Final_Year_Project\PapuloNet\datasets\skindisnet\SkinDisNet_2\Augmented\Seborrheic Dermatitis (SD)\SD (69)_06.jpg,Seborrheic_Dermatitis,False,DUPLICATE_OF:PSD_00001836,PENDING,,,
PSD_00002930,SkinDisNet,SkinDisNet_2,n/a,augmented,Seborrheic_Dermatitis,SD (69)_07.jpg,C:\Users\manis\Desktop\Final_Year_Project\PapuloNet\datasets\skindisnet\SkinDisNet_2\Augmented\Seborrheic Dermatitis (SD)\SD (69)_07.jpg,Seborrheic_Dermatitis,False,DUPLICATE_OF:PSD_00001906,PENDING,,,
PSD_00002931,SkinDisNet,SkinDisNet_2,n/a,augmented,Seborrheic_Dermatitis,SD (7)_01.jpg,C:\Users\manis\Desktop\Final_Year_Project\PapuloNet\datasets\skindisnet\SkinDisNet_2\Augmented\Seborrheic Dermatitis (SD)\SD (7)_01.jpg,Seborrheic_Dermatitis,False,UNIQUE,FAIL: blur variance 43.9 below threshold 100.0,,,
PSD_00002932,SkinDisNet,SkinDisNet_2,n/a,augmented,Seborrheic_Dermatitis,SD (7)_02.jpg,C:\Users\manis\Desktop\Final_Year_Project\PapuloNet\datasets\skindisnet\SkinDisNet_2\Augmented\Seborrheic Dermatitis (SD)\SD (7)_02.jpg,Seborrheic_Dermatitis,False,DUPLICATE_OF:PSD_00001812,PENDING,,,
PSD_00002933,SkinDisNet,SkinDisNet_2,n/a,augmented,Seborrheic_Dermatitis,SD (7)_03.jpg,C:\Users\manis\Desktop\Final_Year_Project\PapuloNet\datasets\skindisnet\SkinDisNet_2\Augmented\Seborrheic Dermatitis (SD)\SD (7)_03.jpg,Seborrheic_Dermatitis,False,UNIQUE,FAIL: blur variance 41.1 below threshold 100.0,,,
PSD_00002934,SkinDisNet,SkinDisNet_2,n/a,augmented,Seborrheic_Dermatitis,SD (7)_04.jpg,C:\Users\manis\Desktop\Final_Year_Project\PapuloNet\datasets\skindisnet\SkinDisNet_2\Augmented\Seborrheic Dermatitis (SD)\SD (7)_04.jpg,Seborrheic_Dermatitis,False,UNIQUE,FAIL: blur variance 31.9 below threshold 100.0,,,
PSD_00002935,SkinDisNet,SkinDisNet_2,n/a,augmented,Seborrheic_Dermatitis,SD (7)_05.jpg,C:\Users\manis\Desktop\Final_Year_Project\PapuloNet\datasets\skindisnet\SkinDisNet_2\Augmented\Seborrheic Dermatitis (SD)\SD (7)_05.jpg,Seborrheic_Dermatitis,False,DUPLICATE_OF:PSD_00001812,PENDING,,,
PSD_00002936,SkinDisNet,SkinDisNet_2,n/a,augmented,Seborrheic_Dermatitis,SD (7)_06.jpg,C:\Users\manis\Desktop\Final_Year_Project\PapuloNet\datasets\skindisnet\SkinDisNet_2\Augmented\Seborrheic Dermatitis (SD)\SD (7)_06.jpg,Seborrheic_Dermatitis,False,DUPLICATE_OF:PSD_00001812,PENDING,,,
PSD_00002937,SkinDisNet,SkinDisNet_2,n/a,augmented,Seborrheic_Dermatitis,SD (7)_07.jpg,C:\Users\manis\Desktop\Final_Year_Project\PapuloNet\datasets\skindisnet\SkinDisNet_2\Augmented\Seborrheic Dermatitis (SD)\SD (7)_07.jpg,Seborrheic_Dermatitis,False,DUPLICATE_OF:PSD_00002221,PENDING,,,
PSD_00002938,SkinDisNet,SkinDisNet_2,n/a,augmented,Seborrheic_Dermatitis,SD (70)_01.jpg,C:\Users\manis\Desktop\Final_Year_Project\PapuloNet\datasets\skindisnet\SkinDisNet_2\Augmented\Seborrheic Dermatitis (SD)\SD (70)_01.jpg,Seborrheic_Dermatitis,False,UNIQUE,FAIL: blur variance 54.7 below threshold 100.0,,,
PSD_00002939,SkinDisNet,SkinDisNet_2,n/a,augmented,Seborrheic_Dermatitis,SD (70)_02.jpg,C:\Users\manis\Desktop\Final_Year_Project\PapuloNet\datasets\skindisnet\SkinDisNet_2\Augmented\Seborrheic Dermatitis (SD)\SD (70)_02.jpg,Seborrheic_Dermatitis,False,UNIQUE,PASS,PSD_00002939.jpg,224,224
PSD_00002940,SkinDisNet,SkinDisNet_2,n/a,augmented,Seborrheic_Dermatitis,SD (70)_03.jpg,C:\Users\manis\Desktop\Final_Year_Project\PapuloNet\datasets\skindisnet\SkinDisNet_2\Augmented\Seborrheic Dermatitis (SD)\SD (70)_03.jpg,Seborrheic_Dermatitis,False,DUPLICATE_OF:PSD_00001760,PENDING,,,
PSD_00002941,SkinDisNet,SkinDisNet_2,n/a,augmented,Seborrheic_Dermatitis,SD (70)_04.jpg,C:\Users\manis\Desktop\Final_Year_Project\PapuloNet\datasets\skindisnet\SkinDisNet_2\Augmented\Seborrheic Dermatitis (SD)\SD (70)_04.jpg,Seborrheic_Dermatitis,False,UNIQUE,FAIL: blur variance 62.2 below threshold 100.0,,,
PSD_00002942,SkinDisNet,SkinDisNet_2,n/a,augmented,Seborrheic_Dermatitis,SD (70)_05.jpg,C:\Users\manis\Desktop\Final_Year_Project\PapuloNet\datasets\skindisnet\SkinDisNet_2\Augmented\Seborrheic Dermatitis (SD)\SD (70)_05.jpg,Seborrheic_Dermatitis,False,DUPLICATE_OF:PSD_00001760,PENDING,,,
PSD_00002943,SkinDisNet,SkinDisNet_2,n/a,augmented,Seborrheic_Dermatitis,SD (70)_06.jpg,C:\Users\manis\Desktop\Final_Year_Project\PapuloNet\datasets\skindisnet\SkinDisNet_2\Augmented\Seborrheic Dermatitis (SD)\SD (70)_06.jpg,Seborrheic_Dermatitis,False,DUPLICATE_OF:PSD_00001760,PENDING,,,
PSD_00002944,SkinDisNet,SkinDisNet_2,n/a,augmented,Seborrheic_Dermatitis,SD (70)_07.jpg,C:\Users\manis\Desktop\Final_Year_Project\PapuloNet\datasets\skindisnet\SkinDisNet_2\Augmented\Seborrheic Dermatitis (SD)\SD (70)_07.jpg,Seborrheic_Dermatitis,False,DUPLICATE_OF:PSD_00001857,PENDING,,,
PSD_00002945,SkinDisNet,SkinDisNet_2,n/a,augmented,Seborrheic_Dermatitis,SD (71)_01.jpg,C:\Users\manis\Desktop\Final_Year_Project\PapuloNet\datasets\skindisnet\SkinDisNet_2\Augmented\Seborrheic Dermatitis (SD)\SD (71)_01.jpg,Seborrheic_Dermatitis,False,DUPLICATE_OF:PSD_00001760,PENDING,,,
PSD_00002946,SkinDisNet,SkinDisNet_2,n/a,augmented,Seborrheic_Dermatitis,SD (71)_02.jpg,C:\Users\manis\Desktop\Final_Year_Project\PapuloNet\datasets\skindisnet\SkinDisNet_2\Augmented\Seborrheic Dermatitis (SD)\SD (71)_02.jpg,Seborrheic_Dermatitis,False,DUPLICATE_OF:PSD_00001852,PENDING,,,
PSD_00002947,SkinDisNet,SkinDisNet_2,n/a,augmented,Seborrheic_Dermatitis,SD (71)_03.jpg,C:\Users\manis\Desktop\Final_Year_Project\PapuloNet\datasets\skindisnet\SkinDisNet_2\Augmented\Seborrheic Dermatitis (SD)\SD (71)_03.jpg,Seborrheic_Dermatitis,False,UNIQUE,PASS,PSD_00002947.jpg,224,224
PSD_00002948,SkinDisNet,SkinDisNet_2,n/a,augmented,Seborrheic_Dermatitis,SD (71)_04.jpg,C:\Users\manis\Desktop\Final_Year_Project\PapuloNet\datasets\skindisnet\SkinDisNet_2\Augmented\Seborrheic Dermatitis (SD)\SD (71)_04.jpg,Seborrheic_Dermatitis,False,UNIQUE,PASS,PSD_00002948.jpg,224,224
PSD_00002949,SkinDisNet,SkinDisNet_2,n/a,augmented,Seborrheic_Dermatitis,SD (71)_05.jpg,C:\Users\manis\Desktop\Final_Year_Project\PapuloNet\datasets\skindisnet\SkinDisNet_2\Augmented\Seborrheic Dermatitis (SD)\SD (71)_05.jpg,Seborrheic_Dermatitis,False,DUPLICATE_OF:PSD_00001760,PENDING,,,
PSD_00002950,SkinDisNet,SkinDisNet_2,n/a,augmented,Seborrheic_Dermatitis,SD (71)_06.jpg,C:\Users\manis\Desktop\Final_Year_Project\PapuloNet\datasets\skindisnet\SkinDisNet_2\Augmented\Seborrheic Dermatitis (SD)\SD (71)_06.jpg,Seborrheic_Dermatitis,False,DUPLICATE_OF:PSD_00001760,PENDING,,,
PSD_00002951,SkinDisNet,SkinDisNet_2,n/a,augmented,Seborrheic_Dermatitis,SD (71)_07.jpg,C:\Users\manis\Desktop\Final_Year_Project\PapuloNet\datasets\skindisnet\SkinDisNet_2\Augmented\Seborrheic Dermatitis (SD)\SD (71)_07.jpg,Seborrheic_Dermatitis,False,DUPLICATE_OF:PSD_00001857,PENDING,,,
PSD_00002952,SkinDisNet,SkinDisNet_2,n/a,augmented,Seborrheic_Dermatitis,SD (72)_01.jpg,C:\Users\manis\Desktop\Final_Year_Project\PapuloNet\datasets\skindisnet\SkinDisNet_2\Augmented\Seborrheic Dermatitis (SD)\SD (72)_01.jpg,Seborrheic_Dermatitis,False,UNIQUE,PASS,PSD_00002952.jpg,224,224
PSD_00002953,SkinDisNet,SkinDisNet_2,n/a,augmented,Seborrheic_Dermatitis,SD (72)_02.jpg,C:\Users\manis\Desktop\Final_Year_Project\PapuloNet\datasets\skindisnet\SkinDisNet_2\Augmented\Seborrheic Dermatitis (SD)\SD (72)_02.jpg,Seborrheic_Dermatitis,False,DUPLICATE_OF:PSD_00002076,PENDING,,,
PSD_00002954,SkinDisNet,SkinDisNet_2,n/a,augmented,Seborrheic_Dermatitis,SD (72)_03.jpg,C:\Users\manis\Desktop\Final_Year_Project\PapuloNet\datasets\skindisnet\SkinDisNet_2\Augmented\Seborrheic Dermatitis (SD)\SD (72)_03.jpg,Seborrheic_Dermatitis,False,UNIQUE,PASS,PSD_00002954.jpg,224,224
PSD_00002955,SkinDisNet,SkinDisNet_2,n/a,augmented,Seborrheic_Dermatitis,SD (72)_04.jpg,C:\Users\manis\Desktop\Final_Year_Project\PapuloNet\datasets\skindisnet\SkinDisNet_2\Augmented\Seborrheic Dermatitis (SD)\SD (72)_04.jpg,Seborrheic_Dermatitis,False,UNIQUE,PASS,PSD_00002955.jpg,224,224
PSD_00002956,SkinDisNet,SkinDisNet_2,n/a,augmented,Seborrheic_Dermatitis,SD (72)_05.jpg,C:\Users\manis\Desktop\Final_Year_Project\PapuloNet\datasets\skindisnet\SkinDisNet_2\Augmented\Seborrheic Dermatitis (SD)\SD (72)_05.jpg,Seborrheic_Dermatitis,False,DUPLICATE_OF:PSD_00002080,PENDING,,,
PSD_00002957,SkinDisNet,SkinDisNet_2,n/a,augmented,Seborrheic_Dermatitis,SD (72)_06.jpg,C:\Users\manis\Desktop\Final_Year_Project\PapuloNet\datasets\skindisnet\SkinDisNet_2\Augmented\Seborrheic Dermatitis (SD)\SD (72)_06.jpg,Seborrheic_Dermatitis,False,DUPLICATE_OF:PSD_00002080,PENDING,,,
PSD_00002958,SkinDisNet,SkinDisNet_2,n/a,augmented,Seborrheic_Dermatitis,SD (72)_07.jpg,C:\Users\manis\Desktop\Final_Year_Project\PapuloNet\datasets\skindisnet\SkinDisNet_2\Augmented\Seborrheic Dermatitis (SD)\SD (72)_07.jpg,Seborrheic_Dermatitis,False,DUPLICATE_OF:PSD_00002081,PENDING,,,
PSD_00002959,SkinDisNet,SkinDisNet_2,n/a,augmented,Seborrheic_Dermatitis,SD (73)_01.jpg,C:\Users\manis\Desktop\Final_Year_Project\PapuloNet\datasets\skindisnet\SkinDisNet_2\Augmented\Seborrheic Dermatitis (SD)\SD (73)_01.jpg,Seborrheic_Dermatitis,False,DUPLICATE_OF:PSD_00001785,PENDING,,,
PSD_00002960,SkinDisNet,SkinDisNet_2,n/a,augmented,Seborrheic_Dermatitis,SD (73)_02.jpg,C:\Users\manis\Desktop\Final_Year_Project\PapuloNet\datasets\skindisnet\SkinDisNet_2\Augmented\Seborrheic Dermatitis (SD)\SD (73)_02.jpg,Seborrheic_Dermatitis,False,DUPLICATE_OF:PSD_00002027,PENDING,,,
PSD_00002961,SkinDisNet,SkinDisNet_2,n/a,augmented,Seborrheic_Dermatitis,SD (73)_03.jpg,C:\Users\manis\Desktop\Final_Year_Project\PapuloNet\datasets\skindisnet\SkinDisNet_2\Augmented\Seborrheic Dermatitis (SD)\SD (73)_03.jpg,Seborrheic_Dermatitis,False,UNIQUE,FAIL: blur variance 50.1 below threshold 100.0,,,
PSD_00002962,SkinDisNet,SkinDisNet_2,n/a,augmented,Seborrheic_Dermatitis,SD (73)_04.jpg,C:\Users\manis\Desktop\Final_Year_Project\PapuloNet\datasets\skindisnet\SkinDisNet_2\Augmented\Seborrheic Dermatitis (SD)\SD (73)_04.jpg,Seborrheic_Dermatitis,False,UNIQUE,FAIL: blur variance 42.8 below threshold 100.0,,,
PSD_00002963,SkinDisNet,SkinDisNet_2,n/a,augmented,Seborrheic_Dermatitis,SD (73)_05.jpg,C:\Users\manis\Desktop\Final_Year_Project\PapuloNet\datasets\skindisnet\SkinDisNet_2\Augmented\Seborrheic Dermatitis (SD)\SD (73)_05.jpg,Seborrheic_Dermatitis,False,DUPLICATE_OF:PSD_00001785,PENDING,,,
PSD_00002964,SkinDisNet,SkinDisNet_2,n/a,augmented,Seborrheic_Dermatitis,SD (73)_06.jpg,C:\Users\manis\Desktop\Final_Year_Project\PapuloNet\datasets\skindisnet\SkinDisNet_2\Augmented\Seborrheic Dermatitis (SD)\SD (73)_06.jpg,Seborrheic_Dermatitis,False,DUPLICATE_OF:PSD_00001785,PENDING,,,
PSD_00002965,SkinDisNet,SkinDisNet_2,n/a,augmented,Seborrheic_Dermatitis,SD (73)_07.jpg,C:\Users\manis\Desktop\Final_Year_Project\PapuloNet\datasets\skindisnet\SkinDisNet_2\Augmented\Seborrheic Dermatitis (SD)\SD (73)_07.jpg,Seborrheic_Dermatitis,False,DUPLICATE_OF:PSD_00002032,PENDING,,,
PSD_00002966,SkinDisNet,SkinDisNet_2,n/a,augmented,Seborrheic_Dermatitis,SD (74)_01.jpg,C:\Users\manis\Desktop\Final_Year_Project\PapuloNet\datasets\skindisnet\SkinDisNet_2\Augmented\Seborrheic Dermatitis (SD)\SD (74)_01.jpg,Seborrheic_Dermatitis,False,UNIQUE,FAIL: blur variance 26.0 below threshold 100.0,,,
PSD_00002967,SkinDisNet,SkinDisNet_2,n/a,augmented,Seborrheic_Dermatitis,SD (74)_02.jpg,C:\Users\manis\Desktop\Final_Year_Project\PapuloNet\datasets\skindisnet\SkinDisNet_2\Augmented\Seborrheic Dermatitis (SD)\SD (74)_02.jpg,Seborrheic_Dermatitis,False,UNIQUE,FAIL: blur variance 38.5 below threshold 100.0,,,
PSD_00002968,SkinDisNet,SkinDisNet_2,n/a,augmented,Seborrheic_Dermatitis,SD (74)_03.jpg,C:\Users\manis\Desktop\Final_Year_Project\PapuloNet\datasets\skindisnet\SkinDisNet_2\Augmented\Seborrheic Dermatitis (SD)\SD (74)_03.jpg,Seborrheic_Dermatitis,False,DUPLICATE_OF:PSD_00001771,PENDING,,,
PSD_00002969,SkinDisNet,SkinDisNet_2,n/a,augmented,Seborrheic_Dermatitis,SD (74)_04.jpg,C:\Users\manis\Desktop\Final_Year_Project\PapuloNet\datasets\skindisnet\SkinDisNet_2\Augmented\Seborrheic Dermatitis (SD)\SD (74)_04.jpg,Seborrheic_Dermatitis,False,UNIQUE,FAIL: blur variance 25.4 below threshold 100.0,,,
PSD_00002970,SkinDisNet,SkinDisNet_2,n/a,augmented,Seborrheic_Dermatitis,SD (74)_05.jpg,C:\Users\manis\Desktop\Final_Year_Project\PapuloNet\datasets\skindisnet\SkinDisNet_2\Augmented\Seborrheic Dermatitis (SD)\SD (74)_05.jpg,Seborrheic_Dermatitis,False,DUPLICATE_OF:PSD_00001771,PENDING,,,
PSD_00002971,SkinDisNet,SkinDisNet_2,n/a,augmented,Seborrheic_Dermatitis,SD (74)_06.jpg,C:\Users\manis\Desktop\Final_Year_Project\PapuloNet\datasets\skindisnet\SkinDisNet_2\Augmented\Seborrheic Dermatitis (SD)\SD (74)_06.jpg,Seborrheic_Dermatitis,False,DUPLICATE_OF:PSD_00001771,PENDING,,,
PSD_00002972,SkinDisNet,SkinDisNet_2,n/a,augmented,Seborrheic_Dermatitis,SD (74)_07.jpg,C:\Users\manis\Desktop\Final_Year_Project\PapuloNet\datasets\skindisnet\SkinDisNet_2\Augmented\Seborrheic Dermatitis (SD)\SD (74)_07.jpg,Seborrheic_Dermatitis,False,DUPLICATE_OF:PSD_00001892,PENDING,,,
PSD_00002973,SkinDisNet,SkinDisNet_2,n/a,augmented,Seborrheic_Dermatitis,SD (75)_01.jpg,C:\Users\manis\Desktop\Final_Year_Project\PapuloNet\datasets\skindisnet\SkinDisNet_2\Augmented\Seborrheic Dermatitis (SD)\SD (75)_01.jpg,Seborrheic_Dermatitis,False,UNIQUE,FAIL: blur variance 27.2 below threshold 100.0,,,
PSD_00002974,SkinDisNet,SkinDisNet_2,n/a,augmented,Seborrheic_Dermatitis,SD (75)_02.jpg,C:\Users\manis\Desktop\Final_Year_Project\PapuloNet\datasets\skindisnet\SkinDisNet_2\Augmented\Seborrheic Dermatitis (SD)\SD (75)_02.jpg,Seborrheic_Dermatitis,False,UNIQUE,FAIL: blur variance 42.1 below threshold 100.0,,,
PSD_00002975,SkinDisNet,SkinDisNet_2,n/a,augmented,Seborrheic_Dermatitis,SD (75)_03.jpg,C:\Users\manis\Desktop\Final_Year_Project\PapuloNet\datasets\skindisnet\SkinDisNet_2\Augmented\Seborrheic Dermatitis (SD)\SD (75)_03.jpg,Seborrheic_Dermatitis,False,UNIQUE,FAIL: blur variance 26.5 below threshold 100.0,,,
PSD_00002976,SkinDisNet,SkinDisNet_2,n/a,augmented,Seborrheic_Dermatitis,SD (75)_04.jpg,C:\Users\manis\Desktop\Final_Year_Project\PapuloNet\datasets\skindisnet\SkinDisNet_2\Augmented\Seborrheic Dermatitis (SD)\SD (75)_04.jpg,Seborrheic_Dermatitis,False,UNIQUE,FAIL: blur variance 15.0 below threshold 100.0,,,
PSD_00002977,SkinDisNet,SkinDisNet_2,n/a,augmented,Seborrheic_Dermatitis,SD (75)_05.jpg,C:\Users\manis\Desktop\Final_Year_Project\PapuloNet\datasets\skindisnet\SkinDisNet_2\Augmented\Seborrheic Dermatitis (SD)\SD (75)_05.jpg,Seborrheic_Dermatitis,False,DUPLICATE_OF:PSD_00001827,PENDING,,,
PSD_00002978,SkinDisNet,SkinDisNet_2,n/a,augmented,Seborrheic_Dermatitis,SD (75)_06.jpg,C:\Users\manis\Desktop\Final_Year_Project\PapuloNet\datasets\skindisnet\SkinDisNet_2\Augmented\Seborrheic Dermatitis (SD)\SD (75)_06.jpg,Seborrheic_Dermatitis,False,DUPLICATE_OF:PSD_00001827,PENDING,,,
PSD_00002979,SkinDisNet,SkinDisNet_2,n/a,augmented,Seborrheic_Dermatitis,SD (75)_07.jpg,C:\Users\manis\Desktop\Final_Year_Project\PapuloNet\datasets\skindisnet\SkinDisNet_2\Augmented\Seborrheic Dermatitis (SD)\SD (75)_07.jpg,Seborrheic_Dermatitis,False,DUPLICATE_OF:PSD_00001892,PENDING,,,
PSD_00002980,SkinDisNet,SkinDisNet_2,n/a,augmented,Seborrheic_Dermatitis,SD (76)_01.jpg,C:\Users\manis\Desktop\Final_Year_Project\PapuloNet\datasets\skindisnet\SkinDisNet_2\Augmented\Seborrheic Dermatitis (SD)\SD (76)_01.jpg,Seborrheic_Dermatitis,False,UNIQUE,FAIL: blur variance 26.8 below threshold 100.0,,,
PSD_00002981,SkinDisNet,SkinDisNet_2,n/a,augmented,Seborrheic_Dermatitis,SD (76)_02.jpg,C:\Users\manis\Desktop\Final_Year_Project\PapuloNet\datasets\skindisnet\SkinDisNet_2\Augmented\Seborrheic Dermatitis (SD)\SD (76)_02.jpg,Seborrheic_Dermatitis,False,UNIQUE,FAIL: blur variance 44.1 below threshold 100.0,,,
PSD_00002982,SkinDisNet,SkinDisNet_2,n/a,augmented,Seborrheic_Dermatitis,SD (76)_03.jpg,C:\Users\manis\Desktop\Final_Year_Project\PapuloNet\datasets\skindisnet\SkinDisNet_2\Augmented\Seborrheic Dermatitis (SD)\SD (76)_03.jpg,Seborrheic_Dermatitis,False,UNIQUE,FAIL: blur variance 26.3 below threshold 100.0,,,
PSD_00002983,SkinDisNet,SkinDisNet_2,n/a,augmented,Seborrheic_Dermatitis,SD (76)_04.jpg,C:\Users\manis\Desktop\Final_Year_Project\PapuloNet\datasets\skindisnet\SkinDisNet_2\Augmented\Seborrheic Dermatitis (SD)\SD (76)_04.jpg,Seborrheic_Dermatitis,False,UNIQUE,FAIL: blur variance 20.8 below threshold 100.0,,,
PSD_00002984,SkinDisNet,SkinDisNet_2,n/a,augmented,Seborrheic_Dermatitis,SD (76)_05.jpg,C:\Users\manis\Desktop\Final_Year_Project\PapuloNet\datasets\skindisnet\SkinDisNet_2\Augmented\Seborrheic Dermatitis (SD)\SD (76)_05.jpg,Seborrheic_Dermatitis,False,UNIQUE,FAIL: blur variance 69.6 below threshold 100.0,,,
PSD_00002985,SkinDisNet,SkinDisNet_2,n/a,augmented,Seborrheic_Dermatitis,SD (76)_06.jpg,C:\Users\manis\Desktop\Final_Year_Project\PapuloNet\datasets\skindisnet\SkinDisNet_2\Augmented\Seborrheic Dermatitis (SD)\SD (76)_06.jpg,Seborrheic_Dermatitis,False,DUPLICATE_OF:PSD_00001784,PENDING,,,
PSD_00002986,SkinDisNet,SkinDisNet_2,n/a,augmented,Seborrheic_Dermatitis,SD (76)_07.jpg,C:\Users\manis\Desktop\Final_Year_Project\PapuloNet\datasets\skindisnet\SkinDisNet_2\Augmented\Seborrheic Dermatitis (SD)\SD (76)_07.jpg,Seborrheic_Dermatitis,False,DUPLICATE_OF:PSD_00002025,PENDING,,,
PSD_00002987,SkinDisNet,SkinDisNet_2,n/a,augmented,Seborrheic_Dermatitis,SD (77)_01.jpg,C:\Users\manis\Desktop\Final_Year_Project\PapuloNet\datasets\skindisnet\SkinDisNet_2\Augmented\Seborrheic Dermatitis (SD)\SD (77)_01.jpg,Seborrheic_Dermatitis,False,UNIQUE,FAIL: blur variance 26.6 below threshold 100.0,,,
PSD_00002988,SkinDisNet,SkinDisNet_2,n/a,augmented,Seborrheic_Dermatitis,SD (77)_02.jpg,C:\Users\manis\Desktop\Final_Year_Project\PapuloNet\datasets\skindisnet\SkinDisNet_2\Augmented\Seborrheic Dermatitis (SD)\SD (77)_02.jpg,Seborrheic_Dermatitis,False,UNIQUE,FAIL: blur variance 44.0 below threshold 100.0,,,
PSD_00002989,SkinDisNet,SkinDisNet_2,n/a,augmented,Seborrheic_Dermatitis,SD (77)_03.jpg,C:\Users\manis\Desktop\Final_Year_Project\PapuloNet\datasets\skindisnet\SkinDisNet_2\Augmented\Seborrheic Dermatitis (SD)\SD (77)_03.jpg,Seborrheic_Dermatitis,False,UNIQUE,FAIL: blur variance 27.7 below threshold 100.0,,,
PSD_00002990,SkinDisNet,SkinDisNet_2,n/a,augmented,Seborrheic_Dermatitis,SD (77)_04.jpg,C:\Users\manis\Desktop\Final_Year_Project\PapuloNet\datasets\skindisnet\SkinDisNet_2\Augmented\Seborrheic Dermatitis (SD)\SD (77)_04.jpg,Seborrheic_Dermatitis,False,UNIQUE,FAIL: blur variance 22.8 below threshold 100.0,,,
PSD_00002991,SkinDisNet,SkinDisNet_2,n/a,augmented,Seborrheic_Dermatitis,SD (77)_05.jpg,C:\Users\manis\Desktop\Final_Year_Project\PapuloNet\datasets\skindisnet\SkinDisNet_2\Augmented\Seborrheic Dermatitis (SD)\SD (77)_05.jpg,Seborrheic_Dermatitis,False,DUPLICATE_OF:PSD_00001811,PENDING,,,
PSD_00002992,SkinDisNet,SkinDisNet_2,n/a,augmented,Seborrheic_Dermatitis,SD (77)_06.jpg,C:\Users\manis\Desktop\Final_Year_Project\PapuloNet\datasets\skindisnet\SkinDisNet_2\Augmented\Seborrheic Dermatitis (SD)\SD (77)_06.jpg,Seborrheic_Dermatitis,False,DUPLICATE_OF:PSD_00001811,PENDING,,,
PSD_00002993,SkinDisNet,SkinDisNet_2,n/a,augmented,Seborrheic_Dermatitis,SD (77)_07.jpg,C:\Users\manis\Desktop\Final_Year_Project\PapuloNet\datasets\skindisnet\SkinDisNet_2\Augmented\Seborrheic Dermatitis (SD)\SD (77)_07.jpg,Seborrheic_Dermatitis,False,DUPLICATE_OF:PSD_00002214,PENDING,,,
PSD_00002994,SkinDisNet,SkinDisNet_2,n/a,augmented,Seborrheic_Dermatitis,SD (78)_01.jpg,C:\Users\manis\Desktop\Final_Year_Project\PapuloNet\datasets\skindisnet\SkinDisNet_2\Augmented\Seborrheic Dermatitis (SD)\SD (78)_01.jpg,Seborrheic_Dermatitis,False,DUPLICATE_OF:PSD_00002061,PENDING,,,
PSD_00002995,SkinDisNet,SkinDisNet_2,n/a,augmented,Seborrheic_Dermatitis,SD (78)_02.jpg,C:\Users\manis\Desktop\Final_Year_Project\PapuloNet\datasets\skindisnet\SkinDisNet_2\Augmented\Seborrheic Dermatitis (SD)\SD (78)_02.jpg,Seborrheic_Dermatitis,False,DUPLICATE_OF:PSD_00001790,PENDING,,,
PSD_00002996,SkinDisNet,SkinDisNet_2,n/a,augmented,Seborrheic_Dermatitis,SD (78)_03.jpg,C:\Users\manis\Desktop\Final_Year_Project\PapuloNet\datasets\skindisnet\SkinDisNet_2\Augmented\Seborrheic Dermatitis (SD)\SD (78)_03.jpg,Seborrheic_Dermatitis,False,UNIQUE,FAIL: blur variance 17.1 below threshold 100.0,,,
PSD_00002997,SkinDisNet,SkinDisNet_2,n/a,augmented,Seborrheic_Dermatitis,SD (78)_04.jpg,C:\Users\manis\Desktop\Final_Year_Project\PapuloNet\datasets\skindisnet\SkinDisNet_2\Augmented\Seborrheic Dermatitis (SD)\SD (78)_04.jpg,Seborrheic_Dermatitis,False,UNIQUE,FAIL: blur variance 22.0 below threshold 100.0,,,
PSD_00002998,SkinDisNet,SkinDisNet_2,n/a,augmented,Seborrheic_Dermatitis,SD (78)_05.jpg,C:\Users\manis\Desktop\Final_Year_Project\PapuloNet\datasets\skindisnet\SkinDisNet_2\Augmented\Seborrheic Dermatitis (SD)\SD (78)_05.jpg,Seborrheic_Dermatitis,False,DUPLICATE_OF:PSD_00001790,PENDING,,,
PSD_00002999,SkinDisNet,SkinDisNet_2,n/a,augmented,Seborrheic_Dermatitis,SD (78)_06.jpg,C:\Users\manis\Desktop\Final_Year_Project\PapuloNet\datasets\skindisnet\SkinDisNet_2\Augmented\Seborrheic Dermatitis (SD)\SD (78)_06.jpg,Seborrheic_Dermatitis,False,DUPLICATE_OF:PSD_00001790,PENDING,,,
PSD_00003000,SkinDisNet,SkinDisNet_2,n/a,augmented,Seborrheic_Dermatitis,SD (78)_07.jpg,C:\Users\manis\Desktop\Final_Year_Project\PapuloNet\datasets\skindisnet\SkinDisNet_2\Augmented\Seborrheic Dermatitis (SD)\SD (78)_07.jpg,Seborrheic_Dermatitis,False,DUPLICATE_OF:PSD_00002067,PENDING,,,
PSD_00003001,SkinDisNet,SkinDisNet_2,n/a,augmented,Seborrheic_Dermatitis,SD (79)_01.jpg,C:\Users\manis\Desktop\Final_Year_Project\PapuloNet\datasets\skindisnet\SkinDisNet_2\Augmented\Seborrheic Dermatitis (SD)\SD (79)_01.jpg,Seborrheic_Dermatitis,False,UNIQUE,PASS,PSD_00003001.jpg,224,224
PSD_00003002,SkinDisNet,SkinDisNet_2,n/a,augmented,Seborrheic_Dermatitis,SD (79)_02.jpg,C:\Users\manis\Desktop\Final_Year_Project\PapuloNet\datasets\skindisnet\SkinDisNet_2\Augmented\Seborrheic Dermatitis (SD)\SD (79)_02.jpg,Seborrheic_Dermatitis,False,DUPLICATE_OF:PSD_00001775,PENDING,,,
PSD_00003003,SkinDisNet,SkinDisNet_2,n/a,augmented,Seborrheic_Dermatitis,SD (79)_03.jpg,C:\Users\manis\Desktop\Final_Year_Project\PapuloNet\datasets\skindisnet\SkinDisNet_2\Augmented\Seborrheic Dermatitis (SD)\SD (79)_03.jpg,Seborrheic_Dermatitis,False,DUPLICATE_OF:PSD_00001958,PENDING,,,
PSD_00003004,SkinDisNet,SkinDisNet_2,n/a,augmented,Seborrheic_Dermatitis,SD (79)_04.jpg,C:\Users\manis\Desktop\Final_Year_Project\PapuloNet\datasets\skindisnet\SkinDisNet_2\Augmented\Seborrheic Dermatitis (SD)\SD (79)_04.jpg,Seborrheic_Dermatitis,False,UNIQUE,PASS,PSD_00003004.jpg,224,224
PSD_00003005,SkinDisNet,SkinDisNet_2,n/a,augmented,Seborrheic_Dermatitis,SD (79)_05.jpg,C:\Users\manis\Desktop\Final_Year_Project\PapuloNet\datasets\skindisnet\SkinDisNet_2\Augmented\Seborrheic Dermatitis (SD)\SD (79)_05.jpg,Seborrheic_Dermatitis,False,DUPLICATE_OF:PSD_00001775,PENDING,,,
PSD_00003006,SkinDisNet,SkinDisNet_2,n/a,augmented,Seborrheic_Dermatitis,SD (79)_06.jpg,C:\Users\manis\Desktop\Final_Year_Project\PapuloNet\datasets\skindisnet\SkinDisNet_2\Augmented\Seborrheic Dermatitis (SD)\SD (79)_06.jpg,Seborrheic_Dermatitis,False,DUPLICATE_OF:PSD_00001775,PENDING,,,
PSD_00003007,SkinDisNet,SkinDisNet_2,n/a,augmented,Seborrheic_Dermatitis,SD (79)_07.jpg,C:\Users\manis\Desktop\Final_Year_Project\PapuloNet\datasets\skindisnet\SkinDisNet_2\Augmented\Seborrheic Dermatitis (SD)\SD (79)_07.jpg,Seborrheic_Dermatitis,False,DUPLICATE_OF:PSD_00001962,PENDING,,,
PSD_00003008,SkinDisNet,SkinDisNet_2,n/a,augmented,Seborrheic_Dermatitis,SD (8)_01.jpg,C:\Users\manis\Desktop\Final_Year_Project\PapuloNet\datasets\skindisnet\SkinDisNet_2\Augmented\Seborrheic Dermatitis (SD)\SD (8)_01.jpg,Seborrheic_Dermatitis,False,UNIQUE,FAIL: blur variance 37.5 below threshold 100.0,,,
PSD_00003009,SkinDisNet,SkinDisNet_2,n/a,augmented,Seborrheic_Dermatitis,SD (8)_02.jpg,C:\Users\manis\Desktop\Final_Year_Project\PapuloNet\datasets\skindisnet\SkinDisNet_2\Augmented\Seborrheic Dermatitis (SD)\SD (8)_02.jpg,Seborrheic_Dermatitis,False,UNIQUE,FAIL: blur variance 59.9 below threshold 100.0,,,
PSD_00003010,SkinDisNet,SkinDisNet_2,n/a,augmented,Seborrheic_Dermatitis,SD (8)_03.jpg,C:\Users\manis\Desktop\Final_Year_Project\PapuloNet\datasets\skindisnet\SkinDisNet_2\Augmented\Seborrheic Dermatitis (SD)\SD (8)_03.jpg,Seborrheic_Dermatitis,False,DUPLICATE_OF:PSD_00001758,PENDING,,,
PSD_00003011,SkinDisNet,SkinDisNet_2,n/a,augmented,Seborrheic_Dermatitis,SD (8)_04.jpg,C:\Users\manis\Desktop\Final_Year_Project\PapuloNet\datasets\skindisnet\SkinDisNet_2\Augmented\Seborrheic Dermatitis (SD)\SD (8)_04.jpg,Seborrheic_Dermatitis,False,UNIQUE,FAIL: blur variance 30.0 below threshold 100.0,,,
PSD_00003012,SkinDisNet,SkinDisNet_2,n/a,augmented,Seborrheic_Dermatitis,SD (8)_05.jpg,C:\Users\manis\Desktop\Final_Year_Project\PapuloNet\datasets\skindisnet\SkinDisNet_2\Augmented\Seborrheic Dermatitis (SD)\SD (8)_05.jpg,Seborrheic_Dermatitis,False,DUPLICATE_OF:PSD_00001758,PENDING,,,
PSD_00003013,SkinDisNet,SkinDisNet_2,n/a,augmented,Seborrheic_Dermatitis,SD (8)_06.jpg,C:\Users\manis\Desktop\Final_Year_Project\PapuloNet\datasets\skindisnet\SkinDisNet_2\Augmented\Seborrheic Dermatitis (SD)\SD (8)_06.jpg,Seborrheic_Dermatitis,False,DUPLICATE_OF:PSD_00001758,PENDING,,,
PSD_00003014,SkinDisNet,SkinDisNet_2,n/a,augmented,Seborrheic_Dermatitis,SD (8)_07.jpg,C:\Users\manis\Desktop\Final_Year_Project\PapuloNet\datasets\skindisnet\SkinDisNet_2\Augmented\Seborrheic Dermatitis (SD)\SD (8)_07.jpg,Seborrheic_Dermatitis,False,DUPLICATE_OF:PSD_00001843,PENDING,,,
PSD_00003015,SkinDisNet,SkinDisNet_2,n/a,augmented,Seborrheic_Dermatitis,SD (9)_01.jpg,C:\Users\manis\Desktop\Final_Year_Project\PapuloNet\datasets\skindisnet\SkinDisNet_2\Augmented\Seborrheic Dermatitis (SD)\SD (9)_01.jpg,Seborrheic_Dermatitis,False,UNIQUE,FAIL: blur variance 18.3 below threshold 100.0,,,
PSD_00003016,SkinDisNet,SkinDisNet_2,n/a,augmented,Seborrheic_Dermatitis,SD (9)_02.jpg,C:\Users\manis\Desktop\Final_Year_Project\PapuloNet\datasets\skindisnet\SkinDisNet_2\Augmented\Seborrheic Dermatitis (SD)\SD (9)_02.jpg,Seborrheic_Dermatitis,False,UNIQUE,FAIL: blur variance 27.9 below threshold 100.0,,,
PSD_00003017,SkinDisNet,SkinDisNet_2,n/a,augmented,Seborrheic_Dermatitis,SD (9)_03.jpg,C:\Users\manis\Desktop\Final_Year_Project\PapuloNet\datasets\skindisnet\SkinDisNet_2\Augmented\Seborrheic Dermatitis (SD)\SD (9)_03.jpg,Seborrheic_Dermatitis,False,UNIQUE,FAIL: blur variance 16.0 below threshold 100.0,,,
PSD_00003018,SkinDisNet,SkinDisNet_2,n/a,augmented,Seborrheic_Dermatitis,SD (9)_04.jpg,C:\Users\manis\Desktop\Final_Year_Project\PapuloNet\datasets\skindisnet\SkinDisNet_2\Augmented\Seborrheic Dermatitis (SD)\SD (9)_04.jpg,Seborrheic_Dermatitis,False,UNIQUE,FAIL: blur variance 19.7 below threshold 100.0,,,
PSD_00003019,SkinDisNet,SkinDisNet_2,n/a,augmented,Seborrheic_Dermatitis,SD (9)_05.jpg,C:\Users\manis\Desktop\Final_Year_Project\PapuloNet\datasets\skindisnet\SkinDisNet_2\Augmented\Seborrheic Dermatitis (SD)\SD (9)_05.jpg,Seborrheic_Dermatitis,False,DUPLICATE_OF:PSD_00001770,PENDING,,,
PSD_00003020,SkinDisNet,SkinDisNet_2,n/a,augmented,Seborrheic_Dermatitis,SD (9)_06.jpg,C:\Users\manis\Desktop\Final_Year_Project\PapuloNet\datasets\skindisnet\SkinDisNet_2\Augmented\Seborrheic Dermatitis (SD)\SD (9)_06.jpg,Seborrheic_Dermatitis,False,DUPLICATE_OF:PSD_00001770,PENDING,,,
PSD_00003021,SkinDisNet,SkinDisNet_2,n/a,augmented,Seborrheic_Dermatitis,SD (9)_07.jpg,C:\Users\manis\Desktop\Final_Year_Project\PapuloNet\datasets\skindisnet\SkinDisNet_2\Augmented\Seborrheic Dermatitis (SD)\SD (9)_07.jpg,Seborrheic_Dermatitis,False,DUPLICATE_OF:PSD_00001927,PENDING,,,
