target_class,file_name,width,height,blur_variance,passed,reason
Psoriasis,PSD_00000844__DermNet_Psoriasis-Anus-1.jpg,720,472,821.58,True,
Psoriasis,PSD_00000845__DermNet_Psoriasis-Anus-10.jpg,479,720,509.7,True,
Psoriasis,PSD_00000846__DermNet_Psoriasis-Anus-11.jpg,479,720,996.35,True,
Psoriasis,PSD_00000847__DermNet_Psoriasis-Anus-12.jpg,720,479,516.0,True,
Psoriasis,PSD_00000848__DermNet_Psoriasis-Anus-13.jpg,479,720,724.23,True,
Psoriasis,PSD_00000849__DermNet_Psoriasis-Anus-14.jpg,720,479,667.7,True,
Psoriasis,PSD_00000850__DermNet_Psoriasis-Anus-16.jpg,479,720,512.68,True,
Psoriasis,PSD_00000851__DermNet_Psoriasis-Anus-17.jpg,479,720,611.38,True,
Psoriasis,PSD_00000852__DermNet_Psoriasis-Anus-2.jpg,720,472,473.62,True,
Psoriasis,PSD_00000853__DermNet_Psoriasis-Anus-3.jpg,480,720,1160.12,True,
Psoriasis,PSD_00000854__DermNet_Psoriasis-Anus-4.jpg,480,720,1234.93,True,
Psoriasis,PSD_00000855__DermNet_Psoriasis-Anus-5.jpg,720,464,1156.33,True,
Psoriasis,PSD_00000856__DermNet_Psoriasis-Anus-6.jpg,720,464,1005.65,True,
Psoriasis,PSD_00000857__DermNet_Psoriasis-Anus-7.jpg,720,472,595.81,True,
Psoriasis,PSD_00000858__DermNet_Psoriasis-Anus-8.jpg,465,720,178.09,True,
Psoriasis,PSD_00000859__DermNet_Psoriasis-Anus-9.jpg,479,720,563.57,True,
Psoriasis,PSD_00000860__DermNet_Psoriasis-arthritis-1.jpg,496,720,325.89,True,
Psoriasis,PSD_00000861__DermNet_Psoriasis-arthritis-2.jpg,720,477,3032.59,True,
Psoriasis,PSD_00000862__DermNet_Psoriasis-Cellulitis-1.jpg,720,464,2346.81,True,
Psoriasis,PSD_00000863__DermNet_Psoriasis-Cellulitis-3.jpg,720,464,601.0,True,
Psoriasis,PSD_00000864__DermNet_psoriasis-Chronic-plaque-00325.jpg,720,480,748.21,True,
Psoriasis,PSD_00000865__DermNet_Psoriasis-Chronic-Plaque-10.jpg,480,720,1896.35,True,
Psoriasis,PSD_00000866__DermNet_Psoriasis-Chronic-Plaque-100.jpg,720,472,1000.59,True,
Psoriasis,PSD_00000867__DermNet_Psoriasis-Chronic-Plaque-101.jpg,720,472,841.54,True,
Psoriasis,PSD_00000868__DermNet_Psoriasis-Chronic-Plaque-102.jpg,720,472,782.25,True,
Psoriasis,PSD_00000869__DermNet_Psoriasis-Chronic-Plaque-103.jpg,720,472,885.17,True,
Psoriasis,PSD_00000870__DermNet_Psoriasis-Chronic-Plaque-104.jpg,720,472,780.61,True,
Psoriasis,PSD_00000871__DermNet_Psoriasis-Chronic-Plaque-106.jpg,720,472,437.43,True,
Psoriasis,PSD_00000872__DermNet_Psoriasis-Chronic-Plaque-107.jpg,720,472,956.28,True,
Psoriasis,PSD_00000873__DermNet_Psoriasis-Chronic-Plaque-109.jpg,720,480,455.04,True,
Psoriasis,PSD_00000874__DermNet_Psoriasis-Chronic-Plaque-11.jpg,480,720,1459.15,True,
Psoriasis,PSD_00000875__DermNet_Psoriasis-Chronic-Plaque-110.jpg,720,480,526.78,True,
Psoriasis,PSD_00000876__DermNet_Psoriasis-Chronic-Plaque-111.jpg,720,480,945.73,True,
Psoriasis,PSD_00000877__DermNet_Psoriasis-Chronic-Plaque-112.jpg,720,480,3164.97,True,
Psoriasis,PSD_00000878__DermNet_Psoriasis-Chronic-Plaque-113.jpg,480,720,727.17,True,
Psoriasis,PSD_00000879__DermNet_Psoriasis-Chronic-Plaque-114.jpg,720,480,2648.91,True,
Psoriasis,PSD_00000880__DermNet_Psoriasis-Chronic-Plaque-116.jpg,720,480,1341.78,True,
Psoriasis,PSD_00000881__DermNet_Psoriasis-Chronic-Plaque-117.jpg,720,480,3606.31,True,
Psoriasis,PSD_00000882__DermNet_Psoriasis-Chronic-Plaque-118.jpg,720,480,1125.27,True,
Psoriasis,PSD_00000883__DermNet_Psoriasis-Chronic-Plaque-119.jpg,720,480,696.99,True,
Psoriasis,PSD_00000884__DermNet_Psoriasis-Chronic-Plaque-12.jpg,480,720,563.81,True,
Psoriasis,PSD_00000885__DermNet_Psoriasis-Chronic-Plaque-120.jpg,480,720,1581.89,True,
Psoriasis,PSD_00000886__DermNet_Psoriasis-Chronic-Plaque-126.jpg,720,472,1669.25,True,
Psoriasis,PSD_00000887__DermNet_Psoriasis-Chronic-Plaque-127.jpg,720,472,2477.75,True,
Psoriasis,PSD_00000888__DermNet_Psoriasis-Chronic-Plaque-128.jpg,720,472,578.56,True,
Psoriasis,PSD_00000889__DermNet_Psoriasis-Chronic-Plaque-129.jpg,720,472,1016.14,True,
Psoriasis,PSD_00000890__DermNet_Psoriasis-Chronic-Plaque-13.jpg,480,720,1750.92,True,
Psoriasis,PSD_00000891__DermNet_Psoriasis-Chronic-Plaque-130.jpg,720,464,1250.29,True,
Psoriasis,PSD_00000892__DermNet_Psoriasis-Chronic-Plaque-133.jpg,462,720,2675.2,True,
Psoriasis,PSD_00000893__DermNet_Psoriasis-Chronic-Plaque-135.jpg,473,720,863.11,True,
Psoriasis,PSD_00000894__DermNet_Psoriasis-Chronic-Plaque-136.jpg,488,720,76.67,False,blur variance 76.7 below threshold 100.0
Psoriasis,PSD_00000895__DermNet_Psoriasis-Chronic-Plaque-137.jpg,484,720,569.4,True,
Psoriasis,PSD_00000896__DermNet_Psoriasis-Chronic-Plaque-138.jpg,720,491,2391.43,True,
Psoriasis,PSD_00000897__DermNet_Psoriasis-Chronic-Plaque-139.jpg,720,488,2542.81,True,
Psoriasis,PSD_00000898__DermNet_Psoriasis-Chronic-Plaque-140.jpg,720,496,848.13,True,
Psoriasis,PSD_00000899__DermNet_Psoriasis-Chronic-Plaque-141.jpg,720,496,2498.59,True,
Psoriasis,PSD_00000900__DermNet_Psoriasis-Chronic-Plaque-142.jpg,720,496,3054.53,True,
Psoriasis,PSD_00000901__DermNet_Psoriasis-Chronic-Plaque-143.jpg,720,496,3005.84,True,
Psoriasis,PSD_00000902__DermNet_Psoriasis-Chronic-Plaque-144.jpg,720,496,3895.49,True,
Psoriasis,PSD_00000903__DermNet_Psoriasis-Chronic-Plaque-145.jpg,720,496,973.05,True,
Psoriasis,PSD_00000904__DermNet_Psoriasis-Chronic-Plaque-146.jpg,720,496,1047.34,True,
Psoriasis,PSD_00000905__DermNet_Psoriasis-Chronic-Plaque-147.jpg,720,496,1141.06,True,
Psoriasis,PSD_00000906__DermNet_Psoriasis-Chronic-Plaque-148.jpg,720,496,2307.97,True,
Psoriasis,PSD_00000907__DermNet_Psoriasis-Chronic-Plaque-149.jpg,720,496,2766.88,True,
Psoriasis,PSD_00000908__DermNet_Psoriasis-Chronic-Plaque-15.jpg,720,480,1930.28,True,
Psoriasis,PSD_00000909__DermNet_Psoriasis-Chronic-Plaque-150.jpg,720,496,2783.64,True,
Psoriasis,PSD_00000910__DermNet_Psoriasis-Chronic-Plaque-151.jpg,720,496,3866.04,True,
Psoriasis,PSD_00000911__DermNet_Psoriasis-Chronic-Plaque-152.jpg,720,496,4205.37,True,
Psoriasis,PSD_00000912__DermNet_Psoriasis-Chronic-Plaque-153.jpg,720,496,1631.46,True,
Psoriasis,PSD_00000913__DermNet_Psoriasis-Chronic-Plaque-154.jpg,720,496,1870.27,True,
Psoriasis,PSD_00000914__DermNet_Psoriasis-Chronic-Plaque-155.jpg,720,496,2955.02,True,
Psoriasis,PSD_00000915__DermNet_Psoriasis-Chronic-Plaque-156.jpg,720,496,1781.44,True,
Psoriasis,PSD_00000916__DermNet_Psoriasis-Chronic-Plaque-157.jpg,720,496,2531.51,True,
Psoriasis,PSD_00000917__DermNet_Psoriasis-Chronic-Plaque-158.jpg,720,496,2929.35,True,
Psoriasis,PSD_00000918__DermNet_Psoriasis-Chronic-Plaque-16.jpg,720,480,2125.26,True,
Psoriasis,PSD_00000919__DermNet_Psoriasis-Chronic-Plaque-161.jpg,479,720,1216.59,True,
Psoriasis,PSD_00000920__DermNet_Psoriasis-Chronic-Plaque-162.jpg,479,720,2213.73,True,
Psoriasis,PSD_00000921__DermNet_Psoriasis-Chronic-Plaque-163.jpg,479,720,505.27,True,
Psoriasis,PSD_00000922__DermNet_Psoriasis-Chronic-Plaque-164.jpg,479,720,444.99,True,
Psoriasis,PSD_00000923__DermNet_Psoriasis-Chronic-Plaque-165.jpg,479,720,1012.92,True,
Psoriasis,PSD_00000924__DermNet_Psoriasis-Chronic-Plaque-166.jpg,479,720,326.85,True,
Psoriasis,PSD_00000925__DermNet_Psoriasis-Chronic-Plaque-167.jpg,479,720,2106.94,True,
Psoriasis,PSD_00000926__DermNet_Psoriasis-Chronic-Plaque-168.jpg,479,720,1447.81,True,
Psoriasis,PSD_00000927__DermNet_Psoriasis-Chronic-Plaque-169.jpg,479,720,1208.38,True,
Psoriasis,PSD_00000928__DermNet_Psoriasis-Chronic-Plaque-17.jpg,480,720,1218.75,True,
Psoriasis,PSD_00000929__DermNet_Psoriasis-Chronic-Plaque-170.jpg,720,479,2224.96,True,
Psoriasis,PSD_00000930__DermNet_Psoriasis-Chronic-Plaque-171.jpg,479,720,200.46,True,
Psoriasis,PSD_00000931__DermNet_Psoriasis-Chronic-Plaque-172.jpg,479,720,218.53,True,
Psoriasis,PSD_00000932__DermNet_Psoriasis-Chronic-Plaque-173.jpg,479,720,738.43,True,
Psoriasis,PSD_00000933__DermNet_Psoriasis-Chronic-Plaque-174.jpg,720,479,2281.17,True,
Psoriasis,PSD_00000934__DermNet_Psoriasis-Chronic-Plaque-175.jpg,479,720,1137.11,True,
Psoriasis,PSD_00000935__DermNet_Psoriasis-Chronic-Plaque-177.jpg,479,720,1602.51,True,
Psoriasis,PSD_00000936__DermNet_Psoriasis-Chronic-Plaque-178.jpg,479,720,989.68,True,
Psoriasis,PSD_00000937__DermNet_Psoriasis-Chronic-Plaque-179.jpg,479,720,627.74,True,
Psoriasis,PSD_00000938__DermNet_Psoriasis-Chronic-Plaque-18.jpg,480,720,1693.08,True,
Psoriasis,PSD_00000939__DermNet_Psoriasis-Chronic-Plaque-180.jpg,720,479,1358.63,True,
Psoriasis,PSD_00000940__DermNet_Psoriasis-Chronic-Plaque-182.jpg,479,720,1015.34,True,
Psoriasis,PSD_00000941__DermNet_Psoriasis-Chronic-Plaque-184.jpg,479,720,83.61,False,blur variance 83.6 below threshold 100.0
Psoriasis,PSD_00000942__DermNet_Psoriasis-Chronic-Plaque-185.jpg,479,720,267.88,True,
Psoriasis,PSD_00000943__DermNet_Psoriasis-Chronic-Plaque-186.jpg,479,720,228.33,True,
Psoriasis,PSD_00000944__DermNet_Psoriasis-Chronic-Plaque-187.jpg,479,720,866.66,True,
Psoriasis,PSD_00000945__DermNet_Psoriasis-Chronic-Plaque-188.jpg,479,720,260.18,True,
Psoriasis,PSD_00000946__DermNet_Psoriasis-Chronic-Plaque-189.jpg,479,720,116.31,True,
Psoriasis,PSD_00000947__DermNet_Psoriasis-Chronic-Plaque-190.jpg,479,720,1397.33,True,
Psoriasis,PSD_00000948__DermNet_Psoriasis-Chronic-Plaque-192.jpg,720,479,473.05,True,
Psoriasis,PSD_00000949__DermNet_Psoriasis-Chronic-Plaque-193.jpg,479,720,1147.44,True,
Psoriasis,PSD_00000950__DermNet_Psoriasis-Chronic-Plaque-195.jpg,479,720,1061.21,True,
Psoriasis,PSD_00000951__DermNet_Psoriasis-Chronic-Plaque-196.jpg,479,720,976.42,True,
Psoriasis,PSD_00000952__DermNet_Psoriasis-Chronic-Plaque-197.jpg,479,720,1621.64,True,
Psoriasis,PSD_00000953__DermNet_Psoriasis-Chronic-Plaque-198.jpg,479,720,894.55,True,
Psoriasis,PSD_00000954__DermNet_Psoriasis-Chronic-Plaque-88.jpg,720,1080,1186.51,True,
Psoriasis,PSD_00000955__DermNet_Psoriasis-Chronic-Plaque-89.jpg,720,1080,894.41,True,
Psoriasis,PSD_00000956__DermNet_Psoriasis-Chronic-Plaque-90.jpg,720,1080,1553.82,True,
Psoriasis,PSD_00000957__DermNet_Psoriasis-Chronic-Plaque-91.jpg,720,480,1740.18,True,
Psoriasis,PSD_00000958__DermNet_Psoriasis-Chronic-Plaque-92.jpg,720,480,1259.25,True,
Psoriasis,PSD_00000959__DermNet_Psoriasis-Chronic-Plaque-94.jpg,720,480,1470.1,True,
Psoriasis,PSD_00000960__DermNet_Psoriasis-Chronic-Plaque-97.jpg,720,480,1042.09,True,
Psoriasis,PSD_00000961__DermNet_Psoriasis-Chronic-Plaque-98.jpg,720,472,1088.04,True,
Psoriasis,PSD_00000962__DermNet_Psoriasis-Chronic-Plaque-99.jpg,720,472,930.79,True,
Psoriasis,PSD_00000963__DermNet_psoriasis-digits-1.jpg,720,496,835.96,True,
Psoriasis,PSD_00000964__DermNet_psoriasis-digits-3.jpg,720,479,47.72,False,blur variance 47.7 below threshold 100.0
Psoriasis,PSD_00000965__DermNet_psoriasis-digits-4.jpg,479,720,460.15,True,
Psoriasis,PSD_00000966__DermNet_psoriasis-erythrodermic-1.jpg,473,720,1121.69,True,
Psoriasis,PSD_00000967__DermNet_psoriasis-erythrodermic-10.jpg,479,720,1311.94,True,
Psoriasis,PSD_00000968__DermNet_psoriasis-erythrodermic-11.jpg,479,720,3508.96,True,
Psoriasis,PSD_00000969__DermNet_psoriasis-erythrodermic-12.jpg,479,720,847.19,True,
Psoriasis,PSD_00000970__DermNet_psoriasis-erythrodermic-13.jpg,720,479,1581.63,True,
Psoriasis,PSD_00000971__DermNet_psoriasis-erythrodermic-16.jpg,479,720,313.09,True,
Psoriasis,PSD_00000972__DermNet_psoriasis-erythrodermic-18.jpg,479,720,1371.96,True,
Psoriasis,PSD_00000973__DermNet_psoriasis-erythrodermic-19.jpg,496,720,1145.53,True,
Psoriasis,PSD_00000974__DermNet_psoriasis-erythrodermic-2.jpg,592,720,6078.06,True,
Psoriasis,PSD_00000975__DermNet_psoriasis-erythrodermic-20.jpg,490,720,816.12,True,
Psoriasis,PSD_00000976__DermNet_psoriasis-erythrodermic-21.jpg,468,720,421.77,True,
Psoriasis,PSD_00000977__DermNet_psoriasis-erythrodermic-22.jpg,720,472,932.1,True,
Psoriasis,PSD_00000978__DermNet_psoriasis-erythrodermic-23.jpg,720,472,565.03,True,
Psoriasis,PSD_00000979__DermNet_psoriasis-erythrodermic-24.jpg,720,472,798.4,True,
Psoriasis,PSD_00000980__DermNet_psoriasis-erythrodermic-25.jpg,720,472,1415.93,True,
Psoriasis,PSD_00000981__DermNet_psoriasis-erythrodermic-26.jpg,720,472,1564.94,True,
Psoriasis,PSD_00000982__DermNet_psoriasis-erythrodermic-27.jpg,720,472,2478.81,True,
Psoriasis,PSD_00000983__DermNet_psoriasis-erythrodermic-28.jpg,720,472,730.2,True,
Psoriasis,PSD_00000984__DermNet_psoriasis-erythrodermic-29.jpg,720,472,2344.48,True,
Psoriasis,PSD_00000985__DermNet_psoriasis-erythrodermic-3.jpg,479,720,883.38,True,
Psoriasis,PSD_00000987__DermNet_psoriasis-erythrodermic-31.jpg,720,472,739.08,True,
Psoriasis,PSD_00000988__DermNet_psoriasis-erythrodermic-32.jpg,720,472,625.31,True,
Psoriasis,PSD_00000989__DermNet_psoriasis-erythrodermic-34.jpg,720,472,1184.4,True,
Psoriasis,PSD_00000990__DermNet_psoriasis-erythrodermic-35.jpg,720,464,1167.6,True,
Psoriasis,PSD_00000991__DermNet_psoriasis-erythrodermic-36.jpg,720,464,1405.42,True,
Psoriasis,PSD_00000992__DermNet_psoriasis-erythrodermic-37.jpg,720,472,412.14,True,
Psoriasis,PSD_00000993__DermNet_psoriasis-erythrodermic-38.jpg,720,472,775.5,True,
Psoriasis,PSD_00000994__DermNet_psoriasis-erythrodermic-39.jpg,720,472,649.74,True,
Psoriasis,PSD_00000995__DermNet_psoriasis-erythrodermic-4.jpg,479,720,367.74,True,
Psoriasis,PSD_00000996__DermNet_psoriasis-erythrodermic-5.jpg,479,720,731.41,True,
Psoriasis,PSD_00000997__DermNet_psoriasis-erythrodermic-7.jpg,479,720,969.89,True,
Psoriasis,PSD_00000998__DermNet_psoriasis-erythrodermic-9.jpg,479,720,1516.22,True,
Psoriasis,PSD_00000999__DermNet_Psoriasis-Guttate-10.jpg,720,472,152.09,True,
Psoriasis,PSD_00001000__DermNet_Psoriasis-Guttate-100.jpg,479,720,896.76,True,
Psoriasis,PSD_00001001__DermNet_Psoriasis-Guttate-101.jpg,479,720,208.33,True,
Psoriasis,PSD_00001002__DermNet_Psoriasis-Guttate-103.jpg,720,479,202.91,True,
Psoriasis,PSD_00001003__DermNet_Psoriasis-Guttate-104.jpg,479,720,1070.27,True,
Psoriasis,PSD_00001004__DermNet_Psoriasis-Guttate-106.jpg,479,720,175.7,True,
Psoriasis,PSD_00001005__DermNet_Psoriasis-Guttate-107.jpg,720,479,375.06,True,
Psoriasis,PSD_00001006__DermNet_Psoriasis-Guttate-108.jpg,720,479,726.11,True,
Psoriasis,PSD_00001007__DermNet_Psoriasis-Guttate-11.jpg,720,472,1323.62,True,
Psoriasis,PSD_00001008__DermNet_Psoriasis-Guttate-111.jpg,479,720,194.89,True,
Psoriasis,PSD_00001009__DermNet_Psoriasis-Guttate-112.jpg,720,479,953.7,True,
Psoriasis,PSD_00001010__DermNet_Psoriasis-Guttate-114.jpg,479,720,48.49,False,blur variance 48.5 below threshold 100.0
Psoriasis,PSD_00001011__DermNet_Psoriasis-Guttate-115.jpg,479,720,58.68,False,blur variance 58.7 below threshold 100.0
Psoriasis,PSD_00001012__DermNet_Psoriasis-Guttate-116.jpg,479,720,215.04,True,
Psoriasis,PSD_00001013__DermNet_Psoriasis-Guttate-118.jpg,479,720,175.94,True,
Psoriasis,PSD_00001014__DermNet_Psoriasis-Guttate-119.jpg,479,720,225.02,True,
Psoriasis,PSD_00001015__DermNet_Psoriasis-Guttate-12.jpg,480,720,1083.87,True,
Psoriasis,PSD_00001016__DermNet_Psoriasis-Guttate-120.jpg,720,479,295.24,True,
Psoriasis,PSD_00001017__DermNet_Psoriasis-Guttate-121.jpg,720,479,993.41,True,
Psoriasis,PSD_00001018__DermNet_Psoriasis-Guttate-122.jpg,498,720,747.14,True,
Psoriasis,PSD_00001019__DermNet_Psoriasis-Guttate-123.jpg,479,720,523.17,True,
Psoriasis,PSD_00001020__DermNet_Psoriasis-Guttate-125.jpg,605,720,1455.67,True,
Psoriasis,PSD_00001021__DermNet_Psoriasis-Guttate-126.jpg,720,481,689.12,True,
Psoriasis,PSD_00001022__DermNet_Psoriasis-Guttate-16.jpg,480,720,290.43,True,
Psoriasis,PSD_00001023__DermNet_Psoriasis-Guttate-17.jpg,720,480,925.91,True,
Psoriasis,PSD_00001024__DermNet_Psoriasis-Guttate-18.jpg,720,480,698.74,True,
Psoriasis,PSD_00001025__DermNet_Psoriasis-Guttate-2.jpg,720,472,117.07,True,
Psoriasis,PSD_00001026__DermNet_Psoriasis-Guttate-20.jpg,480,720,223.64,True,
Psoriasis,PSD_00001027__DermNet_Psoriasis-Guttate-23.jpg,480,720,189.34,True,
Psoriasis,PSD_00001028__DermNet_Psoriasis-Guttate-24.jpg,480,720,681.89,True,
Psoriasis,PSD_00001029__DermNet_Psoriasis-Guttate-25.jpg,720,480,151.84,True,
Psoriasis,PSD_00001030__DermNet_Psoriasis-Guttate-26.jpg,720,480,221.11,True,
Psoriasis,PSD_00001031__DermNet_Psoriasis-Guttate-27.jpg,480,720,257.21,True,
Psoriasis,PSD_00001032__DermNet_Psoriasis-Guttate-28.jpg,720,480,1401.13,True,
Psoriasis,PSD_00001033__DermNet_Psoriasis-Guttate-29.jpg,720,480,568.84,True,
Psoriasis,PSD_00001034__DermNet_Psoriasis-Guttate-3.jpg,720,472,235.14,True,
Psoriasis,PSD_00001035__DermNet_Psoriasis-Guttate-30.jpg,720,480,642.02,True,
Psoriasis,PSD_00001036__DermNet_Psoriasis-Guttate-31.jpg,720,480,1439.6,True,
Psoriasis,PSD_00001037__DermNet_Psoriasis-Guttate-33.jpg,720,480,998.72,True,
Psoriasis,PSD_00001040__DermNet_Psoriasis-Guttate-38.jpg,480,720,240.09,True,
Psoriasis,PSD_00001042__DermNet_Psoriasis-Guttate-4.jpg,720,472,167.1,True,
Psoriasis,PSD_00001046__DermNet_Psoriasis-Guttate-43.jpg,720,464,1342.12,True,
Psoriasis,PSD_00001047__DermNet_Psoriasis-Guttate-44.jpg,720,464,134.06,True,
Psoriasis,PSD_00001048__DermNet_Psoriasis-Guttate-45.jpg,720,464,1186.62,True,
Psoriasis,PSD_00001049__DermNet_Psoriasis-Guttate-46.jpg,720,464,639.67,True,
Psoriasis,PSD_00001050__DermNet_Psoriasis-Guttate-49.jpg,720,480,903.25,True,
Psoriasis,PSD_00001051__DermNet_Psoriasis-Guttate-5.jpg,720,472,87.72,False,blur variance 87.7 below threshold 100.0
Psoriasis,PSD_00001052__DermNet_Psoriasis-Guttate-50.jpg,720,480,105.03,True,
Psoriasis,PSD_00001053__DermNet_Psoriasis-Guttate-51.jpg,720,480,59.96,False,blur variance 60.0 below threshold 100.0
Psoriasis,PSD_00001054__DermNet_Psoriasis-Guttate-52.jpg,480,720,86.24,False,blur variance 86.2 below threshold 100.0
Psoriasis,PSD_00001055__DermNet_Psoriasis-Guttate-53.jpg,480,720,1068.0,True,
Psoriasis,PSD_00001056__DermNet_Psoriasis-Guttate-54.jpg,720,480,2307.11,True,
Psoriasis,PSD_00001057__DermNet_Psoriasis-Guttate-56.jpg,480,720,233.86,True,
Psoriasis,PSD_00001058__DermNet_Psoriasis-Guttate-57.jpg,480,720,1087.93,True,
Psoriasis,PSD_00001059__DermNet_Psoriasis-Guttate-58.jpg,720,480,257.0,True,
Psoriasis,PSD_00001060__DermNet_Psoriasis-Guttate-60.jpg,480,720,494.83,True,
Psoriasis,PSD_00001061__DermNet_Psoriasis-Guttate-61.jpg,720,472,130.15,True,
Psoriasis,PSD_00001062__DermNet_Psoriasis-Guttate-62.jpg,720,472,209.88,True,
Psoriasis,PSD_00001063__DermNet_Psoriasis-Guttate-63.jpg,720,472,351.63,True,
Psoriasis,PSD_00001064__DermNet_Psoriasis-Guttate-64.jpg,720,472,776.05,True,
Psoriasis,PSD_00001065__DermNet_Psoriasis-Guttate-66.jpg,476,720,323.3,True,
Psoriasis,PSD_00001066__DermNet_Psoriasis-Guttate-67.jpg,720,465,797.99,True,
Psoriasis,PSD_00001067__DermNet_Psoriasis-Guttate-68.jpg,496,720,247.78,True,
Psoriasis,PSD_00001068__DermNet_Psoriasis-Guttate-69.jpg,720,496,641.81,True,
Psoriasis,PSD_00001069__DermNet_Psoriasis-Guttate-7.jpg,720,472,473.88,True,
Psoriasis,PSD_00001070__DermNet_Psoriasis-Guttate-70.jpg,720,496,2363.94,True,
Psoriasis,PSD_00001071__DermNet_Psoriasis-Guttate-71.jpg,720,496,1060.17,True,
Psoriasis,PSD_00001072__DermNet_Psoriasis-Guttate-72.jpg,720,496,692.12,True,
Psoriasis,PSD_00001073__DermNet_Psoriasis-Guttate-73.jpg,496,720,322.16,True,
Psoriasis,PSD_00001074__DermNet_Psoriasis-Guttate-75.jpg,720,479,495.22,True,
Psoriasis,PSD_00001075__DermNet_Psoriasis-Guttate-76.jpg,479,720,464.91,True,
Psoriasis,PSD_00001076__DermNet_Psoriasis-Guttate-77.jpg,479,720,476.74,True,
Psoriasis,PSD_00001077__DermNet_Psoriasis-Guttate-78.jpg,720,479,301.63,True,
Psoriasis,PSD_00001078__DermNet_Psoriasis-Guttate-8.jpg,720,472,175.35,True,
Psoriasis,PSD_00001079__DermNet_Psoriasis-Guttate-80.jpg,479,720,3451.57,True,
Psoriasis,PSD_00001080__DermNet_Psoriasis-Guttate-81.jpg,479,720,352.97,True,
Psoriasis,PSD_00001081__DermNet_Psoriasis-Guttate-82.jpg,479,720,509.68,True,
Psoriasis,PSD_00001082__DermNet_Psoriasis-Guttate-83.jpg,479,720,516.14,True,
Psoriasis,PSD_00001083__DermNet_Psoriasis-Guttate-85.jpg,479,720,490.31,True,
Psoriasis,PSD_00001084__DermNet_Psoriasis-Guttate-86.jpg,479,720,621.01,True,
Psoriasis,PSD_00001085__DermNet_Psoriasis-Guttate-87.jpg,479,720,460.88,True,
Psoriasis,PSD_00001086__DermNet_Psoriasis-Guttate-89.jpg,720,479,571.55,True,
Psoriasis,PSD_00001087__DermNet_Psoriasis-Guttate-9.jpg,720,472,182.04,True,
Psoriasis,PSD_00001088__DermNet_Psoriasis-Guttate-90.jpg,720,479,805.5,True,
Psoriasis,PSD_00001089__DermNet_Psoriasis-Guttate-91.jpg,720,479,1074.87,True,
Psoriasis,PSD_00001090__DermNet_Psoriasis-Guttate-92.jpg,720,479,972.87,True,
Psoriasis,PSD_00001091__DermNet_Psoriasis-Guttate-95.jpg,479,720,452.49,True,
Psoriasis,PSD_00001092__DermNet_Psoriasis-Guttate-97.jpg,479,720,500.94,True,
Psoriasis,PSD_00001093__DermNet_Psoriasis-Guttate-98.jpg,479,720,620.77,True,
Psoriasis,PSD_00001094__DermNet_Psoriasis-Guttate-99.jpg,720,479,473.89,True,
Psoriasis,PSD_00001095__DermNet_Psoriasis-Hand-1.jpg,720,472,1080.02,True,
Psoriasis,PSD_00001096__DermNet_Psoriasis-Hand-10.jpg,720,472,1455.36,True,
Psoriasis,PSD_00001097__DermNet_Psoriasis-Hand-11.jpg,720,480,732.7,True,
Psoriasis,PSD_00001098__DermNet_Psoriasis-Hand-12.jpg,720,472,782.21,True,
Psoriasis,PSD_00001099__DermNet_Psoriasis-Hand-13.jpg,720,472,1439.71,True,
Psoriasis,PSD_00001100__DermNet_Psoriasis-Hand-18.jpg,720,472,1010.27,True,
Psoriasis,PSD_00001101__DermNet_Psoriasis-Hand-19.jpg,720,472,1842.34,True,
Psoriasis,PSD_00001102__DermNet_Psoriasis-Hand-2.jpg,480,720,331.93,True,
Psoriasis,PSD_00001105__DermNet_Psoriasis-Hand-22.jpg,720,472,1347.9,True,
Psoriasis,PSD_00001108__DermNet_Psoriasis-Hand-25.jpg,720,472,839.73,True,
Psoriasis,PSD_00001111__DermNet_Psoriasis-Hand-28.jpg,720,480,1172.39,True,
Psoriasis,PSD_00001112__DermNet_Psoriasis-Hand-29.jpg,720,480,1638.78,True,
Psoriasis,PSD_00001113__DermNet_Psoriasis-Hand-3.jpg,720,472,1147.02,True,
Psoriasis,PSD_00001114__DermNet_Psoriasis-Hand-30.jpg,720,480,1077.16,True,
Psoriasis,PSD_00001115__DermNet_Psoriasis-Hand-31.jpg,720,480,886.76,True,
Psoriasis,PSD_00001116__DermNet_Psoriasis-Hand-32.jpg,720,472,850.03,True,
Psoriasis,PSD_00001118__DermNet_Psoriasis-Hand-36.jpg,480,720,924.89,True,
Psoriasis,PSD_00001119__DermNet_Psoriasis-Hand-37.jpg,720,480,716.36,True,
Psoriasis,PSD_00001120__DermNet_Psoriasis-Hand-38.jpg,720,480,882.69,True,
Psoriasis,PSD_00001121__DermNet_Psoriasis-Hand-39.jpg,480,720,633.07,True,
Psoriasis,PSD_00001122__DermNet_Psoriasis-Hand-41.jpg,720,480,763.23,True,
Psoriasis,PSD_00001123__DermNet_Psoriasis-Hand-42.jpg,720,472,591.58,True,
Psoriasis,PSD_00001124__DermNet_Psoriasis-Hand-45.jpg,720,472,551.32,True,
Psoriasis,PSD_00001125__DermNet_Psoriasis-Hand-46.jpg,720,472,1397.36,True,
Psoriasis,PSD_00001126__DermNet_Psoriasis-Hand-47.jpg,720,472,676.03,True,
Psoriasis,PSD_00001127__DermNet_Psoriasis-Hand-49.jpg,720,477,560.04,True,
Psoriasis,PSD_00001128__DermNet_Psoriasis-Hand-50.jpg,720,477,1399.55,True,
Psoriasis,PSD_00001129__DermNet_Psoriasis-Hand-51.jpg,477,720,537.41,True,
Psoriasis,PSD_00001130__DermNet_Psoriasis-Hand-52.jpg,477,720,1217.28,True,
Psoriasis,PSD_00001131__DermNet_Psoriasis-Hand-53.jpg,477,720,1522.77,True,
Psoriasis,PSD_00001132__DermNet_Psoriasis-Hand-54.jpg,720,476,1017.54,True,
Psoriasis,PSD_00001133__DermNet_Psoriasis-Hand-56.jpg,479,720,744.19,True,
Psoriasis,PSD_00001134__DermNet_Psoriasis-Hand-57.jpg,720,479,715.14,True,
Psoriasis,PSD_00001135__DermNet_Psoriasis-Hand-58.jpg,720,479,828.64,True,
Psoriasis,PSD_00001136__DermNet_Psoriasis-Hand-59.jpg,720,479,369.73,True,
Psoriasis,PSD_00001137__DermNet_Psoriasis-Hand-6.jpg,480,720,392.15,True,
Psoriasis,PSD_00001138__DermNet_Psoriasis-Hand-60.jpg,479,720,1039.41,True,
Psoriasis,PSD_00001139__DermNet_Psoriasis-Hand-61.jpg,479,720,666.31,True,
Psoriasis,PSD_00001140__DermNet_Psoriasis-Hand-8.jpg,720,472,1072.36,True,
Psoriasis,PSD_00001141__DermNet_Psoriasis-Hand-9.jpg,720,472,916.28,True,
Psoriasis,PSD_00001142__DermNet_Psoriasis-Histology-1.jpg,720,496,4445.87,True,
Psoriasis,PSD_00001143__DermNet_Psoriasis-Histology-10.jpg,720,496,4861.27,True,
Psoriasis,PSD_00001144__DermNet_Psoriasis-Histology-12.jpg,720,496,2359.47,True,
Psoriasis,PSD_00001145__DermNet_Psoriasis-Histology-13.jpg,720,496,528.63,True,
Psoriasis,PSD_00001146__DermNet_Psoriasis-Histology-14.jpg,720,496,4196.14,True,
Psoriasis,PSD_00001147__DermNet_Psoriasis-Histology-15.jpg,720,496,835.32,True,
Psoriasis,PSD_00001148__DermNet_Psoriasis-Histology-16.jpg,720,496,2986.79,True,
Psoriasis,PSD_00001149__DermNet_Psoriasis-Histology-17.jpg,720,496,6786.66,True,
Psoriasis,PSD_00001150__DermNet_Psoriasis-Histology-18.jpg,496,720,1040.54,True,
Psoriasis,PSD_00001151__DermNet_Psoriasis-Histology-19.jpg,720,496,2310.39,True,
Psoriasis,PSD_00001152__DermNet_Psoriasis-Histology-20.jpg,720,496,1439.18,True,
Psoriasis,PSD_00001153__DermNet_Psoriasis-Histology-21.jpg,720,496,799.38,True,
Psoriasis,PSD_00001154__DermNet_Psoriasis-Histology-22.jpg,720,496,1632.26,True,
Psoriasis,PSD_00001155__DermNet_Psoriasis-Histology-23.jpg,720,496,1295.64,True,
Psoriasis,PSD_00001156__DermNet_Psoriasis-Histology-24.jpg,720,479,4257.65,True,
Psoriasis,PSD_00001157__DermNet_Psoriasis-Histology-25.jpg,720,479,2558.27,True,
Psoriasis,PSD_00001158__DermNet_Psoriasis-Histology-3.jpg,720,496,1345.81,True,
Psoriasis,PSD_00001159__DermNet_Psoriasis-Histology-5.jpg,720,552,2975.27,True,
Psoriasis,PSD_00001160__DermNet_Psoriasis-Histology-6.jpg,720,496,8843.84,True,
Psoriasis,PSD_00001161__DermNet_Psoriasis-Histology-7.jpg,720,496,4205.1,True,
Psoriasis,PSD_00001162__DermNet_Psoriasis-HIV-2.jpg,720,479,2571.68,True,
Psoriasis,PSD_00001163__DermNet_Psoriasis-HIV-3.jpg,720,479,892.85,True,
Psoriasis,PSD_00001164__DermNet_Psoriasis-HIV-4.jpg,479,720,332.39,True,
Psoriasis,PSD_00001165__DermNet_Psoriasis-HIV-5.jpg,720,479,1559.93,True,
Psoriasis,PSD_00001166__DermNet_Psoriasis-HIV-6.jpg,720,474,4109.71,True,
Psoriasis,PSD_00001167__DermNet_Psoriasis-infant-1.jpg,720,464,444.55,True,
Psoriasis,PSD_00001168__DermNet_Psoriasis-infant-2.jpg,720,464,237.0,True,
Psoriasis,PSD_00001169__DermNet_Psoriasis-infant-3.jpg,720,464,256.83,True,
Psoriasis,PSD_00001170__DermNet_Psoriasis-infant-4.jpg,720,464,137.71,True,
Psoriasis,PSD_00001171__DermNet_Psoriasis-infant-5.jpg,720,473,213.34,True,
Psoriasis,PSD_00001172__DermNet_Psoriasis-infant-6.jpg,720,474,308.47,True,
Psoriasis,PSD_00001173__DermNet_Psoriasis-Interferon-Injection-0823042.jpg,720,480,634.65,True,
Psoriasis,PSD_00001174__DermNet_Psoriasis-Interferon-Injection-08230424.jpg,720,480,435.5,True,
Psoriasis,PSD_00001175__DermNet_Psoriasis-Interferon-Injection-08230425.jpg,720,480,524.48,True,
Psoriasis,PSD_00001176__DermNet_Psoriasis-Interferon-Injection-08230426.jpg,720,480,174.08,True,
Psoriasis,PSD_00001177__DermNet_Psoriasis-inversus-1.jpg,720,472,208.31,True,
Psoriasis,PSD_00001178__DermNet_Psoriasis-inversus-10.jpg,480,720,238.47,True,
Psoriasis,PSD_00001179__DermNet_Psoriasis-inversus-11.jpg,720,480,145.01,True,
Psoriasis,PSD_00001180__DermNet_Psoriasis-inversus-12.jpg,480,720,116.3,True,
Psoriasis,PSD_00001181__DermNet_Psoriasis-inversus-14.jpg,720,480,190.92,True,
Psoriasis,PSD_00001182__DermNet_Psoriasis-inversus-15.jpg,720,480,163.33,True,
Psoriasis,PSD_00001183__DermNet_Psoriasis-inversus-16.jpg,480,720,85.0,False,blur variance 85.0 below threshold 100.0
Psoriasis,PSD_00001184__DermNet_Psoriasis-inversus-19.jpg,480,720,17.51,False,blur variance 17.5 below threshold 100.0
Psoriasis,PSD_00001185__DermNet_Psoriasis-inversus-2.jpg,720,472,637.26,True,
Psoriasis,PSD_00001186__DermNet_Psoriasis-inversus-20.jpg,480,720,48.62,False,blur variance 48.6 below threshold 100.0
Psoriasis,PSD_00001187__DermNet_Psoriasis-inversus-21.jpg,720,480,1681.23,True,
Psoriasis,PSD_00001188__DermNet_Psoriasis-inversus-22.jpg,720,480,1437.39,True,
Psoriasis,PSD_00001189__DermNet_Psoriasis-inversus-24.jpg,720,480,633.1,True,
Psoriasis,PSD_00001190__DermNet_Psoriasis-inversus-26.jpg,480,720,1600.34,True,
Psoriasis,PSD_00001191__DermNet_Psoriasis-inversus-27.jpg,480,720,793.52,True,
Psoriasis,PSD_00001192__DermNet_Psoriasis-inversus-28.jpg,720,480,575.71,True,
Psoriasis,PSD_00001193__DermNet_Psoriasis-inversus-3.jpg,720,480,1153.23,True,
Psoriasis,PSD_00001194__DermNet_Psoriasis-inversus-30.jpg,720,480,1600.55,True,
Psoriasis,PSD_00001195__DermNet_Psoriasis-inversus-32.jpg,720,472,1035.13,True,
Psoriasis,PSD_00001196__DermNet_Psoriasis-inversus-33.jpg,598,720,3404.52,True,
Psoriasis,PSD_00001197__DermNet_Psoriasis-inversus-5.jpg,480,720,1500.75,True,
Psoriasis,PSD_00001198__DermNet_Psoriasis-inversus-6.jpg,480,720,1206.24,True,
Psoriasis,PSD_00001199__DermNet_Psoriasis-inversus-7.jpg,720,480,1297.07,True,
Psoriasis,PSD_00001200__DermNet_Psoriasis-inversus-8.jpg,480,720,2267.08,True,
Psoriasis,PSD_00001201__DermNet_Psoriasis-inversus-9.jpg,480,720,1618.03,True,
Psoriasis,PSD_00001202__DermNet_Psoriasis-Light-Sensative-1.jpg,496,720,3662.8,True,
Psoriasis,PSD_00001203__DermNet_Psoriasis-Light-Sensative-2.jpg,496,720,503.97,True,
Psoriasis,PSD_00001204__DermNet_Psoriasis-Light-Sensative-3.jpg,496,720,743.12,True,
Psoriasis,PSD_00001205__DermNet_Psoriasis-Light-Sensative-4.jpg,496,720,693.64,True,
Psoriasis,PSD_00001206__DermNet_Psoriasis-Light-Sensative-5.jpg,479,720,816.28,True,
Psoriasis,PSD_00001208__DermNet_Psoriasis-Light-Sensative-7.jpg,479,720,416.06,True,
Psoriasis,PSD_00001209__DermNet_Psoriasis-Light-Sensative-8.jpg,577,720,1737.91,True,
Psoriasis,PSD_00001210__DermNet_Psoriasis-nails-1.jpg,720,472,596.44,True,
Psoriasis,PSD_00001211__DermNet_Psoriasis-nails-11.jpg,720,472,345.63,True,
Psoriasis,PSD_00001212__DermNet_Psoriasis-nails-12.jpg,720,472,690.42,True,
Psoriasis,PSD_00001213__DermNet_Psoriasis-nails-13.jpg,720,472,226.42,True,
Psoriasis,PSD_00001214__DermNet_Psoriasis-nails-14.jpg,720,472,196.62,True,
Psoriasis,PSD_00001215__DermNet_Psoriasis-nails-15.jpg,720,472,391.04,True,
Psoriasis,PSD_00001216__DermNet_Psoriasis-nails-16.jpg,720,472,353.61,True,
Psoriasis,PSD_00001217__DermNet_Psoriasis-nails-19.jpg,475,720,146.54,True,
Psoriasis,PSD_00001218__DermNet_Psoriasis-nails-20.jpg,720,482,439.73,True,
Psoriasis,PSD_00001219__DermNet_Psoriasis-nails-21.jpg,720,479,441.73,True,
Psoriasis,PSD_00001220__DermNet_Psoriasis-nails-22.jpg,720,449,455.65,True,
Psoriasis,PSD_00001221__DermNet_Psoriasis-nails-23.jpg,456,720,358.28,True,
Psoriasis,PSD_00001222__DermNet_Psoriasis-nails-24.jpg,720,496,802.88,True,
Psoriasis,PSD_00001223__DermNet_Psoriasis-nails-25.jpg,720,496,314.63,True,
Psoriasis,PSD_00001224__DermNet_Psoriasis-nails-26.jpg,720,479,508.47,True,
Psoriasis,PSD_00001225__DermNet_Psoriasis-nails-27.jpg,720,479,315.12,True,
Psoriasis,PSD_00001226__DermNet_Psoriasis-nails-28.jpg,720,479,957.86,True,
Psoriasis,PSD_00001227__DermNet_Psoriasis-nails-29.jpg,479,720,122.0,True,
Psoriasis,PSD_00001228__DermNet_Psoriasis-nails-30.jpg,720,479,229.08,True,
Psoriasis,PSD_00001229__DermNet_Psoriasis-nails-32.jpg,720,477,379.18,True,
Psoriasis,PSD_00001230__DermNet_Psoriasis-nails-4.jpg,720,472,344.8,True,
Psoriasis,PSD_00001231__DermNet_Psoriasis-nails-5.jpg,720,472,1841.59,True,
Psoriasis,PSD_00001232__DermNet_Psoriasis-nails-6.jpg,720,472,1258.59,True,
Psoriasis,PSD_00001233__DermNet_Psoriasis-nails-7.jpg,720,472,1651.21,True,
Psoriasis,PSD_00001234__DermNet_Psoriasis-nails-8.jpg,720,472,1037.62,True,
Psoriasis,PSD_00001235__DermNet_psoriasis-palms-soles-1.jpg,720,474,1151.01,True,
Psoriasis,PSD_00001236__DermNet_psoriasis-palms-soles-10.jpg,479,720,403.79,True,
Psoriasis,PSD_00001237__DermNet_psoriasis-palms-soles-100.jpg,480,720,330.71,True,
Psoriasis,PSD_00001238__DermNet_psoriasis-palms-soles-101.jpg,720,472,569.67,True,
Psoriasis,PSD_00001239__DermNet_psoriasis-palms-soles-102.jpg,720,472,886.66,True,
Psoriasis,PSD_00001241__DermNet_psoriasis-palms-soles-104.jpg,720,480,902.34,True,
Psoriasis,PSD_00001242__DermNet_psoriasis-palms-soles-105.jpg,720,480,764.09,True,
Psoriasis,PSD_00001243__DermNet_psoriasis-palms-soles-106.jpg,720,480,585.37,True,
Psoriasis,PSD_00001244__DermNet_psoriasis-palms-soles-107.jpg,480,720,426.0,True,
Psoriasis,PSD_00001245__DermNet_psoriasis-palms-soles-108.jpg,480,720,242.83,True,
Psoriasis,PSD_00001246__DermNet_psoriasis-palms-soles-110.jpg,720,472,640.88,True,
Psoriasis,PSD_00001247__DermNet_psoriasis-palms-soles-112.jpg,720,480,190.95,True,
Psoriasis,PSD_00001248__DermNet_psoriasis-palms-soles-113.jpg,720,480,143.99,True,
Psoriasis,PSD_00001249__DermNet_psoriasis-palms-soles-115.jpg,720,480,860.09,True,
Psoriasis,PSD_00001250__DermNet_psoriasis-palms-soles-116.jpg,720,480,634.33,True,
Psoriasis,PSD_00001251__DermNet_psoriasis-palms-soles-117.jpg,720,472,440.42,True,
Psoriasis,PSD_00001252__DermNet_psoriasis-palms-soles-118.jpg,720,480,1127.71,True,
Psoriasis,PSD_00001253__DermNet_psoriasis-palms-soles-119.jpg,720,480,432.81,True,
Psoriasis,PSD_00001254__DermNet_psoriasis-palms-soles-120.jpg,720,480,516.62,True,
Psoriasis,PSD_00001255__DermNet_psoriasis-palms-soles-121.jpg,720,472,561.54,True,
Psoriasis,PSD_00001256__DermNet_psoriasis-palms-soles-124.jpg,720,464,2095.64,True,
Psoriasis,PSD_00001257__DermNet_psoriasis-palms-soles-126.jpg,720,472,558.47,True,
Psoriasis,PSD_00001258__DermNet_psoriasis-palms-soles-127.jpg,720,480,956.01,True,
Psoriasis,PSD_00001259__DermNet_psoriasis-palms-soles-128.jpg,480,720,354.98,True,
Psoriasis,PSD_00001260__DermNet_psoriasis-palms-soles-13.jpg,479,720,1048.42,True,
Psoriasis,PSD_00001261__DermNet_psoriasis-palms-soles-130.jpg,720,480,733.38,True,
Psoriasis,PSD_00001262__DermNet_psoriasis-palms-soles-131.jpg,720,480,620.62,True,
Psoriasis,PSD_00001263__DermNet_psoriasis-palms-soles-133.jpg,720,480,641.5,True,
Psoriasis,PSD_00001264__DermNet_psoriasis-palms-soles-134.jpg,720,480,970.28,True,
Psoriasis,PSD_00001265__DermNet_psoriasis-palms-soles-135.jpg,720,480,663.05,True,
Psoriasis,PSD_00001268__DermNet_psoriasis-palms-soles-139.jpg,720,464,1246.05,True,
Psoriasis,PSD_00001269__DermNet_psoriasis-palms-soles-141.jpg,480,720,326.7,True,
Psoriasis,PSD_00001270__DermNet_psoriasis-palms-soles-143.jpg,480,720,441.39,True,
Psoriasis,PSD_00001271__DermNet_psoriasis-palms-soles-144.jpg,480,720,315.34,True,
Psoriasis,PSD_00001272__DermNet_psoriasis-palms-soles-145.jpg,480,720,397.53,True,
Psoriasis,PSD_00001273__DermNet_psoriasis-palms-soles-146.jpg,720,480,957.69,True,
Psoriasis,PSD_00001274__DermNet_psoriasis-palms-soles-148.jpg,720,472,522.38,True,
Psoriasis,PSD_00001275__DermNet_psoriasis-palms-soles-149.jpg,720,472,438.05,True,
Psoriasis,PSD_00001276__DermNet_psoriasis-palms-soles-15.jpg,479,720,1439.34,True,
Psoriasis,PSD_00001277__DermNet_psoriasis-palms-soles-150.jpg,480,720,247.9,True,
Psoriasis,PSD_00001278__DermNet_psoriasis-palms-soles-151.jpg,480,720,203.8,True,
Psoriasis,PSD_00001279__DermNet_psoriasis-palms-soles-152.jpg,720,480,747.35,True,
Psoriasis,PSD_00001280__DermNet_psoriasis-palms-soles-154.jpg,720,480,654.87,True,
Psoriasis,PSD_00001281__DermNet_psoriasis-palms-soles-155.jpg,480,720,614.71,True,
Psoriasis,PSD_00001282__DermNet_psoriasis-palms-soles-156.jpg,480,720,333.55,True,
Psoriasis,PSD_00001283__DermNet_psoriasis-palms-soles-157.jpg,480,720,388.24,True,
Psoriasis,PSD_00001284__DermNet_psoriasis-palms-soles-158.jpg,720,480,912.15,True,
Psoriasis,PSD_00001285__DermNet_psoriasis-palms-soles-159.jpg,480,720,739.13,True,
Psoriasis,PSD_00001286__DermNet_psoriasis-palms-soles-16.jpg,479,720,1155.77,True,
Psoriasis,PSD_00001287__DermNet_psoriasis-palms-soles-160.jpg,720,480,498.81,True,
Psoriasis,PSD_00001288__DermNet_psoriasis-palms-soles-161.jpg,720,480,303.77,True,
Psoriasis,PSD_00001289__DermNet_psoriasis-palms-soles-162.jpg,720,480,204.7,True,
Psoriasis,PSD_00001290__DermNet_psoriasis-palms-soles-163.jpg,720,472,543.19,True,
Psoriasis,PSD_00001291__DermNet_psoriasis-palms-soles-165.jpg,720,480,1418.22,True,
Psoriasis,PSD_00001292__DermNet_psoriasis-palms-soles-166.jpg,720,480,584.88,True,
Psoriasis,PSD_00001293__DermNet_psoriasis-palms-soles-167.jpg,720,480,711.1,True,
Psoriasis,PSD_00001294__DermNet_psoriasis-palms-soles-168.jpg,480,720,217.24,True,
Psoriasis,PSD_00001295__DermNet_psoriasis-palms-soles-17.jpg,479,720,208.37,True,
Psoriasis,PSD_00001296__DermNet_psoriasis-palms-soles-170.jpg,720,472,930.88,True,
Psoriasis,PSD_00001297__DermNet_psoriasis-palms-soles-171.jpg,720,472,1193.16,True,
Psoriasis,PSD_00001298__DermNet_psoriasis-palms-soles-172.jpg,720,472,1331.87,True,
Psoriasis,PSD_00001299__DermNet_psoriasis-palms-soles-173.jpg,720,472,339.58,True,
Psoriasis,PSD_00001300__DermNet_psoriasis-palms-soles-174.jpg,720,472,449.73,True,
Psoriasis,PSD_00001301__DermNet_psoriasis-palms-soles-175.jpg,720,472,343.44,True,
Psoriasis,PSD_00001302__DermNet_psoriasis-palms-soles-176.jpg,720,472,466.11,True,
Psoriasis,PSD_00001303__DermNet_psoriasis-palms-soles-178.jpg,720,472,383.72,True,
Psoriasis,PSD_00001304__DermNet_psoriasis-palms-soles-179.jpg,720,472,968.1,True,
Psoriasis,PSD_00001305__DermNet_psoriasis-palms-soles-18.jpg,479,720,226.68,True,
Psoriasis,PSD_00001306__DermNet_psoriasis-palms-soles-180.jpg,480,720,267.85,True,
Psoriasis,PSD_00001307__DermNet_psoriasis-palms-soles-181.jpg,480,720,322.57,True,
Psoriasis,PSD_00001308__DermNet_psoriasis-palms-soles-182.jpg,480,720,356.76,True,
Psoriasis,PSD_00001309__DermNet_psoriasis-palms-soles-183.jpg,720,480,270.12,True,
Psoriasis,PSD_00001310__DermNet_psoriasis-palms-soles-184.jpg,480,720,147.87,True,
Psoriasis,PSD_00001311__DermNet_psoriasis-palms-soles-186.jpg,480,720,330.01,True,
Psoriasis,PSD_00001312__DermNet_psoriasis-palms-soles-187.jpg,720,480,520.22,True,
Psoriasis,PSD_00001313__DermNet_psoriasis-palms-soles-188.jpg,480,720,111.51,True,
Psoriasis,PSD_00001314__DermNet_psoriasis-palms-soles-189.jpg,480,720,136.89,True,
Psoriasis,PSD_00001315__DermNet_psoriasis-palms-soles-19.jpg,720,479,314.5,True,
Psoriasis,PSD_00001316__DermNet_psoriasis-palms-soles-190.jpg,720,480,814.08,True,
Psoriasis,PSD_00001317__DermNet_psoriasis-palms-soles-191.jpg,480,720,241.39,True,
Psoriasis,PSD_00001318__DermNet_psoriasis-palms-soles-192.jpg,720,480,292.86,True,
Psoriasis,PSD_00001319__DermNet_psoriasis-palms-soles-194.jpg,480,720,328.85,True,
Psoriasis,PSD_00001320__DermNet_psoriasis-palms-soles-195.jpg,480,720,189.93,True,
Psoriasis,PSD_00001321__DermNet_psoriasis-palms-soles-196.jpg,480,720,117.28,True,
Psoriasis,PSD_00001322__DermNet_psoriasis-palms-soles-197.jpg,480,720,89.15,False,blur variance 89.1 below threshold 100.0
Psoriasis,PSD_00001323__DermNet_psoriasis-palms-soles-79.jpg,720,464,1218.27,True,
Psoriasis,PSD_00001324__DermNet_psoriasis-palms-soles-8.jpg,479,720,1340.69,True,
Psoriasis,PSD_00001326__DermNet_psoriasis-palms-soles-82.jpg,720,464,473.87,True,
Psoriasis,PSD_00001327__DermNet_psoriasis-palms-soles-83.jpg,720,472,790.63,True,
Psoriasis,PSD_00001328__DermNet_psoriasis-palms-soles-84.jpg,720,472,903.57,True,
Psoriasis,PSD_00001329__DermNet_psoriasis-palms-soles-85.jpg,720,472,773.67,True,
Psoriasis,PSD_00001330__DermNet_psoriasis-palms-soles-89.jpg,720,472,520.47,True,
Psoriasis,PSD_00001331__DermNet_psoriasis-palms-soles-90.jpg,720,472,1130.68,True,
Psoriasis,PSD_00001333__DermNet_psoriasis-palms-soles-92.jpg,720,472,508.34,True,
Psoriasis,PSD_00001334__DermNet_psoriasis-palms-soles-93.jpg,480,720,687.58,True,
Psoriasis,PSD_00001335__DermNet_psoriasis-palms-soles-94.jpg,720,472,531.29,True,
Psoriasis,PSD_00001336__DermNet_psoriasis-palms-soles-96.jpg,720,472,427.48,True,
Psoriasis,PSD_00001337__DermNet_psoriasis-palms-soles-97.jpg,720,472,218.7,True,
Psoriasis,PSD_00001338__DermNet_psoriasis-palms-soles-98.jpg,720,472,179.86,True,
Psoriasis,PSD_00001339__DermNet_psoriasis-palms-soles-99.jpg,720,472,423.3,True,
Psoriasis,PSD_00001340__DermNet_Psoriasis-penis-1.jpg,720,480,687.9,True,
Psoriasis,PSD_00001341__DermNet_Psoriasis-penis-10.jpg,720,480,602.36,True,
Psoriasis,PSD_00001342__DermNet_Psoriasis-penis-11.jpg,720,472,799.56,True,
Psoriasis,PSD_00001343__DermNet_Psoriasis-penis-14.jpg,720,472,560.31,True,
Psoriasis,PSD_00001344__DermNet_Psoriasis-penis-15.jpg,720,472,613.92,True,
Psoriasis,PSD_00001345__DermNet_Psoriasis-penis-16.jpg,474,720,749.05,True,
Psoriasis,PSD_00001346__DermNet_Psoriasis-penis-18.jpg,720,584,439.96,True,
Psoriasis,PSD_00001347__DermNet_Psoriasis-penis-19.jpg,720,496,1027.54,True,
Psoriasis,PSD_00001348__DermNet_Psoriasis-penis-2.jpg,720,472,757.95,True,
Psoriasis,PSD_00001349__DermNet_Psoriasis-penis-20.jpg,720,648,116.92,True,
Psoriasis,PSD_00001350__DermNet_Psoriasis-penis-21.jpg,720,479,325.84,True,
Psoriasis,PSD_00001351__DermNet_Psoriasis-penis-22.jpg,720,479,1496.78,True,
Psoriasis,PSD_00001352__DermNet_Psoriasis-penis-23.jpg,720,479,2270.1,True,
Psoriasis,PSD_00001353__DermNet_Psoriasis-penis-24.jpg,720,479,1884.1,True,
Psoriasis,PSD_00001355__DermNet_Psoriasis-penis-27.jpg,479,720,280.6,True,
Psoriasis,PSD_00001356__DermNet_Psoriasis-penis-28.jpg,720,477,3745.72,True,
Psoriasis,PSD_00001357__DermNet_Psoriasis-penis-29.jpg,720,474,2794.2,True,
Psoriasis,PSD_00001358__DermNet_Psoriasis-penis-3.jpg,720,480,417.31,True,
Psoriasis,PSD_00001359__DermNet_Psoriasis-penis-5.jpg,720,472,1263.24,True,
Psoriasis,PSD_00001360__DermNet_Psoriasis-penis-6.jpg,720,472,1626.63,True,
Psoriasis,PSD_00001361__DermNet_Psoriasis-penis-7.jpg,720,472,612.14,True,
Psoriasis,PSD_00001362__DermNet_Psoriasis-penis-8.jpg,720,472,552.31,True,
Psoriasis,PSD_00001363__DermNet_Psoriasis-penis-9.jpg,480,720,650.18,True,
Psoriasis,PSD_00001364__DermNet_Psoriasis-Post-Ampicillian-060704.jpg,720,472,247.5,True,
Psoriasis,PSD_00001365__DermNet_psoriasis-pustular-generalized-10.jpg,479,720,1083.01,True,
Psoriasis,PSD_00001366__DermNet_psoriasis-pustular-generalized-11.jpg,479,720,1128.8,True,
Psoriasis,PSD_00001367__DermNet_psoriasis-pustular-generalized-13.jpg,479,720,494.96,True,
Psoriasis,PSD_00001368__DermNet_psoriasis-pustular-generalized-14.jpg,720,479,1994.91,True,
Psoriasis,PSD_00001369__DermNet_psoriasis-pustular-generalized-15.jpg,720,479,1567.74,True,
Psoriasis,PSD_00001370__DermNet_psoriasis-pustular-generalized-16.jpg,720,479,1439.05,True,
Psoriasis,PSD_00001371__DermNet_psoriasis-pustular-generalized-17.jpg,720,479,1994.59,True,
Psoriasis,PSD_00001372__DermNet_psoriasis-pustular-generalized-19.jpg,720,479,1671.48,True,
Psoriasis,PSD_00001373__DermNet_psoriasis-pustular-generalized-22.jpg,720,479,2743.73,True,
Psoriasis,PSD_00001374__DermNet_psoriasis-pustular-generalized-24.jpg,479,720,675.91,True,
Psoriasis,PSD_00001375__DermNet_psoriasis-pustular-generalized-25.jpg,479,720,244.77,True,
Psoriasis,PSD_00001376__DermNet_psoriasis-pustular-generalized-27.jpg,479,720,120.22,True,
Psoriasis,PSD_00001377__DermNet_psoriasis-pustular-generalized-29.jpg,479,720,581.57,True,
Psoriasis,PSD_00001378__DermNet_psoriasis-pustular-generalized-3.jpg,720,474,2395.32,True,
Psoriasis,PSD_00001379__DermNet_psoriasis-pustular-generalized-30.jpg,479,720,1390.35,True,
Psoriasis,PSD_00001380__DermNet_psoriasis-pustular-generalized-32.jpg,720,479,2026.61,True,
Psoriasis,PSD_00001381__DermNet_psoriasis-pustular-generalized-33.jpg,720,496,1179.7,True,
Psoriasis,PSD_00001382__DermNet_psoriasis-pustular-generalized-34.jpg,720,496,4168.71,True,
Psoriasis,PSD_00001383__DermNet_psoriasis-pustular-generalized-35.jpg,720,464,1176.04,True,
Psoriasis,PSD_00001384__DermNet_psoriasis-pustular-generalized-36.jpg,480,720,742.16,True,
Psoriasis,PSD_00001385__DermNet_psoriasis-pustular-generalized-37.jpg,503,720,842.49,True,
Psoriasis,PSD_00001386__DermNet_psoriasis-pustular-generalized-38.jpg,478,720,1241.73,True,
Psoriasis,PSD_00001387__DermNet_psoriasis-pustular-generalized-39.jpg,720,474,3878.92,True,
Psoriasis,PSD_00001388__DermNet_psoriasis-pustular-generalized-4.jpg,560,720,4335.92,True,
Psoriasis,PSD_00001389__DermNet_psoriasis-pustular-generalized-40.jpg,480,720,1187.25,True,
Psoriasis,PSD_00001390__DermNet_psoriasis-pustular-generalized-41.jpg,480,720,583.81,True,
Psoriasis,PSD_00001391__DermNet_psoriasis-pustular-generalized-42.jpg,480,720,604.41,True,
Psoriasis,PSD_00001392__DermNet_psoriasis-pustular-generalized-43.jpg,480,720,363.81,True,
Psoriasis,PSD_00001393__DermNet_psoriasis-pustular-generalized-46.jpg,480,720,689.16,True,
Psoriasis,PSD_00001394__DermNet_psoriasis-pustular-generalized-47.jpg,480,720,175.07,True,
Psoriasis,PSD_00001395__DermNet_psoriasis-pustular-generalized-48.jpg,720,472,670.19,True,
Psoriasis,PSD_00001396__DermNet_psoriasis-pustular-generalized-49.jpg,720,472,704.61,True,
Psoriasis,PSD_00001397__DermNet_psoriasis-pustular-generalized-52.jpg,720,472,614.54,True,
Psoriasis,PSD_00001398__DermNet_psoriasis-pustular-generalized-53.jpg,720,472,489.01,True,
Psoriasis,PSD_00001399__DermNet_psoriasis-pustular-generalized-55.jpg,720,472,890.22,True,
Psoriasis,PSD_00001400__DermNet_psoriasis-pustular-generalized-56.jpg,720,472,395.59,True,
Psoriasis,PSD_00001401__DermNet_psoriasis-pustular-generalized-58.jpg,720,472,438.38,True,
Psoriasis,PSD_00001402__DermNet_psoriasis-pustular-generalized-59.jpg,720,472,506.06,True,
Psoriasis,PSD_00001403__DermNet_psoriasis-pustular-generalized-6.jpg,720,479,3015.33,True,
Psoriasis,PSD_00001404__DermNet_psoriasis-pustular-generalized-60.jpg,720,472,1387.9,True,
Psoriasis,PSD_00001405__DermNet_psoriasis-pustular-generalized-61.jpg,480,720,528.85,True,
Psoriasis,PSD_00001406__DermNet_psoriasis-pustular-generalized-62.jpg,480,720,543.85,True,
Psoriasis,PSD_00001407__DermNet_psoriasis-pustular-generalized-63.jpg,480,720,720.24,True,
Psoriasis,PSD_00001408__DermNet_psoriasis-pustular-generalized-64.jpg,720,472,1778.5,True,
Psoriasis,PSD_00001410__DermNet_psoriasis-pustular-generalized-66.jpg,720,472,1558.59,True,
Psoriasis,PSD_00001411__DermNet_psoriasis-pustular-generalized-7.jpg,720,479,280.4,True,
Psoriasis,PSD_00001412__DermNet_psoriasis-pustular-generalized-8.jpg,720,479,1843.63,True,
Psoriasis,PSD_00001413__DermNet_psoriasis-pustular-generalized-9.jpg,720,479,410.07,True,
Psoriasis,PSD_00001414__DermNet_psoriasis-scalp-1.jpg,720,474,7421.71,True,
Psoriasis,PSD_00001415__DermNet_psoriasis-scalp-10.jpg,720,479,7344.95,True,
Psoriasis,PSD_00001416__DermNet_psoriasis-scalp-100.jpg,720,472,3507.34,True,
Psoriasis,PSD_00001417__DermNet_psoriasis-scalp-101.jpg,720,472,4707.08,True,
Psoriasis,PSD_00001418__DermNet_psoriasis-scalp-102.jpg,720,480,1527.66,True,
Psoriasis,PSD_00001419__DermNet_psoriasis-scalp-103.jpg,480,720,1375.41,True,
Psoriasis,PSD_00001420__DermNet_psoriasis-scalp-104.jpg,480,720,515.94,True,
Psoriasis,PSD_00001421__DermNet_psoriasis-scalp-105.jpg,720,480,2027.93,True,
Psoriasis,PSD_00001422__DermNet_psoriasis-scalp-106.jpg,720,480,2638.29,True,
Psoriasis,PSD_00001423__DermNet_psoriasis-scalp-107.jpg,720,472,2420.12,True,
Psoriasis,PSD_00001424__DermNet_psoriasis-scalp-108.jpg,720,472,2614.06,True,
Psoriasis,PSD_00001425__DermNet_psoriasis-scalp-11.jpg,479,720,2161.75,True,
Psoriasis,PSD_00001426__DermNet_psoriasis-scalp-110.jpg,720,472,3514.33,True,
Psoriasis,PSD_00001427__DermNet_psoriasis-scalp-13.jpg,479,720,984.11,True,
Psoriasis,PSD_00001428__DermNet_psoriasis-scalp-15.jpg,720,479,4686.99,True,
Psoriasis,PSD_00001429__DermNet_psoriasis-scalp-19.jpg,720,479,1788.16,True,
Psoriasis,PSD_00001430__DermNet_psoriasis-scalp-2.jpg,720,479,1074.27,True,
Psoriasis,PSD_00001431__DermNet_psoriasis-scalp-20.jpg,720,479,973.64,True,
Psoriasis,PSD_00001432__DermNet_psoriasis-scalp-21.jpg,720,479,2399.96,True,
Psoriasis,PSD_00001433__DermNet_psoriasis-scalp-22.jpg,720,479,4444.58,True,
Psoriasis,PSD_00001434__DermNet_psoriasis-scalp-23.jpg,479,720,1390.75,True,
Psoriasis,PSD_00001435__DermNet_psoriasis-scalp-24.jpg,479,720,3913.3,True,
Psoriasis,PSD_00001436__DermNet_psoriasis-scalp-25.jpg,720,479,8940.26,True,
Psoriasis,PSD_00001437__DermNet_psoriasis-scalp-26.jpg,720,479,3763.69,True,
Psoriasis,PSD_00001438__DermNet_psoriasis-scalp-27.jpg,479,720,3775.73,True,
Psoriasis,PSD_00001439__DermNet_psoriasis-scalp-28.jpg,720,479,9072.39,True,
Psoriasis,PSD_00001440__DermNet_psoriasis-scalp-29.jpg,720,479,9690.85,True,
Psoriasis,PSD_00001441__DermNet_psoriasis-scalp-3.jpg,479,720,1365.96,True,
Psoriasis,PSD_00001442__DermNet_psoriasis-scalp-30.jpg,479,720,865.92,True,
Psoriasis,PSD_00001443__DermNet_psoriasis-scalp-31.jpg,720,479,5340.32,True,
Psoriasis,PSD_00001444__DermNet_psoriasis-scalp-32.jpg,720,479,3823.52,True,
Psoriasis,PSD_00001445__DermNet_psoriasis-scalp-33.jpg,720,479,1217.54,True,
Psoriasis,PSD_00001446__DermNet_psoriasis-scalp-34.jpg,479,720,2921.25,True,
Psoriasis,PSD_00001447__DermNet_psoriasis-scalp-35.jpg,720,479,4495.9,True,
Psoriasis,PSD_00001448__DermNet_psoriasis-scalp-36.jpg,720,479,4359.89,True,
Psoriasis,PSD_00001449__DermNet_psoriasis-scalp-37.jpg,720,479,2049.66,True,
Psoriasis,PSD_00001450__DermNet_psoriasis-scalp-39.jpg,479,720,3003.6,True,
Psoriasis,PSD_00001451__DermNet_psoriasis-scalp-40.jpg,720,479,3112.33,True,
Psoriasis,PSD_00001452__DermNet_psoriasis-scalp-41.jpg,720,479,3012.36,True,
Psoriasis,PSD_00001453__DermNet_psoriasis-scalp-42.jpg,720,479,2465.15,True,
Psoriasis,PSD_00001454__DermNet_psoriasis-scalp-43.jpg,720,479,3093.2,True,
Psoriasis,PSD_00001455__DermNet_psoriasis-scalp-47.jpg,479,720,776.33,True,
Psoriasis,PSD_00001456__DermNet_psoriasis-scalp-48.jpg,479,720,674.44,True,
Psoriasis,PSD_00001457__DermNet_psoriasis-scalp-49.jpg,720,479,1499.31,True,
Psoriasis,PSD_00001458__DermNet_psoriasis-scalp-5.jpg,720,479,771.83,True,
Psoriasis,PSD_00001459__DermNet_psoriasis-scalp-50.jpg,720,479,2910.64,True,
Psoriasis,PSD_00001460__DermNet_psoriasis-scalp-52.jpg,720,479,968.74,True,
Psoriasis,PSD_00001461__DermNet_psoriasis-scalp-53.jpg,720,479,5901.19,True,
Psoriasis,PSD_00001462__DermNet_psoriasis-scalp-54.jpg,720,479,2183.49,True,
Psoriasis,PSD_00001463__DermNet_psoriasis-scalp-55.jpg,720,479,2184.76,True,
Psoriasis,PSD_00001464__DermNet_psoriasis-scalp-57.jpg,479,720,499.66,True,
Psoriasis,PSD_00001465__DermNet_psoriasis-scalp-59.jpg,479,720,1096.85,True,
Psoriasis,PSD_00001466__DermNet_psoriasis-scalp-6.jpg,720,479,2021.37,True,
Psoriasis,PSD_00001467__DermNet_psoriasis-scalp-61.jpg,720,479,2953.27,True,
Psoriasis,PSD_00001468__DermNet_psoriasis-scalp-62.jpg,720,479,1629.81,True,
Psoriasis,PSD_00001469__DermNet_psoriasis-scalp-63.jpg,479,720,2421.54,True,
Psoriasis,PSD_00001470__DermNet_psoriasis-scalp-66.jpg,720,471,6062.58,True,
Psoriasis,PSD_00001471__DermNet_psoriasis-scalp-67.jpg,720,458,2811.14,True,
Psoriasis,PSD_00001472__DermNet_psoriasis-scalp-68.jpg,720,472,7800.43,True,
Psoriasis,PSD_00001473__DermNet_psoriasis-scalp-69.jpg,720,472,8486.75,True,
Psoriasis,PSD_00001475__DermNet_psoriasis-scalp-70.jpg,720,472,8205.86,True,
Psoriasis,PSD_00001476__DermNet_psoriasis-scalp-71.jpg,720,472,5362.54,True,
Psoriasis,PSD_00001477__DermNet_psoriasis-scalp-72.jpg,720,472,5304.0,True,
Psoriasis,PSD_00001478__DermNet_psoriasis-scalp-73.jpg,720,472,7488.81,True,
Psoriasis,PSD_00001479__DermNet_psoriasis-scalp-74.jpg,720,472,7028.2,True,
Psoriasis,PSD_00001480__DermNet_psoriasis-scalp-75.jpg,720,480,1616.72,True,
Psoriasis,PSD_00001481__DermNet_psoriasis-scalp-76.jpg,480,720,1379.01,True,
Psoriasis,PSD_00001482__DermNet_psoriasis-scalp-77.jpg,720,480,1261.32,True,
Psoriasis,PSD_00001483__DermNet_psoriasis-scalp-78.jpg,480,720,882.5,True,
Psoriasis,PSD_00001484__DermNet_psoriasis-scalp-8.jpg,720,479,3934.58,True,
Psoriasis,PSD_00001485__DermNet_psoriasis-scalp-80.jpg,720,464,2446.19,True,
Psoriasis,PSD_00001486__DermNet_psoriasis-scalp-81.jpg,720,464,892.53,True,
Psoriasis,PSD_00001487__DermNet_psoriasis-scalp-84.jpg,720,472,2540.08,True,
Psoriasis,PSD_00001488__DermNet_psoriasis-scalp-85.jpg,720,480,6720.34,True,
Psoriasis,PSD_00001489__DermNet_psoriasis-scalp-86.jpg,720,480,6947.0,True,
Psoriasis,PSD_00001490__DermNet_psoriasis-scalp-87.jpg,720,480,3580.3,True,
Psoriasis,PSD_00001491__DermNet_psoriasis-scalp-88.jpg,480,720,1186.28,True,
Psoriasis,PSD_00001492__DermNet_psoriasis-scalp-9.jpg,720,479,3498.58,True,
Psoriasis,PSD_00001493__DermNet_psoriasis-scalp-90.jpg,720,472,1897.09,True,
Psoriasis,PSD_00001494__DermNet_psoriasis-scalp-91.jpg,480,720,1811.92,True,
Psoriasis,PSD_00001495__DermNet_psoriasis-scalp-92.jpg,720,480,1595.02,True,
Psoriasis,PSD_00001496__DermNet_psoriasis-scalp-93.jpg,480,720,200.64,True,
Psoriasis,PSD_00001497__DermNet_psoriasis-scalp-94.jpg,720,472,465.92,True,
Psoriasis,PSD_00001498__DermNet_psoriasis-scalp-95.jpg,720,472,1868.23,True,
Psoriasis,PSD_00001499__DermNet_psoriasis-scalp-96.jpg,720,472,1036.37,True,
Psoriasis,PSD_00001500__DermNet_psoriasis-scalp-97.jpg,480,720,465.12,True,
Psoriasis,PSD_00001501__DermNet_psoriasis-scalp-99.jpg,720,472,398.07,True,
Psoriasis,PSD_00001502__DermNet_Psoriasis-sunburn-1.jpg,720,472,254.88,True,
Psoriasis,PSD_00001503__DermNet_Psoriasis-sunburn-2.jpg,720,464,533.57,True,
Psoriasis,PSD_00001504__DermNet_Psoriasis-sunburn-3.jpg,720,464,583.36,True,
Psoriasis,PSD_00001505__DermNet_Psoriasis-sunburn-4.jpg,720,472,248.0,True,
Psoriasis,PSD_00001506__DermNet_Psoriasis-treatment-1.jpg,720,472,484.08,True,
Psoriasis,PSD_00001507__DermNet_Psoriasis-treatment-10.jpg,479,720,1524.57,True,
Psoriasis,PSD_00001508__DermNet_Psoriasis-treatment-2.jpg,583,720,1348.38,True,
Psoriasis,PSD_00001509__DermNet_Psoriasis-treatment-3.jpg,496,720,2532.16,True,
Psoriasis,PSD_00001510__DermNet_Psoriasis-treatment-4.jpg,496,720,720.26,True,
Psoriasis,PSD_00001511__DermNet_Psoriasis-treatment-5.jpg,496,720,657.67,True,
Psoriasis,PSD_00001512__DermNet_Psoriasis-treatment-6.jpg,496,720,268.9,True,
Psoriasis,PSD_00001514__DermNet_Psoriasis-treatment-8.jpg,496,720,1979.9,True,
Psoriasis,PSD_00001515__DermNet_Psoriasis-treatment-9.jpg,496,720,1758.75,True,
Psoriasis,PSD_00001516__DermNet_Psoriasis-Trunk-052504.jpg,720,472,2042.39,True,
Psoriasis,PSD_00001517__DermNet_Psoriasis-Trunk-0525041.jpg,720,472,1695.0,True,
Psoriasis,PSD_00001518__DermNet_Psoriasis-vulva-1.jpg,720,464,379.04,True,
Psoriasis,PSD_00001519__DermNet_Psoriasis-vulva-2.jpg,720,472,778.95,True,
Psoriasis,PSD_00001521__DermNet_Psoriasis-Anus-15.jpg,479,720,531.22,True,
Psoriasis,PSD_00001522__DermNet_Psoriasis-Anus-18.jpg,720,474,518.85,True,
Psoriasis,PSD_00001523__DermNet_Psoriasis-Cellulitis-2.jpg,720,464,980.17,True,
Psoriasis,PSD_00001524__DermNet_psoriasis-Chronic-plaque-00316.jpg,480,720,282.89,True,
Psoriasis,PSD_00001525__DermNet_Psoriasis-Chronic-Plaque-1.jpg,480,720,1329.52,True,
Psoriasis,PSD_00001526__DermNet_Psoriasis-Chronic-Plaque-108.jpg,720,472,807.76,True,
Psoriasis,PSD_00001527__DermNet_Psoriasis-Chronic-Plaque-121.jpg,480,720,1113.84,True,
Psoriasis,PSD_00001528__DermNet_Psoriasis-Chronic-Plaque-122.jpg,720,480,854.28,True,
Psoriasis,PSD_00001529__DermNet_Psoriasis-Chronic-Plaque-123.jpg,480,720,1101.04,True,
Psoriasis,PSD_00001530__DermNet_Psoriasis-Chronic-Plaque-131.jpg,720,472,1799.28,True,
Psoriasis,PSD_00001531__DermNet_Psoriasis-Chronic-Plaque-132.jpg,720,591,1070.17,True,
Psoriasis,PSD_00001532__DermNet_Psoriasis-Chronic-Plaque-134.jpg,720,490,932.66,True,
Psoriasis,PSD_00001533__DermNet_Psoriasis-Chronic-Plaque-14.jpg,480,720,1429.41,True,
Psoriasis,PSD_00001534__DermNet_Psoriasis-Chronic-Plaque-159.jpg,479,720,569.38,True,
Psoriasis,PSD_00001535__DermNet_Psoriasis-Chronic-Plaque-160.jpg,479,720,182.43,True,
Psoriasis,PSD_00001536__DermNet_Psoriasis-Chronic-Plaque-176.jpg,479,720,1614.02,True,
Psoriasis,PSD_00001537__DermNet_Psoriasis-Chronic-Plaque-181.jpg,720,479,656.01,True,
Psoriasis,PSD_00001538__DermNet_Psoriasis-Chronic-Plaque-183.jpg,479,720,532.69,True,
Psoriasis,PSD_00001539__DermNet_Psoriasis-Chronic-Plaque-19.jpg,480,720,1118.99,True,
Psoriasis,PSD_00001540__DermNet_Psoriasis-Chronic-Plaque-191.jpg,479,720,279.82,True,
Psoriasis,PSD_00001541__DermNet_Psoriasis-Chronic-Plaque-194.jpg,479,720,1652.18,True,
Psoriasis,PSD_00001542__DermNet_Psoriasis-Chronic-Plaque-93.jpg,720,480,1030.51,True,
Psoriasis,PSD_00001543__DermNet_Psoriasis-Chronic-Plaque-95.jpg,720,480,774.2,True,
Psoriasis,PSD_00001544__DermNet_Psoriasis-Chronic-Plaque-96.jpg,720,480,1181.05,True,
Psoriasis,PSD_00001545__DermNet_psoriasis-digits-2.jpg,720,496,820.3,True,
Psoriasis,PSD_00001546__DermNet_psoriasis-erythrodermic-14.jpg,479,720,899.04,True,
Psoriasis,PSD_00001547__DermNet_psoriasis-erythrodermic-15.jpg,479,720,954.41,True,
Psoriasis,PSD_00001548__DermNet_psoriasis-erythrodermic-17.jpg,479,720,251.64,True,
Psoriasis,PSD_00001550__DermNet_psoriasis-erythrodermic-6.jpg,479,720,548.42,True,
Psoriasis,PSD_00001551__DermNet_psoriasis-erythrodermic-8.jpg,479,720,198.83,True,
Psoriasis,PSD_00001552__DermNet_Psoriasis-Guttate-1.jpg,589,720,635.35,True,
Psoriasis,PSD_00001553__DermNet_Psoriasis-Guttate-102.jpg,720,479,1064.24,True,
Psoriasis,PSD_00001554__DermNet_Psoriasis-Guttate-105.jpg,720,479,604.82,True,
Psoriasis,PSD_00001555__DermNet_Psoriasis-Guttate-109.jpg,720,479,1277.39,True,
Psoriasis,PSD_00001556__DermNet_Psoriasis-Guttate-110.jpg,720,479,705.3,True,
Psoriasis,PSD_00001557__DermNet_Psoriasis-Guttate-113.jpg,720,479,537.38,True,
Psoriasis,PSD_00001558__DermNet_Psoriasis-Guttate-117.jpg,479,720,221.6,True,
Psoriasis,PSD_00001559__DermNet_Psoriasis-Guttate-124.jpg,599,720,313.37,True,
Psoriasis,PSD_00001560__DermNet_Psoriasis-Guttate-21.jpg,480,720,327.62,True,
Psoriasis,PSD_00001561__DermNet_Psoriasis-Guttate-47.jpg,720,480,548.45,True,
Psoriasis,PSD_00001562__DermNet_Psoriasis-Guttate-48.jpg,720,480,488.55,True,
Psoriasis,PSD_00001563__DermNet_Psoriasis-Guttate-55.jpg,480,720,170.73,True,
Psoriasis,PSD_00001564__DermNet_Psoriasis-Guttate-59.jpg,720,480,179.86,True,
Psoriasis,PSD_00001565__DermNet_Psoriasis-Guttate-6.jpg,720,472,391.56,True,
Psoriasis,PSD_00001566__DermNet_Psoriasis-Guttate-65.jpg,720,472,136.21,True,
Psoriasis,PSD_00001567__DermNet_Psoriasis-Guttate-74.jpg,496,720,340.65,True,
Psoriasis,PSD_00001568__DermNet_Psoriasis-Guttate-79.jpg,479,720,380.59,True,
Psoriasis,PSD_00001569__DermNet_Psoriasis-Guttate-84.jpg,479,720,1254.23,True,
Psoriasis,PSD_00001570__DermNet_Psoriasis-Guttate-88.jpg,720,479,251.49,True,
Psoriasis,PSD_00001571__DermNet_Psoriasis-Guttate-93.jpg,720,479,1287.93,True,
Psoriasis,PSD_00001572__DermNet_Psoriasis-Guttate-94.jpg,720,479,976.23,True,
Psoriasis,PSD_00001573__DermNet_Psoriasis-Guttate-96.jpg,479,720,854.96,True,
Psoriasis,PSD_00001575__DermNet_Psoriasis-Hand-35.jpg,720,472,599.2,True,
Psoriasis,PSD_00001576__DermNet_Psoriasis-Hand-4.jpg,720,472,2149.1,True,
Psoriasis,PSD_00001577__DermNet_Psoriasis-Hand-40.jpg,720,480,1033.97,True,
Psoriasis,PSD_00001578__DermNet_Psoriasis-Hand-43.jpg,720,464,3659.64,True,
Psoriasis,PSD_00001580__DermNet_Psoriasis-Hand-48.jpg,583,720,2333.45,True,
Psoriasis,PSD_00001581__DermNet_Psoriasis-Hand-5.jpg,720,480,532.06,True,
Psoriasis,PSD_00001582__DermNet_Psoriasis-Hand-55.jpg,720,479,515.29,True,
Psoriasis,PSD_00001584__DermNet_Psoriasis-Histology-11.jpg,720,496,2332.68,True,
Psoriasis,PSD_00001585__DermNet_Psoriasis-Histology-2.jpg,496,720,1987.35,True,
Psoriasis,PSD_00001586__DermNet_Psoriasis-Histology-4.jpg,720,496,8718.4,True,
Psoriasis,PSD_00001587__DermNet_Psoriasis-Histology-8.jpg,720,496,1989.12,True,
Psoriasis,PSD_00001588__DermNet_Psoriasis-Histology-9.jpg,720,496,3233.47,True,
Psoriasis,PSD_00001589__DermNet_Psoriasis-Interferon-Injection-08230423.jpg,720,480,864.68,True,
Psoriasis,PSD_00001590__DermNet_Psoriasis-inversus-13.jpg,720,480,226.16,True,
Psoriasis,PSD_00001591__DermNet_Psoriasis-inversus-17.jpg,720,480,148.49,True,
Psoriasis,PSD_00001592__DermNet_Psoriasis-inversus-18.jpg,720,480,47.73,False,blur variance 47.7 below threshold 100.0
Psoriasis,PSD_00001593__DermNet_Psoriasis-inversus-23.jpg,720,480,1026.8,True,
Psoriasis,PSD_00001594__DermNet_Psoriasis-inversus-25.jpg,720,480,712.24,True,
Psoriasis,PSD_00001595__DermNet_Psoriasis-inversus-29.jpg,720,480,1885.11,True,
Psoriasis,PSD_00001596__DermNet_Psoriasis-inversus-31.jpg,720,480,1349.56,True,
Psoriasis,PSD_00001597__DermNet_Psoriasis-inversus-4.jpg,720,480,1564.2,True,
Psoriasis,PSD_00001598__DermNet_Psoriasis-nails-10.jpg,720,472,328.9,True,
Psoriasis,PSD_00001599__DermNet_Psoriasis-nails-17.jpg,720,472,524.84,True,
Psoriasis,PSD_00001600__DermNet_Psoriasis-nails-18.jpg,720,472,235.06,True,
Psoriasis,PSD_00001603__DermNet_Psoriasis-nails-31.jpg,676,720,231.97,True,
Psoriasis,PSD_00001604__DermNet_Psoriasis-nails-9.jpg,720,472,972.9,True,
Psoriasis,PSD_00001605__DermNet_psoriasis-palms-soles-109.jpg,720,472,2043.71,True,
Psoriasis,PSD_00001606__DermNet_psoriasis-palms-soles-11.jpg,479,720,569.36,True,
Psoriasis,PSD_00001607__DermNet_psoriasis-palms-soles-111.jpg,720,480,219.14,True,
Psoriasis,PSD_00001608__DermNet_psoriasis-palms-soles-114.jpg,720,480,160.77,True,
Psoriasis,PSD_00001609__DermNet_psoriasis-palms-soles-12.jpg,479,720,1190.12,True,
Psoriasis,PSD_00001610__DermNet_psoriasis-palms-soles-123.jpg,720,472,701.87,True,
Psoriasis,PSD_00001612__DermNet_psoriasis-palms-soles-129.jpg,720,480,347.36,True,
Psoriasis,PSD_00001613__DermNet_psoriasis-palms-soles-132.jpg,720,480,701.82,True,
Psoriasis,PSD_00001614__DermNet_psoriasis-palms-soles-136.jpg,720,480,820.87,True,
Psoriasis,PSD_00001615__DermNet_psoriasis-palms-soles-14.jpg,479,720,611.88,True,
Psoriasis,PSD_00001616__DermNet_psoriasis-palms-soles-140.jpg,720,464,1590.03,True,
Psoriasis,PSD_00001617__DermNet_psoriasis-palms-soles-142.jpg,720,480,433.9,True,
Psoriasis,PSD_00001618__DermNet_psoriasis-palms-soles-147.jpg,480,720,967.71,True,
Psoriasis,PSD_00001619__DermNet_psoriasis-palms-soles-153.jpg,720,480,1069.31,True,
Psoriasis,PSD_00001620__DermNet_psoriasis-palms-soles-164.jpg,720,472,647.51,True,
Psoriasis,PSD_00001621__DermNet_psoriasis-palms-soles-169.jpg,720,472,457.35,True,
Psoriasis,PSD_00001622__DermNet_psoriasis-palms-soles-177.jpg,720,472,208.57,True,
Psoriasis,PSD_00001623__DermNet_psoriasis-palms-soles-185.jpg,480,720,92.64,False,blur variance 92.6 below threshold 100.0
Psoriasis,PSD_00001626__DermNet_psoriasis-palms-soles-86.jpg,720,472,573.43,True,
Psoriasis,PSD_00001629__DermNet_psoriasis-palms-soles-9.jpg,479,720,1240.07,True,
Psoriasis,PSD_00001630__DermNet_psoriasis-palms-soles-95.jpg,720,472,418.8,True,
Psoriasis,PSD_00001631__DermNet_Psoriasis-penis-12.jpg,720,464,1118.89,True,
Psoriasis,PSD_00001632__DermNet_Psoriasis-penis-13.jpg,720,464,1932.85,True,
Psoriasis,PSD_00001633__DermNet_Psoriasis-penis-17.jpg,492,720,805.32,True,
Psoriasis,PSD_00001634__DermNet_Psoriasis-penis-26.jpg,720,479,304.79,True,
Psoriasis,PSD_00001635__DermNet_Psoriasis-penis-4.jpg,720,472,1264.0,True,
Psoriasis,PSD_00001636__DermNet_psoriasis-pustular-generalized-1.jpg,473,720,2106.98,True,
Psoriasis,PSD_00001637__DermNet_psoriasis-pustular-generalized-12.jpg,720,479,403.73,True,
Psoriasis,PSD_00001638__DermNet_psoriasis-pustular-generalized-18.jpg,720,479,1516.75,True,
Psoriasis,PSD_00001639__DermNet_psoriasis-pustular-generalized-2.jpg,720,474,1976.87,True,
Psoriasis,PSD_00001640__DermNet_psoriasis-pustular-generalized-20.jpg,720,479,2894.63,True,
Psoriasis,PSD_00001641__DermNet_psoriasis-pustular-generalized-21.jpg,720,479,2703.41,True,
Psoriasis,PSD_00001642__DermNet_psoriasis-pustular-generalized-23.jpg,720,479,1681.08,True,
Psoriasis,PSD_00001643__DermNet_psoriasis-pustular-generalized-26.jpg,720,479,514.51,True,
Psoriasis,PSD_00001644__DermNet_psoriasis-pustular-generalized-28.jpg,479,720,487.16,True,
Psoriasis,PSD_00001645__DermNet_psoriasis-pustular-generalized-31.jpg,479,720,350.66,True,
Psoriasis,PSD_00001646__DermNet_psoriasis-pustular-generalized-44.jpg,480,720,547.68,True,
Psoriasis,PSD_00001647__DermNet_psoriasis-pustular-generalized-45.jpg,480,720,405.99,True,
Psoriasis,PSD_00001648__DermNet_psoriasis-pustular-generalized-5.jpg,578,720,3402.04,True,
Psoriasis,PSD_00001649__DermNet_psoriasis-pustular-generalized-54.jpg,720,472,409.52,True,
Psoriasis,PSD_00001650__DermNet_psoriasis-pustular-generalized-57.jpg,720,472,627.36,True,
Psoriasis,PSD_00001651__DermNet_psoriasis-scalp-109.jpg,720,472,1850.8,True,
Psoriasis,PSD_00001652__DermNet_psoriasis-scalp-12.jpg,479,720,3012.21,True,
Psoriasis,PSD_00001653__DermNet_psoriasis-scalp-16.jpg,720,479,4729.85,True,
Psoriasis,PSD_00001654__DermNet_psoriasis-scalp-17.jpg,720,479,1358.96,True,
Psoriasis,PSD_00001655__DermNet_psoriasis-scalp-18.jpg,479,720,2392.24,True,
Psoriasis,PSD_00001656__DermNet_psoriasis-scalp-38.jpg,720,479,1395.22,True,
Psoriasis,PSD_00001657__DermNet_psoriasis-scalp-4.jpg,479,720,4566.91,True,
Psoriasis,PSD_00001658__DermNet_psoriasis-scalp-44.jpg,720,479,2987.23,True,
Psoriasis,PSD_00001659__DermNet_psoriasis-scalp-45.jpg,720,479,1789.05,True,
Psoriasis,PSD_00001660__DermNet_psoriasis-scalp-46.jpg,720,479,1415.36,True,
Psoriasis,PSD_00001661__DermNet_psoriasis-scalp-51.jpg,720,479,1687.39,True,
Psoriasis,PSD_00001662__DermNet_psoriasis-scalp-56.jpg,479,720,1905.08,True,
Psoriasis,PSD_00001663__DermNet_psoriasis-scalp-58.jpg,479,720,5337.56,True,
Psoriasis,PSD_00001664__DermNet_psoriasis-scalp-60.jpg,479,720,1893.94,True,
Psoriasis,PSD_00001665__DermNet_psoriasis-scalp-64.jpg,720,479,4895.34,True,
Psoriasis,PSD_00001666__DermNet_psoriasis-scalp-65.jpg,720,479,1931.12,True,
Psoriasis,PSD_00001667__DermNet_psoriasis-scalp-79.jpg,720,480,2454.78,True,
Psoriasis,PSD_00001668__DermNet_psoriasis-scalp-82.jpg,720,464,6423.09,True,
Psoriasis,PSD_00001669__DermNet_psoriasis-scalp-83.jpg,720,464,1843.32,True,
Psoriasis,PSD_00001670__DermNet_psoriasis-scalp-89.jpg,720,472,857.33,True,
Psoriasis,PSD_00001671__DermNet_psoriasis-scalp-98.jpg,480,720,128.14,True,
Psoriasis,PSD_00001672__DermNet_Psoriasis-sunburn-6.jpg,720,472,533.39,True,
Lichen_Planus,PSD_00000464__DermNet_lichen-planus-1.jpg,720,464,1213.3,True,
Lichen_Planus,PSD_00000465__DermNet_lichen-planus-100.jpg,720,472,819.11,True,
Lichen_Planus,PSD_00000466__DermNet_lichen-planus-101.jpg,720,472,230.35,True,
Lichen_Planus,PSD_00000467__DermNet_lichen-planus-102.jpg,720,472,252.56,True,
Lichen_Planus,PSD_00000468__DermNet_lichen-planus-103.jpg,720,472,137.96,True,
Lichen_Planus,PSD_00000469__DermNet_lichen-planus-104.jpg,720,472,248.37,True,
Lichen_Planus,PSD_00000470__DermNet_lichen-planus-105.jpg,720,472,901.4,True,
Lichen_Planus,PSD_00000471__DermNet_lichen-planus-106.jpg,612,720,6381.44,True,
Lichen_Planus,PSD_00000472__DermNet_lichen-planus-107.jpg,596,720,3235.31,True,
Lichen_Planus,PSD_00000473__DermNet_lichen-planus-108.jpg,720,478,331.65,True,
Lichen_Planus,PSD_00000474__DermNet_lichen-planus-109.jpg,720,470,946.83,True,
Lichen_Planus,PSD_00000475__DermNet_lichen-planus-11.jpg,720,472,368.13,True,
Lichen_Planus,PSD_00000476__DermNet_lichen-planus-110.jpg,720,471,88.02,False,blur variance 88.0 below threshold 100.0
Lichen_Planus,PSD_00000477__DermNet_lichen-planus-111.jpg,720,471,1480.62,True,
Lichen_Planus,PSD_00000478__DermNet_lichen-planus-114.jpg,720,474,774.64,True,
Lichen_Planus,PSD_00000479__DermNet_lichen-planus-116.jpg,720,465,829.32,True,
Lichen_Planus,PSD_00000480__DermNet_lichen-planus-118.jpg,477,720,316.41,True,
Lichen_Planus,PSD_00000481__DermNet_lichen-planus-119.jpg,720,469,467.36,True,
Lichen_Planus,PSD_00000482__DermNet_lichen-planus-12.jpg,720,472,456.63,True,
Lichen_Planus,PSD_00000483__DermNet_lichen-planus-120.jpg,720,496,161.42,True,
Lichen_Planus,PSD_00000484__DermNet_lichen-planus-123.jpg,720,468,546.33,True,
Lichen_Planus,PSD_00000485__DermNet_lichen-planus-124.jpg,473,720,678.25,True,
Lichen_Planus,PSD_00000486__DermNet_lichen-planus-126.jpg,720,496,930.49,True,
Lichen_Planus,PSD_00000487__DermNet_lichen-planus-127.jpg,720,496,1309.26,True,
Lichen_Planus,PSD_00000488__DermNet_lichen-planus-128.jpg,720,496,1086.64,True,
Lichen_Planus,PSD_00000489__DermNet_lichen-planus-13.jpg,720,472,562.73,True,
Lichen_Planus,PSD_00000490__DermNet_lichen-planus-130.jpg,720,496,3051.75,True,
Lichen_Planus,PSD_00000491__DermNet_lichen-planus-131.jpg,720,496,102.4,True,
Lichen_Planus,PSD_00000492__DermNet_lichen-planus-132.jpg,720,496,190.36,True,
Lichen_Planus,PSD_00000493__DermNet_lichen-planus-134.jpg,720,496,397.66,True,
Lichen_Planus,PSD_00000494__DermNet_lichen-planus-135.jpg,720,496,1882.91,True,
Lichen_Planus,PSD_00000495__DermNet_lichen-planus-137.jpg,720,496,667.66,True,
Lichen_Planus,PSD_00000496__DermNet_lichen-planus-138.jpg,496,720,506.31,True,
Lichen_Planus,PSD_00000497__DermNet_lichen-planus-139.jpg,496,720,469.36,True,
Lichen_Planus,PSD_00000498__DermNet_lichen-planus-14.jpg,720,472,532.0,True,
Lichen_Planus,PSD_00000499__DermNet_lichen-planus-142.jpg,720,496,712.64,True,
Lichen_Planus,PSD_00000500__DermNet_lichen-planus-143.jpg,720,496,653.49,True,
Lichen_Planus,PSD_00000501__DermNet_lichen-planus-146.jpg,720,496,173.55,True,
Lichen_Planus,PSD_00000502__DermNet_lichen-planus-148.jpg,720,496,1217.71,True,
Lichen_Planus,PSD_00000503__DermNet_lichen-planus-15.jpg,720,480,780.3,True,
Lichen_Planus,PSD_00000504__DermNet_lichen-planus-151.jpg,720,496,434.59,True,
Lichen_Planus,PSD_00000505__DermNet_lichen-planus-152.jpg,720,496,215.28,True,
Lichen_Planus,PSD_00000506__DermNet_lichen-planus-155.jpg,720,496,1340.48,True,
Lichen_Planus,PSD_00000507__DermNet_lichen-planus-156.jpg,720,496,239.99,True,
Lichen_Planus,PSD_00000508__DermNet_lichen-planus-158.jpg,496,720,571.28,True,
Lichen_Planus,PSD_00000509__DermNet_lichen-planus-161.jpg,720,496,184.69,True,
Lichen_Planus,PSD_00000510__DermNet_lichen-planus-162.jpg,496,720,676.09,True,
Lichen_Planus,PSD_00000511__DermNet_lichen-planus-164.jpg,720,496,385.07,True,
Lichen_Planus,PSD_00000512__DermNet_lichen-planus-165.jpg,720,496,888.91,True,
Lichen_Planus,PSD_00000513__DermNet_lichen-planus-166.jpg,496,720,756.52,True,
Lichen_Planus,PSD_00000514__DermNet_lichen-planus-167.jpg,720,496,412.01,True,
Lichen_Planus,PSD_00000515__DermNet_lichen-planus-169.jpg,496,720,357.54,True,
Lichen_Planus,PSD_00000516__DermNet_lichen-planus-17.jpg,720,480,1324.2,True,
Lichen_Planus,PSD_00000517__DermNet_lichen-planus-170.jpg,496,720,1143.78,True,
Lichen_Planus,PSD_00000518__DermNet_lichen-planus-171.jpg,720,496,1583.97,True,
Lichen_Planus,PSD_00000519__DermNet_lichen-planus-172.jpg,720,479,352.77,True,
Lichen_Planus,PSD_00000520__DermNet_lichen-planus-174.jpg,720,479,673.77,True,
Lichen_Planus,PSD_00000521__DermNet_lichen-planus-175.jpg,720,479,58.21,False,blur variance 58.2 below threshold 100.0
Lichen_Planus,PSD_00000522__DermNet_lichen-planus-176.jpg,720,479,106.79,True,
Lichen_Planus,PSD_00000523__DermNet_lichen-planus-178.jpg,720,479,1396.05,True,
Lichen_Planus,PSD_00000524__DermNet_lichen-planus-18.jpg,720,480,974.68,True,
Lichen_Planus,PSD_00000525__DermNet_lichen-planus-182.jpg,720,479,81.08,False,blur variance 81.1 below threshold 100.0
Lichen_Planus,PSD_00000526__DermNet_lichen-planus-183.jpg,720,479,82.07,False,blur variance 82.1 below threshold 100.0
Lichen_Planus,PSD_00000527__DermNet_lichen-planus-184.jpg,720,479,843.33,True,
Lichen_Planus,PSD_00000528__DermNet_lichen-planus-185.jpg,720,479,59.43,False,blur variance 59.4 below threshold 100.0
Lichen_Planus,PSD_00000529__DermNet_lichen-planus-189.jpg,720,479,309.24,True,
Lichen_Planus,PSD_00000530__DermNet_lichen-planus-19.jpg,720,480,384.89,True,
Lichen_Planus,PSD_00000531__DermNet_lichen-planus-193.jpg,720,479,1001.09,True,
Lichen_Planus,PSD_00000532__DermNet_lichen-planus-195.jpg,720,479,847.56,True,
Lichen_Planus,PSD_00000533__DermNet_lichen-planus-196.jpg,720,479,761.88,True,
Lichen_Planus,PSD_00000534__DermNet_lichen-planus-197.jpg,720,479,152.68,True,
Lichen_Planus,PSD_00000535__DermNet_lichen-planus-198.jpg,720,479,839.55,True,
Lichen_Planus,PSD_00000536__DermNet_lichen-planus-2.jpg,720,480,332.94,True,
Lichen_Planus,PSD_00000537__DermNet_lichen-planus-20.jpg,720,480,432.73,True,
Lichen_Planus,PSD_00000538__DermNet_lichen-planus-200.jpg,720,479,871.39,True,
Lichen_Planus,PSD_00000539__DermNet_lichen-planus-201.jpg,720,479,1634.73,True,
Lichen_Planus,PSD_00000540__DermNet_lichen-planus-202.jpg,720,479,478.41,True,
Lichen_Planus,PSD_00000541__DermNet_lichen-planus-203.jpg,720,479,109.45,True,
Lichen_Planus,PSD_00000542__DermNet_lichen-planus-204.jpg,720,479,712.06,True,
Lichen_Planus,PSD_00000543__DermNet_lichen-planus-206.jpg,720,479,953.37,True,
Lichen_Planus,PSD_00000544__DermNet_lichen-planus-207.jpg,720,479,47.34,False,blur variance 47.3 below threshold 100.0
Lichen_Planus,PSD_00000545__DermNet_lichen-planus-21.jpg,720,480,1131.7,True,
Lichen_Planus,PSD_00000546__DermNet_lichen-planus-210.jpg,720,479,505.94,True,
Lichen_Planus,PSD_00000547__DermNet_lichen-planus-211.jpg,720,479,709.15,True,
Lichen_Planus,PSD_00000548__DermNet_lichen-planus-82.jpg,720,480,863.97,True,
Lichen_Planus,PSD_00000549__DermNet_lichen-planus-85.jpg,480,720,82.38,False,blur variance 82.4 below threshold 100.0
Lichen_Planus,PSD_00000550__DermNet_lichen-planus-86.jpg,720,464,5551.72,True,
Lichen_Planus,PSD_00000551__DermNet_lichen-planus-9.jpg,720,480,1851.53,True,
Lichen_Planus,PSD_00000552__DermNet_lichen-planus-91.jpg,720,464,2760.55,True,
Lichen_Planus,PSD_00000553__DermNet_lichen-planus-93.jpg,720,464,2974.94,True,
Lichen_Planus,PSD_00000554__DermNet_lichen-planus-95.jpg,720,472,390.45,True,
Lichen_Planus,PSD_00000555__DermNet_lichen-planus-96.jpg,720,472,565.99,True,
Lichen_Planus,PSD_00000556__DermNet_lichen-planus-98.jpg,720,472,867.67,True,
Lichen_Planus,PSD_00000557__DermNet_lichen-planus-99.jpg,464,720,791.45,True,
Lichen_Planus,PSD_00000558__DermNet_Lichen-Planus-Drug-1.jpg,720,472,408.3,True,
Lichen_Planus,PSD_00000559__DermNet_Lichen-Planus-Drug-10.jpg,720,480,251.13,True,
Lichen_Planus,PSD_00000560__DermNet_Lichen-Planus-Drug-11.jpg,720,480,424.9,True,
Lichen_Planus,PSD_00000561__DermNet_Lichen-Planus-Drug-12.jpg,720,480,437.22,True,
Lichen_Planus,PSD_00000562__DermNet_Lichen-Planus-Drug-14.jpg,720,464,1108.1,True,
Lichen_Planus,PSD_00000563__DermNet_Lichen-Planus-Drug-15.jpg,720,464,2482.4,True,
Lichen_Planus,PSD_00000564__DermNet_Lichen-Planus-Drug-16.jpg,720,464,912.26,True,
Lichen_Planus,PSD_00000565__DermNet_Lichen-Planus-Drug-17.jpg,720,464,619.41,True,
Lichen_Planus,PSD_00000566__DermNet_Lichen-Planus-Drug-18.jpg,720,496,479.61,True,
Lichen_Planus,PSD_00000567__DermNet_Lichen-Planus-Drug-2.jpg,720,472,172.67,True,
Lichen_Planus,PSD_00000568__DermNet_Lichen-Planus-Drug-21.jpg,479,720,1756.5,True,
Lichen_Planus,PSD_00000569__DermNet_Lichen-Planus-Drug-22.jpg,720,479,1584.2,True,
Lichen_Planus,PSD_00000570__DermNet_Lichen-Planus-Drug-23.jpg,479,720,559.81,True,
Lichen_Planus,PSD_00000571__DermNet_Lichen-Planus-Drug-24.jpg,720,479,474.8,True,
Lichen_Planus,PSD_00000572__DermNet_Lichen-Planus-Drug-25.jpg,720,479,469.11,True,
Lichen_Planus,PSD_00000573__DermNet_Lichen-Planus-Drug-27.jpg,479,720,1044.06,True,
Lichen_Planus,PSD_00000574__DermNet_Lichen-Planus-Drug-3.jpg,720,480,387.25,True,
Lichen_Planus,PSD_00000575__DermNet_Lichen-Planus-Drug-4.jpg,480,720,309.55,True,
Lichen_Planus,PSD_00000576__DermNet_Lichen-Planus-Drug-5.jpg,480,720,352.12,True,
Lichen_Planus,PSD_00000577__DermNet_Lichen-Planus-Drug-6.jpg,720,472,830.51,True,
Lichen_Planus,PSD_00000578__DermNet_Lichen-Planus-Drug-7.jpg,720,472,607.29,True,
Lichen_Planus,PSD_00000579__DermNet_Lichen-Planus-Drug-8.jpg,480,720,126.23,True,
Lichen_Planus,PSD_00000580__DermNet_Lichen-Planus-Drug-9.jpg,720,480,345.53,True,
Lichen_Planus,PSD_00000581__DermNet_Lichen-Planus-Hypertrophic-1.jpg,720,472,1791.49,True,
Lichen_Planus,PSD_00000582__DermNet_Lichen-Planus-Hypertrophic-10.jpg,720,472,461.37,True,
Lichen_Planus,PSD_00000583__DermNet_Lichen-Planus-Hypertrophic-12.jpg,720,472,477.47,True,
Lichen_Planus,PSD_00000584__DermNet_Lichen-Planus-Hypertrophic-13.jpg,720,472,872.2,True,
Lichen_Planus,PSD_00000586__DermNet_Lichen-Planus-Hypertrophic-19.jpg,720,482,1328.79,True,
Lichen_Planus,PSD_00000587__DermNet_Lichen-Planus-Hypertrophic-2.jpg,720,472,1339.91,True,
Lichen_Planus,PSD_00000588__DermNet_Lichen-Planus-Hypertrophic-20.jpg,720,482,2250.1,True,
Lichen_Planus,PSD_00000589__DermNet_Lichen-Planus-Hypertrophic-21.jpg,720,477,334.48,True,
Lichen_Planus,PSD_00000590__DermNet_Lichen-Planus-Hypertrophic-3.jpg,720,472,866.45,True,
Lichen_Planus,PSD_00000591__DermNet_Lichen-Planus-Hypertrophic-4.jpg,720,472,1151.82,True,
Lichen_Planus,PSD_00000592__DermNet_Lichen-Planus-Hypertrophic-7.jpg,720,472,1429.58,True,
Lichen_Planus,PSD_00000593__DermNet_Lichen-Planus-Hypertrophic-9.jpg,720,472,440.39,True,
Lichen_Planus,PSD_00000594__DermNet_Lichen-Planus-Oral-1.jpg,720,480,555.32,True,
Lichen_Planus,PSD_00000595__DermNet_Lichen-Planus-Oral-10.jpg,720,480,477.1,True,
Lichen_Planus,PSD_00000596__DermNet_Lichen-Planus-Oral-11.jpg,720,480,160.58,True,
Lichen_Planus,PSD_00000597__DermNet_Lichen-Planus-Oral-12.jpg,720,480,568.13,True,
Lichen_Planus,PSD_00000598__DermNet_Lichen-Planus-Oral-15.jpg,720,480,552.3,True,
Lichen_Planus,PSD_00000599__DermNet_Lichen-Planus-Oral-16.jpg,720,480,586.7,True,
Lichen_Planus,PSD_00000600__DermNet_Lichen-Planus-Oral-17.jpg,720,480,1343.07,True,
Lichen_Planus,PSD_00000601__DermNet_Lichen-Planus-Oral-19.jpg,720,475,127.77,True,
Lichen_Planus,PSD_00000602__DermNet_Lichen-Planus-Oral-2.jpg,720,480,466.37,True,
Lichen_Planus,PSD_00000603__DermNet_Lichen-Planus-Oral-20.jpg,720,475,316.83,True,
Lichen_Planus,PSD_00000604__DermNet_Lichen-Planus-Oral-21.jpg,469,720,544.15,True,
Lichen_Planus,PSD_00000605__DermNet_Lichen-Planus-Oral-22.jpg,473,720,274.69,True,
Lichen_Planus,PSD_00000606__DermNet_Lichen-Planus-Oral-24.jpg,720,471,95.67,False,blur variance 95.7 below threshold 100.0
Lichen_Planus,PSD_00000607__DermNet_Lichen-Planus-Oral-25.jpg,720,468,273.09,True,
Lichen_Planus,PSD_00000608__DermNet_Lichen-Planus-Oral-26.jpg,720,496,279.33,True,
Lichen_Planus,PSD_00000609__DermNet_Lichen-Planus-Oral-27.jpg,720,496,160.6,True,
Lichen_Planus,PSD_00000610__DermNet_Lichen-Planus-Oral-28.jpg,720,479,513.4,True,
Lichen_Planus,PSD_00000611__DermNet_Lichen-Planus-Oral-29.jpg,720,479,260.73,True,
Lichen_Planus,PSD_00000612__DermNet_Lichen-Planus-Oral-3.jpg,720,480,245.51,True,
Lichen_Planus,PSD_00000613__DermNet_Lichen-Planus-Oral-30.jpg,720,479,446.87,True,
Lichen_Planus,PSD_00000614__DermNet_Lichen-Planus-Oral-31.jpg,720,479,523.66,True,
Lichen_Planus,PSD_00000615__DermNet_Lichen-Planus-Oral-33.jpg,720,479,600.39,True,
Lichen_Planus,PSD_00000616__DermNet_Lichen-Planus-Oral-34.jpg,720,479,590.23,True,
Lichen_Planus,PSD_00000617__DermNet_Lichen-Planus-Oral-35.jpg,720,479,1141.57,True,
Lichen_Planus,PSD_00000618__DermNet_Lichen-Planus-Oral-36.jpg,720,479,216.56,True,
Lichen_Planus,PSD_00000619__DermNet_Lichen-Planus-Oral-37.jpg,720,479,437.26,True,
Lichen_Planus,PSD_00000620__DermNet_Lichen-Planus-Oral-38.jpg,720,479,799.66,True,
Lichen_Planus,PSD_00000621__DermNet_Lichen-Planus-Oral-39.jpg,720,479,254.8,True,
Lichen_Planus,PSD_00000622__DermNet_Lichen-Planus-Oral-4.jpg,720,480,213.98,True,
Lichen_Planus,PSD_00000623__DermNet_Lichen-Planus-Oral-40.jpg,720,479,163.16,True,
Lichen_Planus,PSD_00000624__DermNet_Lichen-Planus-Oral-42.jpg,720,477,710.06,True,
Lichen_Planus,PSD_00000625__DermNet_Lichen-Planus-Oral-43.jpg,720,474,697.03,True,
Lichen_Planus,PSD_00000626__DermNet_Lichen-Planus-Oral-44.jpg,720,474,245.92,True,
Lichen_Planus,PSD_00000627__DermNet_Lichen-Planus-Oral-46.jpg,473,720,869.29,True,
Lichen_Planus,PSD_00000628__DermNet_Lichen-Planus-Oral-47.jpg,473,720,900.06,True,
Lichen_Planus,PSD_00000629__DermNet_Lichen-Planus-Oral-48.jpg,720,474,1093.38,True,
Lichen_Planus,PSD_00000630__DermNet_Lichen-Planus-Oral-5.jpg,720,480,711.68,True,
Lichen_Planus,PSD_00000631__DermNet_Lichen-Planus-Oral-6.jpg,720,480,297.45,True,
Lichen_Planus,PSD_00000632__DermNet_Lichen-Planus-Oral-7.jpg,720,480,241.23,True,
Lichen_Planus,PSD_00000633__DermNet_Lichen-Planus-Oral-8.jpg,720,472,179.14,True,
Lichen_Planus,PSD_00000634__DermNet_Lichen-Planus-Oral-9.jpg,720,472,455.41,True,
Lichen_Planus,PSD_00000635__DermNet_Lichen-Planus-Palm-Soles-1.jpg,720,472,582.98,True,
Lichen_Planus,PSD_00000636__DermNet_Lichen-Planus-Palm-Soles-10.jpg,720,482,594.09,True,
Lichen_Planus,PSD_00000637__DermNet_Lichen-Planus-Palm-Soles-2.jpg,720,472,428.22,True,
Lichen_Planus,PSD_00000638__DermNet_Lichen-Planus-Palm-Soles-3.jpg,720,441,296.83,True,
Lichen_Planus,PSD_00000639__DermNet_Lichen-Planus-Palm-Soles-4.jpg,720,479,507.17,True,
Lichen_Planus,PSD_00000640__DermNet_Lichen-Planus-Palm-Soles-5.jpg,479,720,323.67,True,
Lichen_Planus,PSD_00000641__DermNet_Lichen-Planus-Palm-Soles-6.jpg,563,720,323.96,True,
Lichen_Planus,PSD_00000642__DermNet_Lichen-Planus-Palm-Soles-7.jpg,720,494,387.83,True,
Lichen_Planus,PSD_00000643__DermNet_Lichen-Planus-Palm-Soles-8.jpg,720,496,881.91,True,
Lichen_Planus,PSD_00000644__DermNet_Lichen-Planus-Palm-Soles-9.jpg,720,481,547.6,True,
Lichen_Planus,PSD_00000645__DermNet_Lichen-Planus-Penis-1.jpg,720,472,1363.2,True,
Lichen_Planus,PSD_00000646__DermNet_Lichen-Planus-Penis-11.jpg,479,720,686.59,True,
Lichen_Planus,PSD_00000647__DermNet_Lichen-Planus-Penis-12.jpg,479,720,697.96,True,
Lichen_Planus,PSD_00000648__DermNet_Lichen-Planus-Penis-13.jpg,720,474,1411.34,True,
Lichen_Planus,PSD_00000649__DermNet_Lichen-Planus-Penis-2.jpg,720,472,610.06,True,
Lichen_Planus,PSD_00000650__DermNet_Lichen-Planus-Penis-3.jpg,720,472,708.56,True,
Lichen_Planus,PSD_00000651__DermNet_Lichen-Planus-Penis-4.jpg,720,472,935.18,True,
Lichen_Planus,PSD_00000652__DermNet_Lichen-Planus-Penis-6.jpg,720,496,1322.18,True,
Lichen_Planus,PSD_00000653__DermNet_Lichen-Planus-Penis-7.jpg,720,496,762.38,True,
Lichen_Planus,PSD_00000654__DermNet_Lichen-Planus-Penis-8.jpg,720,496,1518.63,True,
Lichen_Planus,PSD_00000655__DermNet_Lichen-Planus-Penis-9.jpg,720,479,1994.21,True,
Lichen_Planus,PSD_00000656__DermNet_lichen-planus-vaginal-1.jpg,720,467,753.09,True,
Lichen_Planus,PSD_00000657__DermNet_lichen-planus-vaginal-10.jpg,479,720,612.18,True,
Lichen_Planus,PSD_00000658__DermNet_lichen-planus-vaginal-11.jpg,479,720,764.35,True,
Lichen_Planus,PSD_00000659__DermNet_lichen-planus-vaginal-12.jpg,479,720,324.98,True,
Lichen_Planus,PSD_00000660__DermNet_lichen-planus-vaginal-14.jpg,720,477,4423.78,True,
Lichen_Planus,PSD_00000661__DermNet_lichen-planus-vaginal-2.jpg,496,720,1341.9,True,
Lichen_Planus,PSD_00000662__DermNet_lichen-planus-vaginal-3.jpg,496,720,1934.41,True,
Lichen_Planus,PSD_00000663__DermNet_lichen-planus-vaginal-4.jpg,496,720,2020.51,True,
Lichen_Planus,PSD_00000664__DermNet_lichen-planus-vaginal-5.jpg,479,720,908.44,True,
Lichen_Planus,PSD_00000665__DermNet_lichen-planus-vaginal-6.jpg,479,720,999.47,True,
Lichen_Planus,PSD_00000666__DermNet_lichen-planus-vaginal-7.jpg,479,720,816.25,True,
Lichen_Planus,PSD_00000667__DermNet_lichen-planus-vaginal-8.jpg,479,720,1759.05,True,
Lichen_Planus,PSD_00000668__DermNet_lichen-planus-10.jpg,480,720,705.16,True,
Lichen_Planus,PSD_00000669__DermNet_lichen-planus-113.jpg,720,480,613.57,True,
Lichen_Planus,PSD_00000670__DermNet_lichen-planus-115.jpg,720,464,407.97,True,
Lichen_Planus,PSD_00000671__DermNet_lichen-planus-117.jpg,472,720,332.52,True,
Lichen_Planus,PSD_00000672__DermNet_lichen-planus-121.jpg,720,486,831.99,True,
Lichen_Planus,PSD_00000673__DermNet_lichen-planus-125.jpg,720,489,843.92,True,
Lichen_Planus,PSD_00000674__DermNet_lichen-planus-129.jpg,720,496,2175.48,True,
Lichen_Planus,PSD_00000675__DermNet_lichen-planus-133.jpg,720,496,205.34,True,
Lichen_Planus,PSD_00000676__DermNet_lichen-planus-144.jpg,496,720,760.11,True,
Lichen_Planus,PSD_00000677__DermNet_lichen-planus-149.jpg,720,496,312.91,True,
Lichen_Planus,PSD_00000678__DermNet_lichen-planus-153.jpg,720,496,1907.85,True,
Lichen_Planus,PSD_00000680__DermNet_lichen-planus-159.jpg,720,496,604.54,True,
Lichen_Planus,PSD_00000681__DermNet_lichen-planus-16.jpg,720,480,924.57,True,
Lichen_Planus,PSD_00000683__DermNet_lichen-planus-168.jpg,720,496,714.67,True,
Lichen_Planus,PSD_00000684__DermNet_lichen-planus-180.jpg,479,720,935.77,True,
Lichen_Planus,PSD_00000685__DermNet_lichen-planus-186.jpg,720,479,54.06,False,blur variance 54.1 below threshold 100.0
Lichen_Planus,PSD_00000686__DermNet_lichen-planus-187.jpg,720,479,468.28,True,
Lichen_Planus,PSD_00000687__DermNet_lichen-planus-188.jpg,720,479,616.6,True,
Lichen_Planus,PSD_00000688__DermNet_lichen-planus-190.jpg,720,479,614.55,True,
Lichen_Planus,PSD_00000689__DermNet_lichen-planus-199.jpg,479,720,831.18,True,
Lichen_Planus,PSD_00000690__DermNet_lichen-planus-205.jpg,720,479,60.93,False,blur variance 60.9 below threshold 100.0
Lichen_Planus,PSD_00000691__DermNet_lichen-planus-212.jpg,720,479,135.98,True,
Lichen_Planus,PSD_00000692__DermNet_lichen-planus-83.jpg,480,720,284.62,True,
Lichen_Planus,PSD_00000693__DermNet_lichen-planus-84.jpg,720,480,393.87,True,
Lichen_Planus,PSD_00000695__DermNet_lichen-planus-89.jpg,720,464,1139.44,True,
Lichen_Planus,PSD_00000696__DermNet_lichen-planus-97.jpg,720,472,595.09,True,
Lichen_Planus,PSD_00000697__DermNet_Lichen-Planus-Drug-19.jpg,479,720,514.74,True,
Lichen_Planus,PSD_00000698__DermNet_Lichen-Planus-Drug-20.jpg,720,479,736.53,True,
Lichen_Planus,PSD_00000699__DermNet_Lichen-Planus-Drug-28.jpg,479,720,656.96,True,
Lichen_Planus,PSD_00000701__DermNet_Lichen-Planus-Hypertrophic-17.jpg,720,480,3091.9,True,
Lichen_Planus,PSD_00000702__DermNet_Lichen-Planus-Hypertrophic-18.jpg,496,720,1541.81,True,
Lichen_Planus,PSD_00000703__DermNet_Lichen-Planus-Hypertrophic-22.jpg,720,474,4056.64,True,
Lichen_Planus,PSD_00000704__DermNet_Lichen-Planus-Hypertrophic-8.jpg,720,472,266.77,True,
Lichen_Planus,PSD_00000705__DermNet_Lichen-Planus-Oral-13.jpg,720,480,204.85,True,
Lichen_Planus,PSD_00000706__DermNet_Lichen-Planus-Oral-14.jpg,720,480,435.05,True,
Lichen_Planus,PSD_00000707__DermNet_Lichen-Planus-Oral-23.jpg,720,476,1454.24,True,
Lichen_Planus,PSD_00000708__DermNet_Lichen-Planus-Oral-32.jpg,720,479,725.49,True,
Lichen_Planus,PSD_00000709__DermNet_Lichen-Planus-Oral-41.jpg,720,477,1465.03,True,
Lichen_Planus,PSD_00000710__DermNet_Lichen-Planus-Oral-45.jpg,720,474,2327.36,True,
Lichen_Planus,PSD_00000711__DermNet_Lichen-Planus-Palm-Soles-11.jpg,720,478,1862.3,True,
Lichen_Planus,PSD_00000712__DermNet_Lichen-Planus-Penis-10.jpg,720,479,477.58,True,
Lichen_Planus,PSD_00000713__DermNet_Lichen-Planus-Penis-5.jpg,489,720,343.53,True,
Lichen_Planus,PSD_00000714__DermNet_lichen-planus-vaginal-9.jpg,479,720,584.51,True,
Pityriasis_Rosea,PSD_00000715__DermNet_pityriasis-rosea-1.jpg,720,474,437.14,True,
Pityriasis_Rosea,PSD_00000716__DermNet_pityriasis-rosea-10.jpg,720,477,1037.53,True,
Pityriasis_Rosea,PSD_00000717__DermNet_pityriasis-rosea-100.jpg,475,720,139.25,True,
Pityriasis_Rosea,PSD_00000718__DermNet_pityriasis-rosea-102.jpg,720,485,640.18,True,
Pityriasis_Rosea,PSD_00000719__DermNet_pityriasis-rosea-104.jpg,720,489,144.61,True,
Pityriasis_Rosea,PSD_00000720__DermNet_pityriasis-rosea-105.jpg,635,720,726.17,True,
Pityriasis_Rosea,PSD_00000721__DermNet_pityriasis-rosea-107.jpg,720,485,1313.49,True,
Pityriasis_Rosea,PSD_00000722__DermNet_pityriasis-rosea-108.jpg,720,472,281.18,True,
Pityriasis_Rosea,PSD_00000723__DermNet_pityriasis-rosea-109.jpg,720,472,901.67,True,
Pityriasis_Rosea,PSD_00000724__DermNet_pityriasis-rosea-110.jpg,720,472,841.14,True,
Pityriasis_Rosea,PSD_00000725__DermNet_pityriasis-rosea-112.jpg,480,720,72.52,False,blur variance 72.5 below threshold 100.0
Pityriasis_Rosea,PSD_00000726__DermNet_pityriasis-rosea-114.jpg,720,480,135.41,True,
Pityriasis_Rosea,PSD_00000727__DermNet_pityriasis-rosea-117.jpg,720,472,306.53,True,
Pityriasis_Rosea,PSD_00000728__DermNet_pityriasis-rosea-118.jpg,480,720,53.06,False,blur variance 53.1 below threshold 100.0
Pityriasis_Rosea,PSD_00000729__DermNet_pityriasis-rosea-119.jpg,720,480,79.51,False,blur variance 79.5 below threshold 100.0
Pityriasis_Rosea,PSD_00000730__DermNet_pityriasis-rosea-12.jpg,477,720,134.23,True,
Pityriasis_Rosea,PSD_00000731__DermNet_pityriasis-rosea-120.jpg,480,720,355.76,True,
Pityriasis_Rosea,PSD_00000732__DermNet_pityriasis-rosea-123.jpg,720,472,541.31,True,
Pityriasis_Rosea,PSD_00000733__DermNet_pityriasis-rosea-124.jpg,720,472,1806.37,True,
Pityriasis_Rosea,PSD_00000734__DermNet_pityriasis-rosea-125.jpg,720,472,229.56,True,
Pityriasis_Rosea,PSD_00000735__DermNet_pityriasis-rosea-126.jpg,720,472,902.38,True,
Pityriasis_Rosea,PSD_00000736__DermNet_pityriasis-rosea-127.jpg,720,472,328.8,True,
Pityriasis_Rosea,PSD_00000738__DermNet_pityriasis-rosea-129.jpg,720,472,358.2,True,
Pityriasis_Rosea,PSD_00000739__DermNet_pityriasis-rosea-13.jpg,473,720,632.83,True,
Pityriasis_Rosea,PSD_00000740__DermNet_pityriasis-rosea-130.jpg,480,720,31.47,False,blur variance 31.5 below threshold 100.0
Pityriasis_Rosea,PSD_00000741__DermNet_pityriasis-rosea-132.jpg,480,720,75.37,False,blur variance 75.4 below threshold 100.0
Pityriasis_Rosea,PSD_00000742__DermNet_pityriasis-rosea-133.jpg,720,472,731.78,True,
Pityriasis_Rosea,PSD_00000743__DermNet_pityriasis-rosea-134.jpg,720,472,660.67,True,
Pityriasis_Rosea,PSD_00000744__DermNet_pityriasis-rosea-136.jpg,480,720,99.91,False,blur variance 99.9 below threshold 100.0
Pityriasis_Rosea,PSD_00000746__DermNet_pityriasis-rosea-138.jpg,480,720,93.48,False,blur variance 93.5 below threshold 100.0
Pityriasis_Rosea,PSD_00000747__DermNet_pityriasis-rosea-14.jpg,466,720,645.56,True,
Pityriasis_Rosea,PSD_00000748__DermNet_pityriasis-rosea-141.jpg,472,720,126.02,True,
Pityriasis_Rosea,PSD_00000749__DermNet_pityriasis-rosea-144.jpg,480,720,90.06,False,blur variance 90.1 below threshold 100.0
Pityriasis_Rosea,PSD_00000750__DermNet_pityriasis-rosea-145.jpg,480,720,74.82,False,blur variance 74.8 below threshold 100.0
Pityriasis_Rosea,PSD_00000751__DermNet_pityriasis-rosea-148.jpg,720,480,794.14,True,
Pityriasis_Rosea,PSD_00000752__DermNet_pityriasis-rosea-149.jpg,480,720,382.79,True,
Pityriasis_Rosea,PSD_00000753__DermNet_pityriasis-rosea-15.jpg,619,720,1348.62,True,
Pityriasis_Rosea,PSD_00000754__DermNet_pityriasis-rosea-150.jpg,480,720,99.3,False,blur variance 99.3 below threshold 100.0
Pityriasis_Rosea,PSD_00000755__DermNet_pityriasis-rosea-151.jpg,720,472,436.49,True,
Pityriasis_Rosea,PSD_00000756__DermNet_pityriasis-rosea-152.jpg,720,472,235.78,True,
Pityriasis_Rosea,PSD_00000757__DermNet_pityriasis-rosea-153.jpg,720,472,1130.13,True,
Pityriasis_Rosea,PSD_00000758__DermNet_pityriasis-rosea-155.jpg,720,480,984.75,True,
Pityriasis_Rosea,PSD_00000759__DermNet_pityriasis-rosea-157.jpg,720,472,433.51,True,
Pityriasis_Rosea,PSD_00000760__DermNet_pityriasis-rosea-158.jpg,480,720,403.22,True,
Pityriasis_Rosea,PSD_00000761__DermNet_pityriasis-rosea-16.jpg,720,591,722.53,True,
Pityriasis_Rosea,PSD_00000762__DermNet_pityriasis-rosea-160.jpg,720,472,79.78,False,blur variance 79.8 below threshold 100.0
Pityriasis_Rosea,PSD_00000763__DermNet_pityriasis-rosea-162.jpg,472,720,151.08,True,
Pityriasis_Rosea,PSD_00000764__DermNet_pityriasis-rosea-164.jpg,720,472,1178.54,True,
Pityriasis_Rosea,PSD_00000765__DermNet_pityriasis-rosea-165.jpg,720,472,288.96,True,
Pityriasis_Rosea,PSD_00000766__DermNet_pityriasis-rosea-166.jpg,720,472,345.12,True,
Pityriasis_Rosea,PSD_00000767__DermNet_pityriasis-rosea-168.jpg,720,472,358.79,True,
Pityriasis_Rosea,PSD_00000768__DermNet_pityriasis-rosea-169.jpg,720,472,1347.12,True,
Pityriasis_Rosea,PSD_00000769__DermNet_pityriasis-rosea-17.jpg,586,720,598.13,True,
Pityriasis_Rosea,PSD_00000770__DermNet_pityriasis-rosea-170.jpg,720,472,303.36,True,
Pityriasis_Rosea,PSD_00000771__DermNet_pityriasis-rosea-172.jpg,472,720,118.09,True,
Pityriasis_Rosea,PSD_00000772__DermNet_pityriasis-rosea-174.jpg,720,472,123.63,True,
Pityriasis_Rosea,PSD_00000773__DermNet_pityriasis-rosea-175.jpg,720,472,552.01,True,
Pityriasis_Rosea,PSD_00000774__DermNet_pityriasis-rosea-177.jpg,720,472,434.45,True,
Pityriasis_Rosea,PSD_00000775__DermNet_pityriasis-rosea-178.jpg,720,472,303.69,True,
Pityriasis_Rosea,PSD_00000776__DermNet_pityriasis-rosea-179.jpg,720,472,438.18,True,
Pityriasis_Rosea,PSD_00000777__DermNet_pityriasis-rosea-18.jpg,479,720,750.16,True,
Pityriasis_Rosea,PSD_00000778__DermNet_pityriasis-rosea-180.jpg,720,472,443.33,True,
Pityriasis_Rosea,PSD_00000779__DermNet_pityriasis-rosea-181.jpg,720,472,645.72,True,
Pityriasis_Rosea,PSD_00000780__DermNet_pityriasis-rosea-182.jpg,720,472,418.08,True,
Pityriasis_Rosea,PSD_00000781__DermNet_pityriasis-rosea-183.jpg,720,472,497.29,True,
Pityriasis_Rosea,PSD_00000782__DermNet_pityriasis-rosea-184.jpg,472,720,129.19,True,
Pityriasis_Rosea,PSD_00000783__DermNet_pityriasis-rosea-185.jpg,472,720,179.53,True,
Pityriasis_Rosea,PSD_00000784__DermNet_pityriasis-rosea-186.jpg,472,720,295.03,True,
Pityriasis_Rosea,PSD_00000785__DermNet_pityriasis-rosea-188.jpg,472,720,53.76,False,blur variance 53.8 below threshold 100.0
Pityriasis_Rosea,PSD_00000786__DermNet_pityriasis-rosea-19.jpg,479,720,114.25,True,
Pityriasis_Rosea,PSD_00000787__DermNet_pityriasis-rosea-190.jpg,720,472,37.9,False,blur variance 37.9 below threshold 100.0
Pityriasis_Rosea,PSD_00000788__DermNet_pityriasis-rosea-192.jpg,472,720,32.47,False,blur variance 32.5 below threshold 100.0
Pityriasis_Rosea,PSD_00000789__DermNet_pityriasis-rosea-193.jpg,720,472,241.02,True,
Pityriasis_Rosea,PSD_00000790__DermNet_pityriasis-rosea-194.jpg,720,472,832.73,True,
Pityriasis_Rosea,PSD_00000791__DermNet_pityriasis-rosea-195.jpg,720,472,347.61,True,
Pityriasis_Rosea,PSD_00000792__DermNet_pityriasis-rosea-196.jpg,472,720,65.86,False,blur variance 65.9 below threshold 100.0
Pityriasis_Rosea,PSD_00000793__DermNet_pityriasis-rosea-198.jpg,720,472,68.03,False,blur variance 68.0 below threshold 100.0
Pityriasis_Rosea,PSD_00000794__DermNet_pityriasis-rosea-2.jpg,473,720,268.52,True,
Pityriasis_Rosea,PSD_00000795__DermNet_pityriasis-rosea-20.jpg,479,720,118.52,True,
Pityriasis_Rosea,PSD_00000796__DermNet_pityriasis-rosea-201.jpg,720,472,585.9,True,
Pityriasis_Rosea,PSD_00000797__DermNet_pityriasis-rosea-21.jpg,720,479,844.21,True,
Pityriasis_Rosea,PSD_00000798__DermNet_pityriasis-rosea-23.jpg,720,479,1676.7,True,
Pityriasis_Rosea,PSD_00000799__DermNet_pityriasis-rosea-80.jpg,720,496,385.32,True,
Pityriasis_Rosea,PSD_00000800__DermNet_pityriasis-rosea-81.jpg,720,496,190.44,True,
Pityriasis_Rosea,PSD_00000801__DermNet_pityriasis-rosea-82.jpg,720,496,746.09,True,
Pityriasis_Rosea,PSD_00000802__DermNet_pityriasis-rosea-83.jpg,720,496,556.28,True,
Pityriasis_Rosea,PSD_00000803__DermNet_pityriasis-rosea-84.jpg,720,496,790.56,True,
Pityriasis_Rosea,PSD_00000804__DermNet_pityriasis-rosea-85.jpg,720,496,1133.67,True,
Pityriasis_Rosea,PSD_00000805__DermNet_pityriasis-rosea-86.jpg,496,720,568.64,True,
Pityriasis_Rosea,PSD_00000806__DermNet_pityriasis-rosea-88.jpg,720,496,2048.78,True,
Pityriasis_Rosea,PSD_00000807__DermNet_pityriasis-rosea-92.jpg,720,496,660.53,True,
Pityriasis_Rosea,PSD_00000808__DermNet_pityriasis-rosea-93.jpg,720,496,776.05,True,
Pityriasis_Rosea,PSD_00000809__DermNet_pityriasis-rosea-96.jpg,480,720,705.13,True,
Pityriasis_Rosea,PSD_00000810__DermNet_pityriasis-rosea-97.jpg,720,481,232.31,True,
Pityriasis_Rosea,PSD_00000812__DermNet_pityriasis-rosea-99.jpg,720,470,567.75,True,
Pityriasis_Rosea,PSD_00000813__DermNet_pityriasis-rosea-106.jpg,720,468,647.77,True,
Pityriasis_Rosea,PSD_00000814__DermNet_pityriasis-rosea-11.jpg,720,477,342.28,True,
Pityriasis_Rosea,PSD_00000815__DermNet_pityriasis-rosea-116.jpg,720,472,791.18,True,
Pityriasis_Rosea,PSD_00000816__DermNet_pityriasis-rosea-121.jpg,480,720,183.06,True,
Pityriasis_Rosea,PSD_00000817__DermNet_pityriasis-rosea-122.jpg,480,720,427.62,True,
Pityriasis_Rosea,PSD_00000818__DermNet_pityriasis-rosea-131.jpg,480,720,69.48,False,blur variance 69.5 below threshold 100.0
Pityriasis_Rosea,PSD_00000819__DermNet_pityriasis-rosea-135.jpg,720,472,874.77,True,
Pityriasis_Rosea,PSD_00000821__DermNet_pityriasis-rosea-140.jpg,720,480,136.83,True,
Pityriasis_Rosea,PSD_00000822__DermNet_pityriasis-rosea-143.jpg,480,720,80.51,False,blur variance 80.5 below threshold 100.0
Pityriasis_Rosea,PSD_00000823__DermNet_pityriasis-rosea-146.jpg,480,720,77.02,False,blur variance 77.0 below threshold 100.0
Pityriasis_Rosea,PSD_00000824__DermNet_pityriasis-rosea-154.jpg,480,720,120.69,True,
Pityriasis_Rosea,PSD_00000825__DermNet_pityriasis-rosea-156.jpg,480,720,351.18,True,
Pityriasis_Rosea,PSD_00000826__DermNet_pityriasis-rosea-159.jpg,720,480,351.85,True,
Pityriasis_Rosea,PSD_00000827__DermNet_pityriasis-rosea-161.jpg,472,720,84.56,False,blur variance 84.6 below threshold 100.0
Pityriasis_Rosea,PSD_00000828__DermNet_pityriasis-rosea-173.jpg,720,472,444.05,True,
Pityriasis_Rosea,PSD_00000829__DermNet_pityriasis-rosea-176.jpg,720,472,497.79,True,
Pityriasis_Rosea,PSD_00000830__DermNet_pityriasis-rosea-187.jpg,472,720,323.65,True,
Pityriasis_Rosea,PSD_00000831__DermNet_pityriasis-rosea-189.jpg,720,472,30.27,False,blur variance 30.3 below threshold 100.0
Pityriasis_Rosea,PSD_00000832__DermNet_pityriasis-rosea-191.jpg,472,720,91.96,False,blur variance 92.0 below threshold 100.0
Pityriasis_Rosea,PSD_00000833__DermNet_pityriasis-rosea-197.jpg,720,472,265.36,True,
Pityriasis_Rosea,PSD_00000834__DermNet_pityriasis-rosea-199.jpg,720,472,405.25,True,
Pityriasis_Rosea,PSD_00000835__DermNet_pityriasis-rosea-200.jpg,720,472,369.1,True,
Pityriasis_Rosea,PSD_00000836__DermNet_pityriasis-rosea-22.jpg,720,479,1359.89,True,
Pityriasis_Rosea,PSD_00000837__DermNet_pityriasis-rosea-8.jpg,473,720,1227.93,True,
Pityriasis_Rosea,PSD_00000838__DermNet_pityriasis-rosea-87.jpg,720,496,1230.06,True,
Pityriasis_Rosea,PSD_00000839__DermNet_pityriasis-rosea-9.jpg,720,474,1502.5,True,
Pityriasis_Rosea,PSD_00000840__DermNet_pityriasis-rosea-90.jpg,720,496,264.78,True,
Pityriasis_Rosea,PSD_00000841__DermNet_pityriasis-rosea-91.jpg,720,496,1856.09,True,
Pityriasis_Rosea,PSD_00000842__DermNet_pityriasis-rosea-94.jpg,496,720,643.62,True,
Pityriasis_Rosea,PSD_00000843__DermNet_pityriasis-rosea-95.jpg,468,720,147.22,True,
Seborrheic_Dermatitis,PSD_00001673__DermNet_seborrheic-dermatitis-10.jpg,720,472,682.15,True,
Seborrheic_Dermatitis,PSD_00001674__DermNet_seborrheic-dermatitis-101.jpg,480,720,630.51,True,
Seborrheic_Dermatitis,PSD_00001675__DermNet_seborrheic-dermatitis-102.jpg,480,720,544.03,True,
Seborrheic_Dermatitis,PSD_00001676__DermNet_seborrheic-dermatitis-103.jpg,720,480,1841.07,True,
Seborrheic_Dermatitis,PSD_00001677__DermNet_seborrheic-dermatitis-104.jpg,720,480,1301.12,True,
Seborrheic_Dermatitis,PSD_00001678__DermNet_seborrheic-dermatitis-106.jpg,720,472,900.36,True,
Seborrheic_Dermatitis,PSD_00001679__DermNet_seborrheic-dermatitis-109.jpg,720,480,614.44,True,
Seborrheic_Dermatitis,PSD_00001680__DermNet_seborrheic-dermatitis-110.jpg,480,720,3104.11,True,
Seborrheic_Dermatitis,PSD_00001681__DermNet_seborrheic-dermatitis-111.jpg,720,480,2553.89,True,
Seborrheic_Dermatitis,PSD_00001682__DermNet_seborrheic-dermatitis-112.jpg,720,480,2935.27,True,
Seborrheic_Dermatitis,PSD_00001683__DermNet_seborrheic-dermatitis-114.jpg,720,472,653.0,True,
Seborrheic_Dermatitis,PSD_00001684__DermNet_seborrheic-dermatitis-115.jpg,720,472,780.17,True,
Seborrheic_Dermatitis,PSD_00001685__DermNet_seborrheic-dermatitis-116.jpg,720,480,966.68,True,
Seborrheic_Dermatitis,PSD_00001686__DermNet_seborrheic-dermatitis-118.jpg,720,472,723.44,True,
Seborrheic_Dermatitis,PSD_00001687__DermNet_seborrheic-dermatitis-119.jpg,720,472,816.16,True,
Seborrheic_Dermatitis,PSD_00001688__DermNet_seborrheic-dermatitis-12.jpg,720,480,958.9,True,
Seborrheic_Dermatitis,PSD_00001689__DermNet_seborrheic-dermatitis-120.jpg,720,472,996.54,True,
Seborrheic_Dermatitis,PSD_00001690__DermNet_seborrheic-dermatitis-121.jpg,720,472,727.48,True,
Seborrheic_Dermatitis,PSD_00001691__DermNet_seborrheic-dermatitis-123.jpg,720,472,677.28,True,
Seborrheic_Dermatitis,PSD_00001692__DermNet_seborrheic-dermatitis-124.jpg,720,472,822.91,True,
Seborrheic_Dermatitis,PSD_00001693__DermNet_seborrheic-dermatitis-125.jpg,720,472,623.24,True,
Seborrheic_Dermatitis,PSD_00001694__DermNet_seborrheic-dermatitis-126.jpg,720,472,375.54,True,
Seborrheic_Dermatitis,PSD_00001695__DermNet_seborrheic-dermatitis-127.jpg,720,472,7800.43,True,
Seborrheic_Dermatitis,PSD_00001696__DermNet_seborrheic-dermatitis-128.jpg,720,472,776.16,True,
Seborrheic_Dermatitis,PSD_00001697__DermNet_seborrheic-dermatitis-13.jpg,720,480,899.41,True,
Seborrheic_Dermatitis,PSD_00001698__DermNet_seborrheic-dermatitis-130.jpg,720,472,984.46,True,
Seborrheic_Dermatitis,PSD_00001699__DermNet_seborrheic-dermatitis-131.jpg,720,480,664.13,True,
Seborrheic_Dermatitis,PSD_00001700__DermNet_seborrheic-dermatitis-133.jpg,720,472,845.47,True,
Seborrheic_Dermatitis,PSD_00001701__DermNet_seborrheic-dermatitis-134.jpg,720,472,1312.22,True,
Seborrheic_Dermatitis,PSD_00001702__DermNet_seborrheic-dermatitis-136.jpg,720,476,9432.78,True,
Seborrheic_Dermatitis,PSD_00001703__DermNet_seborrheic-dermatitis-138.jpg,720,455,2067.52,True,
Seborrheic_Dermatitis,PSD_00001704__DermNet_seborrheic-dermatitis-139.jpg,720,470,1445.36,True,
Seborrheic_Dermatitis,PSD_00001705__DermNet_seborrheic-dermatitis-14.jpg,720,480,914.46,True,
Seborrheic_Dermatitis,PSD_00001706__DermNet_seborrheic-dermatitis-140.jpg,476,720,643.92,True,
Seborrheic_Dermatitis,PSD_00001707__DermNet_seborrheic-dermatitis-141.jpg,473,720,530.39,True,
Seborrheic_Dermatitis,PSD_00001708__DermNet_seborrheic-dermatitis-142.jpg,720,466,925.07,True,
Seborrheic_Dermatitis,PSD_00001709__DermNet_seborrheic-dermatitis-143.jpg,482,720,624.37,True,
Seborrheic_Dermatitis,PSD_00001710__DermNet_seborrheic-dermatitis-144.jpg,720,471,230.76,True,
Seborrheic_Dermatitis,PSD_00001711__DermNet_seborrheic-dermatitis-145.jpg,720,460,82.34,False,blur variance 82.3 below threshold 100.0
Seborrheic_Dermatitis,PSD_00001712__DermNet_seborrheic-dermatitis-147.jpg,462,720,288.37,True,
Seborrheic_Dermatitis,PSD_00001713__DermNet_seborrheic-dermatitis-148.jpg,720,468,7876.3,True,
Seborrheic_Dermatitis,PSD_00001714__DermNet_seborrheic-dermatitis-149.jpg,720,474,344.0,True,
Seborrheic_Dermatitis,PSD_00001715__DermNet_seborrheic-dermatitis-150.jpg,720,496,1851.6,True,
Seborrheic_Dermatitis,PSD_00001716__DermNet_seborrheic-dermatitis-151.jpg,496,720,531.75,True,
Seborrheic_Dermatitis,PSD_00001717__DermNet_seborrheic-dermatitis-152.jpg,496,720,791.39,True,
Seborrheic_Dermatitis,PSD_00001718__DermNet_seborrheic-dermatitis-153.jpg,720,496,9564.77,True,
Seborrheic_Dermatitis,PSD_00001719__DermNet_seborrheic-dermatitis-154.jpg,496,720,730.77,True,
Seborrheic_Dermatitis,PSD_00001720__DermNet_seborrheic-dermatitis-155.jpg,720,496,563.47,True,
Seborrheic_Dermatitis,PSD_00001721__DermNet_seborrheic-dermatitis-76.jpg,720,480,853.5,True,
Seborrheic_Dermatitis,PSD_00001722__DermNet_seborrheic-dermatitis-77.jpg,720,472,260.5,True,
Seborrheic_Dermatitis,PSD_00001723__DermNet_seborrheic-dermatitis-79.jpg,720,472,1162.86,True,
Seborrheic_Dermatitis,PSD_00001724__DermNet_seborrheic-dermatitis-8.jpg,720,472,1319.55,True,
Seborrheic_Dermatitis,PSD_00001725__DermNet_seborrheic-dermatitis-80.jpg,720,472,134.28,True,
Seborrheic_Dermatitis,PSD_00001726__DermNet_seborrheic-dermatitis-81.jpg,720,480,5120.97,True,
Seborrheic_Dermatitis,PSD_00001727__DermNet_seborrheic-dermatitis-83.jpg,720,480,1763.04,True,
Seborrheic_Dermatitis,PSD_00001728__DermNet_seborrheic-dermatitis-85.jpg,720,472,248.51,True,
Seborrheic_Dermatitis,PSD_00001729__DermNet_seborrheic-dermatitis-86.jpg,720,480,229.75,True,
Seborrheic_Dermatitis,PSD_00001730__DermNet_seborrheic-dermatitis-88.jpg,480,720,271.85,True,
Seborrheic_Dermatitis,PSD_00001731__DermNet_seborrheic-dermatitis-92.jpg,480,720,418.8,True,
Seborrheic_Dermatitis,PSD_00001732__DermNet_seborrheic-dermatitis-93.jpg,720,480,756.64,True,
Seborrheic_Dermatitis,PSD_00001733__DermNet_seborrheic-dermatitis-94.jpg,720,480,1114.99,True,
Seborrheic_Dermatitis,PSD_00001734__DermNet_seborrheic-dermatitis-95.jpg,720,480,618.99,True,
Seborrheic_Dermatitis,PSD_00001735__DermNet_seborrheic-dermatitis-96.jpg,720,472,4904.72,True,
Seborrheic_Dermatitis,PSD_00001736__DermNet_seborrheic-dermatitis-98.jpg,720,472,3804.36,True,
Seborrheic_Dermatitis,PSD_00001737__DermNet_seborrheic-dermatitis-99.jpg,720,480,3584.0,True,
Seborrheic_Dermatitis,PSD_00001738__DermNet_seborrheic-dermatitis-100.jpg,720,480,726.7,True,
Seborrheic_Dermatitis,PSD_00001739__DermNet_seborrheic-dermatitis-107.jpg,720,472,1092.17,True,
Seborrheic_Dermatitis,PSD_00001740__DermNet_seborrheic-dermatitis-108.jpg,720,472,3534.07,True,
Seborrheic_Dermatitis,PSD_00001741__DermNet_seborrheic-dermatitis-11.jpg,720,480,472.75,True,
Seborrheic_Dermatitis,PSD_00001742__DermNet_seborrheic-dermatitis-113.jpg,720,472,203.57,True,
Seborrheic_Dermatitis,PSD_00001743__DermNet_seborrheic-dermatitis-117.jpg,720,472,489.33,True,
Seborrheic_Dermatitis,PSD_00001744__DermNet_seborrheic-dermatitis-122.jpg,720,472,595.88,True,
Seborrheic_Dermatitis,PSD_00001745__DermNet_seborrheic-dermatitis-129.jpg,720,472,392.94,True,
Seborrheic_Dermatitis,PSD_00001746__DermNet_seborrheic-dermatitis-132.jpg,720,472,762.04,True,
Seborrheic_Dermatitis,PSD_00001747__DermNet_seborrheic-dermatitis-135.jpg,720,474,4349.36,True,
Seborrheic_Dermatitis,PSD_00001748__DermNet_seborrheic-dermatitis-137.jpg,720,468,2632.41,True,
Seborrheic_Dermatitis,PSD_00001749__DermNet_seborrheic-dermatitis-146.jpg,490,720,516.35,True,
Seborrheic_Dermatitis,PSD_00001750__DermNet_seborrheic-dermatitis-15.jpg,720,472,364.92,True,
Seborrheic_Dermatitis,PSD_00001751__DermNet_seborrheic-dermatitis-78.jpg,720,480,815.97,True,
Seborrheic_Dermatitis,PSD_00001752__DermNet_seborrheic-dermatitis-82.jpg,720,480,2679.77,True,
Seborrheic_Dermatitis,PSD_00001753__DermNet_seborrheic-dermatitis-84.jpg,720,472,465.83,True,
Seborrheic_Dermatitis,PSD_00001754__DermNet_seborrheic-dermatitis-87.jpg,720,480,974.95,True,
Seborrheic_Dermatitis,PSD_00001756__DermNet_seborrheic-dermatitis-9.jpg,720,472,990.12,True,
Seborrheic_Dermatitis,PSD_00001757__DermNet_seborrheic-dermatitis-97.jpg,720,472,1852.86,True,
Seborrheic_Dermatitis,PSD_00001758__SkinDisNet_SD_01.jpg,512,512,58.78,False,blur variance 58.8 below threshold 100.0
Seborrheic_Dermatitis,PSD_00001759__SkinDisNet_SD_02.jpg,512,512,18.41,False,blur variance 18.4 below threshold 100.0
Seborrheic_Dermatitis,PSD_00001760__SkinDisNet_SD_03.jpg,512,512,100.35,True,
Seborrheic_Dermatitis,PSD_00001761__SkinDisNet_SD_04.jpg,512,512,111.58,True,
Seborrheic_Dermatitis,PSD_00001762__SkinDisNet_SD_05.jpg,512,512,66.98,False,blur variance 67.0 below threshold 100.0
Seborrheic_Dermatitis,PSD_00001763__SkinDisNet_SD_06.jpg,512,512,307.44,True,
Seborrheic_Dermatitis,PSD_00001764__SkinDisNet_SD_07.jpg,512,512,215.65,True,
Seborrheic_Dermatitis,PSD_00001765__SkinDisNet_SD_08.jpg,512,512,1228.43,True,
Seborrheic_Dermatitis,PSD_00001766__SkinDisNet_SD_09.jpg,512,512,109.06,True,
Seborrheic_Dermatitis,PSD_00001767__SkinDisNet_SD_10.jpg,512,512,124.27,True,
Seborrheic_Dermatitis,PSD_00001768__SkinDisNet_SD_11.jpg,512,512,578.72,True,
Seborrheic_Dermatitis,PSD_00001769__SkinDisNet_SD_12.jpg,512,512,289.04,True,
Seborrheic_Dermatitis,PSD_00001770__SkinDisNet_SD_13.jpg,512,512,26.93,False,blur variance 26.9 below threshold 100.0
Seborrheic_Dermatitis,PSD_00001771__SkinDisNet_SD_14.jpg,512,512,37.55,False,blur variance 37.6 below threshold 100.0
Seborrheic_Dermatitis,PSD_00001772__SkinDisNet_SD_15.jpg,512,512,8.08,False,blur variance 8.1 below threshold 100.0
Seborrheic_Dermatitis,PSD_00001773__SkinDisNet_SD_16.jpg,512,512,303.08,True,
Seborrheic_Dermatitis,PSD_00001774__SkinDisNet_SD_17.jpg,512,512,176.31,True,
Seborrheic_Dermatitis,PSD_00001775__SkinDisNet_SD_18.jpg,512,512,448.22,True,
Seborrheic_Dermatitis,PSD_00001776__SkinDisNet_SD_19.jpg,512,512,49.84,False,blur variance 49.8 below threshold 100.0
Seborrheic_Dermatitis,PSD_00001777__SkinDisNet_SD_20.jpg,512,512,397.62,True,
Seborrheic_Dermatitis,PSD_00001778__SkinDisNet_SD_21.jpg,512,512,73.33,False,blur variance 73.3 below threshold 100.0
Seborrheic_Dermatitis,PSD_00001779__SkinDisNet_SD_22.jpg,512,512,412.89,True,
Seborrheic_Dermatitis,PSD_00001780__SkinDisNet_SD_23.jpg,512,512,861.0,True,
Seborrheic_Dermatitis,PSD_00001781__SkinDisNet_SD_24.jpg,512,512,124.62,True,
Seborrheic_Dermatitis,PSD_00001782__SkinDisNet_SD_25.jpg,512,512,18.94,False,blur variance 18.9 below threshold 100.0
Seborrheic_Dermatitis,PSD_00001783__SkinDisNet_SD_26.jpg,512,512,370.37,True,
Seborrheic_Dermatitis,PSD_00001784__SkinDisNet_SD_27.jpg,512,512,43.04,False,blur variance 43.0 below threshold 100.0
Seborrheic_Dermatitis,PSD_00001785__SkinDisNet_SD_28.jpg,512,512,99.61,False,blur variance 99.6 below threshold 100.0
Seborrheic_Dermatitis,PSD_00001786__SkinDisNet_SD_29.jpg,512,512,1005.76,True,
Seborrheic_Dermatitis,PSD_00001787__SkinDisNet_SD_30.jpg,512,512,891.51,True,
Seborrheic_Dermatitis,PSD_00001788__SkinDisNet_SD_31.jpg,512,512,208.01,True,
Seborrheic_Dermatitis,PSD_00001789__SkinDisNet_SD_32.jpg,512,512,800.06,True,
Seborrheic_Dermatitis,PSD_00001790__SkinDisNet_SD_33.jpg,512,512,33.03,False,blur variance 33.0 below threshold 100.0
Seborrheic_Dermatitis,PSD_00001791__SkinDisNet_SD_34.jpg,512,512,684.01,True,
Seborrheic_Dermatitis,PSD_00001792__SkinDisNet_SD_35.jpg,512,512,2036.69,True,
Seborrheic_Dermatitis,PSD_00001793__SkinDisNet_SD_36.jpg,512,512,71.6,False,blur variance 71.6 below threshold 100.0
Seborrheic_Dermatitis,PSD_00001794__SkinDisNet_SD_37.jpg,512,512,370.71,True,
Seborrheic_Dermatitis,PSD_00001795__SkinDisNet_SD_38.jpg,512,512,255.77,True,
Seborrheic_Dermatitis,PSD_00001796__SkinDisNet_SD_39.jpg,512,512,499.38,True,
Seborrheic_Dermatitis,PSD_00001797__SkinDisNet_SD_40.jpg,512,512,19.01,False,blur variance 19.0 below threshold 100.0
Seborrheic_Dermatitis,PSD_00001798__SkinDisNet_SD_41.jpg,512,512,1289.87,True,
Seborrheic_Dermatitis,PSD_00001799__SkinDisNet_SD_42.jpg,512,512,325.49,True,
Seborrheic_Dermatitis,PSD_00001800__SkinDisNet_SD_43.jpg,512,512,271.44,True,
Seborrheic_Dermatitis,PSD_00001801__SkinDisNet_SD_44.jpg,512,512,132.4,True,
Seborrheic_Dermatitis,PSD_00001802__SkinDisNet_SD_45.jpg,512,512,9.96,False,blur variance 10.0 below threshold 100.0
Seborrheic_Dermatitis,PSD_00001803__SkinDisNet_SD_46.jpg,512,512,54.46,False,blur variance 54.5 below threshold 100.0
Seborrheic_Dermatitis,PSD_00001804__SkinDisNet_SD_47.jpg,512,512,1525.1,True,
Seborrheic_Dermatitis,PSD_00001805__SkinDisNet_SD_48.jpg,512,512,303.77,True,
Seborrheic_Dermatitis,PSD_00001806__SkinDisNet_SD_49.jpg,512,512,21.57,False,blur variance 21.6 below threshold 100.0
Seborrheic_Dermatitis,PSD_00001807__SkinDisNet_SD_50.jpg,512,512,50.33,False,blur variance 50.3 below threshold 100.0
Seborrheic_Dermatitis,PSD_00001808__SkinDisNet_SD_51.jpg,512,512,949.44,True,
Seborrheic_Dermatitis,PSD_00001809__SkinDisNet_SD_52.jpg,512,512,962.96,True,
Seborrheic_Dermatitis,PSD_00001810__SkinDisNet_SD_53.jpg,512,512,23.69,False,blur variance 23.7 below threshold 100.0
Seborrheic_Dermatitis,PSD_00001811__SkinDisNet_SD_54.jpg,512,512,43.07,False,blur variance 43.1 below threshold 100.0
Seborrheic_Dermatitis,PSD_00001812__SkinDisNet_SD_55.jpg,512,512,64.92,False,blur variance 64.9 below threshold 100.0
Seborrheic_Dermatitis,PSD_00001813__SkinDisNet_SD_56.jpg,512,512,577.37,True,
Seborrheic_Dermatitis,PSD_00001814__SkinDisNet_SD_57.jpg,512,512,83.65,False,blur variance 83.7 below threshold 100.0
Seborrheic_Dermatitis,PSD_00001815__SkinDisNet_SD_58.jpg,512,512,21.38,False,blur variance 21.4 below threshold 100.0
Seborrheic_Dermatitis,PSD_00001816__SkinDisNet_SD_59.jpg,512,512,65.7,False,blur variance 65.7 below threshold 100.0
Seborrheic_Dermatitis,PSD_00001817__SkinDisNet_SD_60.jpg,512,512,20.56,False,blur variance 20.6 below threshold 100.0
Seborrheic_Dermatitis,PSD_00001818__SkinDisNet_SD_61.jpg,512,512,14.71,False,blur variance 14.7 below threshold 100.0
Seborrheic_Dermatitis,PSD_00001819__SkinDisNet_SD_62.jpg,512,512,12.91,False,blur variance 12.9 below threshold 100.0
Seborrheic_Dermatitis,PSD_00001820__SkinDisNet_SD_63.jpg,512,512,66.54,False,blur variance 66.5 below threshold 100.0
Seborrheic_Dermatitis,PSD_00001821__SkinDisNet_SD_64.jpg,512,512,37.1,False,blur variance 37.1 below threshold 100.0
Seborrheic_Dermatitis,PSD_00001822__SkinDisNet_SD_65.jpg,512,512,115.2,True,
Seborrheic_Dermatitis,PSD_00001823__SkinDisNet_SD_66.jpg,512,512,96.52,False,blur variance 96.5 below threshold 100.0
Seborrheic_Dermatitis,PSD_00001824__SkinDisNet_SD_67.jpg,512,512,1265.6,True,
Seborrheic_Dermatitis,PSD_00001825__SkinDisNet_SD_68.jpg,512,512,344.76,True,
Seborrheic_Dermatitis,PSD_00001826__SkinDisNet_SD_69.jpg,512,512,460.38,True,
Seborrheic_Dermatitis,PSD_00001827__SkinDisNet_SD_70.jpg,512,512,41.13,False,blur variance 41.1 below threshold 100.0
Seborrheic_Dermatitis,PSD_00001829__SkinDisNet_SD_72.jpg,512,512,10.7,False,blur variance 10.7 below threshold 100.0
Seborrheic_Dermatitis,PSD_00001830__SkinDisNet_SD_73.jpg,512,512,16.35,False,blur variance 16.3 below threshold 100.0
Seborrheic_Dermatitis,PSD_00001831__SkinDisNet_SD_74.jpg,512,512,127.06,True,
Seborrheic_Dermatitis,PSD_00001832__SkinDisNet_SD_75.jpg,512,512,67.38,False,blur variance 67.4 below threshold 100.0
Seborrheic_Dermatitis,PSD_00001833__SkinDisNet_SD_76.jpg,512,512,47.27,False,blur variance 47.3 below threshold 100.0
Seborrheic_Dermatitis,PSD_00001834__SkinDisNet_SD_77.jpg,512,512,21.29,False,blur variance 21.3 below threshold 100.0
Seborrheic_Dermatitis,PSD_00001836__SkinDisNet_SD_79.jpg,512,512,279.16,True,
Seborrheic_Dermatitis,PSD_00001837__SkinDisNet_SD_01_01.jpg,512,512,35.66,False,blur variance 35.7 below threshold 100.0
Seborrheic_Dermatitis,PSD_00001838__SkinDisNet_SD_01_02.jpg,512,512,59.87,False,blur variance 59.9 below threshold 100.0
Seborrheic_Dermatitis,PSD_00001839__SkinDisNet_SD_01_03.jpg,512,512,27.71,False,blur variance 27.7 below threshold 100.0
Seborrheic_Dermatitis,PSD_00001840__SkinDisNet_SD_01_04.jpg,512,512,24.46,False,blur variance 24.5 below threshold 100.0
Seborrheic_Dermatitis,PSD_00001843__SkinDisNet_SD_01_07.jpg,512,512,161.91,True,
Seborrheic_Dermatitis,PSD_00001844__SkinDisNet_SD_02_01.jpg,512,512,14.53,False,blur variance 14.5 below threshold 100.0
Seborrheic_Dermatitis,PSD_00001846__SkinDisNet_SD_02_03.jpg,512,512,10.8,False,blur variance 10.8 below threshold 100.0
Seborrheic_Dermatitis,PSD_00001847__SkinDisNet_SD_02_04.jpg,512,512,14.4,False,blur variance 14.4 below threshold 100.0
Seborrheic_Dermatitis,PSD_00001850__SkinDisNet_SD_02_07.jpg,512,512,118.28,True,
Seborrheic_Dermatitis,PSD_00001852__SkinDisNet_SD_03_02.jpg,512,512,101.42,True,
Seborrheic_Dermatitis,PSD_00001853__SkinDisNet_SD_03_03.jpg,512,512,50.58,False,blur variance 50.6 below threshold 100.0
Seborrheic_Dermatitis,PSD_00001854__SkinDisNet_SD_03_04.jpg,512,512,43.45,False,blur variance 43.5 below threshold 100.0
Seborrheic_Dermatitis,PSD_00001857__SkinDisNet_SD_03_07.jpg,512,512,206.31,True,
Seborrheic_Dermatitis,PSD_00001858__SkinDisNet_SD_04_01.jpg,512,512,76.32,False,blur variance 76.3 below threshold 100.0
Seborrheic_Dermatitis,PSD_00001861__SkinDisNet_SD_04_04.jpg,512,512,32.39,False,blur variance 32.4 below threshold 100.0
Seborrheic_Dermatitis,PSD_00001864__SkinDisNet_SD_04_07.jpg,512,512,208.76,True,
Seborrheic_Dermatitis,PSD_00001865__SkinDisNet_SD_05_01.jpg,512,512,40.2,False,blur variance 40.2 below threshold 100.0
Seborrheic_Dermatitis,PSD_00001866__SkinDisNet_SD_05_02.jpg,512,512,67.49,False,blur variance 67.5 below threshold 100.0
Seborrheic_Dermatitis,PSD_00001867__SkinDisNet_SD_05_03.jpg,512,512,33.86,False,blur variance 33.9 below threshold 100.0
Seborrheic_Dermatitis,PSD_00001868__SkinDisNet_SD_05_04.jpg,512,512,33.52,False,blur variance 33.5 below threshold 100.0
Seborrheic_Dermatitis,PSD_00001871__SkinDisNet_SD_05_07.jpg,512,512,216.74,True,
Seborrheic_Dermatitis,PSD_00001872__SkinDisNet_SD_06_01.jpg,512,512,170.2,True,
Seborrheic_Dermatitis,PSD_00001875__SkinDisNet_SD_06_04.jpg,512,512,123.52,True,
Seborrheic_Dermatitis,PSD_00001878__SkinDisNet_SD_06_07.jpg,512,512,531.61,True,
Seborrheic_Dermatitis,PSD_00001879__SkinDisNet_SD_07_01.jpg,512,512,134.92,True,
Seborrheic_Dermatitis,PSD_00001882__SkinDisNet_SD_07_04.jpg,512,512,100.51,True,
Seborrheic_Dermatitis,PSD_00001885__SkinDisNet_SD_07_07.jpg,512,512,381.45,True,
Seborrheic_Dermatitis,PSD_00001886__SkinDisNet_SD_08_01.jpg,512,512,460.68,True,
Seborrheic_Dermatitis,PSD_00001887__SkinDisNet_SD_08_02.jpg,512,512,1230.65,True,
Seborrheic_Dermatitis,PSD_00001888__SkinDisNet_SD_08_03.jpg,512,512,466.16,True,
Seborrheic_Dermatitis,PSD_00001889__SkinDisNet_SD_08_04.jpg,512,512,246.32,True,
Seborrheic_Dermatitis,PSD_00001892__SkinDisNet_SD_08_07.jpg,512,512,1683.78,True,
Seborrheic_Dermatitis,PSD_00001893__SkinDisNet_SD_09_01.jpg,512,512,70.61,False,blur variance 70.6 below threshold 100.0
Seborrheic_Dermatitis,PSD_00001895__SkinDisNet_SD_09_03.jpg,512,512,70.6,False,blur variance 70.6 below threshold 100.0
Seborrheic_Dermatitis,PSD_00001896__SkinDisNet_SD_09_04.jpg,512,512,34.04,False,blur variance 34.0 below threshold 100.0
Seborrheic_Dermatitis,PSD_00001899__SkinDisNet_SD_09_07.jpg,512,512,307.69,True,
Seborrheic_Dermatitis,PSD_00001900__SkinDisNet_SD_10_01.jpg,512,512,66.4,False,blur variance 66.4 below threshold 100.0
Seborrheic_Dermatitis,PSD_00001902__SkinDisNet_SD_10_03.jpg,512,512,78.44,False,blur variance 78.4 below threshold 100.0
Seborrheic_Dermatitis,PSD_00001903__SkinDisNet_SD_10_04.jpg,512,512,63.8,False,blur variance 63.8 below threshold 100.0
Seborrheic_Dermatitis,PSD_00001906__SkinDisNet_SD_10_07.jpg,512,512,181.65,True,
Seborrheic_Dermatitis,PSD_00001907__SkinDisNet_SD_11_01.jpg,512,512,336.12,True,
Seborrheic_Dermatitis,PSD_00001908__SkinDisNet_SD_11_02.jpg,512,512,580.27,True,
Seborrheic_Dermatitis,PSD_00001909__SkinDisNet_SD_11_03.jpg,512,512,326.76,True,
Seborrheic_Dermatitis,PSD_00001910__SkinDisNet_SD_11_04.jpg,512,512,196.04,True,
Seborrheic_Dermatitis,PSD_00001913__SkinDisNet_SD_11_07.jpg,512,512,760.36,True,
Seborrheic_Dermatitis,PSD_00001914__SkinDisNet_SD_12_01.jpg,512,512,157.3,True,
Seborrheic_Dermatitis,PSD_00001915__SkinDisNet_SD_12_02.jpg,512,512,290.51,True,
Seborrheic_Dermatitis,PSD_00001916__SkinDisNet_SD_12_03.jpg,512,512,108.66,True,
Seborrheic_Dermatitis,PSD_00001917__SkinDisNet_SD_12_04.jpg,512,512,99.47,False,blur variance 99.5 below threshold 100.0
Seborrheic_Dermatitis,PSD_00001919__SkinDisNet_SD_12_06.jpg,512,512,397.26,True,
Seborrheic_Dermatitis,PSD_00001920__SkinDisNet_SD_12_07.jpg,512,512,468.0,True,
Seborrheic_Dermatitis,PSD_00001921__SkinDisNet_SD_13_01.jpg,512,512,18.89,False,blur variance 18.9 below threshold 100.0
Seborrheic_Dermatitis,PSD_00001923__SkinDisNet_SD_13_03.jpg,512,512,13.4,False,blur variance 13.4 below threshold 100.0
Seborrheic_Dermatitis,PSD_00001924__SkinDisNet_SD_13_04.jpg,512,512,17.05,False,blur variance 17.1 below threshold 100.0
Seborrheic_Dermatitis,PSD_00001927__SkinDisNet_SD_13_07.jpg,512,512,130.2,True,
Seborrheic_Dermatitis,PSD_00001928__SkinDisNet_SD_14_01.jpg,512,512,25.6,False,blur variance 25.6 below threshold 100.0
Seborrheic_Dermatitis,PSD_00001929__SkinDisNet_SD_14_02.jpg,512,512,38.48,False,blur variance 38.5 below threshold 100.0
Seborrheic_Dermatitis,PSD_00001930__SkinDisNet_SD_14_03.jpg,512,512,24.67,False,blur variance 24.7 below threshold 100.0
Seborrheic_Dermatitis,PSD_00001931__SkinDisNet_SD_14_04.jpg,512,512,16.45,False,blur variance 16.5 below threshold 100.0
Seborrheic_Dermatitis,PSD_00001935__SkinDisNet_SD_15_01.jpg,512,512,7.63,False,blur variance 7.6 below threshold 100.0
Seborrheic_Dermatitis,PSD_00001936__SkinDisNet_SD_15_02.jpg,512,512,8.74,False,blur variance 8.7 below threshold 100.0
Seborrheic_Dermatitis,PSD_00001937__SkinDisNet_SD_15_03.jpg,512,512,5.61,False,blur variance 5.6 below threshold 100.0
Seborrheic_Dermatitis,PSD_00001938__SkinDisNet_SD_15_04.jpg,512,512,5.84,False,blur variance 5.8 below threshold 100.0
Seborrheic_Dermatitis,PSD_00001941__SkinDisNet_SD_15_07.jpg,512,512,140.87,True,
Seborrheic_Dermatitis,PSD_00001942__SkinDisNet_SD_16_01.jpg,512,512,141.88,True,
Seborrheic_Dermatitis,PSD_00001943__SkinDisNet_SD_16_02.jpg,512,512,304.25,True,
Seborrheic_Dermatitis,PSD_00001944__SkinDisNet_SD_16_03.jpg,512,512,148.55,True,
Seborrheic_Dermatitis,PSD_00001945__SkinDisNet_SD_16_04.jpg,512,512,63.37,False,blur variance 63.4 below threshold 100.0
Seborrheic_Dermatitis,PSD_00001948__SkinDisNet_SD_16_07.jpg,512,512,350.89,True,
Seborrheic_Dermatitis,PSD_00001949__SkinDisNet_SD_17_01.jpg,512,512,81.15,False,blur variance 81.2 below threshold 100.0
Seborrheic_Dermatitis,PSD_00001951__SkinDisNet_SD_17_03.jpg,512,512,70.01,False,blur variance 70.0 below threshold 100.0
Seborrheic_Dermatitis,PSD_00001952__SkinDisNet_SD_17_04.jpg,512,512,48.27,False,blur variance 48.3 below threshold 100.0
Seborrheic_Dermatitis,PSD_00001955__SkinDisNet_SD_17_07.jpg,512,512,253.49,True,
Seborrheic_Dermatitis,PSD_00001956__SkinDisNet_SD_18_01.jpg,512,512,256.27,True,
Seborrheic_Dermatitis,PSD_00001957__SkinDisNet_SD_18_02.jpg,512,512,449.58,True,
Seborrheic_Dermatitis,PSD_00001958__SkinDisNet_SD_18_03.jpg,512,512,156.58,True,
Seborrheic_Dermatitis,PSD_00001959__SkinDisNet_SD_18_04.jpg,512,512,282.8,True,
Seborrheic_Dermatitis,PSD_00001962__SkinDisNet_SD_18_07.jpg,512,512,477.59,True,
Seborrheic_Dermatitis,PSD_00001963__SkinDisNet_SD_19_01.jpg,512,512,33.24,False,blur variance 33.2 below threshold 100.0
Seborrheic_Dermatitis,PSD_00001964__SkinDisNet_SD_19_02.jpg,512,512,50.85,False,blur variance 50.9 below threshold 100.0
Seborrheic_Dermatitis,PSD_00001965__SkinDisNet_SD_19_03.jpg,512,512,28.03,False,blur variance 28.0 below threshold 100.0
Seborrheic_Dermatitis,PSD_00001966__SkinDisNet_SD_19_04.jpg,512,512,29.36,False,blur variance 29.4 below threshold 100.0
Seborrheic_Dermatitis,PSD_00001969__SkinDisNet_SD_19_07.jpg,512,512,157.27,True,
Seborrheic_Dermatitis,PSD_00001970__SkinDisNet_SD_20_01.jpg,512,512,203.81,True,
Seborrheic_Dermatitis,PSD_00001972__SkinDisNet_SD_20_03.jpg,512,512,173.97,True,
Seborrheic_Dermatitis,PSD_00001973__SkinDisNet_SD_20_04.jpg,512,512,172.03,True,
Seborrheic_Dermatitis,PSD_00001977__SkinDisNet_SD_21_01.jpg,512,512,53.14,False,blur variance 53.1 below threshold 100.0
Seborrheic_Dermatitis,PSD_00001978__SkinDisNet_SD_21_02.jpg,512,512,73.79,False,blur variance 73.8 below threshold 100.0
Seborrheic_Dermatitis,PSD_00001979__SkinDisNet_SD_21_03.jpg,512,512,34.43,False,blur variance 34.4 below threshold 100.0
Seborrheic_Dermatitis,PSD_00001980__SkinDisNet_SD_21_04.jpg,512,512,34.62,False,blur variance 34.6 below threshold 100.0
Seborrheic_Dermatitis,PSD_00001984__SkinDisNet_SD_22_01.jpg,512,512,213.98,True,
Seborrheic_Dermatitis,PSD_00001985__SkinDisNet_SD_22_02.jpg,512,512,414.47,True,
Seborrheic_Dermatitis,PSD_00001986__SkinDisNet_SD_22_03.jpg,512,512,195.29,True,
Seborrheic_Dermatitis,PSD_00001987__SkinDisNet_SD_22_04.jpg,512,512,163.23,True,
Seborrheic_Dermatitis,PSD_00001990__SkinDisNet_SD_22_07.jpg,512,512,634.47,True,
Seborrheic_Dermatitis,PSD_00001991__SkinDisNet_SD_23_01.jpg,512,512,406.68,True,
Seborrheic_Dermatitis,PSD_00001993__SkinDisNet_SD_23_03.jpg,512,512,432.12,True,
Seborrheic_Dermatitis,PSD_00001994__SkinDisNet_SD_23_04.jpg,512,512,420.69,True,
Seborrheic_Dermatitis,PSD_00001997__SkinDisNet_SD_23_07.jpg,512,512,1185.41,True,
Seborrheic_Dermatitis,PSD_00001998__SkinDisNet_SD_24_01.jpg,512,512,77.1,False,blur variance 77.1 below threshold 100.0
Seborrheic_Dermatitis,PSD_00001999__SkinDisNet_SD_24_02.jpg,512,512,125.77,True,
Seborrheic_Dermatitis,PSD_00002000__SkinDisNet_SD_24_03.jpg,512,512,67.95,False,blur variance 68.0 below threshold 100.0
Seborrheic_Dermatitis,PSD_00002001__SkinDisNet_SD_24_04.jpg,512,512,64.06,False,blur variance 64.1 below threshold 100.0
Seborrheic_Dermatitis,PSD_00002003__SkinDisNet_SD_24_06.jpg,512,512,182.44,True,
Seborrheic_Dermatitis,PSD_00002004__SkinDisNet_SD_24_07.jpg,512,512,265.72,True,
Seborrheic_Dermatitis,PSD_00002005__SkinDisNet_SD_25_01.jpg,512,512,14.83,False,blur variance 14.8 below threshold 100.0
Seborrheic_Dermatitis,PSD_00002006__SkinDisNet_SD_25_02.jpg,512,512,19.79,False,blur variance 19.8 below threshold 100.0
Seborrheic_Dermatitis,PSD_00002007__SkinDisNet_SD_25_03.jpg,512,512,9.51,False,blur variance 9.5 below threshold 100.0
Seborrheic_Dermatitis,PSD_00002008__SkinDisNet_SD_25_04.jpg,512,512,8.95,False,blur variance 8.9 below threshold 100.0
Seborrheic_Dermatitis,PSD_00002011__SkinDisNet_SD_25_07.jpg,512,512,109.57,True,
Seborrheic_Dermatitis,PSD_00002013__SkinDisNet_SD_26_02.jpg,512,512,371.91,True,
Seborrheic_Dermatitis,PSD_00002014__SkinDisNet_SD_26_03.jpg,512,512,199.27,True,
Seborrheic_Dermatitis,PSD_00002015__SkinDisNet_SD_26_04.jpg,512,512,124.37,True,
Seborrheic_Dermatitis,PSD_00002019__SkinDisNet_SD_27_01.jpg,512,512,28.91,False,blur variance 28.9 below threshold 100.0
Seborrheic_Dermatitis,PSD_00002020__SkinDisNet_SD_27_02.jpg,512,512,44.08,False,blur variance 44.1 below threshold 100.0
Seborrheic_Dermatitis,PSD_00002021__SkinDisNet_SD_27_03.jpg,512,512,34.26,False,blur variance 34.3 below threshold 100.0
Seborrheic_Dermatitis,PSD_00002022__SkinDisNet_SD_27_04.jpg,512,512,20.21,False,blur variance 20.2 below threshold 100.0
Seborrheic_Dermatitis,PSD_00002025__SkinDisNet_SD_27_07.jpg,512,512,185.23,True,
Seborrheic_Dermatitis,PSD_00002026__SkinDisNet_SD_28_01.jpg,512,512,57.71,False,blur variance 57.7 below threshold 100.0
Seborrheic_Dermatitis,PSD_00002027__SkinDisNet_SD_28_02.jpg,512,512,100.76,True,
Seborrheic_Dermatitis,PSD_00002028__SkinDisNet_SD_28_03.jpg,512,512,57.43,False,blur variance 57.4 below threshold 100.0
Seborrheic_Dermatitis,PSD_00002029__SkinDisNet_SD_28_04.jpg,512,512,33.17,False,blur variance 33.2 below threshold 100.0
Seborrheic_Dermatitis,PSD_00002032__SkinDisNet_SD_28_07.jpg,512,512,203.53,True,
Seborrheic_Dermatitis,PSD_00002033__SkinDisNet_SD_29_01.jpg,512,512,596.29,True,
Seborrheic_Dermatitis,PSD_00002035__SkinDisNet_SD_29_03.jpg,512,512,496.48,True,
Seborrheic_Dermatitis,PSD_00002036__SkinDisNet_SD_29_04.jpg,512,512,526.46,True,
Seborrheic_Dermatitis,PSD_00002037__SkinDisNet_SD_29_05.jpg,512,512,1464.39,True,
Seborrheic_Dermatitis,PSD_00002039__SkinDisNet_SD_29_07.jpg,512,512,1440.56,True,
Seborrheic_Dermatitis,PSD_00002040__SkinDisNet_SD_30_01.jpg,512,512,444.49,True,
Seborrheic_Dermatitis,PSD_00002041__SkinDisNet_SD_30_02.jpg,512,512,893.52,True,
Seborrheic_Dermatitis,PSD_00002042__SkinDisNet_SD_30_03.jpg,512,512,427.85,True,
Seborrheic_Dermatitis,PSD_00002043__SkinDisNet_SD_30_04.jpg,512,512,480.02,True,
Seborrheic_Dermatitis,PSD_00002045__SkinDisNet_SD_30_06.jpg,512,512,1079.57,True,
Seborrheic_Dermatitis,PSD_00002047__SkinDisNet_SD_31_01.jpg,512,512,107.57,True,
Seborrheic_Dermatitis,PSD_00002048__SkinDisNet_SD_31_02.jpg,512,512,209.32,True,
Seborrheic_Dermatitis,PSD_00002049__SkinDisNet_SD_31_03.jpg,512,512,79.66,False,blur variance 79.7 below threshold 100.0
Seborrheic_Dermatitis,PSD_00002050__SkinDisNet_SD_31_04.jpg,512,512,124.15,True,
Seborrheic_Dermatitis,PSD_00002053__SkinDisNet_SD_31_07.jpg,512,512,317.98,True,
Seborrheic_Dermatitis,PSD_00002054__SkinDisNet_SD_32_01.jpg,512,512,563.5,True,
Seborrheic_Dermatitis,PSD_00002055__SkinDisNet_SD_32_02.jpg,512,512,801.2,True,
Seborrheic_Dermatitis,PSD_00002056__SkinDisNet_SD_32_03.jpg,512,512,482.35,True,
Seborrheic_Dermatitis,PSD_00002057__SkinDisNet_SD_32_04.jpg,512,512,548.63,True,
Seborrheic_Dermatitis,PSD_00002059__SkinDisNet_SD_32_06.jpg,512,512,887.99,True,
Seborrheic_Dermatitis,PSD_00002061__SkinDisNet_SD_33_01.jpg,512,512,21.95,False,blur variance 21.9 below threshold 100.0
Seborrheic_Dermatitis,PSD_00002062__SkinDisNet_SD_33_02.jpg,512,512,33.89,False,blur variance 33.9 below threshold 100.0
Seborrheic_Dermatitis,PSD_00002063__SkinDisNet_SD_33_03.jpg,512,512,14.51,False,blur variance 14.5 below threshold 100.0
Seborrheic_Dermatitis,PSD_00002064__SkinDisNet_SD_33_04.jpg,512,512,23.46,False,blur variance 23.5 below threshold 100.0
Seborrheic_Dermatitis,PSD_00002067__SkinDisNet_SD_33_07.jpg,512,512,166.85,True,
Seborrheic_Dermatitis,PSD_00002068__SkinDisNet_SD_34_01.jpg,512,512,371.18,True,
Seborrheic_Dermatitis,PSD_00002069__SkinDisNet_SD_34_02.jpg,512,512,684.86,True,
Seborrheic_Dermatitis,PSD_00002070__SkinDisNet_SD_34_03.jpg,512,512,392.18,True,
Seborrheic_Dermatitis,PSD_00002071__SkinDisNet_SD_34_04.jpg,512,512,289.35,True,
Seborrheic_Dermatitis,PSD_00002074__SkinDisNet_SD_34_07.jpg,512,512,830.83,True,
Seborrheic_Dermatitis,PSD_00002075__SkinDisNet_SD_35_01.jpg,512,512,1022.97,True,
Seborrheic_Dermatitis,PSD_00002076__SkinDisNet_SD_35_02.jpg,512,512,2039.19,True,
Seborrheic_Dermatitis,PSD_00002077__SkinDisNet_SD_35_03.jpg,512,512,768.84,True,
Seborrheic_Dermatitis,PSD_00002078__SkinDisNet_SD_35_04.jpg,512,512,672.61,True,
Seborrheic_Dermatitis,PSD_00002080__SkinDisNet_SD_35_06.jpg,512,512,2872.92,True,
Seborrheic_Dermatitis,PSD_00002081__SkinDisNet_SD_35_07.jpg,512,512,2399.43,True,
Seborrheic_Dermatitis,PSD_00002082__SkinDisNet_SD_36_01.jpg,512,512,49.04,False,blur variance 49.0 below threshold 100.0
Seborrheic_Dermatitis,PSD_00002085__SkinDisNet_SD_36_04.jpg,512,512,26.95,False,blur variance 27.0 below threshold 100.0
Seborrheic_Dermatitis,PSD_00002089__SkinDisNet_SD_37_01.jpg,512,512,174.23,True,
Seborrheic_Dermatitis,PSD_00002091__SkinDisNet_SD_37_03.jpg,512,512,222.12,True,
Seborrheic_Dermatitis,PSD_00002092__SkinDisNet_SD_37_04.jpg,512,512,131.28,True,
Seborrheic_Dermatitis,PSD_00002096__SkinDisNet_SD_38_01.jpg,512,512,176.33,True,
Seborrheic_Dermatitis,PSD_00002097__SkinDisNet_SD_38_02.jpg,512,512,257.16,True,
Seborrheic_Dermatitis,PSD_00002098__SkinDisNet_SD_38_03.jpg,512,512,98.9,False,blur variance 98.9 below threshold 100.0
Seborrheic_Dermatitis,PSD_00002099__SkinDisNet_SD_38_04.jpg,512,512,158.7,True,
Seborrheic_Dermatitis,PSD_00002103__SkinDisNet_SD_39_01.jpg,512,512,292.96,True,
Seborrheic_Dermatitis,PSD_00002106__SkinDisNet_SD_39_04.jpg,512,512,164.47,True,
Seborrheic_Dermatitis,PSD_00002109__SkinDisNet_SD_39_07.jpg,512,512,780.51,True,
Seborrheic_Dermatitis,PSD_00002110__SkinDisNet_SD_40_01.jpg,512,512,15.9,False,blur variance 15.9 below threshold 100.0
Seborrheic_Dermatitis,PSD_00002111__SkinDisNet_SD_40_02.jpg,512,512,19.91,False,blur variance 19.9 below threshold 100.0
Seborrheic_Dermatitis,PSD_00002112__SkinDisNet_SD_40_03.jpg,512,512,15.64,False,blur variance 15.6 below threshold 100.0
Seborrheic_Dermatitis,PSD_00002113__SkinDisNet_SD_40_04.jpg,512,512,8.97,False,blur variance 9.0 below threshold 100.0
Seborrheic_Dermatitis,PSD_00002118__SkinDisNet_SD_41_02.jpg,512,512,1292.29,True,
Seborrheic_Dermatitis,PSD_00002120__SkinDisNet_SD_41_04.jpg,512,512,957.64,True,
Seborrheic_Dermatitis,PSD_00002123__SkinDisNet_SD_41_07.jpg,512,512,1602.1,True,
Seborrheic_Dermatitis,PSD_00002124__SkinDisNet_SD_42_01.jpg,512,512,202.22,True,
Seborrheic_Dermatitis,PSD_00002125__SkinDisNet_SD_42_02.jpg,512,512,326.78,True,
Seborrheic_Dermatitis,PSD_00002126__SkinDisNet_SD_42_03.jpg,512,512,147.24,True,
Seborrheic_Dermatitis,PSD_00002127__SkinDisNet_SD_42_04.jpg,512,512,286.41,True,
Seborrheic_Dermatitis,PSD_00002130__SkinDisNet_SD_42_07.jpg,512,512,383.12,True,
Seborrheic_Dermatitis,PSD_00002131__SkinDisNet_SD_43_01.jpg,512,512,151.4,True,
Seborrheic_Dermatitis,PSD_00002133__SkinDisNet_SD_43_03.jpg,512,512,168.74,True,
Seborrheic_Dermatitis,PSD_00002134__SkinDisNet_SD_43_04.jpg,512,512,93.07,False,blur variance 93.1 below threshold 100.0
Seborrheic_Dermatitis,PSD_00002137__SkinDisNet_SD_43_07.jpg,512,512,437.1,True,
Seborrheic_Dermatitis,PSD_00002138__SkinDisNet_SD_44_01.jpg,512,512,77.12,False,blur variance 77.1 below threshold 100.0
Seborrheic_Dermatitis,PSD_00002139__SkinDisNet_SD_44_02.jpg,512,512,133.49,True,
Seborrheic_Dermatitis,PSD_00002140__SkinDisNet_SD_44_03.jpg,512,512,57.33,False,blur variance 57.3 below threshold 100.0
Seborrheic_Dermatitis,PSD_00002141__SkinDisNet_SD_44_04.jpg,512,512,43.34,False,blur variance 43.3 below threshold 100.0
Seborrheic_Dermatitis,PSD_00002145__SkinDisNet_SD_45_01.jpg,512,512,9.13,False,blur variance 9.1 below threshold 100.0
Seborrheic_Dermatitis,PSD_00002146__SkinDisNet_SD_45_02.jpg,512,512,10.59,False,blur variance 10.6 below threshold 100.0
Seborrheic_Dermatitis,PSD_00002147__SkinDisNet_SD_45_03.jpg,512,512,8.04,False,blur variance 8.0 below threshold 100.0
Seborrheic_Dermatitis,PSD_00002148__SkinDisNet_SD_45_04.jpg,512,512,7.87,False,blur variance 7.9 below threshold 100.0
Seborrheic_Dermatitis,PSD_00002151__SkinDisNet_SD_45_07.jpg,512,512,106.02,True,
Seborrheic_Dermatitis,PSD_00002152__SkinDisNet_SD_46_01.jpg,512,512,40.35,False,blur variance 40.4 below threshold 100.0
Seborrheic_Dermatitis,PSD_00002153__SkinDisNet_SD_46_02.jpg,512,512,55.41,False,blur variance 55.4 below threshold 100.0
Seborrheic_Dermatitis,PSD_00002154__SkinDisNet_SD_46_03.jpg,512,512,23.81,False,blur variance 23.8 below threshold 100.0
Seborrheic_Dermatitis,PSD_00002155__SkinDisNet_SD_46_04.jpg,512,512,20.2,False,blur variance 20.2 below threshold 100.0
Seborrheic_Dermatitis,PSD_00002158__SkinDisNet_SD_46_07.jpg,512,512,170.44,True,
Seborrheic_Dermatitis,PSD_00002159__SkinDisNet_SD_47_01.jpg,512,512,889.44,True,
Seborrheic_Dermatitis,PSD_00002160__SkinDisNet_SD_47_02.jpg,512,512,1527.43,True,
Seborrheic_Dermatitis,PSD_00002161__SkinDisNet_SD_47_03.jpg,512,512,699.61,True,
Seborrheic_Dermatitis,PSD_00002162__SkinDisNet_SD_47_04.jpg,512,512,455.88,True,
Seborrheic_Dermatitis,PSD_00002165__SkinDisNet_SD_47_07.jpg,512,512,1267.49,True,
Seborrheic_Dermatitis,PSD_00002166__SkinDisNet_SD_48_01.jpg,512,512,186.94,True,
Seborrheic_Dermatitis,PSD_00002167__SkinDisNet_SD_48_02.jpg,512,512,305.09,True,
Seborrheic_Dermatitis,PSD_00002168__SkinDisNet_SD_48_03.jpg,512,512,158.63,True,
Seborrheic_Dermatitis,PSD_00002169__SkinDisNet_SD_48_04.jpg,512,512,114.87,True,
Seborrheic_Dermatitis,PSD_00002172__SkinDisNet_SD_48_07.jpg,512,512,422.48,True,
Seborrheic_Dermatitis,PSD_00002173__SkinDisNet_SD_49_01.jpg,512,512,16.58,False,blur variance 16.6 below threshold 100.0
Seborrheic_Dermatitis,PSD_00002174__SkinDisNet_SD_49_02.jpg,512,512,22.43,False,blur variance 22.4 below threshold 100.0
Seborrheic_Dermatitis,PSD_00002175__SkinDisNet_SD_49_03.jpg,512,512,12.05,False,blur variance 12.0 below threshold 100.0
Seborrheic_Dermatitis,PSD_00002176__SkinDisNet_SD_49_04.jpg,512,512,9.66,False,blur variance 9.7 below threshold 100.0
Seborrheic_Dermatitis,PSD_00002179__SkinDisNet_SD_49_07.jpg,512,512,158.16,True,
Seborrheic_Dermatitis,PSD_00002180__SkinDisNet_SD_50_01.jpg,512,512,33.52,False,blur variance 33.5 below threshold 100.0
Seborrheic_Dermatitis,PSD_00002181__SkinDisNet_SD_50_02.jpg,512,512,51.29,False,blur variance 51.3 below threshold 100.0
Seborrheic_Dermatitis,PSD_00002182__SkinDisNet_SD_50_03.jpg,512,512,27.03,False,blur variance 27.0 below threshold 100.0
Seborrheic_Dermatitis,PSD_00002183__SkinDisNet_SD_50_04.jpg,512,512,17.76,False,blur variance 17.8 below threshold 100.0
Seborrheic_Dermatitis,PSD_00002185__SkinDisNet_SD_50_06.jpg,512,512,76.91,False,blur variance 76.9 below threshold 100.0
Seborrheic_Dermatitis,PSD_00002186__SkinDisNet_SD_50_07.jpg,512,512,144.92,True,
Seborrheic_Dermatitis,PSD_00002189__SkinDisNet_SD_51_03.jpg,512,512,352.35,True,
Seborrheic_Dermatitis,PSD_00002190__SkinDisNet_SD_51_04.jpg,512,512,507.47,True,
Seborrheic_Dermatitis,PSD_00002193__SkinDisNet_SD_51_07.jpg,512,512,1333.77,True,
Seborrheic_Dermatitis,PSD_00002194__SkinDisNet_SD_52_01.jpg,512,512,517.76,True,
Seborrheic_Dermatitis,PSD_00002196__SkinDisNet_SD_52_03.jpg,512,512,426.67,True,
Seborrheic_Dermatitis,PSD_00002197__SkinDisNet_SD_52_04.jpg,512,512,597.89,True,
Seborrheic_Dermatitis,PSD_00002201__SkinDisNet_SD_53_01.jpg,512,512,17.68,False,blur variance 17.7 below threshold 100.0
Seborrheic_Dermatitis,PSD_00002202__SkinDisNet_SD_53_02.jpg,512,512,24.64,False,blur variance 24.6 below threshold 100.0
Seborrheic_Dermatitis,PSD_00002203__SkinDisNet_SD_53_03.jpg,512,512,19.53,False,blur variance 19.5 below threshold 100.0
Seborrheic_Dermatitis,PSD_00002204__SkinDisNet_SD_53_04.jpg,512,512,12.83,False,blur variance 12.8 below threshold 100.0
Seborrheic_Dermatitis,PSD_00002208__SkinDisNet_SD_54_01.jpg,512,512,28.07,False,blur variance 28.1 below threshold 100.0
Seborrheic_Dermatitis,PSD_00002209__SkinDisNet_SD_54_02.jpg,512,512,44.02,False,blur variance 44.0 below threshold 100.0
Seborrheic_Dermatitis,PSD_00002210__SkinDisNet_SD_54_03.jpg,512,512,30.07,False,blur variance 30.1 below threshold 100.0
Seborrheic_Dermatitis,PSD_00002211__SkinDisNet_SD_54_04.jpg,512,512,20.94,False,blur variance 20.9 below threshold 100.0
Seborrheic_Dermatitis,PSD_00002214__SkinDisNet_SD_54_07.jpg,512,512,177.34,True,
Seborrheic_Dermatitis,PSD_00002215__SkinDisNet_SD_55_01.jpg,512,512,38.37,False,blur variance 38.4 below threshold 100.0
Seborrheic_Dermatitis,PSD_00002217__SkinDisNet_SD_55_03.jpg,512,512,48.22,False,blur variance 48.2 below threshold 100.0
Seborrheic_Dermatitis,PSD_00002218__SkinDisNet_SD_55_04.jpg,512,512,51.29,False,blur variance 51.3 below threshold 100.0
Seborrheic_Dermatitis,PSD_00002221__SkinDisNet_SD_55_07.jpg,512,512,132.21,True,
Seborrheic_Dermatitis,PSD_00002222__SkinDisNet_SD_56_01.jpg,512,512,260.91,True,
Seborrheic_Dermatitis,PSD_00002224__SkinDisNet_SD_56_03.jpg,512,512,222.1,True,
Seborrheic_Dermatitis,PSD_00002225__SkinDisNet_SD_56_04.jpg,512,512,202.01,True,
Seborrheic_Dermatitis,PSD_00002228__SkinDisNet_SD_56_07.jpg,512,512,595.55,True,
Seborrheic_Dermatitis,PSD_00002229__SkinDisNet_SD_57_01.jpg,512,512,52.91,False,blur variance 52.9 below threshold 100.0
Seborrheic_Dermatitis,PSD_00002230__SkinDisNet_SD_57_02.jpg,512,512,84.13,False,blur variance 84.1 below threshold 100.0
Seborrheic_Dermatitis,PSD_00002231__SkinDisNet_SD_57_03.jpg,512,512,53.62,False,blur variance 53.6 below threshold 100.0
Seborrheic_Dermatitis,PSD_00002232__SkinDisNet_SD_57_04.jpg,512,512,14.35,False,blur variance 14.4 below threshold 100.0
Seborrheic_Dermatitis,PSD_00002236__SkinDisNet_SD_58_01.jpg,512,512,17.42,False,blur variance 17.4 below threshold 100.0
Seborrheic_Dermatitis,PSD_00002237__SkinDisNet_SD_58_02.jpg,512,512,22.25,False,blur variance 22.3 below threshold 100.0
Seborrheic_Dermatitis,PSD_00002238__SkinDisNet_SD_58_03.jpg,512,512,15.36,False,blur variance 15.4 below threshold 100.0
Seborrheic_Dermatitis,PSD_00002239__SkinDisNet_SD_58_04.jpg,512,512,12.57,False,blur variance 12.6 below threshold 100.0
Seborrheic_Dermatitis,PSD_00002242__SkinDisNet_SD_58_07.jpg,512,512,96.35,False,blur variance 96.4 below threshold 100.0
Seborrheic_Dermatitis,PSD_00002243__SkinDisNet_SD_59_01.jpg,512,512,44.38,False,blur variance 44.4 below threshold 100.0
Seborrheic_Dermatitis,PSD_00002244__SkinDisNet_SD_59_02.jpg,512,512,66.64,False,blur variance 66.6 below threshold 100.0
Seborrheic_Dermatitis,PSD_00002246__SkinDisNet_SD_59_04.jpg,512,512,33.84,False,blur variance 33.8 below threshold 100.0
Seborrheic_Dermatitis,PSD_00002249__SkinDisNet_SD_59_07.jpg,512,512,159.47,True,
Seborrheic_Dermatitis,PSD_00002250__SkinDisNet_SD_60_01.jpg,512,512,13.91,False,blur variance 13.9 below threshold 100.0
Seborrheic_Dermatitis,PSD_00002251__SkinDisNet_SD_60_02.jpg,512,512,21.38,False,blur variance 21.4 below threshold 100.0
Seborrheic_Dermatitis,PSD_00002253__SkinDisNet_SD_60_04.jpg,512,512,15.27,False,blur variance 15.3 below threshold 100.0
Seborrheic_Dermatitis,PSD_00002256__SkinDisNet_SD_60_07.jpg,512,512,120.15,True,
Seborrheic_Dermatitis,PSD_00002257__SkinDisNet_SD_61_01.jpg,512,512,12.81,False,blur variance 12.8 below threshold 100.0
Seborrheic_Dermatitis,PSD_00002258__SkinDisNet_SD_61_02.jpg,512,512,15.53,False,blur variance 15.5 below threshold 100.0
Seborrheic_Dermatitis,PSD_00002259__SkinDisNet_SD_61_03.jpg,512,512,13.25,False,blur variance 13.3 below threshold 100.0
Seborrheic_Dermatitis,PSD_00002260__SkinDisNet_SD_61_04.jpg,512,512,8.8,False,blur variance 8.8 below threshold 100.0
Seborrheic_Dermatitis,PSD_00002263__SkinDisNet_SD_61_07.jpg,512,512,103.17,True,
Seborrheic_Dermatitis,PSD_00002264__SkinDisNet_SD_62_01.jpg,512,512,10.58,False,blur variance 10.6 below threshold 100.0
Seborrheic_Dermatitis,PSD_00002265__SkinDisNet_SD_62_02.jpg,512,512,13.69,False,blur variance 13.7 below threshold 100.0
Seborrheic_Dermatitis,PSD_00002267__SkinDisNet_SD_62_04.jpg,512,512,8.62,False,blur variance 8.6 below threshold 100.0
Seborrheic_Dermatitis,PSD_00002271__SkinDisNet_SD_63_01.jpg,512,512,45.66,False,blur variance 45.7 below threshold 100.0
Seborrheic_Dermatitis,PSD_00002272__SkinDisNet_SD_63_02.jpg,512,512,67.52,False,blur variance 67.5 below threshold 100.0
Seborrheic_Dermatitis,PSD_00002273__SkinDisNet_SD_63_03.jpg,512,512,31.35,False,blur variance 31.3 below threshold 100.0
Seborrheic_Dermatitis,PSD_00002277__SkinDisNet_SD_63_07.jpg,512,512,245.19,True,
Seborrheic_Dermatitis,PSD_00002278__SkinDisNet_SD_64_01.jpg,512,512,25.3,False,blur variance 25.3 below threshold 100.0
Seborrheic_Dermatitis,PSD_00002279__SkinDisNet_SD_64_02.jpg,512,512,38.1,False,blur variance 38.1 below threshold 100.0
Seborrheic_Dermatitis,PSD_00002280__SkinDisNet_SD_64_03.jpg,512,512,23.58,False,blur variance 23.6 below threshold 100.0
Seborrheic_Dermatitis,PSD_00002281__SkinDisNet_SD_64_04.jpg,512,512,18.23,False,blur variance 18.2 below threshold 100.0
Seborrheic_Dermatitis,PSD_00002284__SkinDisNet_SD_64_07.jpg,512,512,150.91,True,
Seborrheic_Dermatitis,PSD_00002285__SkinDisNet_SD_65_01.jpg,512,512,66.1,False,blur variance 66.1 below threshold 100.0
Seborrheic_Dermatitis,PSD_00002286__SkinDisNet_SD_65_02.jpg,512,512,116.28,True,
Seborrheic_Dermatitis,PSD_00002287__SkinDisNet_SD_65_03.jpg,512,512,47.04,False,blur variance 47.0 below threshold 100.0
Seborrheic_Dermatitis,PSD_00002288__SkinDisNet_SD_65_04.jpg,512,512,42.61,False,blur variance 42.6 below threshold 100.0
Seborrheic_Dermatitis,PSD_00002291__SkinDisNet_SD_65_07.jpg,512,512,221.71,True,
Seborrheic_Dermatitis,PSD_00002292__SkinDisNet_SD_66_01.jpg,512,512,54.53,False,blur variance 54.5 below threshold 100.0
Seborrheic_Dermatitis,PSD_00002293__SkinDisNet_SD_66_02.jpg,512,512,97.63,False,blur variance 97.6 below threshold 100.0
Seborrheic_Dermatitis,PSD_00002295__SkinDisNet_SD_66_04.jpg,512,512,58.09,False,blur variance 58.1 below threshold 100.0
Seborrheic_Dermatitis,PSD_00002299__SkinDisNet_SD_67_01.jpg,512,512,788.68,True,
Seborrheic_Dermatitis,PSD_00002300__SkinDisNet_SD_67_02.jpg,512,512,1268.14,True,
Seborrheic_Dermatitis,PSD_00002301__SkinDisNet_SD_67_03.jpg,512,512,654.09,True,
Seborrheic_Dermatitis,PSD_00002302__SkinDisNet_SD_67_04.jpg,512,512,435.3,True,
Seborrheic_Dermatitis,PSD_00002307__SkinDisNet_SD_68_02.jpg,512,512,346.21,True,
Seborrheic_Dermatitis,PSD_00002308__SkinDisNet_SD_68_03.jpg,512,512,203.4,True,
Seborrheic_Dermatitis,PSD_00002309__SkinDisNet_SD_68_04.jpg,512,512,98.52,False,blur variance 98.5 below threshold 100.0
Seborrheic_Dermatitis,PSD_00002312__SkinDisNet_SD_68_07.jpg,512,512,558.92,True,
Seborrheic_Dermatitis,PSD_00002313__SkinDisNet_SD_69_01.jpg,512,512,249.49,True,
Seborrheic_Dermatitis,PSD_00002314__SkinDisNet_SD_69_02.jpg,512,512,461.87,True,
Seborrheic_Dermatitis,PSD_00002316__SkinDisNet_SD_69_04.jpg,512,512,215.29,True,
Seborrheic_Dermatitis,PSD_00002320__SkinDisNet_SD_70_01.jpg,512,512,27.97,False,blur variance 28.0 below threshold 100.0
Seborrheic_Dermatitis,PSD_00002321__SkinDisNet_SD_70_02.jpg,512,512,42.12,False,blur variance 42.1 below threshold 100.0
Seborrheic_Dermatitis,PSD_00002323__SkinDisNet_SD_70_04.jpg,512,512,21.62,False,blur variance 21.6 below threshold 100.0
Seborrheic_Dermatitis,PSD_00002327__SkinDisNet_SD_71_01.jpg,512,512,207.74,True,
Seborrheic_Dermatitis,PSD_00002328__SkinDisNet_SD_71_02.jpg,512,512,433.08,True,
Seborrheic_Dermatitis,PSD_00002329__SkinDisNet_SD_71_03.jpg,512,512,242.41,True,
Seborrheic_Dermatitis,PSD_00002330__SkinDisNet_SD_71_04.jpg,512,512,168.62,True,
Seborrheic_Dermatitis,PSD_00002334__SkinDisNet_SD_72_01.jpg,512,512,9.59,False,blur variance 9.6 below threshold 100.0
Seborrheic_Dermatitis,PSD_00002335__SkinDisNet_SD_72_02.jpg,512,512,11.41,False,blur variance 11.4 below threshold 100.0
Seborrheic_Dermatitis,PSD_00002336__SkinDisNet_SD_72_03.jpg,512,512,7.36,False,blur variance 7.4 below threshold 100.0
Seborrheic_Dermatitis,PSD_00002337__SkinDisNet_SD_72_04.jpg,512,512,9.31,False,blur variance 9.3 below threshold 100.0
Seborrheic_Dermatitis,PSD_00002341__SkinDisNet_SD_73_01.jpg,512,512,11.33,False,blur variance 11.3 below threshold 100.0
Seborrheic_Dermatitis,PSD_00002343__SkinDisNet_SD_73_03.jpg,512,512,6.14,False,blur variance 6.1 below threshold 100.0
Seborrheic_Dermatitis,PSD_00002344__SkinDisNet_SD_73_04.jpg,512,512,10.23,False,blur variance 10.2 below threshold 100.0
Seborrheic_Dermatitis,PSD_00002347__SkinDisNet_SD_73_07.jpg,512,512,121.17,True,
Seborrheic_Dermatitis,PSD_00002348__SkinDisNet_SD_74_01.jpg,512,512,77.77,False,blur variance 77.8 below threshold 100.0
Seborrheic_Dermatitis,PSD_00002350__SkinDisNet_SD_74_03.jpg,512,512,47.41,False,blur variance 47.4 below threshold 100.0
Seborrheic_Dermatitis,PSD_00002351__SkinDisNet_SD_74_04.jpg,512,512,45.63,False,blur variance 45.6 below threshold 100.0
Seborrheic_Dermatitis,PSD_00002355__SkinDisNet_SD_75_01.jpg,512,512,38.34,False,blur variance 38.3 below threshold 100.0
Seborrheic_Dermatitis,PSD_00002356__SkinDisNet_SD_75_02.jpg,512,512,68.2,False,blur variance 68.2 below threshold 100.0
Seborrheic_Dermatitis,PSD_00002357__SkinDisNet_SD_75_03.jpg,512,512,34.26,False,blur variance 34.3 below threshold 100.0
Seborrheic_Dermatitis,PSD_00002358__SkinDisNet_SD_75_04.jpg,512,512,37.74,False,blur variance 37.7 below threshold 100.0
Seborrheic_Dermatitis,PSD_00002359__SkinDisNet_SD_75_05.jpg,512,512,96.39,False,blur variance 96.4 below threshold 100.0
Seborrheic_Dermatitis,PSD_00002361__SkinDisNet_SD_75_07.jpg,512,512,189.42,True,
Seborrheic_Dermatitis,PSD_00002362__SkinDisNet_SD_76_01.jpg,512,512,26.26,False,blur variance 26.3 below threshold 100.0
Seborrheic_Dermatitis,PSD_00002363__SkinDisNet_SD_76_02.jpg,512,512,48.19,False,blur variance 48.2 below threshold 100.0
Seborrheic_Dermatitis,PSD_00002365__SkinDisNet_SD_76_04.jpg,512,512,21.15,False,blur variance 21.1 below threshold 100.0
Seborrheic_Dermatitis,PSD_00002368__SkinDisNet_SD_76_07.jpg,512,512,171.16,True,
Seborrheic_Dermatitis,PSD_00002369__SkinDisNet_SD_77_01.jpg,512,512,17.01,False,blur variance 17.0 below threshold 100.0
Seborrheic_Dermatitis,PSD_00002371__SkinDisNet_SD_77_03.jpg,512,512,10.52,False,blur variance 10.5 below threshold 100.0
Seborrheic_Dermatitis,PSD_00002372__SkinDisNet_SD_77_04.jpg,512,512,10.26,False,blur variance 10.3 below threshold 100.0
Seborrheic_Dermatitis,PSD_00002375__SkinDisNet_SD_77_07.jpg,512,512,107.84,True,
Seborrheic_Dermatitis,PSD_00002376__SkinDisNet_SD_78_01.jpg,512,512,61.43,False,blur variance 61.4 below threshold 100.0
Seborrheic_Dermatitis,PSD_00002378__SkinDisNet_SD_78_03.jpg,512,512,58.11,False,blur variance 58.1 below threshold 100.0
Seborrheic_Dermatitis,PSD_00002379__SkinDisNet_SD_78_04.jpg,512,512,36.39,False,blur variance 36.4 below threshold 100.0
Seborrheic_Dermatitis,PSD_00002383__SkinDisNet_SD_79_01.jpg,512,512,161.94,True,
Seborrheic_Dermatitis,PSD_00002384__SkinDisNet_SD_79_02.jpg,512,512,280.39,True,
Seborrheic_Dermatitis,PSD_00002385__SkinDisNet_SD_79_03.jpg,512,512,170.5,True,
Seborrheic_Dermatitis,PSD_00002386__SkinDisNet_SD_79_04.jpg,512,512,219.07,True,
Seborrheic_Dermatitis,PSD_00002390__SkinDisNet_SD (1).jpg,512,512,21.65,False,blur variance 21.6 below threshold 100.0
Seborrheic_Dermatitis,PSD_00002401__SkinDisNet_SD (2).jpg,512,512,20.42,False,blur variance 20.4 below threshold 100.0
Seborrheic_Dermatitis,PSD_00002405__SkinDisNet_SD (23).jpg,512,512,7.69,False,blur variance 7.7 below threshold 100.0
Seborrheic_Dermatitis,PSD_00002411__SkinDisNet_SD (29).jpg,512,512,3.75,False,blur variance 3.7 below threshold 100.0
Seborrheic_Dermatitis,PSD_00002434__SkinDisNet_SD (5).jpg,512,512,880.06,True,
Seborrheic_Dermatitis,PSD_00002435__SkinDisNet_SD (50).jpg,512,512,21.78,False,blur variance 21.8 below threshold 100.0
Seborrheic_Dermatitis,PSD_00002446__SkinDisNet_SD (60).jpg,512,512,26.66,False,blur variance 26.7 below threshold 100.0
Seborrheic_Dermatitis,PSD_00002469__SkinDisNet_SD (1)_01.jpg,512,512,16.55,False,blur variance 16.5 below threshold 100.0
Seborrheic_Dermatitis,PSD_00002470__SkinDisNet_SD (1)_02.jpg,512,512,22.52,False,blur variance 22.5 below threshold 100.0
Seborrheic_Dermatitis,PSD_00002471__SkinDisNet_SD (1)_03.jpg,512,512,14.05,False,blur variance 14.1 below threshold 100.0
Seborrheic_Dermatitis,PSD_00002472__SkinDisNet_SD (1)_04.jpg,512,512,14.69,False,blur variance 14.7 below threshold 100.0
Seborrheic_Dermatitis,PSD_00002476__SkinDisNet_SD (10)_01.jpg,512,512,31.51,False,blur variance 31.5 below threshold 100.0
Seborrheic_Dermatitis,PSD_00002477__SkinDisNet_SD (10)_02.jpg,512,512,50.86,False,blur variance 50.9 below threshold 100.0
Seborrheic_Dermatitis,PSD_00002479__SkinDisNet_SD (10)_04.jpg,512,512,21.89,False,blur variance 21.9 below threshold 100.0
Seborrheic_Dermatitis,PSD_00002483__SkinDisNet_SD (11)_01.jpg,512,512,14.52,False,blur variance 14.5 below threshold 100.0
Seborrheic_Dermatitis,PSD_00002484__SkinDisNet_SD (11)_02.jpg,512,512,19.78,False,blur variance 19.8 below threshold 100.0
Seborrheic_Dermatitis,PSD_00002485__SkinDisNet_SD (11)_03.jpg,512,512,11.86,False,blur variance 11.9 below threshold 100.0
Seborrheic_Dermatitis,PSD_00002486__SkinDisNet_SD (11)_04.jpg,512,512,15.98,False,blur variance 16.0 below threshold 100.0
Seborrheic_Dermatitis,PSD_00002490__SkinDisNet_SD (12)_01.jpg,512,512,13.29,False,blur variance 13.3 below threshold 100.0
Seborrheic_Dermatitis,PSD_00002491__SkinDisNet_SD (12)_02.jpg,512,512,19.22,False,blur variance 19.2 below threshold 100.0
Seborrheic_Dermatitis,PSD_00002492__SkinDisNet_SD (12)_03.jpg,512,512,12.15,False,blur variance 12.2 below threshold 100.0
Seborrheic_Dermatitis,PSD_00002493__SkinDisNet_SD (12)_04.jpg,512,512,11.76,False,blur variance 11.8 below threshold 100.0
Seborrheic_Dermatitis,PSD_00002497__SkinDisNet_SD (13)_01.jpg,512,512,14.1,False,blur variance 14.1 below threshold 100.0
Seborrheic_Dermatitis,PSD_00002498__SkinDisNet_SD (13)_02.jpg,512,512,22.16,False,blur variance 22.2 below threshold 100.0
Seborrheic_Dermatitis,PSD_00002500__SkinDisNet_SD (13)_04.jpg,512,512,8.43,False,blur variance 8.4 below threshold 100.0
Seborrheic_Dermatitis,PSD_00002504__SkinDisNet_SD (14)_01.jpg,512,512,10.44,False,blur variance 10.4 below threshold 100.0
Seborrheic_Dermatitis,PSD_00002506__SkinDisNet_SD (14)_03.jpg,512,512,9.53,False,blur variance 9.5 below threshold 100.0
Seborrheic_Dermatitis,PSD_00002507__SkinDisNet_SD (14)_04.jpg,512,512,10.93,False,blur variance 10.9 below threshold 100.0
Seborrheic_Dermatitis,PSD_00002511__SkinDisNet_SD (15)_01.jpg,512,512,9.15,False,blur variance 9.1 below threshold 100.0
Seborrheic_Dermatitis,PSD_00002513__SkinDisNet_SD (15)_03.jpg,512,512,8.66,False,blur variance 8.7 below threshold 100.0
Seborrheic_Dermatitis,PSD_00002514__SkinDisNet_SD (15)_04.jpg,512,512,8.72,False,blur variance 8.7 below threshold 100.0
Seborrheic_Dermatitis,PSD_00002518__SkinDisNet_SD (16)_01.jpg,512,512,11.97,False,blur variance 12.0 below threshold 100.0
Seborrheic_Dermatitis,PSD_00002519__SkinDisNet_SD (16)_02.jpg,512,512,15.53,False,blur variance 15.5 below threshold 100.0
Seborrheic_Dermatitis,PSD_00002520__SkinDisNet_SD (16)_03.jpg,512,512,12.55,False,blur variance 12.5 below threshold 100.0
Seborrheic_Dermatitis,PSD_00002521__SkinDisNet_SD (16)_04.jpg,512,512,8.94,False,blur variance 8.9 below threshold 100.0
Seborrheic_Dermatitis,PSD_00002527__SkinDisNet_SD (17)_03.jpg,512,512,44.35,False,blur variance 44.4 below threshold 100.0
Seborrheic_Dermatitis,PSD_00002528__SkinDisNet_SD (17)_04.jpg,512,512,17.83,False,blur variance 17.8 below threshold 100.0
Seborrheic_Dermatitis,PSD_00002532__SkinDisNet_SD (18)_01.jpg,512,512,51.7,False,blur variance 51.7 below threshold 100.0
Seborrheic_Dermatitis,PSD_00002533__SkinDisNet_SD (18)_02.jpg,512,512,73.25,False,blur variance 73.2 below threshold 100.0
Seborrheic_Dermatitis,PSD_00002535__SkinDisNet_SD (18)_04.jpg,512,512,61.45,False,blur variance 61.5 below threshold 100.0
Seborrheic_Dermatitis,PSD_00002539__SkinDisNet_SD (19)_01.jpg,512,512,54.33,False,blur variance 54.3 below threshold 100.0
Seborrheic_Dermatitis,PSD_00002541__SkinDisNet_SD (19)_03.jpg,512,512,38.23,False,blur variance 38.2 below threshold 100.0
Seborrheic_Dermatitis,PSD_00002542__SkinDisNet_SD (19)_04.jpg,512,512,71.09,False,blur variance 71.1 below threshold 100.0
Seborrheic_Dermatitis,PSD_00002546__SkinDisNet_SD (2)_01.jpg,512,512,14.43,False,blur variance 14.4 below threshold 100.0
Seborrheic_Dermatitis,PSD_00002547__SkinDisNet_SD (2)_02.jpg,512,512,21.27,False,blur variance 21.3 below threshold 100.0
Seborrheic_Dermatitis,PSD_00002548__SkinDisNet_SD (2)_03.jpg,512,512,14.25,False,blur variance 14.2 below threshold 100.0
Seborrheic_Dermatitis,PSD_00002549__SkinDisNet_SD (2)_04.jpg,512,512,15.84,False,blur variance 15.8 below threshold 100.0
Seborrheic_Dermatitis,PSD_00002552__SkinDisNet_SD (2)_07.jpg,512,512,147.32,True,
Seborrheic_Dermatitis,PSD_00002553__SkinDisNet_SD (20)_01.jpg,512,512,59.05,False,blur variance 59.1 below threshold 100.0
Seborrheic_Dermatitis,PSD_00002554__SkinDisNet_SD (20)_02.jpg,512,512,51.29,False,blur variance 51.3 below threshold 100.0
Seborrheic_Dermatitis,PSD_00002555__SkinDisNet_SD (20)_03.jpg,512,512,25.04,False,blur variance 25.0 below threshold 100.0
Seborrheic_Dermatitis,PSD_00002556__SkinDisNet_SD (20)_04.jpg,512,512,18.38,False,blur variance 18.4 below threshold 100.0
Seborrheic_Dermatitis,PSD_00002560__SkinDisNet_SD (21)_01.jpg,512,512,13.82,False,blur variance 13.8 below threshold 100.0
Seborrheic_Dermatitis,PSD_00002562__SkinDisNet_SD (21)_03.jpg,512,512,12.78,False,blur variance 12.8 below threshold 100.0
Seborrheic_Dermatitis,PSD_00002563__SkinDisNet_SD (21)_04.jpg,512,512,10.34,False,blur variance 10.3 below threshold 100.0
Seborrheic_Dermatitis,PSD_00002567__SkinDisNet_SD (22)_01.jpg,512,512,93.68,False,blur variance 93.7 below threshold 100.0
Seborrheic_Dermatitis,PSD_00002568__SkinDisNet_SD (22)_02.jpg,512,512,133.49,True,
Seborrheic_Dermatitis,PSD_00002569__SkinDisNet_SD (22)_03.jpg,512,512,70.64,False,blur variance 70.6 below threshold 100.0
Seborrheic_Dermatitis,PSD_00002570__SkinDisNet_SD (22)_04.jpg,512,512,23.1,False,blur variance 23.1 below threshold 100.0
Seborrheic_Dermatitis,PSD_00002574__SkinDisNet_SD (23)_01.jpg,512,512,7.2,False,blur variance 7.2 below threshold 100.0
Seborrheic_Dermatitis,PSD_00002575__SkinDisNet_SD (23)_02.jpg,512,512,8.21,False,blur variance 8.2 below threshold 100.0
Seborrheic_Dermatitis,PSD_00002576__SkinDisNet_SD (23)_03.jpg,512,512,4.85,False,blur variance 4.8 below threshold 100.0
Seborrheic_Dermatitis,PSD_00002577__SkinDisNet_SD (23)_04.jpg,512,512,6.63,False,blur variance 6.6 below threshold 100.0
Seborrheic_Dermatitis,PSD_00002580__SkinDisNet_SD (23)_07.jpg,512,512,148.98,True,
Seborrheic_Dermatitis,PSD_00002583__SkinDisNet_SD (24)_03.jpg,512,512,81.53,False,blur variance 81.5 below threshold 100.0
Seborrheic_Dermatitis,PSD_00002584__SkinDisNet_SD (24)_04.jpg,512,512,59.94,False,blur variance 59.9 below threshold 100.0
Seborrheic_Dermatitis,PSD_00002588__SkinDisNet_SD (25)_01.jpg,512,512,224.58,True,
Seborrheic_Dermatitis,PSD_00002591__SkinDisNet_SD (25)_04.jpg,512,512,240.32,True,
Seborrheic_Dermatitis,PSD_00002595__SkinDisNet_SD (26)_01.jpg,512,512,156.13,True,
Seborrheic_Dermatitis,PSD_00002596__SkinDisNet_SD (26)_02.jpg,512,512,305.08,True,
Seborrheic_Dermatitis,PSD_00002597__SkinDisNet_SD (26)_03.jpg,512,512,172.57,True,
Seborrheic_Dermatitis,PSD_00002598__SkinDisNet_SD (26)_04.jpg,512,512,70.38,False,blur variance 70.4 below threshold 100.0
Seborrheic_Dermatitis,PSD_00002602__SkinDisNet_SD (27)_01.jpg,512,512,536.9,True,
Seborrheic_Dermatitis,PSD_00002604__SkinDisNet_SD (27)_03.jpg,512,512,603.25,True,
Seborrheic_Dermatitis,PSD_00002605__SkinDisNet_SD (27)_04.jpg,512,512,505.46,True,
Seborrheic_Dermatitis,PSD_00002609__SkinDisNet_SD (28)_01.jpg,512,512,72.25,False,blur variance 72.2 below threshold 100.0
Seborrheic_Dermatitis,PSD_00002611__SkinDisNet_SD (28)_03.jpg,512,512,88.45,False,blur variance 88.4 below threshold 100.0
Seborrheic_Dermatitis,PSD_00002612__SkinDisNet_SD (28)_04.jpg,512,512,71.2,False,blur variance 71.2 below threshold 100.0
Seborrheic_Dermatitis,PSD_00002616__SkinDisNet_SD (29)_01.jpg,512,512,4.28,False,blur variance 4.3 below threshold 100.0
Seborrheic_Dermatitis,PSD_00002617__SkinDisNet_SD (29)_02.jpg,512,512,4.07,False,blur variance 4.1 below threshold 100.0
Seborrheic_Dermatitis,PSD_00002618__SkinDisNet_SD (29)_03.jpg,512,512,3.27,False,blur variance 3.3 below threshold 100.0
Seborrheic_Dermatitis,PSD_00002619__SkinDisNet_SD (29)_04.jpg,512,512,3.28,False,blur variance 3.3 below threshold 100.0
Seborrheic_Dermatitis,PSD_00002622__SkinDisNet_SD (29)_07.jpg,512,512,93.12,False,blur variance 93.1 below threshold 100.0
Seborrheic_Dermatitis,PSD_00002623__SkinDisNet_SD (3)_01.jpg,512,512,366.79,True,
Seborrheic_Dermatitis,PSD_00002625__SkinDisNet_SD (3)_03.jpg,512,512,416.27,True,
Seborrheic_Dermatitis,PSD_00002626__SkinDisNet_SD (3)_04.jpg,512,512,509.74,True,
Seborrheic_Dermatitis,PSD_00002632__SkinDisNet_SD (30)_03.jpg,512,512,26.47,False,blur variance 26.5 below threshold 100.0
Seborrheic_Dermatitis,PSD_00002633__SkinDisNet_SD (30)_04.jpg,512,512,48.07,False,blur variance 48.1 below threshold 100.0
Seborrheic_Dermatitis,PSD_00002638__SkinDisNet_SD (31)_02.jpg,512,512,10.59,False,blur variance 10.6 below threshold 100.0
Seborrheic_Dermatitis,PSD_00002639__SkinDisNet_SD (31)_03.jpg,512,512,8.01,False,blur variance 8.0 below threshold 100.0
Seborrheic_Dermatitis,PSD_00002640__SkinDisNet_SD (31)_04.jpg,512,512,7.07,False,blur variance 7.1 below threshold 100.0
Seborrheic_Dermatitis,PSD_00002644__SkinDisNet_SD (32)_01.jpg,512,512,12.2,False,blur variance 12.2 below threshold 100.0
Seborrheic_Dermatitis,PSD_00002645__SkinDisNet_SD (32)_02.jpg,512,512,16.95,False,blur variance 17.0 below threshold 100.0
Seborrheic_Dermatitis,PSD_00002646__SkinDisNet_SD (32)_03.jpg,512,512,12.28,False,blur variance 12.3 below threshold 100.0
Seborrheic_Dermatitis,PSD_00002647__SkinDisNet_SD (32)_04.jpg,512,512,5.94,False,blur variance 5.9 below threshold 100.0
Seborrheic_Dermatitis,PSD_00002651__SkinDisNet_SD (33)_01.jpg,512,512,585.2,True,
Seborrheic_Dermatitis,PSD_00002652__SkinDisNet_SD (33)_02.jpg,512,512,1268.14,True,
Seborrheic_Dermatitis,PSD_00002653__SkinDisNet_SD (33)_03.jpg,512,512,551.1,True,
Seborrheic_Dermatitis,PSD_00002654__SkinDisNet_SD (33)_04.jpg,512,512,502.88,True,
Seborrheic_Dermatitis,PSD_00002658__SkinDisNet_SD (34)_01.jpg,512,512,610.34,True,
Seborrheic_Dermatitis,PSD_00002660__SkinDisNet_SD (34)_03.jpg,512,512,503.38,True,
Seborrheic_Dermatitis,PSD_00002661__SkinDisNet_SD (34)_04.jpg,512,512,526.13,True,
Seborrheic_Dermatitis,PSD_00002665__SkinDisNet_SD (35)_01.jpg,512,512,112.92,True,
Seborrheic_Dermatitis,PSD_00002667__SkinDisNet_SD (35)_03.jpg,512,512,113.37,True,
Seborrheic_Dermatitis,PSD_00002668__SkinDisNet_SD (35)_04.jpg,512,512,112.5,True,
Seborrheic_Dermatitis,PSD_00002672__SkinDisNet_SD (36)_01.jpg,512,512,322.5,True,
Seborrheic_Dermatitis,PSD_00002674__SkinDisNet_SD (36)_03.jpg,512,512,298.14,True,
Seborrheic_Dermatitis,PSD_00002675__SkinDisNet_SD (36)_04.jpg,512,512,298.58,True,
Seborrheic_Dermatitis,PSD_00002679__SkinDisNet_SD (37)_01.jpg,512,512,192.03,True,
Seborrheic_Dermatitis,PSD_00002680__SkinDisNet_SD (37)_02.jpg,512,512,371.9,True,
Seborrheic_Dermatitis,PSD_00002682__SkinDisNet_SD (37)_04.jpg,512,512,260.07,True,
Seborrheic_Dermatitis,PSD_00002686__SkinDisNet_SD (38)_01.jpg,512,512,200.49,True,
Seborrheic_Dermatitis,PSD_00002687__SkinDisNet_SD (38)_02.jpg,512,512,399.13,True,
Seborrheic_Dermatitis,PSD_00002689__SkinDisNet_SD (38)_04.jpg,512,512,122.48,True,
Seborrheic_Dermatitis,PSD_00002693__SkinDisNet_SD (39)_01.jpg,512,512,54.13,False,blur variance 54.1 below threshold 100.0
Seborrheic_Dermatitis,PSD_00002694__SkinDisNet_SD (39)_02.jpg,512,512,97.63,False,blur variance 97.6 below threshold 100.0
Seborrheic_Dermatitis,PSD_00002696__SkinDisNet_SD (39)_04.jpg,512,512,50.63,False,blur variance 50.6 below threshold 100.0
Seborrheic_Dermatitis,PSD_00002700__SkinDisNet_SD (4)_01.jpg,512,512,1056.85,True,
Seborrheic_Dermatitis,PSD_00002702__SkinDisNet_SD (4)_03.jpg,512,512,712.06,True,
Seborrheic_Dermatitis,PSD_00002703__SkinDisNet_SD (4)_04.jpg,512,512,519.16,True,
Seborrheic_Dermatitis,PSD_00002707__SkinDisNet_SD (40)_01.jpg,512,512,165.95,True,
Seborrheic_Dermatitis,PSD_00002708__SkinDisNet_SD (40)_02.jpg,512,512,372.22,True,
Seborrheic_Dermatitis,PSD_00002709__SkinDisNet_SD (40)_03.jpg,512,512,220.2,True,
Seborrheic_Dermatitis,PSD_00002710__SkinDisNet_SD (40)_04.jpg,512,512,110.31,True,
Seborrheic_Dermatitis,PSD_00002714__SkinDisNet_SD (41)_01.jpg,512,512,166.05,True,
Seborrheic_Dermatitis,PSD_00002715__SkinDisNet_SD (41)_02.jpg,512,512,308.94,True,
Seborrheic_Dermatitis,PSD_00002716__SkinDisNet_SD (41)_03.jpg,512,512,201.8,True,
Seborrheic_Dermatitis,PSD_00002717__SkinDisNet_SD (41)_04.jpg,512,512,91.2,False,blur variance 91.2 below threshold 100.0
Seborrheic_Dermatitis,PSD_00002721__SkinDisNet_SD (42)_01.jpg,512,512,73.44,False,blur variance 73.4 below threshold 100.0
Seborrheic_Dermatitis,PSD_00002722__SkinDisNet_SD (42)_02.jpg,512,512,128.22,True,
Seborrheic_Dermatitis,PSD_00002723__SkinDisNet_SD (42)_03.jpg,512,512,81.99,False,blur variance 82.0 below threshold 100.0
Seborrheic_Dermatitis,PSD_00002724__SkinDisNet_SD (42)_04.jpg,512,512,49.93,False,blur variance 49.9 below threshold 100.0
Seborrheic_Dermatitis,PSD_00002728__SkinDisNet_SD (43)_01.jpg,512,512,219.79,True,
Seborrheic_Dermatitis,PSD_00002729__SkinDisNet_SD (43)_02.jpg,512,512,414.46,True,
Seborrheic_Dermatitis,PSD_00002730__SkinDisNet_SD (43)_03.jpg,512,512,187.34,True,
Seborrheic_Dermatitis,PSD_00002731__SkinDisNet_SD (43)_04.jpg,512,512,248.72,True,
Seborrheic_Dermatitis,PSD_00002736__SkinDisNet_SD (44)_02.jpg,512,512,500.95,True,
Seborrheic_Dermatitis,PSD_00002737__SkinDisNet_SD (44)_03.jpg,512,512,300.49,True,
Seborrheic_Dermatitis,PSD_00002738__SkinDisNet_SD (44)_04.jpg,512,512,164.06,True,
Seborrheic_Dermatitis,PSD_00002742__SkinDisNet_SD (45)_01.jpg,512,512,412.54,True,
Seborrheic_Dermatitis,PSD_00002743__SkinDisNet_SD (45)_02.jpg,512,512,862.99,True,
Seborrheic_Dermatitis,PSD_00002744__SkinDisNet_SD (45)_03.jpg,512,512,352.05,True,
Seborrheic_Dermatitis,PSD_00002745__SkinDisNet_SD (45)_04.jpg,512,512,500.03,True,
Seborrheic_Dermatitis,PSD_00002749__SkinDisNet_SD (46)_01.jpg,512,512,391.12,True,
Seborrheic_Dermatitis,PSD_00002751__SkinDisNet_SD (46)_03.jpg,512,512,271.64,True,
Seborrheic_Dermatitis,PSD_00002752__SkinDisNet_SD (46)_04.jpg,512,512,288.82,True,
Seborrheic_Dermatitis,PSD_00002756__SkinDisNet_SD (47)_01.jpg,512,512,151.62,True,
Seborrheic_Dermatitis,PSD_00002759__SkinDisNet_SD (47)_04.jpg,512,512,108.09,True,
Seborrheic_Dermatitis,PSD_00002763__SkinDisNet_SD (48)_01.jpg,512,512,142.44,True,
Seborrheic_Dermatitis,PSD_00002764__SkinDisNet_SD (48)_02.jpg,512,512,257.16,True,
Seborrheic_Dermatitis,PSD_00002765__SkinDisNet_SD (48)_03.jpg,512,512,171.74,True,
Seborrheic_Dermatitis,PSD_00002766__SkinDisNet_SD (48)_04.jpg,512,512,85.37,False,blur variance 85.4 below threshold 100.0
Seborrheic_Dermatitis,PSD_00002770__SkinDisNet_SD (49)_01.jpg,512,512,166.47,True,
Seborrheic_Dermatitis,PSD_00002771__SkinDisNet_SD (49)_02.jpg,512,512,290.54,True,
Seborrheic_Dermatitis,PSD_00002773__SkinDisNet_SD (49)_04.jpg,512,512,71.25,False,blur variance 71.3 below threshold 100.0
Seborrheic_Dermatitis,PSD_00002777__SkinDisNet_SD (5)_01.jpg,512,512,309.45,True,
Seborrheic_Dermatitis,PSD_00002778__SkinDisNet_SD (5)_02.jpg,512,512,881.9,True,
Seborrheic_Dermatitis,PSD_00002779__SkinDisNet_SD (5)_03.jpg,512,512,267.44,True,
Seborrheic_Dermatitis,PSD_00002780__SkinDisNet_SD (5)_04.jpg,512,512,207.5,True,
Seborrheic_Dermatitis,PSD_00002783__SkinDisNet_SD (5)_07.jpg,512,512,1158.33,True,
Seborrheic_Dermatitis,PSD_00002784__SkinDisNet_SD (50)_01.jpg,512,512,16.57,False,blur variance 16.6 below threshold 100.0
Seborrheic_Dermatitis,PSD_00002785__SkinDisNet_SD (50)_02.jpg,512,512,22.61,False,blur variance 22.6 below threshold 100.0
Seborrheic_Dermatitis,PSD_00002786__SkinDisNet_SD (50)_03.jpg,512,512,12.69,False,blur variance 12.7 below threshold 100.0
Seborrheic_Dermatitis,PSD_00002787__SkinDisNet_SD (50)_04.jpg,512,512,12.48,False,blur variance 12.5 below threshold 100.0
Seborrheic_Dermatitis,PSD_00002791__SkinDisNet_SD (51)_01.jpg,512,512,41.99,False,blur variance 42.0 below threshold 100.0
Seborrheic_Dermatitis,PSD_00002793__SkinDisNet_SD (51)_03.jpg,512,512,32.35,False,blur variance 32.3 below threshold 100.0
Seborrheic_Dermatitis,PSD_00002794__SkinDisNet_SD (51)_04.jpg,512,512,48.0,False,blur variance 48.0 below threshold 100.0
Seborrheic_Dermatitis,PSD_00002798__SkinDisNet_SD (52)_01.jpg,512,512,52.73,False,blur variance 52.7 below threshold 100.0
Seborrheic_Dermatitis,PSD_00002800__SkinDisNet_SD (52)_03.jpg,512,512,55.99,False,blur variance 56.0 below threshold 100.0
Seborrheic_Dermatitis,PSD_00002801__SkinDisNet_SD (52)_04.jpg,512,512,32.37,False,blur variance 32.4 below threshold 100.0
Seborrheic_Dermatitis,PSD_00002806__SkinDisNet_SD (53)_02.jpg,512,512,108.53,True,
Seborrheic_Dermatitis,PSD_00002807__SkinDisNet_SD (53)_03.jpg,512,512,48.85,False,blur variance 48.9 below threshold 100.0
Seborrheic_Dermatitis,PSD_00002808__SkinDisNet_SD (53)_04.jpg,512,512,48.31,False,blur variance 48.3 below threshold 100.0
Seborrheic_Dermatitis,PSD_00002814__SkinDisNet_SD (54)_03.jpg,512,512,43.44,False,blur variance 43.4 below threshold 100.0
Seborrheic_Dermatitis,PSD_00002815__SkinDisNet_SD (54)_04.jpg,512,512,72.47,False,blur variance 72.5 below threshold 100.0
Seborrheic_Dermatitis,PSD_00002819__SkinDisNet_SD (55)_01.jpg,512,512,118.08,True,
Seborrheic_Dermatitis,PSD_00002820__SkinDisNet_SD (55)_02.jpg,512,512,216.82,True,
Seborrheic_Dermatitis,PSD_00002821__SkinDisNet_SD (55)_03.jpg,512,512,90.31,False,blur variance 90.3 below threshold 100.0
Seborrheic_Dermatitis,PSD_00002822__SkinDisNet_SD (55)_04.jpg,512,512,79.24,False,blur variance 79.2 below threshold 100.0
Seborrheic_Dermatitis,PSD_00002826__SkinDisNet_SD (56)_01.jpg,512,512,14.55,False,blur variance 14.6 below threshold 100.0
Seborrheic_Dermatitis,PSD_00002828__SkinDisNet_SD (56)_03.jpg,512,512,17.45,False,blur variance 17.5 below threshold 100.0
Seborrheic_Dermatitis,PSD_00002829__SkinDisNet_SD (56)_04.jpg,512,512,17.19,False,blur variance 17.2 below threshold 100.0
Seborrheic_Dermatitis,PSD_00002833__SkinDisNet_SD (57)_01.jpg,512,512,18.14,False,blur variance 18.1 below threshold 100.0
Seborrheic_Dermatitis,PSD_00002834__SkinDisNet_SD (57)_02.jpg,512,512,24.64,False,blur variance 24.6 below threshold 100.0
Seborrheic_Dermatitis,PSD_00002835__SkinDisNet_SD (57)_03.jpg,512,512,12.74,False,blur variance 12.7 below threshold 100.0
Seborrheic_Dermatitis,PSD_00002836__SkinDisNet_SD (57)_04.jpg,512,512,10.54,False,blur variance 10.5 below threshold 100.0
Seborrheic_Dermatitis,PSD_00002840__SkinDisNet_SD (58)_01.jpg,512,512,17.48,False,blur variance 17.5 below threshold 100.0
Seborrheic_Dermatitis,PSD_00002841__SkinDisNet_SD (58)_02.jpg,512,512,22.43,False,blur variance 22.4 below threshold 100.0
Seborrheic_Dermatitis,PSD_00002842__SkinDisNet_SD (58)_03.jpg,512,512,12.85,False,blur variance 12.9 below threshold 100.0
Seborrheic_Dermatitis,PSD_00002843__SkinDisNet_SD (58)_04.jpg,512,512,13.66,False,blur variance 13.7 below threshold 100.0
Seborrheic_Dermatitis,PSD_00002847__SkinDisNet_SD (59)_01.jpg,512,512,7.98,False,blur variance 8.0 below threshold 100.0
Seborrheic_Dermatitis,PSD_00002854__SkinDisNet_SD (6)_01.jpg,512,512,501.41,True,
Seborrheic_Dermatitis,PSD_00002855__SkinDisNet_SD (6)_02.jpg,512,512,1230.65,True,
Seborrheic_Dermatitis,PSD_00002856__SkinDisNet_SD (6)_03.jpg,512,512,428.7,True,
Seborrheic_Dermatitis,PSD_00002857__SkinDisNet_SD (6)_04.jpg,512,512,718.53,True,
Seborrheic_Dermatitis,PSD_00002861__SkinDisNet_SD (60)_01.jpg,512,512,17.72,False,blur variance 17.7 below threshold 100.0
Seborrheic_Dermatitis,PSD_00002862__SkinDisNet_SD (60)_02.jpg,512,512,27.64,False,blur variance 27.6 below threshold 100.0
Seborrheic_Dermatitis,PSD_00002863__SkinDisNet_SD (60)_03.jpg,512,512,20.59,False,blur variance 20.6 below threshold 100.0
Seborrheic_Dermatitis,PSD_00002864__SkinDisNet_SD (60)_04.jpg,512,512,15.52,False,blur variance 15.5 below threshold 100.0
Seborrheic_Dermatitis,PSD_00002867__SkinDisNet_SD (60)_07.jpg,512,512,125.16,True,
Seborrheic_Dermatitis,PSD_00002870__SkinDisNet_SD (61)_03.jpg,512,512,71.01,False,blur variance 71.0 below threshold 100.0
Seborrheic_Dermatitis,PSD_00002871__SkinDisNet_SD (61)_04.jpg,512,512,84.41,False,blur variance 84.4 below threshold 100.0
Seborrheic_Dermatitis,PSD_00002875__SkinDisNet_SD (62)_01.jpg,512,512,62.18,False,blur variance 62.2 below threshold 100.0
Seborrheic_Dermatitis,PSD_00002876__SkinDisNet_SD (62)_02.jpg,512,512,112.67,True,
Seborrheic_Dermatitis,PSD_00002878__SkinDisNet_SD (62)_04.jpg,512,512,44.33,False,blur variance 44.3 below threshold 100.0
Seborrheic_Dermatitis,PSD_00002882__SkinDisNet_SD (63)_01.jpg,512,512,27.45,False,blur variance 27.4 below threshold 100.0
Seborrheic_Dermatitis,PSD_00002883__SkinDisNet_SD (63)_02.jpg,512,512,48.19,False,blur variance 48.2 below threshold 100.0
Seborrheic_Dermatitis,PSD_00002884__SkinDisNet_SD (63)_03.jpg,512,512,28.63,False,blur variance 28.6 below threshold 100.0
Seborrheic_Dermatitis,PSD_00002885__SkinDisNet_SD (63)_04.jpg,512,512,21.36,False,blur variance 21.4 below threshold 100.0
Seborrheic_Dermatitis,PSD_00002891__SkinDisNet_SD (64)_03.jpg,512,512,157.03,True,
Seborrheic_Dermatitis,PSD_00002892__SkinDisNet_SD (64)_04.jpg,512,512,141.11,True,
Seborrheic_Dermatitis,PSD_00002898__SkinDisNet_SD (65)_03.jpg,512,512,29.0,False,blur variance 29.0 below threshold 100.0
Seborrheic_Dermatitis,PSD_00002899__SkinDisNet_SD (65)_04.jpg,512,512,33.41,False,blur variance 33.4 below threshold 100.0
Seborrheic_Dermatitis,PSD_00002903__SkinDisNet_SD (66)_01.jpg,512,512,43.26,False,blur variance 43.3 below threshold 100.0
Seborrheic_Dermatitis,PSD_00002904__SkinDisNet_SD (66)_02.jpg,512,512,66.65,False,blur variance 66.7 below threshold 100.0
Seborrheic_Dermatitis,PSD_00002905__SkinDisNet_SD (66)_03.jpg,512,512,30.89,False,blur variance 30.9 below threshold 100.0
Seborrheic_Dermatitis,PSD_00002906__SkinDisNet_SD (66)_04.jpg,512,512,33.87,False,blur variance 33.9 below threshold 100.0
Seborrheic_Dermatitis,PSD_00002912__SkinDisNet_SD (67)_03.jpg,512,512,180.36,True,
Seborrheic_Dermatitis,PSD_00002913__SkinDisNet_SD (67)_04.jpg,512,512,197.73,True,
Seborrheic_Dermatitis,PSD_00002917__SkinDisNet_SD (68)_01.jpg,512,512,71.52,False,blur variance 71.5 below threshold 100.0
Seborrheic_Dermatitis,PSD_00002918__SkinDisNet_SD (68)_02.jpg,512,512,125.26,True,
Seborrheic_Dermatitis,PSD_00002919__SkinDisNet_SD (68)_03.jpg,512,512,76.6,False,blur variance 76.6 below threshold 100.0
Seborrheic_Dermatitis,PSD_00002920__SkinDisNet_SD (68)_04.jpg,512,512,36.81,False,blur variance 36.8 below threshold 100.0
Seborrheic_Dermatitis,PSD_00002927__SkinDisNet_SD (69)_04.jpg,512,512,242.33,True,
Seborrheic_Dermatitis,PSD_00002931__SkinDisNet_SD (7)_01.jpg,512,512,43.94,False,blur variance 43.9 below threshold 100.0
Seborrheic_Dermatitis,PSD_00002933__SkinDisNet_SD (7)_03.jpg,512,512,41.07,False,blur variance 41.1 below threshold 100.0
Seborrheic_Dermatitis,PSD_00002934__SkinDisNet_SD (7)_04.jpg,512,512,31.87,False,blur variance 31.9 below threshold 100.0
Seborrheic_Dermatitis,PSD_00002938__SkinDisNet_SD (70)_01.jpg,512,512,54.71,False,blur variance 54.7 below threshold 100.0
Seborrheic_Dermatitis,PSD_00002939__SkinDisNet_SD (70)_02.jpg,512,512,101.42,True,
Seborrheic_Dermatitis,PSD_00002941__SkinDisNet_SD (70)_04.jpg,512,512,62.24,False,blur variance 62.2 below threshold 100.0
Seborrheic_Dermatitis,PSD_00002947__SkinDisNet_SD (71)_03.jpg,512,512,162.15,True,
Seborrheic_Dermatitis,PSD_00002948__SkinDisNet_SD (71)_04.jpg,512,512,108.78,True,
Seborrheic_Dermatitis,PSD_00002952__SkinDisNet_SD (72)_01.jpg,512,512,947.94,True,
Seborrheic_Dermatitis,PSD_00002954__SkinDisNet_SD (72)_03.jpg,512,512,1133.8,True,
Seborrheic_Dermatitis,PSD_00002955__SkinDisNet_SD (72)_04.jpg,512,512,521.38,True,
Seborrheic_Dermatitis,PSD_00002961__SkinDisNet_SD (73)_03.jpg,512,512,50.09,False,blur variance 50.1 below threshold 100.0
Seborrheic_Dermatitis,PSD_00002962__SkinDisNet_SD (73)_04.jpg,512,512,42.77,False,blur variance 42.8 below threshold 100.0
Seborrheic_Dermatitis,PSD_00002966__SkinDisNet_SD (74)_01.jpg,512,512,25.97,False,blur variance 26.0 below threshold 100.0
Seborrheic_Dermatitis,PSD_00002967__SkinDisNet_SD (74)_02.jpg,512,512,38.49,False,blur variance 38.5 below threshold 100.0
Seborrheic_Dermatitis,PSD_00002969__SkinDisNet_SD (74)_04.jpg,512,512,25.43,False,blur variance 25.4 below threshold 100.0
Seborrheic_Dermatitis,PSD_00002973__SkinDisNet_SD (75)_01.jpg,512,512,27.25,False,blur variance 27.2 below threshold 100.0
Seborrheic_Dermatitis,PSD_00002974__SkinDisNet_SD (75)_02.jpg,512,512,42.12,False,blur variance 42.1 below threshold 100.0
Seborrheic_Dermatitis,PSD_00002975__SkinDisNet_SD (75)_03.jpg,512,512,26.49,False,blur variance 26.5 below threshold 100.0
Seborrheic_Dermatitis,PSD_00002976__SkinDisNet_SD (75)_04.jpg,512,512,14.96,False,blur variance 15.0 below threshold 100.0
Seborrheic_Dermatitis,PSD_00002980__SkinDisNet_SD (76)_01.jpg,512,512,26.83,False,blur variance 26.8 below threshold 100.0
Seborrheic_Dermatitis,PSD_00002981__SkinDisNet_SD (76)_02.jpg,512,512,44.06,False,blur variance 44.1 below threshold 100.0
Seborrheic_Dermatitis,PSD_00002982__SkinDisNet_SD (76)_03.jpg,512,512,26.33,False,blur variance 26.3 below threshold 100.0
Seborrheic_Dermatitis,PSD_00002983__SkinDisNet_SD (76)_04.jpg,512,512,20.84,False,blur variance 20.8 below threshold 100.0
Seborrheic_Dermatitis,PSD_00002984__SkinDisNet_SD (76)_05.jpg,512,512,69.63,False,blur variance 69.6 below threshold 100.0
Seborrheic_Dermatitis,PSD_00002987__SkinDisNet_SD (77)_01.jpg,512,512,26.62,False,blur variance 26.6 below threshold 100.0
Seborrheic_Dermatitis,PSD_00002988__SkinDisNet_SD (77)_02.jpg,512,512,44.02,False,blur variance 44.0 below threshold 100.0
Seborrheic_Dermatitis,PSD_00002989__SkinDisNet_SD (77)_03.jpg,512,512,27.72,False,blur variance 27.7 below threshold 100.0
Seborrheic_Dermatitis,PSD_00002990__SkinDisNet_SD (77)_04.jpg,512,512,22.8,False,blur variance 22.8 below threshold 100.0
Seborrheic_Dermatitis,PSD_00002996__SkinDisNet_SD (78)_03.jpg,512,512,17.1,False,blur variance 17.1 below threshold 100.0
Seborrheic_Dermatitis,PSD_00002997__SkinDisNet_SD (78)_04.jpg,512,512,22.0,False,blur variance 22.0 below threshold 100.0
Seborrheic_Dermatitis,PSD_00003001__SkinDisNet_SD (79)_01.jpg,512,512,259.63,True,
Seborrheic_Dermatitis,PSD_00003004__SkinDisNet_SD (79)_04.jpg,512,512,263.12,True,
Seborrheic_Dermatitis,PSD_00003008__SkinDisNet_SD (8)_01.jpg,512,512,37.49,False,blur variance 37.5 below threshold 100.0
Seborrheic_Dermatitis,PSD_00003009__SkinDisNet_SD (8)_02.jpg,512,512,59.88,False,blur variance 59.9 below threshold 100.0
Seborrheic_Dermatitis,PSD_00003011__SkinDisNet_SD (8)_04.jpg,512,512,30.03,False,blur variance 30.0 below threshold 100.0
Seborrheic_Dermatitis,PSD_00003015__SkinDisNet_SD (9)_01.jpg,512,512,18.27,False,blur variance 18.3 below threshold 100.0
Seborrheic_Dermatitis,PSD_00003016__SkinDisNet_SD (9)_02.jpg,512,512,27.87,False,blur variance 27.9 below threshold 100.0
Seborrheic_Dermatitis,PSD_00003017__SkinDisNet_SD (9)_03.jpg,512,512,16.03,False,blur variance 16.0 below threshold 100.0
Seborrheic_Dermatitis,PSD_00003018__SkinDisNet_SD (9)_04.jpg,512,512,19.66,False,blur variance 19.7 below threshold 100.0
